{
  "simulation_id": "delivery_dynamic_03",
  "runner_id": "runner_1",
  "revenue_per_round": 17.77777777777778,
  "orders_per_runner_hour": 2.1809920484664898,
  "on_time_rate": 0.0625,
  "delivery_cycle_time_p90": 62.18056621555678,
  "delivery_cycle_time_avg": 49.998725028636876,
  "failed_rate": 0.475,
  "second_runner_break_even_orders": 7.336111111111111,
  "queue_wait_avg": 36.68020833333333,
  "runner_utilization_driving_pct": 39.920177526066844,
  "runner_utilization_prep_pct": 0.0,
  "runner_utilization_idle_pct": 60.079822473933156,
  "distance_per_delivery_avg": 1115.0216096219917,
  "zone_service_times": {
    "hole_4": 20.651832485356287,
    "hole_18": 35.99909059313638,
    "hole_14": 51.0155553975698,
    "hole_-1": 52.60173638913242,
    "hole_9": 58.39413240000807,
    "hole_12": 63.274542573575914,
    "hole_10": 47.5458054959268,
    "hole_8": 41.42274706847281,
    "hole_11": 61.71171920497715
  },
  "total_revenue": 480.0,
  "total_orders": 40,
  "successful_orders": 16,
  "failed_orders": 19,
  "total_rounds": 27,
  "active_runner_hours": 7.336111111111111
}