{
  "simulation_id": "delivery_dynamic_10",
  "runner_id": "3_runners",
  "revenue_per_round": 40.90909090909091,
  "orders_per_runner_hour": 4.060968156922715,
  "on_time_rate": 1.0,
  "delivery_cycle_time_p90": 21.738193476549316,
  "delivery_cycle_time_avg": 16.556374898045974,
  "failed_rate": 0.0,
  "second_runner_break_even_orders": 7.387400944983804,
  "queue_wait_avg": 1.442,
  "runner_utilization_driving_pct": 81.9011995391133,
  "runner_utilization_prep_pct": 0.0,
  "runner_utilization_idle_pct": 18.098800460886693,
  "distance_per_delivery_avg": 1799.18196574345,
  "zone_service_times": {
    "hole_18": 12.597623649282326,
    "hole_6": 18.722322324444335,
    "hole_9": 11.97567358614227,
    "hole_8": 16.146737476059947,
    "hole_2": 14.989333248289586,
    "hole_17": 19.40984768272386,
    "hole_16": 21.48976447819999,
    "hole_10": 11.409660596540956,
    "hole_-1": 16.374422617594732,
    "hole_4": 19.09809704736899,
    "hole_7": 17.09486149622183,
    "hole_15": 18.010165368592425,
    "hole_11": 13.210669068764279
  },
  "total_revenue": 900.0,
  "total_orders": 30,
  "successful_orders": 30,
  "failed_orders": 0,
  "total_rounds": 22,
  "active_runner_hours": 7.387400944983804
}