{
  "simulation_id": "delivery_dynamic_02",
  "runner_id": "runner_1",
  "revenue_per_round": 20.0,
  "orders_per_runner_hour": 2.84247927358863,
  "on_time_rate": 0.2,
  "delivery_cycle_time_p90": 61.28005499763539,
  "delivery_cycle_time_avg": 45.605188033295335,
  "failed_rate": 0.425,
  "second_runner_break_even_orders": 7.0361111111111105,
  "queue_wait_avg": 32.61666666666667,
  "runner_utilization_driving_pct": 32.76948817307586,
  "runner_utilization_prep_pct": 0.0,
  "runner_utilization_idle_pct": 67.23051182692414,
  "distance_per_delivery_avg": 1004.1431791872383,
  "zone_service_times": {
    "hole_16": 16.903386668217262,
    "hole_18": 42.36138885297791,
    "hole_12": 48.54985683452536,
    "hole_14": 62.5058987772607,
    "hole_15": 58.555851369097255,
    "hole_9": 25.257563302521035
  },
  "total_revenue": 600.0,
  "total_orders": 40,
  "successful_orders": 20,
  "failed_orders": 17,
  "total_rounds": 30,
  "active_runner_hours": 7.036111111111111
}