{
  "simulation_id": "delivery_dynamic_03",
  "runner_id": "2_runners",
  "revenue_per_round": 41.37931034482759,
  "orders_per_runner_hour": 5.590428150941864,
  "on_time_rate": 0.675,
  "delivery_cycle_time_p90": 45.85031942567993,
  "delivery_cycle_time_avg": 26.249264972315505,
  "failed_rate": 0.0,
  "second_runner_break_even_orders": 7.155087038058236,
  "queue_wait_avg": 13.221929824561403,
  "runner_utilization_driving_pct": 87.8859959621083,
  "runner_utilization_prep_pct": 0.0,
  "runner_utilization_idle_pct": 12.114004037891704,
  "distance_per_delivery_avg": 1239.313030698011,
  "zone_service_times": {
    "hole_6": 18.831625860191526,
    "hole_18": 22.824586921766578,
    "hole_11": 38.458522024589094,
    "hole_9": 23.05224403859776,
    "hole_17": 21.27191633814149,
    "hole_8": 27.45920676157569,
    "hole_12": 45.314217849974895,
    "hole_16": 28.72998747206281,
    "hole_10": 22.505202986251515,
    "hole_13": 47.97382621131237
  },
  "total_revenue": 1200.0,
  "total_orders": 40,
  "successful_orders": 40,
  "failed_orders": 0,
  "total_rounds": 29,
  "active_runner_hours": 7.155087038058236
}