{
  "simulation_id": "delivery_dynamic_08",
  "runner_id": "runner_1",
  "revenue_per_round": 28.125,
  "orders_per_runner_hour": 2.128498226251478,
  "on_time_rate": 0.26666666666666666,
  "delivery_cycle_time_p90": 57.82830225018758,
  "delivery_cycle_time_avg": 39.32178935860421,
  "failed_rate": 0.15,
  "second_runner_break_even_orders": 7.0472222222222225,
  "queue_wait_avg": 27.59642857142857,
  "runner_utilization_driving_pct": 39.67581111504393,
  "runner_utilization_prep_pct": 0.0,
  "runner_utilization_idle_pct": 60.32418888495607,
  "distance_per_delivery_avg": 1197.8812244910112,
  "zone_service_times": {
    "hole_9": 25.339281474446334,
    "hole_6": 38.97379073391157,
    "hole_17": 46.124986712698835,
    "hole_-1": 44.14897240567425,
    "hole_18": 55.81575725980304,
    "hole_8": 55.72088106490895,
    "hole_14": 14.352864254335874,
    "hole_7": 16.092621568164517,
    "hole_11": 40.77681441483013
  },
  "total_revenue": 450.0,
  "total_orders": 20,
  "successful_orders": 15,
  "failed_orders": 3,
  "total_rounds": 16,
  "active_runner_hours": 7.0472222222222225
}