{
  "simulation_id": "delivery_dynamic_09",
  "runner_id": "runner_1",
  "revenue_per_round": 15.0,
  "orders_per_runner_hour": 2.0737327188940093,
  "on_time_rate": 0.06666666666666667,
  "delivery_cycle_time_p90": 61.65630251284758,
  "delivery_cycle_time_avg": 49.489792004785244,
  "failed_rate": 0.58,
  "second_runner_break_even_orders": 7.233333333333333,
  "queue_wait_avg": 35.611111111111114,
  "runner_utilization_driving_pct": 34.80123416180989,
  "runner_utilization_prep_pct": 0.0,
  "runner_utilization_idle_pct": 65.19876583819011,
  "distance_per_delivery_avg": 1303.236780274513,
  "zone_service_times": {
    "hole_4": 41.76299456150146,
    "hole_16": 37.77966025993628,
    "hole_7": 48.33733294498088,
    "hole_11": 61.58103051483625,
    "hole_18": 55.581867864877495,
    "hole_10": 44.888045644729175,
    "hole_-1": 48.74758985724075,
    "hole_6": 59.699074875400036,
    "hole_17": 55.49360590544602
  },
  "total_revenue": 450.0,
  "total_orders": 50,
  "successful_orders": 15,
  "failed_orders": 29,
  "total_rounds": 30,
  "active_runner_hours": 7.233333333333333
}