{
  "simulation_id": "delivery_dynamic_02",
  "runner_id": "2_runners",
  "revenue_per_round": 26.666666666666668,
  "orders_per_runner_hour": 4.32838624835619,
  "on_time_rate": 0.4375,
  "delivery_cycle_time_p90": 59.009669178371254,
  "delivery_cycle_time_avg": 37.06013248137739,
  "failed_rate": 0.3,
  "second_runner_break_even_orders": 7.393055555555556,
  "queue_wait_avg": 22.996666666666666,
  "runner_utilization_driving_pct": 85.5748265208728,
  "runner_utilization_prep_pct": 0.0,
  "runner_utilization_idle_pct": 14.425173479127196,
  "distance_per_delivery_avg": 1848.2545137428028,
  "zone_service_times": {
    "hole_4": 20.306860781737214,
    "hole_14": 25.320114505493045,
    "hole_13": 42.36549287797904,
    "hole_15": 23.72850422013059,
    "hole_8": 38.862736696591185,
    "hole_7": 51.91056572878606,
    "hole_16": 66.44741606005289,
    "hole_18": 57.72508067308712,
    "hole_6": 31.32613544668224,
    "hole_17": 34.04304313487456,
    "hole_11": 55.40506810925938,
    "hole_9": 39.2575633025211,
    "hole_12": 27.63785212641641,
    "hole_3": 16.26235076383297,
    "hole_10": 11.325408191333675
  },
  "total_revenue": 960.0,
  "total_orders": 50,
  "successful_orders": 32,
  "failed_orders": 15,
  "total_rounds": 36,
  "active_runner_hours": 7.393055555555556
}