{
  "simulation_id": "delivery_dynamic_02",
  "runner_id": "runner_1",
  "revenue_per_round": 17.586206896551722,
  "orders_per_runner_hour": 2.3915592028135992,
  "on_time_rate": 0.11764705882352941,
  "delivery_cycle_time_p90": 63.80455680967308,
  "delivery_cycle_time_avg": 48.442863301976026,
  "failed_rate": 0.45,
  "second_runner_break_even_orders": 7.108333333333333,
  "queue_wait_avg": 35.889583333333334,
  "runner_utilization_driving_pct": 40.9222597979729,
  "runner_utilization_prep_pct": 0.0,
  "runner_utilization_idle_pct": 59.0777402020271,
  "distance_per_delivery_avg": 1567.2491282874785,
  "zone_service_times": {
    "hole_17": 37.335701251476046,
    "hole_4": 26.121602160041643,
    "hole_3": 40.68055524568172,
    "hole_18": 48.924759833178804,
    "hole_16": 45.84056982606186,
    "hole_13": 60.54721617890827,
    "hole_12": 63.70506055415851,
    "hole_8": 50.354966459058474,
    "hole_9": 59.51954379364688,
    "hole_15": 54.051634204682614
  },
  "total_revenue": 510.0,
  "total_orders": 40,
  "successful_orders": 17,
  "failed_orders": 18,
  "total_rounds": 29,
  "active_runner_hours": 7.108333333333333
}