{
  "simulation_id": "delivery_dynamic_07",
  "runner_id": "2_runners",
  "revenue_per_round": 32.30769230769231,
  "orders_per_runner_hour": 3.9031945788964184,
  "on_time_rate": 0.8928571428571429,
  "delivery_cycle_time_p90": 34.134474492214196,
  "delivery_cycle_time_avg": 20.446769401673922,
  "failed_rate": 0.0,
  "second_runner_break_even_orders": 7.173611111111111,
  "queue_wait_avg": 7.914393939393939,
  "runner_utilization_driving_pct": 74.80293633726197,
  "runner_utilization_prep_pct": 0.0,
  "runner_utilization_idle_pct": 25.19706366273803,
  "distance_per_delivery_avg": 1420.7145189624368,
  "zone_service_times": {
    "hole_15": 16.92239809987549,
    "hole_10": 13.291566197267882,
    "hole_18": 24.522311399580452,
    "hole_11": 23.887686292470594,
    "hole_12": 20.057660174407374,
    "hole_-1": 27.158841284339278,
    "hole_8": 13.749964295325661,
    "hole_4": 20.618499152022924,
    "hole_6": 35.36517336308843,
    "hole_9": 17.973392596784773,
    "hole_16": 18.255521508963497,
    "hole_7": 17.34309224237986,
    "hole_17": 14.5524055859707,
    "hole_5": 22.083719915702506,
    "hole_14": 14.36953092100254
  },
  "total_revenue": 840.0,
  "total_orders": 30,
  "successful_orders": 28,
  "failed_orders": 0,
  "total_rounds": 26,
  "active_runner_hours": 7.173611111111111
}