{
  "simulation_id": "delivery_dynamic_06",
  "runner_id": "3_runners",
  "revenue_per_round": 46.45161290322581,
  "orders_per_runner_hour": 6.624417120995106,
  "on_time_rate": 0.7916666666666666,
  "delivery_cycle_time_p90": 32.548803735531514,
  "delivery_cycle_time_avg": 20.862964773162513,
  "failed_rate": 0.0,
  "second_runner_break_even_orders": 7.245920527539115,
  "queue_wait_avg": 7.761956521739131,
  "runner_utilization_driving_pct": 100.0,
  "runner_utilization_prep_pct": 0.0,
  "runner_utilization_idle_pct": 0.0,
  "distance_per_delivery_avg": 1150.6061637826026,
  "zone_service_times": {
    "hole_15": 17.421846655162614,
    "hole_9": 22.54763798358552,
    "hole_16": 16.517639654998028,
    "hole_18": 27.721582260726713,
    "hole_10": 23.191096704578516,
    "hole_12": 19.765483989963315,
    "hole_-1": 19.275250138852954,
    "hole_13": 30.654964710756666,
    "hole_14": 27.336900342623316,
    "hole_17": 33.44803877718696,
    "hole_11": 15.761679945797162,
    "hole_7": 14.369308648492613,
    "hole_8": 13.539413735139412
  },
  "total_revenue": 1440.0,
  "total_orders": 50,
  "successful_orders": 48,
  "failed_orders": 0,
  "total_rounds": 31,
  "active_runner_hours": 7.2459205275391145
}