{
  "variantKey": "front_mid",
  "blockedHoles": [
    1,
    2,
    3,
    4,
    5,
    6
  ],
  "deliveryMetrics": {
    "totalOrders": 50,
    "successfulDeliveries": 48,
    "failedDeliveries": 0,
    "avgOrderTime": 20.862964773162513,
    "onTimePercentage": 79.16666666666666,
    "revenue": 1500.0,
    "ordersPerRunnerHour": 4.8,
    "lateOrders": 10,
    "runnerUtilizationPct": 27.055075373936027,
    "totalRunnerDriveMinutes": 486.99135673084845,
    "totalRunnerShiftMinutes": 1800.0,
    "runnerUtilizationByRunner": {
      "runner_1": {
        "driveMinutes": 164.17374561589887,
        "utilizationPct": 27.362290935983147,
        "shiftMinutes": 600.0
      },
      "runner_2": {
        "driveMinutes": 182.58895835605776,
        "utilizationPct": 30.431493059342962,
        "shiftMinutes": 600.0
      },
      "runner_3": {
        "driveMinutes": 140.22865275889166,
        "utilizationPct": 23.37144212648194,
        "shiftMinutes": 600.0
      }
    }
  },
  "bevCartMetrics": null,
  "hasRunners": true,
  "hasBevCart": false
}