{
  "simulation_id": "delivery_dynamic_01",
  "runner_id": "runner_1",
  "revenue_per_round": 60.0,
  "orders_per_runner_hour": 0.481264434633295,
  "on_time_rate": 1.0,
  "delivery_cycle_time_p90": 12.412561104000634,
  "delivery_cycle_time_avg": 11.449540929070555,
  "failed_rate": 0.0,
  "second_runner_break_even_orders": 4.1557195090136325,
  "queue_wait_avg": 0.016666666666666666,
  "runner_utilization_driving_pct": 3.744070274853599,
  "runner_utilization_prep_pct": 0.0,
  "runner_utilization_idle_pct": 96.2559297251464,
  "distance_per_delivery_avg": 1037.6694689307976,
  "zone_service_times": {
    "hole_9": 10.486520754140475,
    "hole_14": 12.412561104000634
  },
  "total_revenue": 60.0,
  "total_orders": 2,
  "successful_orders": 2,
  "failed_orders": 0,
  "total_rounds": 1,
  "active_runner_hours": 4.1557195090136325
}