{
  "simulation_id": "delivery_dynamic_01",
  "runner_id": "runner_1",
  "revenue_per_round": 28.235294117647058,
  "orders_per_runner_hour": 2.2235089751013315,
  "on_time_rate": 0.3125,
  "delivery_cycle_time_p90": 62.72268664992303,
  "delivery_cycle_time_avg": 39.43628023698579,
  "failed_rate": 0.1,
  "second_runner_break_even_orders": 7.195833333333334,
  "queue_wait_avg": 26.795555555555556,
  "runner_utilization_driving_pct": 39.70540887999807,
  "runner_utilization_prep_pct": 0.0,
  "runner_utilization_idle_pct": 60.29459112000193,
  "distance_per_delivery_avg": 1449.9901596272252,
  "zone_service_times": {
    "hole_7": 15.522381702713878,
    "hole_17": 39.36206113038,
    "hole_-1": 36.472449541253354,
    "hole_14": 35.07583504169806,
    "hole_12": 55.61478326616583,
    "hole_6": 65.25608593139968,
    "hole_8": 50.86130906072018,
    "hole_15": 61.45843855117913,
    "hole_10": 30.35668157318002,
    "hole_16": 19.720842320704346,
    "hole_18": 11.44116516568077,
    "hole_4": 21.216944106400963
  },
  "total_revenue": 480.0,
  "total_orders": 20,
  "successful_orders": 16,
  "failed_orders": 2,
  "total_rounds": 17,
  "active_runner_hours": 7.195833333333334
}