{
  "simulation_id": "delivery_dynamic_09",
  "runner_id": "3_runners",
  "revenue_per_round": 37.5,
  "orders_per_runner_hour": 2.756611312481858,
  "on_time_rate": 1.0,
  "delivery_cycle_time_p90": 17.72270361715058,
  "delivery_cycle_time_avg": 14.53455168912517,
  "failed_rate": 0.0,
  "second_runner_break_even_orders": 7.255284743786898,
  "queue_wait_avg": 0.04537037037037037,
  "runner_utilization_driving_pct": 46.07874579558429,
  "runner_utilization_prep_pct": 0.0,
  "runner_utilization_idle_pct": 53.92125420441571,
  "distance_per_delivery_avg": 1509.8893675460577,
  "zone_service_times": {
    "hole_3": 16.81003866131123,
    "hole_15": 17.202328519895453,
    "hole_17": 14.912089365594875,
    "hole_18": 10.77741314176263,
    "hole_10": 11.409661090147832,
    "hole_4": 19.022722869199363,
    "hole_13": 17.568655566962175,
    "hole_8": 15.687566749389893,
    "hole_1": 13.012231007230488,
    "hole_12": 13.852173154588794,
    "hole_9": 12.092821496523175,
    "hole_2": 13.732637241963737,
    "hole_7": 17.161528162888498,
    "hole_11": 13.509941770070993
  },
  "total_revenue": 600.0,
  "total_orders": 20,
  "successful_orders": 20,
  "failed_orders": 0,
  "total_rounds": 16,
  "active_runner_hours": 7.2552847437868975
}