{
  "simulation_id": "delivery_dynamic_01",
  "runner_id": "2_runners",
  "revenue_per_round": 37.5,
  "orders_per_runner_hour": 4.048767278287514,
  "on_time_rate": 0.9,
  "delivery_cycle_time_p90": 31.15005055031592,
  "delivery_cycle_time_avg": 19.881896023804657,
  "failed_rate": 0.0,
  "second_runner_break_even_orders": 7.409662728920528,
  "queue_wait_avg": 6.254761904761905,
  "runner_utilization_driving_pct": 78.10740977940698,
  "runner_utilization_prep_pct": 0.0,
  "runner_utilization_idle_pct": 21.89259022059302,
  "distance_per_delivery_avg": 1849.1970639983642,
  "zone_service_times": {
    "hole_9": 12.089149000961848,
    "hole_3": 21.803941892335203,
    "hole_7": 16.278996037384758,
    "hole_13": 15.486114761401161,
    "hole_17": 16.556030694364612,
    "hole_8": 13.373168675003368,
    "hole_14": 19.302797637895956,
    "hole_-1": 22.24452537219485,
    "hole_18": 26.177858553223754,
    "hole_6": 22.948578138077615,
    "hole_2": 24.33447674114753,
    "hole_4": 38.68361077306757,
    "hole_5": 34.10884347649844,
    "hole_12": 21.200864748512505,
    "hole_15": 13.153747077786102
  },
  "total_revenue": 900.0,
  "total_orders": 30,
  "successful_orders": 30,
  "failed_orders": 0,
  "total_rounds": 24,
  "active_runner_hours": 7.409662728920529
}