{
  "simulation_id": "delivery_dynamic_09",
  "runner_id": "3_runners",
  "revenue_per_round": 35.294117647058826,
  "orders_per_runner_hour": 2.903204086394523,
  "on_time_rate": 1.0,
  "delivery_cycle_time_p90": 13.959582222084615,
  "delivery_cycle_time_avg": 12.139404707426225,
  "failed_rate": 0.0,
  "second_runner_break_even_orders": 6.888940427484005,
  "queue_wait_avg": 0.07314814814814814,
  "runner_utilization_driving_pct": 24.28054004994992,
  "runner_utilization_prep_pct": 0.0,
  "runner_utilization_idle_pct": 75.71945995005008,
  "distance_per_delivery_avg": 1492.9713893468772,
  "zone_service_times": {
    "hole_1": 11.012193877966032,
    "hole_7": 13.111290832465587,
    "hole_18": 10.482074684477709,
    "hole_15": 13.54862087146136,
    "hole_16": 13.505150095340529,
    "hole_17": 12.764554117191134,
    "hole_8": 11.739341641170238,
    "hole_6": 14.779832446078945,
    "hole_2": 12.703365234279369,
    "hole_10": 11.198657529603132,
    "hole_9": 10.98711105313799
  },
  "total_revenue": 600.0,
  "total_orders": 20,
  "successful_orders": 20,
  "failed_orders": 0,
  "total_rounds": 17,
  "active_runner_hours": 6.888940427484006
}