{
  "simulation_id": "delivery_dynamic_10",
  "runner_id": "3_runners",
  "revenue_per_round": 39.310344827586206,
  "orders_per_runner_hour": 5.340987885475851,
  "on_time_rate": 0.9736842105263158,
  "delivery_cycle_time_p90": 25.821271141072902,
  "delivery_cycle_time_avg": 16.90153134715042,
  "failed_rate": 0.0,
  "second_runner_break_even_orders": 7.114788652364528,
  "queue_wait_avg": 4.505747126436781,
  "runner_utilization_driving_pct": 93.57239005955091,
  "runner_utilization_prep_pct": 0.0,
  "runner_utilization_idle_pct": 6.427609940449088,
  "distance_per_delivery_avg": 1163.5461115899072,
  "zone_service_times": {
    "hole_16": 12.524371604358505,
    "hole_17": 19.099580646861188,
    "hole_8": 17.666540617457198,
    "hole_9": 16.066746172699357,
    "hole_11": 22.14857733360277,
    "hole_13": 15.916803451735237,
    "hole_14": 14.896318255097341,
    "hole_18": 15.467418802170304,
    "hole_-1": 15.466053149822942,
    "hole_15": 12.136944129438174,
    "hole_7": 27.049168237193317,
    "hole_10": 11.575563528511974,
    "hole_5": 22.701109442418904
  },
  "total_revenue": 1140.0,
  "total_orders": 40,
  "successful_orders": 38,
  "failed_orders": 0,
  "total_rounds": 29,
  "active_runner_hours": 7.114788652364528
}