{
  "simulation_id": "delivery_dynamic_03",
  "runner_id": "3_runners",
  "revenue_per_round": 34.61538461538461,
  "orders_per_runner_hour": 4.149194293533692,
  "on_time_rate": 1.0,
  "delivery_cycle_time_p90": 18.279729684009048,
  "delivery_cycle_time_avg": 14.343222902012615,
  "failed_rate": 0.0,
  "second_runner_break_even_orders": 7.23031940122772,
  "queue_wait_avg": 0.04197530864197531,
  "runner_utilization_driving_pct": 67.36876007917834,
  "runner_utilization_prep_pct": 0.0,
  "runner_utilization_idle_pct": 32.631239920821656,
  "distance_per_delivery_avg": 1446.629561742907,
  "zone_service_times": {
    "hole_17": 14.535403310092311,
    "hole_18": 10.894577503201837,
    "hole_8": 15.977950835693425,
    "hole_15": 17.519904779817743,
    "hole_7": 17.4801200203566,
    "hole_9": 12.596485128209498,
    "hole_13": 16.24470088742734,
    "hole_11": 13.34875226990296,
    "hole_14": 17.401270253079325,
    "hole_6": 19.593698313711833
  },
  "total_revenue": 900.0,
  "total_orders": 30,
  "successful_orders": 30,
  "failed_orders": 0,
  "total_rounds": 26,
  "active_runner_hours": 7.23031940122772
}