{
  "simulation_id": "delivery_dynamic_08",
  "runner_id": "runner_1",
  "revenue_per_round": 11.142857142857142,
  "orders_per_runner_hour": 1.8270544602771812,
  "on_time_rate": 0.15384615384615385,
  "delivery_cycle_time_p90": 57.38135487047158,
  "delivery_cycle_time_avg": 46.086245631379626,
  "failed_rate": 0.6,
  "second_runner_break_even_orders": 7.115277777777778,
  "queue_wait_avg": 32.962820512820514,
  "runner_utilization_driving_pct": 24.29039968061836,
  "runner_utilization_prep_pct": 0.0,
  "runner_utilization_idle_pct": 75.70960031938164,
  "distance_per_delivery_avg": 1049.4708398358637,
  "zone_service_times": {
    "hole_17": 29.110535341210653,
    "hole_16": 28.723903159395196,
    "hole_8": 45.88445045049096,
    "hole_9": 54.175192342428026,
    "hole_18": 50.68966917837126,
    "hole_12": 54.87241267675836,
    "hole_13": 57.91136755409401
  },
  "total_revenue": 390.0,
  "total_orders": 50,
  "successful_orders": 13,
  "failed_orders": 30,
  "total_rounds": 35,
  "active_runner_hours": 7.115277777777778
}