{
  "simulation_id": "delivery_dynamic_07",
  "runner_id": "3_runners",
  "revenue_per_round": 42.857142857142854,
  "orders_per_runner_hour": 4.25659588619263,
  "on_time_rate": 1.0,
  "delivery_cycle_time_p90": 24.310478068416227,
  "delivery_cycle_time_avg": 15.362716089179871,
  "failed_rate": 0.0,
  "second_runner_break_even_orders": 7.04788540000068,
  "queue_wait_avg": 1.2261904761904763,
  "runner_utilization_driving_pct": 68.21263752075122,
  "runner_utilization_prep_pct": 0.0,
  "runner_utilization_idle_pct": 31.787362479248785,
  "distance_per_delivery_avg": 1417.3392726311015,
  "zone_service_times": {
    "hole_10": 13.295451570994132,
    "hole_11": 13.284824186485608,
    "hole_8": 14.930896211217522,
    "hole_-1": 27.02142749767642,
    "hole_18": 13.045888283338991,
    "hole_6": 17.69460807928626,
    "hole_9": 12.796266297115139,
    "hole_17": 14.825239916431881,
    "hole_16": 17.34452126023817,
    "hole_2": 17.758886523800296,
    "hole_7": 17.31249070452856
  },
  "total_revenue": 900.0,
  "total_orders": 30,
  "successful_orders": 30,
  "failed_orders": 0,
  "total_rounds": 21,
  "active_runner_hours": 7.0478854000006805
}