{
  "simulation_id": "delivery_dynamic_01",
  "runner_id": "3_runners",
  "revenue_per_round": 37.5,
  "orders_per_runner_hour": 4.090383648790993,
  "on_time_rate": 1.0,
  "delivery_cycle_time_p90": 19.986728716869834,
  "delivery_cycle_time_avg": 14.134424623523174,
  "failed_rate": 0.0,
  "second_runner_break_even_orders": 7.334275357977043,
  "queue_wait_avg": 1.2378205128205129,
  "runner_utilization_driving_pct": 66.86194690733781,
  "runner_utilization_prep_pct": 0.0,
  "runner_utilization_idle_pct": 33.13805309266219,
  "distance_per_delivery_avg": 1028.7133401704532,
  "zone_service_times": {
    "hole_15": 13.64369408091454,
    "hole_10": 11.06898183355012,
    "hole_14": 17.3508764926195,
    "hole_16": 13.527853572061394,
    "hole_9": 14.50752853169112,
    "hole_18": 14.512225363824337,
    "hole_7": 14.671664586270952,
    "hole_13": 15.262437200827359,
    "hole_-1": 10.397730173228167,
    "hole_8": 13.52797572738685
  },
  "total_revenue": 900.0,
  "total_orders": 30,
  "successful_orders": 30,
  "failed_orders": 0,
  "total_rounds": 24,
  "active_runner_hours": 7.334275357977043
}