{
  "simulation_id": "delivery_dynamic_01",
  "runner_id": "3_runners",
  "revenue_per_round": 31.57894736842105,
  "orders_per_runner_hour": 2.957513579027967,
  "on_time_rate": 1.0,
  "delivery_cycle_time_p90": 22.157461714708074,
  "delivery_cycle_time_avg": 16.76913480996956,
  "failed_rate": 0.0,
  "second_runner_break_even_orders": 6.762437251961261,
  "queue_wait_avg": 0.09888888888888889,
  "runner_utilization_driving_pct": 69.38287681300574,
  "runner_utilization_prep_pct": 0.0,
  "runner_utilization_idle_pct": 30.617123186994263,
  "distance_per_delivery_avg": 2249.509296149773,
  "zone_service_times": {
    "hole_12": 17.025760605708427,
    "hole_11": 16.471611694182624,
    "hole_4": 20.96903885821001,
    "hole_10": 11.819051755244558,
    "hole_9": 11.434232394908456,
    "hole_3": 21.34382580007229,
    "hole_16": 13.181382787340954,
    "hole_7": 14.52631976972031,
    "hole_15": 13.915125104145167,
    "hole_2": 22.692789961830385
  },
  "total_revenue": 600.0,
  "total_orders": 20,
  "successful_orders": 20,
  "failed_orders": 0,
  "total_rounds": 19,
  "active_runner_hours": 6.762437251961261
}