{
  "simulation_id": "delivery_dynamic_07",
  "runner_id": "runner_1",
  "revenue_per_round": 35.294117647058826,
  "orders_per_runner_hour": 2.511625858096662,
  "on_time_rate": 0.95,
  "delivery_cycle_time_p90": 27.433535854019844,
  "delivery_cycle_time_avg": 17.13907587572515,
  "failed_rate": 0.0,
  "second_runner_break_even_orders": 7.962969458817493,
  "queue_wait_avg": 5.64753086419753,
  "runner_utilization_driving_pct": 37.657625587449104,
  "runner_utilization_prep_pct": 0.0,
  "runner_utilization_idle_pct": 62.342374412550896,
  "distance_per_delivery_avg": 1480.5346305221099,
  "zone_service_times": {
    "hole_9": 11.425917985811035,
    "hole_7": 12.996499683911923,
    "hole_15": 19.558338752355425,
    "hole_18": 21.45574506505976,
    "hole_4": 18.577890994034917,
    "hole_12": 20.125537799072358,
    "hole_8": 12.059954332383494,
    "hole_10": 16.84625259074437,
    "hole_6": 16.05440576743622,
    "hole_2": 14.078336083460513,
    "hole_16": 11.071046819202092,
    "hole_13": 13.246361822893475
  },
  "total_revenue": 600.0,
  "total_orders": 20,
  "successful_orders": 20,
  "failed_orders": 0,
  "total_rounds": 17,
  "active_runner_hours": 7.962969458817493
}