{
  "simulation_id": "delivery_dynamic_08",
  "runner_id": "3_runners",
  "revenue_per_round": 37.5,
  "orders_per_runner_hour": 4.195863750605938,
  "on_time_rate": 0.9333333333333333,
  "delivery_cycle_time_p90": 28.79892326297579,
  "delivery_cycle_time_avg": 18.177306494950983,
  "failed_rate": 0.0,
  "second_runner_break_even_orders": 7.149898515095396,
  "queue_wait_avg": 3.2846153846153845,
  "runner_utilization_driving_pct": 85.00845591036303,
  "runner_utilization_prep_pct": 0.0,
  "runner_utilization_idle_pct": 14.991544089636974,
  "distance_per_delivery_avg": 1791.0949823035305,
  "zone_service_times": {
    "hole_7": 15.844340501914424,
    "hole_8": 16.491053325007094,
    "hole_18": 24.649952003879513,
    "hole_12": 26.007774340027723,
    "hole_14": 14.678002763216844,
    "hole_2": 22.687120284205896,
    "hole_4": 21.587216981092904,
    "hole_17": 21.351308827996643,
    "hole_10": 17.651221586754037,
    "hole_15": 19.196275008066884,
    "hole_-1": 10.483547971453664,
    "hole_11": 15.171525783442727,
    "hole_16": 12.3506937637374,
    "hole_3": 20.42543608582473,
    "hole_13": 15.112911077781368,
    "hole_9": 12.424665783529417,
    "hole_6": 18.799074875400038
  },
  "total_revenue": 900.0,
  "total_orders": 30,
  "successful_orders": 30,
  "failed_orders": 0,
  "total_rounds": 24,
  "active_runner_hours": 7.149898515095396
}