{
  "simulation_id": "delivery_dynamic_10",
  "runner_id": "3_runners",
  "revenue_per_round": 33.333333333333336,
  "orders_per_runner_hour": 2.7732164123776077,
  "on_time_rate": 1.0,
  "delivery_cycle_time_p90": 20.11119070655175,
  "delivery_cycle_time_avg": 15.884304778590385,
  "failed_rate": 0.0,
  "second_runner_break_even_orders": 7.211842505595539,
  "queue_wait_avg": 0.4324561403508772,
  "runner_utilization_driving_pct": 56.38717111002739,
  "runner_utilization_prep_pct": 0.0,
  "runner_utilization_idle_pct": 43.61282888997261,
  "distance_per_delivery_avg": 1839.0864056063674,
  "zone_service_times": {
    "hole_12": 15.472637205516314,
    "hole_8": 14.076317821862611,
    "hole_15": 18.186177047145566,
    "hole_17": 21.860763361811646,
    "hole_9": 12.427674544260844,
    "hole_16": 18.056588275908386,
    "hole_18": 10.36966917837126,
    "hole_2": 14.74624288254087,
    "hole_4": 20.290194115070577,
    "hole_10": 10.990149995526007,
    "hole_13": 17.334359859541898
  },
  "total_revenue": 600.0,
  "total_orders": 20,
  "successful_orders": 20,
  "failed_orders": 0,
  "total_rounds": 18,
  "active_runner_hours": 7.2118425055955395
}