{
  "simulation_id": "delivery_dynamic_08",
  "runner_id": "3_runners",
  "revenue_per_round": 40.0,
  "orders_per_runner_hour": 5.486932779339677,
  "on_time_rate": 1.0,
  "delivery_cycle_time_p90": 24.724297134298418,
  "delivery_cycle_time_avg": 16.774249952938295,
  "failed_rate": 0.0,
  "second_runner_break_even_orders": 7.290047392345453,
  "queue_wait_avg": 3.115625,
  "runner_utilization_driving_pct": 100.0,
  "runner_utilization_prep_pct": 0.0,
  "runner_utilization_idle_pct": 0.0,
  "distance_per_delivery_avg": 1438.6679841872672,
  "zone_service_times": {
    "hole_18": 17.852117141727188,
    "hole_6": 22.172330061723976,
    "hole_9": 15.082185246594886,
    "hole_10": 11.854561534994476,
    "hole_11": 15.955270291068135,
    "hole_17": 18.75698936911243,
    "hole_7": 19.5951824151215,
    "hole_8": 15.528330155377503,
    "hole_15": 17.683240530763122,
    "hole_16": 17.381387756284706
  },
  "total_revenue": 1200.0,
  "total_orders": 40,
  "successful_orders": 40,
  "failed_orders": 0,
  "total_rounds": 30,
  "active_runner_hours": 7.290047392345453
}