{
  "variantKey": "front_back",
  "blockedHoles": [
    1,
    2,
    3,
    10,
    11,
    12
  ],
  "deliveryMetrics": {
    "totalOrders": 40,
    "successfulDeliveries": 40,
    "failedDeliveries": 0,
    "avgOrderTime": 16.77424995293829,
    "onTimePercentage": 100.0,
    "revenue": 1200.0,
    "ordersPerRunnerHour": 4.0,
    "lateOrders": 0,
    "runnerUtilizationPct": 25.255740636159157,
    "totalRunnerDriveMinutes": 454.60333145086486,
    "totalRunnerShiftMinutes": 1800.0,
    "runnerUtilizationByRunner": {
      "runner_2": {
        "driveMinutes": 146.2046753222116,
        "utilizationPct": 24.36744588703527,
        "shiftMinutes": 600.0
      },
      "runner_1": {
        "driveMinutes": 182.9868609323815,
        "utilizationPct": 30.497810155396916,
        "shiftMinutes": 600.0
      },
      "runner_3": {
        "driveMinutes": 125.41179519627204,
        "utilizationPct": 20.901965866045337,
        "shiftMinutes": 600.0
      }
    }
  },
  "bevCartMetrics": null,
  "hasRunners": true,
  "hasBevCart": false
}