{
  "simulation_id": "delivery_dynamic_04",
  "runner_id": "3_runners",
  "revenue_per_round": 43.333333333333336,
  "orders_per_runner_hour": 5.339432628907479,
  "on_time_rate": 0.9743589743589743,
  "delivery_cycle_time_p90": 24.911415567252455,
  "delivery_cycle_time_avg": 16.124571189857104,
  "failed_rate": 0.0,
  "second_runner_break_even_orders": 7.304146846774604,
  "queue_wait_avg": 3.356306306306306,
  "runner_utilization_driving_pct": 92.17609891819892,
  "runner_utilization_prep_pct": 0.0,
  "runner_utilization_idle_pct": 7.823901081801083,
  "distance_per_delivery_avg": 987.968740304806,
  "zone_service_times": {
    "hole_14": 16.115308150629215,
    "hole_9": 15.114513560471506,
    "hole_16": 19.681087792271036,
    "hole_13": 15.298265431576489,
    "hole_15": 12.801563658187359,
    "hole_-1": 12.449342701113316,
    "hole_8": 16.420356934422447,
    "hole_17": 22.255086150283265,
    "hole_18": 18.519034353457375,
    "hole_10": 18.428979479267237,
    "hole_7": 14.918014858855773
  },
  "total_revenue": 1170.0,
  "total_orders": 40,
  "successful_orders": 39,
  "failed_orders": 0,
  "total_rounds": 27,
  "active_runner_hours": 7.304146846774604
}