{
  "simulation_id": "delivery_dynamic_01",
  "runner_id": "2_runners",
  "revenue_per_round": 35.0,
  "orders_per_runner_hour": 3.8650306748466257,
  "on_time_rate": 0.7857142857142857,
  "delivery_cycle_time_p90": 32.984065087688066,
  "delivery_cycle_time_avg": 21.679702195049167,
  "failed_rate": 0.0,
  "second_runner_break_even_orders": 7.2444444444444445,
  "queue_wait_avg": 7.8933333333333335,
  "runner_utilization_driving_pct": 70.92095629589078,
  "runner_utilization_prep_pct": 0.0,
  "runner_utilization_idle_pct": 29.079043704109225,
  "distance_per_delivery_avg": 1556.3799375365202,
  "zone_service_times": {
    "hole_16": 25.205311557698934,
    "hole_12": 19.364110303508006,
    "hole_11": 16.4942375688867,
    "hole_17": 23.477197216762427,
    "hole_10": 14.194953402850217,
    "hole_-1": 28.057755950928065,
    "hole_18": 23.91109194381488,
    "hole_9": 17.182984648646837,
    "hole_6": 23.627665722490562,
    "hole_15": 24.10569922201624,
    "hole_8": 24.26809417647431
  },
  "total_revenue": 840.0,
  "total_orders": 30,
  "successful_orders": 28,
  "failed_orders": 0,
  "total_rounds": 24,
  "active_runner_hours": 7.2444444444444445
}