{
  "simulation_id": "delivery_dynamic_10",
  "runner_id": "2_runners",
  "revenue_per_round": 38.275862068965516,
  "orders_per_runner_hour": 5.128732396745669,
  "on_time_rate": 0.5405405405405406,
  "delivery_cycle_time_p90": 54.23171669823355,
  "delivery_cycle_time_avg": 30.63564104239248,
  "failed_rate": 0.075,
  "second_runner_break_even_orders": 7.214258248973486,
  "queue_wait_avg": 17.733333333333334,
  "runner_utilization_driving_pct": 76.21033513213573,
  "runner_utilization_prep_pct": 0.0,
  "runner_utilization_idle_pct": 23.789664867864275,
  "distance_per_delivery_avg": 1136.213228081713,
  "zone_service_times": {
    "hole_17": 25.356624154609655,
    "hole_15": 17.92209537734737,
    "hole_18": 32.354628804364175,
    "hole_8": 23.932918856195965,
    "hole_14": 43.16152888936825,
    "hole_12": 25.38839388812133,
    "hole_13": 52.79413688441315,
    "hole_11": 34.12535856074308,
    "hole_9": 53.98056191153246,
    "hole_7": 36.66345335368994,
    "hole_10": 17.599205747910148
  },
  "total_revenue": 1110.0,
  "total_orders": 40,
  "successful_orders": 37,
  "failed_orders": 3,
  "total_rounds": 29,
  "active_runner_hours": 7.214258248973486
}