{
  "simulation_id": "delivery_dynamic_08",
  "runner_id": "3_runners",
  "revenue_per_round": 47.36842105263158,
  "orders_per_runner_hour": 4.209817435170675,
  "on_time_rate": 1.0,
  "delivery_cycle_time_p90": 24.361021949732994,
  "delivery_cycle_time_avg": 15.61215791047169,
  "failed_rate": 0.0,
  "second_runner_break_even_orders": 7.126199760912847,
  "queue_wait_avg": 2.053846153846154,
  "runner_utilization_driving_pct": 69.48715173704055,
  "runner_utilization_prep_pct": 0.0,
  "runner_utilization_idle_pct": 30.51284826295945,
  "distance_per_delivery_avg": 1287.605057918488,
  "zone_service_times": {
    "hole_14": 14.999689394139121,
    "hole_18": 12.148340801172404,
    "hole_5": 21.32867833997455,
    "hole_-1": 20.6810635065615,
    "hole_16": 14.06121053256705,
    "hole_7": 18.34849304288027,
    "hole_9": 13.67949352798102,
    "hole_17": 19.511512744942898,
    "hole_8": 13.898519803523715,
    "hole_15": 13.50718705172773,
    "hole_6": 17.865173363088434,
    "hole_10": 11.640014906513352
  },
  "total_revenue": 900.0,
  "total_orders": 30,
  "successful_orders": 30,
  "failed_orders": 0,
  "total_rounds": 19,
  "active_runner_hours": 7.126199760912847
}