{
  "variantKey": "front_back",
  "blockedHoles": [
    1,
    2,
    3,
    10,
    11,
    12
  ],
  "deliveryMetrics": {
    "totalOrders": 30,
    "successfulDeliveries": 30,
    "failedDeliveries": 0,
    "avgOrderTime": 15.612157910471693,
    "onTimePercentage": 100.0,
    "revenue": 900.0,
    "ordersPerRunnerHour": 3.0,
    "lateOrders": 0,
    "runnerUtilizationPct": 16.50597746983377,
    "totalRunnerDriveMinutes": 297.10759445700785,
    "totalRunnerShiftMinutes": 1800.0,
    "runnerUtilizationByRunner": {
      "runner_1": {
        "driveMinutes": 130.4631450929905,
        "utilizationPct": 21.743857515498412,
        "shiftMinutes": 600.0
      },
      "runner_2": {
        "driveMinutes": 102.16458846119001,
        "utilizationPct": 17.027431410198336,
        "shiftMinutes": 600.0
      },
      "runner_3": {
        "driveMinutes": 64.4798609028274,
        "utilizationPct": 10.746643483804567,
        "shiftMinutes": 600.0
      }
    }
  },
  "bevCartMetrics": null,
  "hasRunners": true,
  "hasBevCart": false
}