{
  "simulation_id": "delivery_dynamic_02",
  "runner_id": "3_runners",
  "revenue_per_round": 40.0,
  "orders_per_runner_hour": 5.615531462786048,
  "on_time_rate": 0.875,
  "delivery_cycle_time_p90": 31.818004978857324,
  "delivery_cycle_time_avg": 18.530853431111336,
  "failed_rate": 0.0,
  "second_runner_break_even_orders": 7.123101395669982,
  "queue_wait_avg": 6.5327956989247316,
  "runner_utilization_driving_pct": 86.77407660893421,
  "runner_utilization_prep_pct": 0.0,
  "runner_utilization_idle_pct": 13.225923391065791,
  "distance_per_delivery_avg": 1165.2267528534087,
  "zone_service_times": {
    "hole_9": 11.942044916488308,
    "hole_17": 20.824657125979037,
    "hole_6": 17.8264275696875,
    "hole_18": 15.641190045070244,
    "hole_10": 15.401840222633968,
    "hole_8": 23.281228533485045,
    "hole_12": 33.55386535741048,
    "hole_11": 28.692312637540212,
    "hole_16": 19.456187236661027,
    "hole_-1": 20.60504941946562,
    "hole_15": 17.201579347923992
  },
  "total_revenue": 1200.0,
  "total_orders": 40,
  "successful_orders": 40,
  "failed_orders": 0,
  "total_rounds": 30,
  "active_runner_hours": 7.123101395669982
}