{
  "simulation_id": "delivery_dynamic_02",
  "runner_id": "3_runners",
  "revenue_per_round": 42.857142857142854,
  "orders_per_runner_hour": 6.874999924990301,
  "on_time_rate": 0.88,
  "delivery_cycle_time_p90": 31.968329576431767,
  "delivery_cycle_time_avg": 19.518201628595115,
  "failed_rate": 0.0,
  "second_runner_break_even_orders": 7.272727352076377,
  "queue_wait_avg": 6.103472222222222,
  "runner_utilization_driving_pct": 100.0,
  "runner_utilization_prep_pct": 0.0,
  "runner_utilization_idle_pct": 0.0,
  "distance_per_delivery_avg": 1229.3797472079582,
  "zone_service_times": {
    "hole_10": 22.358588684264184,
    "hole_9": 14.905758064926907,
    "hole_18": 19.897697260805824,
    "hole_16": 20.58885484681723,
    "hole_11": 25.562822390136354,
    "hole_8": 19.131502008336703,
    "hole_12": 20.34357957252983,
    "hole_15": 16.161551376338775,
    "hole_-1": 16.276977172950843,
    "hole_14": 18.793179373482598,
    "hole_13": 16.264159516275868,
    "hole_17": 16.694225991861124
  },
  "total_revenue": 1500.0,
  "total_orders": 50,
  "successful_orders": 50,
  "failed_orders": 0,
  "total_rounds": 35,
  "active_runner_hours": 7.272727352076377
}