{
  "simulation_id": "delivery_dynamic_03",
  "runner_id": "2_runners",
  "revenue_per_round": 42.69230769230769,
  "orders_per_runner_hour": 5.162468799309797,
  "on_time_rate": 0.5945945945945946,
  "delivery_cycle_time_p90": 50.05633584503793,
  "delivery_cycle_time_avg": 27.654745594190732,
  "failed_rate": 0.05,
  "second_runner_break_even_orders": 7.167113533925235,
  "queue_wait_avg": 15.25095238095238,
  "runner_utilization_driving_pct": 67.08648498771225,
  "runner_utilization_prep_pct": 0.0,
  "runner_utilization_idle_pct": 32.913515012287746,
  "distance_per_delivery_avg": 1084.6647899183556,
  "zone_service_times": {
    "hole_10": 21.40574087823191,
    "hole_9": 15.401281313529937,
    "hole_17": 18.577958819243964,
    "hole_18": 40.326461382418785,
    "hole_12": 46.952965794311446,
    "hole_15": 17.92209537734737,
    "hole_16": 17.47294071086047
  },
  "total_revenue": 1110.0,
  "total_orders": 40,
  "successful_orders": 37,
  "failed_orders": 2,
  "total_rounds": 26,
  "active_runner_hours": 7.167113533925235
}