{
  "simulation_id": "delivery_dynamic_08",
  "runner_id": "3_runners",
  "revenue_per_round": 35.294117647058826,
  "orders_per_runner_hour": 2.8832875744481234,
  "on_time_rate": 1.0,
  "delivery_cycle_time_p90": 17.15204013679765,
  "delivery_cycle_time_avg": 13.574328371900686,
  "failed_rate": 0.0,
  "second_runner_break_even_orders": 6.936526268569692,
  "queue_wait_avg": 0.04583333333333334,
  "runner_utilization_driving_pct": 47.89252693125739,
  "runner_utilization_prep_pct": 0.0,
  "runner_utilization_idle_pct": 52.10747306874261,
  "distance_per_delivery_avg": 1188.6543329586302,
  "zone_service_times": {
    "hole_17": 15.227591615786157,
    "hole_10": 11.270990247112112,
    "hole_18": 11.457735418523145,
    "hole_9": 12.474579931489355,
    "hole_11": 13.710904235553365,
    "hole_16": 16.706187236661087,
    "hole_15": 17.788015458446594
  },
  "total_revenue": 600.0,
  "total_orders": 20,
  "successful_orders": 20,
  "failed_orders": 0,
  "total_rounds": 17,
  "active_runner_hours": 6.936526268569692
}