{
  "simulation_id": "delivery_dynamic_08",
  "runner_id": "runner_1",
  "revenue_per_round": 12.352941176470589,
  "orders_per_runner_hour": 1.948955916473318,
  "on_time_rate": 0.07142857142857142,
  "delivery_cycle_time_p90": 61.03542934644595,
  "delivery_cycle_time_avg": 50.49186001960123,
  "failed_rate": 0.58,
  "second_runner_break_even_orders": 7.183333333333334,
  "queue_wait_avg": 36.24285714285714,
  "runner_utilization_driving_pct": 34.241595909432796,
  "runner_utilization_prep_pct": 0.0,
  "runner_utilization_idle_pct": 65.75840409056721,
  "distance_per_delivery_avg": 1427.6649665860116,
  "zone_service_times": {
    "hole_8": 13.787464049708008,
    "hole_18": 50.104341398551554,
    "hole_5": 57.620992548840334,
    "hole_14": 59.627452313083566,
    "hole_13": 52.53082618294253,
    "hole_-1": 53.59700816978911,
    "hole_12": 59.61445601142089,
    "hole_9": 37.29038206013053,
    "hole_7": 55.6829660901858
  },
  "total_revenue": 420.0,
  "total_orders": 50,
  "successful_orders": 14,
  "failed_orders": 29,
  "total_rounds": 34,
  "active_runner_hours": 7.183333333333334
}