{
  "variantKey": "front_mid",
  "blockedHoles": [
    1,
    2,
    3,
    4,
    5,
    6
  ],
  "deliveryMetrics": {
    "totalOrders": 40,
    "successfulDeliveries": 40,
    "failedDeliveries": 0,
    "avgOrderTime": 14.92251186723386,
    "onTimePercentage": 100.0,
    "revenue": 1200.0,
    "ordersPerRunnerHour": 4.0,
    "lateOrders": 0,
    "runnerUtilizationPct": 24.80531737692181,
    "totalRunnerDriveMinutes": 446.49571278459257,
    "totalRunnerShiftMinutes": 1800.0,
    "runnerUtilizationByRunner": {
      "runner_1": {
        "driveMinutes": 170.77339994542132,
        "utilizationPct": 28.462233324236884,
        "shiftMinutes": 600.0
      },
      "runner_2": {
        "driveMinutes": 158.44309026588414,
        "utilizationPct": 26.407181710980687,
        "shiftMinutes": 600.0
      },
      "runner_3": {
        "driveMinutes": 117.27922257328717,
        "utilizationPct": 19.546537095547862,
        "shiftMinutes": 600.0
      }
    }
  },
  "bevCartMetrics": null,
  "hasRunners": true,
  "hasBevCart": false
}