{
  "variantKey": "mid",
  "blockedHoles": [
    4,
    5,
    6
  ],
  "deliveryMetrics": {
    "totalOrders": 50,
    "successfulDeliveries": 49,
    "failedDeliveries": 0,
    "avgOrderTime": 27.185430590471658,
    "onTimePercentage": 59.183673469387756,
    "revenue": 1500.0,
    "ordersPerRunnerHour": 4.9,
    "lateOrders": 20,
    "runnerUtilizationPct": 24.821582215860676,
    "totalRunnerDriveMinutes": 446.78847988549217,
    "totalRunnerShiftMinutes": 1800.0,
    "runnerUtilizationByRunner": {
      "runner_1": {
        "driveMinutes": 161.51671471605314,
        "utilizationPct": 26.919452452675525,
        "shiftMinutes": 600.0
      },
      "runner_2": {
        "driveMinutes": 127.92310878186268,
        "utilizationPct": 21.320518130310447,
        "shiftMinutes": 600.0
      },
      "runner_3": {
        "driveMinutes": 157.34865638757645,
        "utilizationPct": 26.224776064596078,
        "shiftMinutes": 600.0
      }
    }
  },
  "bevCartMetrics": null,
  "hasRunners": true,
  "hasBevCart": false
}