{
  "variantKey": "none",
  "blockedHoles": [],
  "deliveryMetrics": {
    "totalOrders": 30,
    "successfulDeliveries": 30,
    "failedDeliveries": 0,
    "avgOrderTime": 17.997879873470474,
    "onTimePercentage": 93.33333333333333,
    "revenue": 900.0,
    "ordersPerRunnerHour": 3.0,
    "lateOrders": 2,
    "runnerUtilizationPct": 22.295011429329104,
    "totalRunnerDriveMinutes": 401.31020572792386,
    "totalRunnerShiftMinutes": 1800.0,
    "runnerUtilizationByRunner": {
      "runner_1": {
        "driveMinutes": 176.00358205335667,
        "utilizationPct": 29.33393034222611,
        "shiftMinutes": 600.0
      },
      "runner_2": {
        "driveMinutes": 142.1643082925139,
        "utilizationPct": 23.69405138208565,
        "shiftMinutes": 600.0
      },
      "runner_3": {
        "driveMinutes": 83.14231538205314,
        "utilizationPct": 13.857052563675524,
        "shiftMinutes": 600.0
      }
    }
  },
  "bevCartMetrics": null,
  "hasRunners": true,
  "hasBevCart": false
}