{
  "variantKey": "front_mid",
  "blockedHoles": [
    1,
    2,
    3,
    4,
    5,
    6
  ],
  "deliveryMetrics": {
    "totalOrders": 20,
    "successfulDeliveries": 20,
    "failedDeliveries": 0,
    "avgOrderTime": 13.458771813964626,
    "onTimePercentage": 100.0,
    "revenue": 600.0,
    "ordersPerRunnerHour": 2.0,
    "lateOrders": 0,
    "runnerUtilizationPct": 9.821783496997734,
    "totalRunnerDriveMinutes": 176.79210294595921,
    "totalRunnerShiftMinutes": 1800.0,
    "runnerUtilizationByRunner": {
      "runner_1": {
        "driveMinutes": 111.72789879383613,
        "utilizationPct": 18.621316465639357,
        "shiftMinutes": 600.0
      },
      "runner_3": {
        "driveMinutes": 1.5268120355141166,
        "utilizationPct": 0.2544686725856861,
        "shiftMinutes": 600.0
      },
      "runner_2": {
        "driveMinutes": 63.537392116608935,
        "utilizationPct": 10.589565352768156,
        "shiftMinutes": 600.0
      }
    }
  },
  "bevCartMetrics": null,
  "hasRunners": true,
  "hasBevCart": false
}