{
  "variantKey": "none",
  "blockedHoles": [],
  "deliveryMetrics": {
    "totalOrders": 50,
    "successfulDeliveries": 49,
    "failedDeliveries": 1,
    "avgOrderTime": 37.00891721506516,
    "onTimePercentage": 48.97959183673469,
    "revenue": 1470.0,
    "ordersPerRunnerHour": 4.9,
    "lateOrders": 25,
    "runnerUtilizationPct": 32.901920143656206,
    "totalRunnerDriveMinutes": 592.2345625858117,
    "totalRunnerShiftMinutes": 1800.0,
    "runnerUtilizationByRunner": {
      "runner_1": {
        "driveMinutes": 218.87807996851743,
        "utilizationPct": 36.47967999475291,
        "shiftMinutes": 600.0
      },
      "runner_2": {
        "driveMinutes": 206.035743288163,
        "utilizationPct": 34.339290548027165,
        "shiftMinutes": 600.0
      },
      "runner_3": {
        "driveMinutes": 167.32073932913102,
        "utilizationPct": 27.886789888188503,
        "shiftMinutes": 600.0
      }
    }
  },
  "bevCartMetrics": null,
  "hasRunners": true,
  "hasBevCart": false
}