{
  "variantKey": "mid_back",
  "blockedHoles": [
    4,
    5,
    6,
    10,
    11,
    12
  ],
  "deliveryMetrics": {
    "totalOrders": 40,
    "successfulDeliveries": 40,
    "failedDeliveries": 0,
    "avgOrderTime": 16.949592631701908,
    "onTimePercentage": 100.0,
    "revenue": 1200.0,
    "ordersPerRunnerHour": 4.0,
    "lateOrders": 0,
    "runnerUtilizationPct": 21.068406906427512,
    "totalRunnerDriveMinutes": 379.2313243156952,
    "totalRunnerShiftMinutes": 1800.0,
    "runnerUtilizationByRunner": {
      "runner_1": {
        "driveMinutes": 158.98397263516142,
        "utilizationPct": 26.497328772526902,
        "shiftMinutes": 600.0
      },
      "runner_2": {
        "driveMinutes": 113.76672429349095,
        "utilizationPct": 18.961120715581824,
        "shiftMinutes": 600.0
      },
      "runner_3": {
        "driveMinutes": 106.48062738704296,
        "utilizationPct": 17.746771231173827,
        "shiftMinutes": 600.0
      }
    }
  },
  "bevCartMetrics": null,
  "hasRunners": true,
  "hasBevCart": false
}