{
  "variantKey": "mid_back",
  "blockedHoles": [
    4,
    5,
    6,
    10,
    11,
    12
  ],
  "deliveryMetrics": {
    "totalOrders": 20,
    "successfulDeliveries": 20,
    "failedDeliveries": 0,
    "avgOrderTime": 14.795186059243845,
    "onTimePercentage": 100.0,
    "revenue": 600.0,
    "ordersPerRunnerHour": 2.0,
    "lateOrders": 0,
    "runnerUtilizationPct": 13.76025964254607,
    "totalRunnerDriveMinutes": 247.68467356582926,
    "totalRunnerShiftMinutes": 1800.0,
    "runnerUtilizationByRunner": {
      "runner_1": {
        "driveMinutes": 125.87769462957296,
        "utilizationPct": 20.97961577159549,
        "shiftMinutes": 600.0
      },
      "runner_2": {
        "driveMinutes": 80.49427996814407,
        "utilizationPct": 13.415713328024012,
        "shiftMinutes": 600.0
      },
      "runner_3": {
        "driveMinutes": 41.312698968112294,
        "utilizationPct": 6.885449828018715,
        "shiftMinutes": 600.0
      }
    }
  },
  "bevCartMetrics": null,
  "hasRunners": true,
  "hasBevCart": false
}