{
  "variantKey": "none",
  "blockedHoles": [],
  "deliveryMetrics": {
    "totalOrders": 30,
    "successfulDeliveries": 30,
    "failedDeliveries": 0,
    "avgOrderTime": 15.812911073179503,
    "onTimePercentage": 96.66666666666667,
    "revenue": 900.0,
    "ordersPerRunnerHour": 3.0,
    "lateOrders": 1,
    "runnerUtilizationPct": 16.33624480579112,
    "totalRunnerDriveMinutes": 294.0524065042402,
    "totalRunnerShiftMinutes": 1800.0,
    "runnerUtilizationByRunner": {
      "runner_1": {
        "driveMinutes": 161.3369922873189,
        "utilizationPct": 26.88949871455315,
        "shiftMinutes": 600.0
      },
      "runner_2": {
        "driveMinutes": 90.92712603363496,
        "utilizationPct": 15.154521005605828,
        "shiftMinutes": 600.0
      },
      "runner_3": {
        "driveMinutes": 41.78828818328639,
        "utilizationPct": 6.964714697214398,
        "shiftMinutes": 600.0
      }
    }
  },
  "bevCartMetrics": null,
  "hasRunners": true,
  "hasBevCart": false
}