{
  "variantKey": "back",
  "blockedHoles": [
    10,
    11,
    12
  ],
  "deliveryMetrics": {
    "totalOrders": 30,
    "successfulDeliveries": 30,
    "failedDeliveries": 0,
    "avgOrderTime": 17.003185147380158,
    "onTimePercentage": 100.0,
    "revenue": 900.0,
    "ordersPerRunnerHour": 3.0,
    "lateOrders": 0,
    "runnerUtilizationPct": 17.82985560680494,
    "totalRunnerDriveMinutes": 320.93740092248896,
    "totalRunnerShiftMinutes": 1800.0,
    "runnerUtilizationByRunner": {
      "runner_1": {
        "driveMinutes": 165.07773226309115,
        "utilizationPct": 27.512955377181857,
        "shiftMinutes": 600.0
      },
      "runner_2": {
        "driveMinutes": 113.10610966562939,
        "utilizationPct": 18.851018277604897,
        "shiftMinutes": 600.0
      },
      "runner_3": {
        "driveMinutes": 42.75355899376833,
        "utilizationPct": 7.125593165628056,
        "shiftMinutes": 600.0
      }
    }
  },
  "bevCartMetrics": null,
  "hasRunners": true,
  "hasBevCart": false
}