{
  "variantKey": "front_back",
  "blockedHoles": [
    1,
    2,
    3,
    10,
    11,
    12
  ],
  "deliveryMetrics": {
    "totalOrders": 40,
    "successfulDeliveries": 40,
    "failedDeliveries": 0,
    "avgOrderTime": 15.823417677233444,
    "onTimePercentage": 100.0,
    "revenue": 1200.0,
    "ordersPerRunnerHour": 4.0,
    "lateOrders": 0,
    "runnerUtilizationPct": 17.314917768937995,
    "totalRunnerDriveMinutes": 311.6685198408839,
    "totalRunnerShiftMinutes": 1800.0,
    "runnerUtilizationByRunner": {
      "runner_2": {
        "driveMinutes": 103.95262398130468,
        "utilizationPct": 17.325437330217447,
        "shiftMinutes": 600.0
      },
      "runner_1": {
        "driveMinutes": 133.01206429085696,
        "utilizationPct": 22.16867738180949,
        "shiftMinutes": 600.0
      },
      "runner_3": {
        "driveMinutes": 74.70383156872212,
        "utilizationPct": 12.450638594787021,
        "shiftMinutes": 600.0
      }
    }
  },
  "bevCartMetrics": null,
  "hasRunners": true,
  "hasBevCart": false
}