{
  "variantKey": "front_back",
  "blockedHoles": [
    1,
    2,
    3,
    10,
    11,
    12
  ],
  "deliveryMetrics": {
    "totalOrders": 20,
    "successfulDeliveries": 20,
    "failedDeliveries": 0,
    "avgOrderTime": 13.978272307055533,
    "onTimePercentage": 100.0,
    "revenue": 600.0,
    "ordersPerRunnerHour": 2.0,
    "lateOrders": 0,
    "runnerUtilizationPct": 11.914879282971759,
    "totalRunnerDriveMinutes": 214.46782709349165,
    "totalRunnerShiftMinutes": 1800.0,
    "runnerUtilizationByRunner": {
      "runner_1": {
        "driveMinutes": 121.48006233888142,
        "utilizationPct": 20.246677056480237,
        "shiftMinutes": 600.0
      },
      "runner_2": {
        "driveMinutes": 68.1487049841362,
        "utilizationPct": 11.358117497356034,
        "shiftMinutes": 600.0
      },
      "runner_3": {
        "driveMinutes": 24.839059770474037,
        "utilizationPct": 4.1398432950790065,
        "shiftMinutes": 600.0
      }
    }
  },
  "bevCartMetrics": null,
  "hasRunners": true,
  "hasBevCart": false
}