{
  "variantKey": "back",
  "blockedHoles": [
    10,
    11,
    12
  ],
  "deliveryMetrics": {
    "totalOrders": 40,
    "successfulDeliveries": 39,
    "failedDeliveries": 0,
    "avgOrderTime": 19.100729991161515,
    "onTimePercentage": 97.43589743589743,
    "revenue": 1200.0,
    "ordersPerRunnerHour": 3.9,
    "lateOrders": 1,
    "runnerUtilizationPct": 25.4038303247653,
    "totalRunnerDriveMinutes": 457.26894584577536,
    "totalRunnerShiftMinutes": 1800.0,
    "runnerUtilizationByRunner": {
      "runner_2": {
        "driveMinutes": 137.9864756156345,
        "utilizationPct": 22.997745935939086,
        "shiftMinutes": 600.0
      },
      "runner_1": {
        "driveMinutes": 180.9528724672014,
        "utilizationPct": 30.158812077866898,
        "shiftMinutes": 600.0
      },
      "runner_3": {
        "driveMinutes": 138.32959776293944,
        "utilizationPct": 23.054932960489907,
        "shiftMinutes": 600.0
      }
    }
  },
  "bevCartMetrics": null,
  "hasRunners": true,
  "hasBevCart": false
}