{
  "variantKey": "front_mid_back",
  "blockedHoles": [
    1,
    2,
    3,
    4,
    5,
    6,
    10,
    11,
    12
  ],
  "deliveryMetrics": {
    "totalOrders": 40,
    "successfulDeliveries": 40,
    "failedDeliveries": 0,
    "avgOrderTime": 14.751139155662559,
    "onTimePercentage": 100.0,
    "revenue": 1200.0,
    "ordersPerRunnerHour": 4.0,
    "lateOrders": 0,
    "runnerUtilizationPct": 18.276340980837432,
    "totalRunnerDriveMinutes": 328.9741376550738,
    "totalRunnerShiftMinutes": 1800.0,
    "runnerUtilizationByRunner": {
      "runner_2": {
        "driveMinutes": 104.44562206374141,
        "utilizationPct": 17.407603677290233,
        "shiftMinutes": 600.0
      },
      "runner_1": {
        "driveMinutes": 137.10443935346476,
        "utilizationPct": 22.850739892244125,
        "shiftMinutes": 600.0
      },
      "runner_3": {
        "driveMinutes": 87.42407623786771,
        "utilizationPct": 14.570679372977951,
        "shiftMinutes": 600.0
      }
    }
  },
  "bevCartMetrics": null,
  "hasRunners": true,
  "hasBevCart": false
}