{
  "variantKey": "back",
  "blockedHoles": [
    10,
    11,
    12
  ],
  "deliveryMetrics": {
    "totalOrders": 50,
    "successfulDeliveries": 50,
    "failedDeliveries": 0,
    "avgOrderTime": 25.512292370719003,
    "onTimePercentage": 68.0,
    "revenue": 1500.0,
    "ordersPerRunnerHour": 5.0,
    "lateOrders": 16,
    "runnerUtilizationPct": 30.457822722896687,
    "totalRunnerDriveMinutes": 548.2408090121404,
    "totalRunnerShiftMinutes": 1800.0,
    "runnerUtilizationByRunner": {
      "runner_1": {
        "driveMinutes": 196.35493400220307,
        "utilizationPct": 32.72582233370051,
        "shiftMinutes": 600.0
      },
      "runner_2": {
        "driveMinutes": 171.4943309755375,
        "utilizationPct": 28.582388495922917,
        "shiftMinutes": 600.0
      },
      "runner_3": {
        "driveMinutes": 180.39154403439986,
        "utilizationPct": 30.06525733906664,
        "shiftMinutes": 600.0
      }
    }
  },
  "bevCartMetrics": null,
  "hasRunners": true,
  "hasBevCart": false
}