{
  "variantKey": "front_mid_back",
  "blockedHoles": [
    1,
    2,
    3,
    4,
    5,
    6,
    10,
    11,
    12
  ],
  "deliveryMetrics": {
    "totalOrders": 40,
    "successfulDeliveries": 40,
    "failedDeliveries": 0,
    "avgOrderTime": 13.885042012528453,
    "onTimePercentage": 100.0,
    "revenue": 1200.0,
    "ordersPerRunnerHour": 4.0,
    "lateOrders": 0,
    "runnerUtilizationPct": 14.399981454705127,
    "totalRunnerDriveMinutes": 259.19966618469226,
    "totalRunnerShiftMinutes": 1800.0,
    "runnerUtilizationByRunner": {
      "runner_1": {
        "driveMinutes": 118.19486429179746,
        "utilizationPct": 19.69914404863291,
        "shiftMinutes": 600.0
      },
      "runner_2": {
        "driveMinutes": 83.69967669569334,
        "utilizationPct": 13.949946115948892,
        "shiftMinutes": 600.0
      },
      "runner_3": {
        "driveMinutes": 57.305125197201384,
        "utilizationPct": 9.550854199533564,
        "shiftMinutes": 600.0
      }
    }
  },
  "bevCartMetrics": null,
  "hasRunners": true,
  "hasBevCart": false
}