{
  "variantKey": "front_back",
  "blockedHoles": [
    1,
    2,
    3,
    10,
    11,
    12
  ],
  "deliveryMetrics": {
    "totalOrders": 20,
    "successfulDeliveries": 20,
    "failedDeliveries": 0,
    "avgOrderTime": 13.843601480774415,
    "onTimePercentage": 100.0,
    "revenue": 600.0,
    "ordersPerRunnerHour": 2.0,
    "lateOrders": 0,
    "runnerUtilizationPct": 11.973578364881622,
    "totalRunnerDriveMinutes": 215.5244105678692,
    "totalRunnerShiftMinutes": 1800.0,
    "runnerUtilizationByRunner": {
      "runner_1": {
        "driveMinutes": 117.93830666351899,
        "utilizationPct": 19.65638444391983,
        "shiftMinutes": 600.0
      },
      "runner_2": {
        "driveMinutes": 82.62791346699801,
        "utilizationPct": 13.771318911166336,
        "shiftMinutes": 600.0
      },
      "runner_3": {
        "driveMinutes": 14.958190437352252,
        "utilizationPct": 2.4930317395587087,
        "shiftMinutes": 600.0
      }
    }
  },
  "bevCartMetrics": null,
  "hasRunners": true,
  "hasBevCart": false
}