{
  "variantKey": "front_mid_back",
  "blockedHoles": [
    1,
    2,
    3,
    4,
    5,
    6,
    10,
    11,
    12
  ],
  "deliveryMetrics": {
    "totalOrders": 30,
    "successfulDeliveries": 29,
    "failedDeliveries": 0,
    "avgOrderTime": 14.698057823651363,
    "onTimePercentage": 100.0,
    "revenue": 900.0,
    "ordersPerRunnerHour": 2.9,
    "lateOrders": 0,
    "runnerUtilizationPct": 13.763008504242533,
    "totalRunnerDriveMinutes": 247.7341530763656,
    "totalRunnerShiftMinutes": 1800.0,
    "runnerUtilizationByRunner": {
      "runner_2": {
        "driveMinutes": 61.90560536739111,
        "utilizationPct": 10.317600894565185,
        "shiftMinutes": 600.0
      },
      "runner_1": {
        "driveMinutes": 119.39896627606541,
        "utilizationPct": 19.899827712677567,
        "shiftMinutes": 600.0
      },
      "runner_3": {
        "driveMinutes": 66.42958143290919,
        "utilizationPct": 11.071596905484865,
        "shiftMinutes": 600.0
      }
    }
  },
  "bevCartMetrics": null,
  "hasRunners": true,
  "hasBevCart": false
}