{
  "variantKey": "mid",
  "blockedHoles": [
    4,
    5,
    6
  ],
  "deliveryMetrics": {
    "totalOrders": 30,
    "successfulDeliveries": 30,
    "failedDeliveries": 0,
    "avgOrderTime": 16.57969573422844,
    "onTimePercentage": 96.66666666666667,
    "revenue": 900.0,
    "ordersPerRunnerHour": 3.0,
    "lateOrders": 1,
    "runnerUtilizationPct": 19.358487599375447,
    "totalRunnerDriveMinutes": 348.45277678875806,
    "totalRunnerShiftMinutes": 1800.0,
    "runnerUtilizationByRunner": {
      "runner_1": {
        "driveMinutes": 165.23871338526632,
        "utilizationPct": 27.539785564211055,
        "shiftMinutes": 600.0
      },
      "runner_2": {
        "driveMinutes": 118.8020015748946,
        "utilizationPct": 19.800333595815765,
        "shiftMinutes": 600.0
      },
      "runner_3": {
        "driveMinutes": 64.41206182859706,
        "utilizationPct": 10.735343638099511,
        "shiftMinutes": 600.0
      }
    }
  },
  "bevCartMetrics": null,
  "hasRunners": true,
  "hasBevCart": false
}