{
  "variantKey": "front_mid_back",
  "blockedHoles": [
    1,
    2,
    3,
    4,
    5,
    6,
    10,
    11,
    12
  ],
  "deliveryMetrics": {
    "totalOrders": 40,
    "successfulDeliveries": 40,
    "failedDeliveries": 0,
    "avgOrderTime": 18.924926511832588,
    "onTimePercentage": 82.5,
    "revenue": 1200.0,
    "ordersPerRunnerHour": 4.0,
    "lateOrders": 7,
    "runnerUtilizationPct": 19.797455740580354,
    "totalRunnerDriveMinutes": 356.35420333044635,
    "totalRunnerShiftMinutes": 1800.0,
    "runnerUtilizationByRunner": {
      "runner_1": {
        "driveMinutes": 153.38582732809198,
        "utilizationPct": 25.564304554681993,
        "shiftMinutes": 600.0
      },
      "runner_2": {
        "driveMinutes": 99.93763649214665,
        "utilizationPct": 16.65627274869111,
        "shiftMinutes": 600.0
      },
      "runner_3": {
        "driveMinutes": 103.03073951020772,
        "utilizationPct": 17.171789918367956,
        "shiftMinutes": 600.0
      }
    }
  },
  "bevCartMetrics": null,
  "hasRunners": true,
  "hasBevCart": false
}