{
  "variantKey": "front_back",
  "blockedHoles": [
    1,
    2,
    3,
    10,
    11,
    12
  ],
  "deliveryMetrics": {
    "totalOrders": 40,
    "successfulDeliveries": 39,
    "failedDeliveries": 0,
    "avgOrderTime": 19.671893741166684,
    "onTimePercentage": 87.17948717948718,
    "revenue": 1200.0,
    "ordersPerRunnerHour": 3.9,
    "lateOrders": 5,
    "runnerUtilizationPct": 24.584341201099253,
    "totalRunnerDriveMinutes": 442.51814161978655,
    "totalRunnerShiftMinutes": 1800.0,
    "runnerUtilizationByRunner": {
      "runner_1": {
        "driveMinutes": 155.28922693387273,
        "utilizationPct": 25.881537822312122,
        "shiftMinutes": 600.0
      },
      "runner_2": {
        "driveMinutes": 153.3977166728446,
        "utilizationPct": 25.56628611214077,
        "shiftMinutes": 600.0
      },
      "runner_3": {
        "driveMinutes": 133.8311980130691,
        "utilizationPct": 22.30519966884485,
        "shiftMinutes": 600.0
      }
    }
  },
  "bevCartMetrics": null,
  "hasRunners": true,
  "hasBevCart": false
}