{
  "variantKey": "mid_back",
  "blockedHoles": [
    4,
    5,
    6,
    10,
    11,
    12
  ],
  "deliveryMetrics": {
    "totalOrders": 40,
    "successfulDeliveries": 40,
    "failedDeliveries": 0,
    "avgOrderTime": 22.340937583464356,
    "onTimePercentage": 75.0,
    "revenue": 1200.0,
    "ordersPerRunnerHour": 4.0,
    "lateOrders": 10,
    "runnerUtilizationPct": 23.11372373044988,
    "totalRunnerDriveMinutes": 416.04702714809787,
    "totalRunnerShiftMinutes": 1800.0,
    "runnerUtilizationByRunner": {
      "runner_1": {
        "driveMinutes": 181.21411002053355,
        "utilizationPct": 30.202351670088927,
        "shiftMinutes": 600.0
      },
      "runner_2": {
        "driveMinutes": 117.98225840003906,
        "utilizationPct": 19.663709733339843,
        "shiftMinutes": 600.0
      },
      "runner_3": {
        "driveMinutes": 116.85065872752529,
        "utilizationPct": 19.47510978792088,
        "shiftMinutes": 600.0
      }
    }
  },
  "bevCartMetrics": null,
  "hasRunners": true,
  "hasBevCart": false
}