{
  "variantKey": "front_back",
  "blockedHoles": [
    1,
    2,
    3,
    10,
    11,
    12
  ],
  "deliveryMetrics": {
    "totalOrders": 50,
    "successfulDeliveries": 48,
    "failedDeliveries": 0,
    "avgOrderTime": 19.29794394798974,
    "onTimePercentage": 93.75,
    "revenue": 1500.0,
    "ordersPerRunnerHour": 4.8,
    "lateOrders": 3,
    "runnerUtilizationPct": 25.14001984014193,
    "totalRunnerDriveMinutes": 452.5203571225548,
    "totalRunnerShiftMinutes": 1800.0,
    "runnerUtilizationByRunner": {
      "runner_1": {
        "driveMinutes": 156.1736060414682,
        "utilizationPct": 26.028934340244696,
        "shiftMinutes": 600.0
      },
      "runner_2": {
        "driveMinutes": 158.74326648495105,
        "utilizationPct": 26.45721108082518,
        "shiftMinutes": 600.0
      },
      "runner_3": {
        "driveMinutes": 137.60348459613604,
        "utilizationPct": 22.933914099356006,
        "shiftMinutes": 600.0
      }
    }
  },
  "bevCartMetrics": null,
  "hasRunners": true,
  "hasBevCart": false
}