{
  "variantKey": "front_back",
  "blockedHoles": [
    1,
    2,
    3,
    10,
    11,
    12
  ],
  "deliveryMetrics": {
    "totalOrders": 20,
    "successfulDeliveries": 20,
    "failedDeliveries": 0,
    "avgOrderTime": 14.893482634385785,
    "onTimePercentage": 100.0,
    "revenue": 600.0,
    "ordersPerRunnerHour": 2.0,
    "lateOrders": 0,
    "runnerUtilizationPct": 11.277650319864781,
    "totalRunnerDriveMinutes": 202.99770575756605,
    "totalRunnerShiftMinutes": 1800.0,
    "runnerUtilizationByRunner": {
      "runner_1": {
        "driveMinutes": 128.43294401856164,
        "utilizationPct": 21.405490669760276,
        "shiftMinutes": 600.0
      },
      "runner_2": {
        "driveMinutes": 57.404253258010186,
        "utilizationPct": 9.567375543001697,
        "shiftMinutes": 600.0
      },
      "runner_3": {
        "driveMinutes": 17.16050848099418,
        "utilizationPct": 2.8600847468323636,
        "shiftMinutes": 600.0
      }
    }
  },
  "bevCartMetrics": null,
  "hasRunners": true,
  "hasBevCart": false
}