{
  "variantKey": "none",
  "blockedHoles": [],
  "deliveryMetrics": {
    "totalOrders": 400.0,
    "successfulDeliveries": 399.0,
    "failedDeliveries": 0.0,
    "avgOrderTime": 19.07639561196579,
    "onTimePercentage": 89.72435897435898,
    "revenue": 12000.0,
    "ordersPerRunnerHour": 3.9899999999999998,
    "lateOrders": 4,
    "runnerUtilizationPct": 27.283595714868675,
    "totalRunnerDriveMinutes": 491.1047228676361,
    "totalRunnerShiftMinutes": 1800.0,
    "runnerUtilizationByRunner": {
      "runner_1": {
        "driveMinutes": 184.58122383088357,
        "utilizationPct": 30.763537305147263,
        "shiftMinutes": 600.0
      },
      "runner_2": {
        "driveMinutes": 176.94932963740223,
        "utilizationPct": 29.491554939567038,
        "shiftMinutes": 600.0
      },
      "runner_3": {
        "driveMinutes": 129.57416939935052,
        "utilizationPct": 21.595694899891754,
        "shiftMinutes": 600.0
      }
    },
    "onTimeRate": 89.72435897435898,
    "queueWaitAvg": 0.0,
    "runCount": 10,
    "onTimeRateStdDev": 7.369233111182113
  },
  "bevCartMetrics": null,
  "hasRunners": true,
  "hasBevCart": false,
  "aggregationInfo": {
    "runCount": 10,
    "aggregatedAt": "\"2025-08-28T09:28:49.683714\"",
    "sourceRuns": [
      "run_01",
      "run_02",
      "run_03",
      "run_04",
      "run_05",
      "run_06",
      "run_07",
      "run_08",
      "run_09",
      "run_10"
    ]
  }
}