{
  "variantKey": "front",
  "blockedHoles": [
    1,
    2,
    3
  ],
  "deliveryMetrics": {
    "totalOrders": 400.0,
    "successfulDeliveries": 399.0,
    "failedDeliveries": 0.0,
    "avgOrderTime": 18.273239095880598,
    "onTimePercentage": 91.97435897435898,
    "revenue": 12000.0,
    "ordersPerRunnerHour": 3.9899999999999998,
    "lateOrders": 3,
    "runnerUtilizationPct": 25.632223493011086,
    "totalRunnerDriveMinutes": 461.3800228741996,
    "totalRunnerShiftMinutes": 1800.0,
    "runnerUtilizationByRunner": {
      "runner_1": {
        "driveMinutes": 186.23533362796144,
        "utilizationPct": 31.039222271326906,
        "shiftMinutes": 600.0
      },
      "runner_2": {
        "driveMinutes": 149.8617524913811,
        "utilizationPct": 24.97695874856352,
        "shiftMinutes": 600.0
      },
      "runner_3": {
        "driveMinutes": 125.28293675485746,
        "utilizationPct": 20.880489459142908,
        "shiftMinutes": 600.0
      }
    },
    "onTimeRate": 91.97435897435898,
    "queueWaitAvg": 0.0,
    "runCount": 10,
    "onTimeRateStdDev": 4.456285590301346
  },
  "bevCartMetrics": null,
  "hasRunners": true,
  "hasBevCart": false,
  "aggregationInfo": {
    "runCount": 10,
    "aggregatedAt": "\"2025-08-28T09:28:49.617702\"",
    "sourceRuns": [
      "run_01",
      "run_02",
      "run_03",
      "run_04",
      "run_05",
      "run_06",
      "run_07",
      "run_08",
      "run_09",
      "run_10"
    ]
  }
}