{
  "variantKey": "front",
  "blockedHoles": [
    1,
    2,
    3
  ],
  "deliveryMetrics": {
    "totalOrders": 300.0,
    "successfulDeliveries": 300.0,
    "failedDeliveries": 0.0,
    "avgOrderTime": 16.147592959895956,
    "onTimePercentage": 98.66666666666666,
    "revenue": 9000.0,
    "ordersPerRunnerHour": 3.0,
    "lateOrders": 2,
    "runnerUtilizationPct": 21.61500102969878,
    "totalRunnerDriveMinutes": 389.0700185345781,
    "totalRunnerShiftMinutes": 1800.0,
    "runnerUtilizationByRunner": {
      "runner_1": {
        "driveMinutes": 164.73005538440884,
        "utilizationPct": 27.455009230734806,
        "shiftMinutes": 600.0
      },
      "runner_2": {
        "driveMinutes": 126.8978115615505,
        "utilizationPct": 21.149635260258417,
        "shiftMinutes": 600.0
      },
      "runner_3": {
        "driveMinutes": 97.4421515886188,
        "utilizationPct": 16.240358598103132,
        "shiftMinutes": 600.0
      }
    },
    "onTimeRate": 98.66666666666666,
    "queueWaitAvg": 0.0,
    "runCount": 10,
    "onTimeRateStdDev": 2.6666666666666687
  },
  "bevCartMetrics": null,
  "hasRunners": true,
  "hasBevCart": false,
  "aggregationInfo": {
    "runCount": 10,
    "aggregatedAt": "\"2025-08-28T09:28:49.531684\"",
    "sourceRuns": [
      "run_01",
      "run_02",
      "run_03",
      "run_04",
      "run_05",
      "run_06",
      "run_07",
      "run_08",
      "run_09",
      "run_10"
    ]
  }
}