{
  "variantKey": "front_mid_back",
  "blockedHoles": [
    1,
    2,
    3,
    4,
    5,
    6,
    10,
    11,
    12
  ],
  "deliveryMetrics": {
    "totalOrders": 40,
    "successfulDeliveries": 40,
    "failedDeliveries": 0,
    "avgOrderTime": 15.01052270894284,
    "onTimePercentage": 100.0,
    "revenue": 1200.0,
    "ordersPerRunnerHour": 4.0,
    "lateOrders": 0,
    "runnerUtilizationPct": 18.554865279132233,
    "totalRunnerDriveMinutes": 333.9875750243802,
    "totalRunnerShiftMinutes": 1800.0,
    "runnerUtilizationByRunner": {
      "runner_1": {
        "driveMinutes": 136.5528987690717,
        "utilizationPct": 22.758816461511948,
        "shiftMinutes": 600.0
      },
      "runner_3": {
        "driveMinutes": 87.70553258814202,
        "utilizationPct": 14.617588764690337,
        "shiftMinutes": 600.0
      },
      "runner_2": {
        "driveMinutes": 109.72914366716664,
        "utilizationPct": 18.28819061119444,
        "shiftMinutes": 600.0
      }
    }
  },
  "bevCartMetrics": null,
  "hasRunners": true,
  "hasBevCart": false
}