{
  "variantKey": "mid",
  "blockedHoles": [
    4,
    5,
    6
  ],
  "deliveryMetrics": {
    "totalOrders": 40,
    "successfulDeliveries": 39,
    "failedDeliveries": 0,
    "avgOrderTime": 16.522275611309084,
    "onTimePercentage": 94.87179487179486,
    "revenue": 1200.0,
    "ordersPerRunnerHour": 3.9,
    "lateOrders": 2,
    "runnerUtilizationPct": 20.92392520016439,
    "totalRunnerDriveMinutes": 376.63065360295906,
    "totalRunnerShiftMinutes": 1800.0,
    "runnerUtilizationByRunner": {
      "runner_1": {
        "driveMinutes": 156.54043311446156,
        "utilizationPct": 26.090072185743594,
        "shiftMinutes": 600.0
      },
      "runner_3": {
        "driveMinutes": 90.20439029178984,
        "utilizationPct": 15.03406504863164,
        "shiftMinutes": 600.0
      },
      "runner_2": {
        "driveMinutes": 129.8858301967077,
        "utilizationPct": 21.64763836611795,
        "shiftMinutes": 600.0
      }
    }
  },
  "bevCartMetrics": null,
  "hasRunners": true,
  "hasBevCart": false
}