{
  "variantKey": "back",
  "blockedHoles": [
    10,
    11,
    12
  ],
  "deliveryMetrics": {
    "totalOrders": 300.0,
    "successfulDeliveries": 300.0,
    "failedDeliveries": 0.0,
    "avgOrderTime": 15.615461969453907,
    "onTimePercentage": 99.33333333333334,
    "revenue": 9000.0,
    "ordersPerRunnerHour": 3.0,
    "lateOrders": 0,
    "runnerUtilizationPct": 16.563296529861994,
    "totalRunnerDriveMinutes": 298.13933753751587,
    "totalRunnerShiftMinutes": 1800.0,
    "runnerUtilizationByRunner": {
      "runner_1": {
        "driveMinutes": 154.0959702446219,
        "utilizationPct": 25.68266170743698,
        "shiftMinutes": 600.0
      },
      "runner_2": {
        "driveMinutes": 95.4917946017314,
        "utilizationPct": 15.915299100288566,
        "shiftMinutes": 600.0
      },
      "runner_3": {
        "driveMinutes": 48.551572691162725,
        "utilizationPct": 8.091928781860453,
        "shiftMinutes": 600.0
      }
    },
    "onTimeRate": 99.33333333333334,
    "queueWaitAvg": 0.0,
    "runCount": 10,
    "onTimeRateStdDev": 2.0000000000000013
  },
  "bevCartMetrics": null,
  "hasRunners": true,
  "hasBevCart": false,
  "aggregationInfo": {
    "runCount": 10,
    "aggregatedAt": "\"2025-08-28T09:28:49.508680\"",
    "sourceRuns": [
      "run_01",
      "run_02",
      "run_03",
      "run_04",
      "run_05",
      "run_06",
      "run_07",
      "run_08",
      "run_09",
      "run_10"
    ]
  }
}