{
  "variantKey": "mid",
  "blockedHoles": [
    4,
    5,
    6
  ],
  "deliveryMetrics": {
    "totalOrders": 400.0,
    "successfulDeliveries": 398.0,
    "failedDeliveries": 0.0,
    "avgOrderTime": 17.6638712451309,
    "onTimePercentage": 95.75,
    "revenue": 12000.0,
    "ordersPerRunnerHour": 3.9799999999999995,
    "lateOrders": 1,
    "runnerUtilizationPct": 19.94390644146507,
    "totalRunnerDriveMinutes": 358.99031594637125,
    "totalRunnerShiftMinutes": 1800.0,
    "runnerUtilizationByRunner": {
      "runner_1": {
        "driveMinutes": 154.08794258175456,
        "utilizationPct": 25.68132376362576,
        "shiftMinutes": 600.0
      },
      "runner_3": {
        "driveMinutes": 69.33342808556426,
        "utilizationPct": 11.555571347594045,
        "shiftMinutes": 600.0
      },
      "runner_2": {
        "driveMinutes": 135.5689452790524,
        "utilizationPct": 22.5948242131754,
        "shiftMinutes": 600.0
      }
    },
    "onTimeRate": 95.75,
    "queueWaitAvg": 0.0,
    "runCount": 10,
    "onTimeRateStdDev": 6.329494450586082
  },
  "bevCartMetrics": null,
  "hasRunners": true,
  "hasBevCart": false,
  "aggregationInfo": {
    "runCount": 10,
    "aggregatedAt": "\"2025-08-28T09:28:49.641705\"",
    "sourceRuns": [
      "run_01",
      "run_02",
      "run_03",
      "run_04",
      "run_05",
      "run_06",
      "run_07",
      "run_08",
      "run_09",
      "run_10"
    ]
  }
}