{
  "variantKey": "front_back",
  "blockedHoles": [
    1,
    2,
    3,
    10,
    11,
    12
  ],
  "deliveryMetrics": {
    "totalOrders": 30,
    "successfulDeliveries": 30,
    "failedDeliveries": 0,
    "avgOrderTime": 16.519130203622737,
    "onTimePercentage": 96.66666666666667,
    "revenue": 900.0,
    "ordersPerRunnerHour": 3.0,
    "lateOrders": 1,
    "runnerUtilizationPct": 16.80119584201673,
    "totalRunnerDriveMinutes": 302.42152515630113,
    "totalRunnerShiftMinutes": 1800.0,
    "runnerUtilizationByRunner": {
      "runner_3": {
        "driveMinutes": 71.4574825988116,
        "utilizationPct": 11.909580433135265,
        "shiftMinutes": 600.0
      },
      "runner_1": {
        "driveMinutes": 126.99496900251317,
        "utilizationPct": 21.16582816708553,
        "shiftMinutes": 600.0
      },
      "runner_2": {
        "driveMinutes": 103.96907355497645,
        "utilizationPct": 17.328178925829405,
        "shiftMinutes": 600.0
      }
    }
  },
  "bevCartMetrics": null,
  "hasRunners": true,
  "hasBevCart": false
}