{
  "variantKey": "front_back",
  "blockedHoles": [
    1,
    2,
    3,
    10,
    11,
    12
  ],
  "deliveryMetrics": {
    "totalOrders": 40,
    "successfulDeliveries": 40,
    "failedDeliveries": 0,
    "avgOrderTime": 17.18832028672266,
    "onTimePercentage": 95.0,
    "revenue": 1200.0,
    "ordersPerRunnerHour": 4.0,
    "lateOrders": 2,
    "runnerUtilizationPct": 25.912404869965695,
    "totalRunnerDriveMinutes": 466.4232876593825,
    "totalRunnerShiftMinutes": 1800.0,
    "runnerUtilizationByRunner": {
      "runner_1": {
        "driveMinutes": 173.81959182501083,
        "utilizationPct": 28.969931970835137,
        "shiftMinutes": 600.0
      },
      "runner_2": {
        "driveMinutes": 174.10960791151086,
        "utilizationPct": 29.01826798525181,
        "shiftMinutes": 600.0
      },
      "runner_3": {
        "driveMinutes": 118.49408792286088,
        "utilizationPct": 19.74901465381015,
        "shiftMinutes": 600.0
      }
    }
  },
  "bevCartMetrics": null,
  "hasRunners": true,
  "hasBevCart": false
}