{
  "variantKey": "mid",
  "blockedHoles": [
    4,
    5,
    6
  ],
  "deliveryMetrics": {
    "totalOrders": 300.0,
    "successfulDeliveries": 300.0,
    "failedDeliveries": 0.0,
    "avgOrderTime": 15.74789111059915,
    "onTimePercentage": 98.33333333333334,
    "revenue": 9000.0,
    "ordersPerRunnerHour": 3.0,
    "lateOrders": 0,
    "runnerUtilizationPct": 16.93219928522977,
    "totalRunnerDriveMinutes": 304.77958713413585,
    "totalRunnerShiftMinutes": 1800.0,
    "runnerUtilizationByRunner": {
      "runner_1": {
        "driveMinutes": 141.31697045375486,
        "utilizationPct": 23.552828408959144,
        "shiftMinutes": 600.0
      },
      "runner_2": {
        "driveMinutes": 100.30398552109055,
        "utilizationPct": 16.71733092018176,
        "shiftMinutes": 600.0
      },
      "runner_3": {
        "driveMinutes": 63.158631159290614,
        "utilizationPct": 10.526438526548436,
        "shiftMinutes": 600.0
      }
    },
    "onTimeRate": 98.33333333333334,
    "queueWaitAvg": 0.0,
    "runCount": 10,
    "onTimeRateStdDev": 4.0138648595974304
  },
  "bevCartMetrics": null,
  "hasRunners": true,
  "hasBevCart": false,
  "aggregationInfo": {
    "runCount": 10,
    "aggregatedAt": "\"2025-08-28T09:28:49.552690\"",
    "sourceRuns": [
      "run_01",
      "run_02",
      "run_03",
      "run_04",
      "run_05",
      "run_06",
      "run_07",
      "run_08",
      "run_09",
      "run_10"
    ]
  }
}