{
  "variantKey": "front_back",
  "blockedHoles": [
    1,
    2,
    3,
    10,
    11,
    12
  ],
  "deliveryMetrics": {
    "totalOrders": 30,
    "successfulDeliveries": 30,
    "failedDeliveries": 0,
    "avgOrderTime": 15.385363310539875,
    "onTimePercentage": 100.0,
    "revenue": 900.0,
    "ordersPerRunnerHour": 3.0,
    "lateOrders": 0,
    "runnerUtilizationPct": 17.47071133767228,
    "totalRunnerDriveMinutes": 314.4728040781011,
    "totalRunnerShiftMinutes": 1800.0,
    "runnerUtilizationByRunner": {
      "runner_1": {
        "driveMinutes": 129.79096661282273,
        "utilizationPct": 21.631827768803788,
        "shiftMinutes": 600.0
      },
      "runner_3": {
        "driveMinutes": 67.89006962206628,
        "utilizationPct": 11.315011603677712,
        "shiftMinutes": 600.0
      },
      "runner_2": {
        "driveMinutes": 116.79176784321201,
        "utilizationPct": 19.465294640535337,
        "shiftMinutes": 600.0
      }
    }
  },
  "bevCartMetrics": null,
  "hasRunners": true,
  "hasBevCart": false
}