{
  "variantKey": "back",
  "blockedHoles": [
    10,
    11,
    12
  ],
  "deliveryMetrics": {
    "totalOrders": 30,
    "successfulDeliveries": 30,
    "failedDeliveries": 0,
    "avgOrderTime": 19.848389343241926,
    "onTimePercentage": 93.33333333333333,
    "revenue": 900.0,
    "ordersPerRunnerHour": 3.0,
    "lateOrders": 2,
    "runnerUtilizationPct": 21.31093991069422,
    "totalRunnerDriveMinutes": 383.5969183924959,
    "totalRunnerShiftMinutes": 1800.0,
    "runnerUtilizationByRunner": {
      "runner_1": {
        "driveMinutes": 176.66196396934393,
        "utilizationPct": 29.44366066155732,
        "shiftMinutes": 600.0
      },
      "runner_3": {
        "driveMinutes": 81.81363434776543,
        "utilizationPct": 13.635605724627572,
        "shiftMinutes": 600.0
      },
      "runner_2": {
        "driveMinutes": 125.12132007538655,
        "utilizationPct": 20.853553345897758,
        "shiftMinutes": 600.0
      }
    }
  },
  "bevCartMetrics": null,
  "hasRunners": true,
  "hasBevCart": false
}