{
  "variantKey": "front_mid",
  "blockedHoles": [
    1,
    2,
    3,
    4,
    5,
    6
  ],
  "deliveryMetrics": {
    "totalOrders": 50,
    "successfulDeliveries": 47,
    "failedDeliveries": 0,
    "avgOrderTime": 24.256100817799002,
    "onTimePercentage": 70.2127659574468,
    "revenue": 1500.0,
    "ordersPerRunnerHour": 4.7,
    "lateOrders": 14,
    "runnerUtilizationPct": 28.52029499250693,
    "totalRunnerDriveMinutes": 513.3653098651247,
    "totalRunnerShiftMinutes": 1800.0,
    "runnerUtilizationByRunner": {
      "runner_2": {
        "driveMinutes": 178.01524522557335,
        "utilizationPct": 29.66920753759556,
        "shiftMinutes": 600.0
      },
      "runner_1": {
        "driveMinutes": 184.40737720469392,
        "utilizationPct": 30.734562867448982,
        "shiftMinutes": 600.0
      },
      "runner_3": {
        "driveMinutes": 150.9426874348574,
        "utilizationPct": 25.15711457247623,
        "shiftMinutes": 600.0
      }
    }
  },
  "bevCartMetrics": null,
  "hasRunners": true,
  "hasBevCart": false
}