{
  "variantKey": "mid",
  "blockedHoles": [
    4,
    5,
    6
  ],
  "deliveryMetrics": {
    "totalOrders": 300.0,
    "successfulDeliveries": 299.0,
    "failedDeliveries": 0.0,
    "avgOrderTime": 15.825954265575726,
    "onTimePercentage": 99.0,
    "revenue": 9000.0,
    "ordersPerRunnerHour": 2.9899999999999998,
    "lateOrders": 1,
    "runnerUtilizationPct": 21.36891123736679,
    "totalRunnerDriveMinutes": 384.6404022726023,
    "totalRunnerShiftMinutes": 1800.0,
    "runnerUtilizationByRunner": {
      "runner_1": {
        "driveMinutes": 199.19454499360512,
        "utilizationPct": 33.19909083226752,
        "shiftMinutes": 600.0
      },
      "runner_2": {
        "driveMinutes": 123.17587546899497,
        "utilizationPct": 20.52931257816583,
        "shiftMinutes": 600.0
      },
      "runner_3": {
        "driveMinutes": 62.269981810002136,
        "utilizationPct": 10.378330301667022,
        "shiftMinutes": 600.0
      }
    },
    "onTimeRate": 99.0,
    "queueWaitAvg": 0.0,
    "runCount": 10,
    "onTimeRateStdDev": 2.1343747458109505
  },
  "bevCartMetrics": null,
  "hasRunners": true,
  "hasBevCart": false,
  "aggregationInfo": {
    "runCount": 10,
    "aggregatedAt": "\"2025-08-28T09:28:55.678551\"",
    "sourceRuns": [
      "run_01",
      "run_02",
      "run_03",
      "run_04",
      "run_05",
      "run_06",
      "run_07",
      "run_08",
      "run_09",
      "run_10"
    ]
  }
}