{
  "variantKey": "front_mid",
  "blockedHoles": [
    1,
    2,
    3,
    4,
    5,
    6
  ],
  "deliveryMetrics": {
    "totalOrders": 500.0,
    "successfulDeliveries": 492.0,
    "failedDeliveries": 0.0,
    "avgOrderTime": 23.036474946775627,
    "onTimePercentage": 73.55018816037054,
    "revenue": 15000.0,
    "ordersPerRunnerHour": 4.92,
    "lateOrders": 14,
    "runnerUtilizationPct": 28.52029499250693,
    "totalRunnerDriveMinutes": 513.3653098651247,
    "totalRunnerShiftMinutes": 1800.0,
    "runnerUtilizationByRunner": {
      "runner_2": {
        "driveMinutes": 178.01524522557335,
        "utilizationPct": 29.66920753759556,
        "shiftMinutes": 600.0
      },
      "runner_1": {
        "driveMinutes": 184.40737720469392,
        "utilizationPct": 30.734562867448982,
        "shiftMinutes": 600.0
      },
      "runner_3": {
        "driveMinutes": 150.9426874348574,
        "utilizationPct": 25.15711457247623,
        "shiftMinutes": 600.0
      }
    },
    "onTimeRate": 73.55018816037054,
    "queueWaitAvg": 0.0,
    "runCount": 10,
    "onTimeRateStdDev": 13.178581951726613
  },
  "bevCartMetrics": null,
  "hasRunners": true,
  "hasBevCart": false,
  "aggregationInfo": {
    "runCount": 10,
    "aggregatedAt": "\"2025-08-28T09:29:04.074542\"",
    "sourceRuns": [
      "run_01",
      "run_02",
      "run_03",
      "run_04",
      "run_05",
      "run_06",
      "run_07",
      "run_08",
      "run_09",
      "run_10"
    ]
  }
}