{
  "variantKey": "front_mid_back",
  "blockedHoles": [
    1,
    2,
    3,
    4,
    5,
    6,
    10,
    11,
    12
  ],
  "deliveryMetrics": {
    "totalOrders": 20,
    "successfulDeliveries": 20,
    "failedDeliveries": 0,
    "avgOrderTime": 13.131175083118391,
    "onTimePercentage": 100.0,
    "revenue": 600.0,
    "ordersPerRunnerHour": 2.0,
    "lateOrders": 0,
    "runnerUtilizationPct": 12.053289774893452,
    "totalRunnerDriveMinutes": 216.95921594808212,
    "totalRunnerShiftMinutes": 1800.0,
    "runnerUtilizationByRunner": {
      "runner_1": {
        "driveMinutes": 100.0512514500083,
        "utilizationPct": 16.67520857500138,
        "shiftMinutes": 600.0
      },
      "runner_2": {
        "driveMinutes": 81.21740075375192,
        "utilizationPct": 13.536233458958652,
        "shiftMinutes": 600.0
      },
      "runner_3": {
        "driveMinutes": 35.690563744321906,
        "utilizationPct": 5.948427290720318,
        "shiftMinutes": 600.0
      }
    }
  },
  "bevCartMetrics": null,
  "hasRunners": true,
  "hasBevCart": false
}