{
  "variantKey": "front_mid_back",
  "blockedHoles": [
    1,
    2,
    3,
    4,
    5,
    6,
    10,
    11,
    12
  ],
  "deliveryMetrics": {
    "totalOrders": 500.0,
    "successfulDeliveries": 492.0,
    "failedDeliveries": 0.0,
    "avgOrderTime": 19.71323694239079,
    "onTimePercentage": 84.79421768707483,
    "revenue": 15000.0,
    "ordersPerRunnerHour": 4.92,
    "lateOrders": 1,
    "runnerUtilizationPct": 26.331862708252192,
    "totalRunnerDriveMinutes": 473.9735287485394,
    "totalRunnerShiftMinutes": 1800.0,
    "runnerUtilizationByRunner": {
      "runner_1": {
        "driveMinutes": 184.42342780555828,
        "utilizationPct": 30.737237967593046,
        "shiftMinutes": 600.0
      },
      "runner_2": {
        "driveMinutes": 154.54801022439332,
        "utilizationPct": 25.758001704065553,
        "shiftMinutes": 600.0
      },
      "runner_3": {
        "driveMinutes": 135.00209071858802,
        "utilizationPct": 22.500348453098002,
        "shiftMinutes": 600.0
      }
    },
    "onTimeRate": 84.79421768707483,
    "queueWaitAvg": 0.0,
    "runCount": 10,
    "onTimeRateStdDev": 13.77664747132178
  },
  "bevCartMetrics": null,
  "hasRunners": true,
  "hasBevCart": false,
  "aggregationInfo": {
    "runCount": 10,
    "aggregatedAt": "\"2025-08-28T09:29:04.126552\"",
    "sourceRuns": [
      "run_01",
      "run_02",
      "run_03",
      "run_04",
      "run_05",
      "run_06",
      "run_07",
      "run_08",
      "run_09",
      "run_10"
    ]
  }
}