{
  "variantKey": "front_mid",
  "blockedHoles": [
    1,
    2,
    3,
    4,
    5,
    6
  ],
  "deliveryMetrics": {
    "totalOrders": 300.0,
    "successfulDeliveries": 292.0,
    "failedDeliveries": 0.0,
    "avgOrderTime": 18.93461916441314,
    "onTimePercentage": 88.98357963875205,
    "revenue": 9000.0,
    "ordersPerRunnerHour": 2.92,
    "lateOrders": 6,
    "runnerUtilizationPct": 26.790586487760386,
    "totalRunnerDriveMinutes": 321.48703785312466,
    "totalRunnerShiftMinutes": 1200.0,
    "runnerUtilizationByRunner": {
      "runner_1": {
        "driveMinutes": 187.3465571075296,
        "utilizationPct": 31.224426184588268,
        "shiftMinutes": 600.0
      },
      "runner_2": {
        "driveMinutes": 134.14048074559508,
        "utilizationPct": 22.35674679093251,
        "shiftMinutes": 600.0
      }
    },
    "onTimeRate": 88.98357963875205,
    "queueWaitAvg": 0.0,
    "runCount": 10,
    "onTimeRateStdDev": 7.442657842206571
  },
  "bevCartMetrics": null,
  "hasRunners": true,
  "hasBevCart": false,
  "aggregationInfo": {
    "runCount": 10,
    "aggregatedAt": "\"2025-08-28T09:28:55.533524\"",
    "sourceRuns": [
      "run_01",
      "run_02",
      "run_03",
      "run_04",
      "run_05",
      "run_06",
      "run_07",
      "run_08",
      "run_09",
      "run_10"
    ]
  }
}