{
  "variantKey": "none",
  "blockedHoles": [],
  "deliveryMetrics": {
    "totalOrders": 400.0,
    "successfulDeliveries": 398.0,
    "failedDeliveries": 0.0,
    "avgOrderTime": 20.816506301789964,
    "onTimePercentage": 87.15789473684211,
    "revenue": 12000.0,
    "ordersPerRunnerHour": 3.9799999999999995,
    "lateOrders": 3,
    "runnerUtilizationPct": 27.9987802530887,
    "totalRunnerDriveMinutes": 503.97804455559657,
    "totalRunnerShiftMinutes": 1800.0,
    "runnerUtilizationByRunner": {
      "runner_1": {
        "driveMinutes": 194.14678646633928,
        "utilizationPct": 32.357797744389885,
        "shiftMinutes": 600.0
      },
      "runner_2": {
        "driveMinutes": 176.23867959926457,
        "utilizationPct": 29.37311326654409,
        "shiftMinutes": 600.0
      },
      "runner_3": {
        "driveMinutes": 133.5925784899928,
        "utilizationPct": 22.26542974833213,
        "shiftMinutes": 600.0
      }
    },
    "onTimeRate": 87.15789473684211,
    "queueWaitAvg": 0.0,
    "runCount": 10,
    "onTimeRateStdDev": 7.762979480554645
  },
  "bevCartMetrics": null,
  "hasRunners": true,
  "hasBevCart": false,
  "aggregationInfo": {
    "runCount": 10,
    "aggregatedAt": "\"2025-08-28T09:29:04.026532\"",
    "sourceRuns": [
      "run_01",
      "run_02",
      "run_03",
      "run_04",
      "run_05",
      "run_06",
      "run_07",
      "run_08",
      "run_09",
      "run_10"
    ]
  }
}