{
  "variantKey": "front_back",
  "blockedHoles": [
    1,
    2,
    3,
    10,
    11,
    12
  ],
  "deliveryMetrics": {
    "totalOrders": 40,
    "successfulDeliveries": 40,
    "failedDeliveries": 0,
    "avgOrderTime": 12.667898027431024,
    "onTimePercentage": 100.0,
    "revenue": 1200.0,
    "ordersPerRunnerHour": 4.0,
    "lateOrders": 0,
    "runnerUtilizationPct": 19.17492145695518,
    "totalRunnerDriveMinutes": 345.14858622519324,
    "totalRunnerShiftMinutes": 1800.0,
    "runnerUtilizationByRunner": {
      "runner_1": {
        "driveMinutes": 139.62074594173038,
        "utilizationPct": 23.27012432362173,
        "shiftMinutes": 600.0
      },
      "runner_2": {
        "driveMinutes": 134.02970602017416,
        "utilizationPct": 22.338284336695693,
        "shiftMinutes": 600.0
      },
      "runner_3": {
        "driveMinutes": 71.49813426328882,
        "utilizationPct": 11.916355710548137,
        "shiftMinutes": 600.0
      }
    }
  },
  "bevCartMetrics": null,
  "hasRunners": true,
  "hasBevCart": false
}