{
  "variantKey": "back",
  "blockedHoles": [
    10,
    11,
    12
  ],
  "deliveryMetrics": {
    "totalOrders": 40,
    "successfulDeliveries": 40,
    "failedDeliveries": 0,
    "avgOrderTime": 21.050127240153937,
    "onTimePercentage": 87.5,
    "revenue": 1200.0,
    "ordersPerRunnerHour": 4.0,
    "lateOrders": 5,
    "runnerUtilizationPct": 26.079647835262705,
    "totalRunnerDriveMinutes": 469.4336610347287,
    "totalRunnerShiftMinutes": 1800.0,
    "runnerUtilizationByRunner": {
      "runner_1": {
        "driveMinutes": 168.2201867324552,
        "utilizationPct": 28.036697788742533,
        "shiftMinutes": 600.0
      },
      "runner_2": {
        "driveMinutes": 170.91457854124604,
        "utilizationPct": 28.485763090207673,
        "shiftMinutes": 600.0
      },
      "runner_3": {
        "driveMinutes": 130.29889576102775,
        "utilizationPct": 21.71648262683796,
        "shiftMinutes": 600.0
      }
    }
  },
  "bevCartMetrics": null,
  "hasRunners": true,
  "hasBevCart": false
}