{
  "variantKey": "front_mid_back",
  "blockedHoles": [
    1,
    2,
    3,
    4,
    5,
    6,
    10,
    11,
    12
  ],
  "deliveryMetrics": {
    "totalOrders": 50,
    "successfulDeliveries": 49,
    "failedDeliveries": 0,
    "avgOrderTime": 20.35895847705974,
    "onTimePercentage": 85.71428571428571,
    "revenue": 1500.0,
    "ordersPerRunnerHour": 4.9,
    "lateOrders": 7,
    "runnerUtilizationPct": 25.981132997075306,
    "totalRunnerDriveMinutes": 467.6603939473555,
    "totalRunnerShiftMinutes": 1800.0,
    "runnerUtilizationByRunner": {
      "runner_2": {
        "driveMinutes": 138.27777183346097,
        "utilizationPct": 23.046295305576827,
        "shiftMinutes": 600.0
      },
      "runner_1": {
        "driveMinutes": 186.67887227920434,
        "utilizationPct": 31.11314537986739,
        "shiftMinutes": 600.0
      },
      "runner_3": {
        "driveMinutes": 142.70374983469037,
        "utilizationPct": 23.783958305781727,
        "shiftMinutes": 600.0
      }
    }
  },
  "bevCartMetrics": null,
  "hasRunners": true,
  "hasBevCart": false
}