{
  "variantKey": "none",
  "blockedHoles": [],
  "deliveryMetrics": {
    "totalOrders": 30,
    "successfulDeliveries": 30,
    "failedDeliveries": 0,
    "avgOrderTime": 18.669007665441928,
    "onTimePercentage": 93.33333333333333,
    "revenue": 900.0,
    "ordersPerRunnerHour": 3.0,
    "lateOrders": 2,
    "runnerUtilizationPct": 20.431282617006385,
    "totalRunnerDriveMinutes": 367.76308710611494,
    "totalRunnerShiftMinutes": 1800.0,
    "runnerUtilizationByRunner": {
      "runner_2": {
        "driveMinutes": 115.4663393587526,
        "utilizationPct": 19.244389893125437,
        "shiftMinutes": 600.0
      },
      "runner_1": {
        "driveMinutes": 170.20837761698448,
        "utilizationPct": 28.36806293616408,
        "shiftMinutes": 600.0
      },
      "runner_3": {
        "driveMinutes": 82.08837013037791,
        "utilizationPct": 13.681395021729651,
        "shiftMinutes": 600.0
      }
    }
  },
  "bevCartMetrics": null,
  "hasRunners": true,
  "hasBevCart": false
}