{
  "variantKey": "none",
  "blockedHoles": [],
  "deliveryMetrics": {
    "totalOrders": 40,
    "successfulDeliveries": 39,
    "failedDeliveries": 0,
    "avgOrderTime": 18.866664020884347,
    "onTimePercentage": 89.74358974358975,
    "revenue": 1200.0,
    "ordersPerRunnerHour": 3.9,
    "lateOrders": 4,
    "runnerUtilizationPct": 24.75674029921767,
    "totalRunnerDriveMinutes": 445.6213253859181,
    "totalRunnerShiftMinutes": 1800.0,
    "runnerUtilizationByRunner": {
      "runner_1": {
        "driveMinutes": 180.32910200144943,
        "utilizationPct": 30.054850333574905,
        "shiftMinutes": 600.0
      },
      "runner_2": {
        "driveMinutes": 157.3546621313433,
        "utilizationPct": 26.22577702189055,
        "shiftMinutes": 600.0
      },
      "runner_3": {
        "driveMinutes": 107.93756125312532,
        "utilizationPct": 17.989593542187553,
        "shiftMinutes": 600.0
      }
    }
  },
  "bevCartMetrics": null,
  "hasRunners": true,
  "hasBevCart": false
}