{
  "simulation_id": "delivery_dynamic_09",
  "runner_id": "runner_1",
  "revenue_per_round": 19.565217391304348,
  "orders_per_runner_hour": 2.1356535495352977,
  "on_time_rate": 0.5333333333333333,
  "delivery_cycle_time_p90": 62.86820184124656,
  "delivery_cycle_time_avg": 33.51317454409279,
  "failed_rate": 0.4,
  "second_runner_break_even_orders": 7.023611111111111,
  "queue_wait_avg": 18.85333333333333,
  "runner_utilization_driving_pct": 41.16330948771693,
  "runner_utilization_prep_pct": 0.0,
  "runner_utilization_idle_pct": 58.83669051228307,
  "distance_per_delivery_avg": 1565.7066468151752,
  "zone_service_times": {
    "hole_9": 25.87940452215365,
    "hole_4": 20.380577978966844,
    "hole_-1": 29.6060635065615,
    "hole_18": 44.70989457179043,
    "hole_14": 64.1758350416981,
    "hole_6": 58.65344162023963,
    "hole_3": 20.822792476788404,
    "hole_7": 37.212726102331,
    "hole_11": 16.922772383380106,
    "hole_8": 22.506080401806077
  },
  "total_revenue": 450.0,
  "total_orders": 30,
  "successful_orders": 15,
  "failed_orders": 12,
  "total_rounds": 23,
  "active_runner_hours": 7.023611111111111
}