{
  "simulation_id": "delivery_dynamic_02",
  "runner_id": "2_runners",
  "revenue_per_round": 36.774193548387096,
  "orders_per_runner_hour": 5.313653136531365,
  "on_time_rate": 0.47368421052631576,
  "delivery_cycle_time_p90": 59.65955278392856,
  "delivery_cycle_time_avg": 35.79635068936682,
  "failed_rate": 0.2,
  "second_runner_break_even_orders": 7.1513888888888895,
  "queue_wait_avg": 22.610087719298246,
  "runner_utilization_driving_pct": 78.7130688357209,
  "runner_utilization_prep_pct": 0.0,
  "runner_utilization_idle_pct": 21.286931164279096,
  "distance_per_delivery_avg": 1070.584357943038,
  "zone_service_times": {
    "hole_15": 33.229574275511524,
    "hole_12": 17.87454258416689,
    "hole_9": 17.831676966601936,
    "hole_-1": 32.01373767835009,
    "hole_10": 43.27431108340003,
    "hole_18": 45.84803594078666,
    "hole_13": 40.69680360896655,
    "hole_16": 48.99839700993098,
    "hole_17": 35.23970544385362,
    "hole_11": 15.188192450109394
  },
  "total_revenue": 1140.0,
  "total_orders": 50,
  "successful_orders": 38,
  "failed_orders": 10,
  "total_rounds": 31,
  "active_runner_hours": 7.151388888888889
}