{
  "simulation_id": "delivery_dynamic_07",
  "runner_id": "2_runners",
  "revenue_per_round": 40.0,
  "orders_per_runner_hour": 4.93357775747495,
  "on_time_rate": 0.5555555555555556,
  "delivery_cycle_time_p90": 58.2501266893056,
  "delivery_cycle_time_avg": 33.997581713376455,
  "failed_rate": 0.075,
  "second_runner_break_even_orders": 7.296935767447016,
  "queue_wait_avg": 21.236868686868686,
  "runner_utilization_driving_pct": 76.67952076806944,
  "runner_utilization_prep_pct": 0.0,
  "runner_utilization_idle_pct": 23.320479231930562,
  "distance_per_delivery_avg": 1522.2319001389328,
  "zone_service_times": {
    "hole_16": 31.910681311608172,
    "hole_8": 14.539995419100402,
    "hole_14": 40.222946549026105,
    "hole_17": 24.463441426638656,
    "hole_15": 38.553860654335026,
    "hole_9": 21.697228578199127,
    "hole_11": 27.63839853007518,
    "hole_18": 42.548581374576436,
    "hole_12": 35.659974466201795
  },
  "total_revenue": 1080.0,
  "total_orders": 40,
  "successful_orders": 36,
  "failed_orders": 3,
  "total_rounds": 27,
  "active_runner_hours": 7.296935767447016
}