{
  "simulation_id": "delivery_dynamic_05",
  "runner_id": "2_runners",
  "revenue_per_round": 33.529411764705884,
  "orders_per_runner_hour": 5.306439100077579,
  "on_time_rate": 0.34210526315789475,
  "delivery_cycle_time_p90": 58.540505682610195,
  "delivery_cycle_time_avg": 37.804023128235464,
  "failed_rate": 0.2,
  "second_runner_break_even_orders": 7.1611111111111105,
  "queue_wait_avg": 23.792105263157897,
  "runner_utilization_driving_pct": 80.08988647159373,
  "runner_utilization_prep_pct": 0.0,
  "runner_utilization_idle_pct": 19.91011352840627,
  "distance_per_delivery_avg": 1348.0044026660632,
  "zone_service_times": {
    "hole_17": 36.70309144071897,
    "hole_6": 23.95661038634574,
    "hole_9": 37.602264808675336,
    "hole_13": 51.455254358642286,
    "hole_8": 39.402641856883626,
    "hole_18": 42.98692592926898,
    "hole_15": 36.32357805646675,
    "hole_12": 46.037198690743814,
    "hole_16": 42.73864488344479,
    "hole_10": 14.077796960914384,
    "hole_14": 34.09197445345817
  },
  "total_revenue": 1140.0,
  "total_orders": 50,
  "successful_orders": 38,
  "failed_orders": 10,
  "total_rounds": 34,
  "active_runner_hours": 7.161111111111111
}