{
  "simulation_id": "delivery_dynamic_02",
  "runner_id": "runner_1",
  "revenue_per_round": 23.0,
  "orders_per_runner_hour": 2.6575588648246984,
  "on_time_rate": 0.391304347826087,
  "delivery_cycle_time_p90": 57.23265670438118,
  "delivery_cycle_time_avg": 34.45628914540116,
  "failed_rate": 0.17857142857142858,
  "second_runner_break_even_orders": 10.818198753951759,
  "queue_wait_avg": 23.670833333333334,
  "runner_utilization_driving_pct": 30.677183143198235,
  "runner_utilization_prep_pct": 0.0,
  "runner_utilization_idle_pct": 69.32281685680177,
  "distance_per_delivery_avg": 1245.5425891610103,
  "zone_service_times": {
    "hole_15": 12.897382860167939,
    "hole_10": 30.483255768523183,
    "hole_16": 42.820563248404675,
    "hole_13": 49.85867587286808,
    "hole_18": 34.790175761823654,
    "hole_17": 29.921291844244518,
    "hole_11": 36.05749372072047,
    "hole_9": 18.678589329760023,
    "hole_14": 44.325291466587565,
    "hole_12": 38.965143999419524
  },
  "total_revenue": 575.0,
  "total_orders": 28,
  "successful_orders": 23,
  "failed_orders": 5,
  "total_rounds": 25,
  "active_runner_hours": 8.654559003161406
}