{
  "simulation_id": "delivery_dynamic_08",
  "runner_id": "3_runners",
  "revenue_per_round": 39.130434782608695,
  "orders_per_runner_hour": 4.1575658948439385,
  "on_time_rate": 1.0,
  "delivery_cycle_time_p90": 20.224032076273765,
  "delivery_cycle_time_avg": 14.717611233299815,
  "failed_rate": 0.0,
  "second_runner_break_even_orders": 7.215760557687109,
  "queue_wait_avg": 0.6520833333333333,
  "runner_utilization_driving_pct": 86.81883080653753,
  "runner_utilization_prep_pct": 0.0,
  "runner_utilization_idle_pct": 13.181169193462466,
  "distance_per_delivery_avg": 1409.837374388736,
  "zone_service_times": {
    "hole_8": 13.684301275600955,
    "hole_6": 18.31448133086526,
    "hole_15": 13.457683300718312,
    "hole_12": 16.760520288539798,
    "hole_7": 14.934681525522441,
    "hole_9": 12.672704748607975,
    "hole_-1": 10.364396839894834,
    "hole_4": 20.29220753810987,
    "hole_14": 14.869431012480376,
    "hole_18": 12.777139103788462,
    "hole_10": 14.636750399831568,
    "hole_11": 15.91171920497715,
    "hole_5": 21.59731460494307
  },
  "total_revenue": 900.0,
  "total_orders": 30,
  "successful_orders": 30,
  "failed_orders": 0,
  "total_rounds": 23,
  "active_runner_hours": 7.215760557687109
}