{
  "simulation_id": "delivery_dynamic_01",
  "runner_id": "3_runners",
  "revenue_per_round": 36.0,
  "orders_per_runner_hour": 4.349049744869574,
  "on_time_rate": 0.9666666666666667,
  "delivery_cycle_time_p90": 26.65334825256597,
  "delivery_cycle_time_avg": 16.519130203622737,
  "failed_rate": 0.0,
  "second_runner_break_even_orders": 6.898058601281804,
  "queue_wait_avg": 2.2214285714285715,
  "runner_utilization_driving_pct": 73.06923649022663,
  "runner_utilization_prep_pct": 0.0,
  "runner_utilization_idle_pct": 26.93076350977337,
  "distance_per_delivery_avg": 1493.7877484172416,
  "zone_service_times": {
    "hole_17": 20.697109380492176,
    "hole_8": 14.308406997512964,
    "hole_9": 12.673537386973658,
    "hole_18": 12.50773755303458,
    "hole_15": 17.78837962662322,
    "hole_-1": 19.033536982093615,
    "hole_16": 27.1200533348839,
    "hole_6": 18.680663393564675,
    "hole_10": 10.973483328859341,
    "hole_11": 13.284824161584826
  },
  "total_revenue": 900.0,
  "total_orders": 30,
  "successful_orders": 30,
  "failed_orders": 0,
  "total_rounds": 25,
  "active_runner_hours": 6.898058601281804
}