{
  "simulation_id": "delivery_dynamic_08",
  "runner_id": "3_runners",
  "revenue_per_round": 33.333333333333336,
  "orders_per_runner_hour": 4.10267060752014,
  "on_time_rate": 1.0,
  "delivery_cycle_time_p90": 18.534061775284343,
  "delivery_cycle_time_avg": 15.08720454784418,
  "failed_rate": 0.0,
  "second_runner_break_even_orders": 7.312310168164709,
  "queue_wait_avg": 0.37222222222222223,
  "runner_utilization_driving_pct": 66.64982535450888,
  "runner_utilization_prep_pct": 0.0,
  "runner_utilization_idle_pct": 33.35017464549112,
  "distance_per_delivery_avg": 1621.7540614089796,
  "zone_service_times": {
    "hole_17": 15.143636908624241,
    "hole_8": 15.109843612803687,
    "hole_18": 11.361985964590277,
    "hole_3": 16.949569228598275,
    "hole_-1": 20.8226286825251,
    "hole_16": 18.023254942575054,
    "hole_6": 18.546753559918095,
    "hole_15": 17.168246014590657,
    "hole_9": 12.343860157721702,
    "hole_4": 18.419835713580564,
    "hole_7": 17.31249070452856,
    "hole_11": 13.210669068764279
  },
  "total_revenue": 900.0,
  "total_orders": 30,
  "successful_orders": 30,
  "failed_orders": 0,
  "total_rounds": 27,
  "active_runner_hours": 7.312310168164709
}