{
  "variantKey": "front_mid_back",
  "blockedHoles": [
    1,
    2,
    3,
    4,
    5,
    6,
    10,
    11,
    12
  ],
  "deliveryMetrics": {
    "totalOrders": 20,
    "successfulDeliveries": 20,
    "failedDeliveries": 0,
    "avgOrderTime": 13.892024454491512,
    "onTimePercentage": 100.0,
    "revenue": 600.0,
    "ordersPerRunnerHour": 2.0,
    "lateOrders": 0,
    "runnerUtilizationPct": 10.05158801821808,
    "totalRunnerDriveMinutes": 180.92858432792545,
    "totalRunnerShiftMinutes": 1800.0,
    "runnerUtilizationByRunner": {
      "runner_1": {
        "driveMinutes": 109.28325970538631,
        "utilizationPct": 18.213876617564388,
        "shiftMinutes": 600.0
      },
      "runner_2": {
        "driveMinutes": 49.99866441701932,
        "utilizationPct": 8.333110736169887,
        "shiftMinutes": 600.0
      },
      "runner_3": {
        "driveMinutes": 21.646660205519858,
        "utilizationPct": 3.607776700919976,
        "shiftMinutes": 600.0
      }
    }
  },
  "bevCartMetrics": null,
  "hasRunners": true,
  "hasBevCart": false
}