{
  "simulation_id": "delivery_dynamic_07",
  "runner_id": "2_runners",
  "revenue_per_round": 26.842105263157894,
  "orders_per_runner_hour": 4.7469458987783595,
  "on_time_rate": 0.4117647058823529,
  "delivery_cycle_time_p90": 59.7890974270663,
  "delivery_cycle_time_avg": 37.56969559046483,
  "failed_rate": 0.26,
  "second_runner_break_even_orders": 7.1625,
  "queue_wait_avg": 24.715151515151515,
  "runner_utilization_driving_pct": 78.75190616462382,
  "runner_utilization_prep_pct": 0.0,
  "runner_utilization_idle_pct": 21.24809383537618,
  "distance_per_delivery_avg": 1203.370659572655,
  "zone_service_times": {
    "hole_17": 35.497430085748206,
    "hole_8": 27.62718162546159,
    "hole_18": 40.79907261203512,
    "hole_13": 34.11368607650875,
    "hole_12": 45.355588305531576,
    "hole_10": 55.67540819133374,
    "hole_11": 60.64233652301142,
    "hole_9": 38.942500667380344,
    "hole_14": 62.22434569088503,
    "hole_6": 23.251565887093722
  },
  "total_revenue": 1020.0,
  "total_orders": 50,
  "successful_orders": 34,
  "failed_orders": 13,
  "total_rounds": 38,
  "active_runner_hours": 7.1625
}