{
  "simulation_id": "delivery_dynamic_01",
  "runner_id": "2_runners",
  "revenue_per_round": 42.857142857142854,
  "orders_per_runner_hour": 5.630144385615914,
  "on_time_rate": 0.6,
  "delivery_cycle_time_p90": 38.72277861072348,
  "delivery_cycle_time_avg": 25.867521045685773,
  "failed_rate": 0.0,
  "second_runner_break_even_orders": 7.104613533925235,
  "queue_wait_avg": 12.747008547008546,
  "runner_utilization_driving_pct": 78.63119612643158,
  "runner_utilization_prep_pct": 0.0,
  "runner_utilization_idle_pct": 21.368803873568424,
  "distance_per_delivery_avg": 1155.56707135042,
  "zone_service_times": {
    "hole_18": 28.52769534039026,
    "hole_16": 21.55595190504835,
    "hole_15": 21.53255075484843,
    "hole_9": 15.914887735774029,
    "hole_17": 26.579515240547707,
    "hole_12": 40.643738421653566,
    "hole_11": 27.268169462554546,
    "hole_10": 26.76555431134976,
    "hole_13": 55.973267988128825
  },
  "total_revenue": 1200.0,
  "total_orders": 40,
  "successful_orders": 40,
  "failed_orders": 0,
  "total_rounds": 28,
  "active_runner_hours": 7.104613533925235
}