{
  "simulation_id": "delivery_dynamic_01",
  "runner_id": "3_runners",
  "revenue_per_round": 37.5,
  "orders_per_runner_hour": 2.7336220811652234,
  "on_time_rate": 1.0,
  "delivery_cycle_time_p90": 18.54282795621395,
  "delivery_cycle_time_avg": 14.830744660899406,
  "failed_rate": 0.0,
  "second_runner_break_even_orders": 7.31630028078895,
  "queue_wait_avg": 0.47291666666666665,
  "runner_utilization_driving_pct": 37.91287320662182,
  "runner_utilization_prep_pct": 0.0,
  "runner_utilization_idle_pct": 62.08712679337818,
  "distance_per_delivery_avg": 1496.0102060622014,
  "zone_service_times": {
    "hole_17": 15.796969609456733,
    "hole_18": 11.07690420083965,
    "hole_15": 17.184912681257327,
    "hole_10": 11.325408191333736,
    "hole_16": 18.509075573208612,
    "hole_9": 11.692448186775074
  },
  "total_revenue": 600.0,
  "total_orders": 20,
  "successful_orders": 20,
  "failed_orders": 0,
  "total_rounds": 16,
  "active_runner_hours": 7.31630028078895
}