{
  "simulation_id": "delivery_dynamic_03",
  "runner_id": "3_runners",
  "revenue_per_round": 35.294117647058826,
  "orders_per_runner_hour": 2.8610734811962284,
  "on_time_rate": 1.0,
  "delivery_cycle_time_p90": 20.96525541167226,
  "delivery_cycle_time_avg": 14.628426877873705,
  "failed_rate": 0.0,
  "second_runner_break_even_orders": 6.990383201076648,
  "queue_wait_avg": 0.5175,
  "runner_utilization_driving_pct": 48.55411192018776,
  "runner_utilization_prep_pct": 0.0,
  "runner_utilization_idle_pct": 51.44588807981224,
  "distance_per_delivery_avg": 1381.271430965566,
  "zone_service_times": {
    "hole_15": 16.745345589252413,
    "hole_14": 15.151604856157368,
    "hole_6": 18.1787558047805,
    "hole_-1": 10.577657988186123,
    "hole_18": 12.811390442977062,
    "hole_17": 14.110272572112747,
    "hole_16": 12.00333809378331,
    "hole_5": 21.200386582369173,
    "hole_8": 14.178263339115196
  },
  "total_revenue": 600.0,
  "total_orders": 20,
  "successful_orders": 20,
  "failed_orders": 0,
  "total_rounds": 17,
  "active_runner_hours": 6.990383201076648
}