{
  "simulation_id": "delivery_dynamic_04",
  "runner_id": "runner_1",
  "revenue_per_round": 15.483870967741936,
  "orders_per_runner_hour": 2.2780304528376507,
  "on_time_rate": 0.0625,
  "delivery_cycle_time_p90": 61.14039703806411,
  "delivery_cycle_time_avg": 48.11845291271706,
  "failed_rate": 0.54,
  "second_runner_break_even_orders": 7.023611111111111,
  "queue_wait_avg": 36.202083333333334,
  "runner_utilization_driving_pct": 20.270631132777016,
  "runner_utilization_prep_pct": 0.0,
  "runner_utilization_idle_pct": 79.72936886722299,
  "distance_per_delivery_avg": 643.9001786729373,
  "zone_service_times": {
    "hole_9": 12.276712437849195,
    "hole_12": 45.049272322872454,
    "hole_18": 50.51654137754476,
    "hole_15": 66.78876204401409
  },
  "total_revenue": 480.0,
  "total_orders": 50,
  "successful_orders": 16,
  "failed_orders": 27,
  "total_rounds": 31,
  "active_runner_hours": 7.023611111111111
}