{
  "simulation_id": "delivery_dynamic_06",
  "runner_id": "runner_1",
  "revenue_per_round": 17.307692307692307,
  "orders_per_runner_hour": 2.1048528551939194,
  "on_time_rate": 0.26666666666666666,
  "delivery_cycle_time_p90": 65.89540608932035,
  "delivery_cycle_time_avg": 40.558454248687724,
  "failed_rate": 0.55,
  "second_runner_break_even_orders": 7.126388888888889,
  "queue_wait_avg": 27.44,
  "runner_utilization_driving_pct": 36.27600399071897,
  "runner_utilization_prep_pct": 0.0,
  "runner_utilization_idle_pct": 63.72399600928103,
  "distance_per_delivery_avg": 1047.8006275590799,
  "zone_service_times": {
    "hole_12": 41.47784066895156,
    "hole_11": 37.23231961538479,
    "hole_15": 51.48694410071876,
    "hole_18": 57.346446374278884,
    "hole_-1": 41.02069675395678,
    "hole_6": 66.14149553642346,
    "hole_10": 27.50175346287027,
    "hole_16": 19.662993593269615
  },
  "total_revenue": 450.0,
  "total_orders": 40,
  "successful_orders": 15,
  "failed_orders": 22,
  "total_rounds": 26,
  "active_runner_hours": 7.126388888888889
}