{
  "simulation_id": "delivery_dynamic_07",
  "runner_id": "2_runners",
  "revenue_per_round": 31.57894736842105,
  "orders_per_runner_hour": 2.768318995998003,
  "on_time_rate": 1.0,
  "delivery_cycle_time_p90": 14.842279857727195,
  "delivery_cycle_time_avg": 13.020728120031212,
  "failed_rate": 0.0,
  "second_runner_break_even_orders": 7.224600932519999,
  "queue_wait_avg": 0.4791666666666667,
  "runner_utilization_driving_pct": 29.086088455479747,
  "runner_utilization_prep_pct": 0.0,
  "runner_utilization_idle_pct": 70.91391154452026,
  "distance_per_delivery_avg": 1898.924246422465,
  "zone_service_times": {
    "hole_15": 13.424739994034443,
    "hole_13": 16.937261349748677,
    "hole_11": 11.750505525307624,
    "hole_16": 13.316474025178529,
    "hole_17": 13.007544486446568,
    "hole_9": 11.099766157323726,
    "hole_14": 13.254599578472881,
    "hole_-1": 14.847486072989522,
    "hole_10": 11.002971418099696,
    "hole_8": 12.443322479543532,
    "hole_4": 14.795423920366254
  },
  "total_revenue": 600.0,
  "total_orders": 20,
  "successful_orders": 20,
  "failed_orders": 0,
  "total_rounds": 19,
  "active_runner_hours": 7.224600932519999
}