{
  "simulation_id": "delivery_dynamic_05",
  "runner_id": "3_runners",
  "revenue_per_round": 38.68421052631579,
  "orders_per_runner_hour": 6.6743591276778025,
  "on_time_rate": 0.7551020408163265,
  "delivery_cycle_time_p90": 46.35668157318002,
  "delivery_cycle_time_avg": 24.573170867263954,
  "failed_rate": 0.02,
  "second_runner_break_even_orders": 7.341528836349638,
  "queue_wait_avg": 10.958510638297872,
  "runner_utilization_driving_pct": 100.0,
  "runner_utilization_prep_pct": 0.0,
  "runner_utilization_idle_pct": 0.0,
  "distance_per_delivery_avg": 1364.8139828292599,
  "zone_service_times": {
    "hole_7": 17.627310446304016,
    "hole_15": 17.170115140719062,
    "hole_17": 21.20892592159824,
    "hole_-1": 26.053679969855857,
    "hole_6": 24.973956425251405,
    "hole_18": 27.559607423111476,
    "hole_16": 20.05770494671985,
    "hole_9": 18.16591397446683,
    "hole_10": 29.74593452891948,
    "hole_8": 29.768284572828996,
    "hole_12": 52.21116595916507,
    "hole_13": 63.87957774444809,
    "hole_14": 20.58872159945628,
    "hole_5": 21.0267087416727
  },
  "total_revenue": 1470.0,
  "total_orders": 50,
  "successful_orders": 49,
  "failed_orders": 1,
  "total_rounds": 38,
  "active_runner_hours": 7.341528836349638
}