{
  "simulation_id": "delivery_dynamic_05",
  "runner_id": "runner_1",
  "revenue_per_round": 18.51851851851852,
  "orders_per_runner_hour": 2.231422541869081,
  "on_time_rate": 0.25,
  "delivery_cycle_time_p90": 61.873507054143225,
  "delivery_cycle_time_avg": 43.72641112842093,
  "failed_rate": 0.375,
  "second_runner_break_even_orders": 11.203615420618425,
  "queue_wait_avg": 32.532407407407405,
  "runner_utilization_driving_pct": 23.5994218517383,
  "runner_utilization_prep_pct": 0.0,
  "runner_utilization_idle_pct": 76.4005781482617,
  "distance_per_delivery_avg": 1430.2338189001719,
  "zone_service_times": {
    "hole_14": 37.93640257769867,
    "hole_18": 42.677907243305135,
    "hole_12": 49.67347733275285,
    "hole_15": 61.98071619350127,
    "hole_11": 51.80749372072047
  },
  "total_revenue": 500.0,
  "total_orders": 32,
  "successful_orders": 20,
  "failed_orders": 12,
  "total_rounds": 27,
  "active_runner_hours": 8.96289233649474
}