{
  "simulation_id": "delivery_dynamic_02",
  "runner_id": "3_runners",
  "revenue_per_round": 36.0,
  "orders_per_runner_hour": 4.1861337809537185,
  "on_time_rate": 1.0,
  "delivery_cycle_time_p90": 18.865720868958377,
  "delivery_cycle_time_avg": 15.181546991915079,
  "failed_rate": 0.0,
  "second_runner_break_even_orders": 7.166517261463429,
  "queue_wait_avg": 0.834090909090909,
  "runner_utilization_driving_pct": 78.67300894001454,
  "runner_utilization_prep_pct": 0.0,
  "runner_utilization_idle_pct": 21.32699105998546,
  "distance_per_delivery_avg": 1535.4797892834674,
  "zone_service_times": {
    "hole_13": 17.418027205114534,
    "hole_16": 17.456274013824896,
    "hole_10": 12.83540646143935,
    "hole_4": 22.627904864352363,
    "hole_17": 15.766731452831836,
    "hole_2": 14.670782950889953,
    "hole_8": 13.949522563540237,
    "hole_18": 11.37963713324526,
    "hole_11": 13.441374192833427,
    "hole_9": 12.405587288237054,
    "hole_14": 16.644404310147124
  },
  "total_revenue": 900.0,
  "total_orders": 30,
  "successful_orders": 30,
  "failed_orders": 0,
  "total_rounds": 25,
  "active_runner_hours": 7.16651726146343
}