{
  "simulation_id": "delivery_dynamic_02",
  "runner_id": "2_runners",
  "revenue_per_round": 33.87096774193548,
  "orders_per_runner_hour": 4.7915702352334115,
  "on_time_rate": 0.5142857142857142,
  "delivery_cycle_time_p90": 57.12658858720596,
  "delivery_cycle_time_avg": 32.76270232667648,
  "failed_rate": 0.1,
  "second_runner_break_even_orders": 7.3044948277367885,
  "queue_wait_avg": 18.59950980392157,
  "runner_utilization_driving_pct": 82.8532705942048,
  "runner_utilization_prep_pct": 0.0,
  "runner_utilization_idle_pct": 17.1467294057952,
  "distance_per_delivery_avg": 1577.3879817632965,
  "zone_service_times": {
    "hole_17": 17.399163679145225,
    "hole_2": 13.916932574614748,
    "hole_16": 18.006588275908385,
    "hole_7": 17.295824037861895,
    "hole_18": 35.010852955828966,
    "hole_9": 23.327674544260844,
    "hole_6": 44.818275114709664,
    "hole_10": 36.71257404670841,
    "hole_15": 33.40586585362218,
    "hole_3": 39.314850908387115,
    "hole_11": 37.157675572557714,
    "hole_14": 64.57434569088504,
    "hole_8": 31.587818420472285,
    "hole_12": 14.786236398474527
  },
  "total_revenue": 1050.0,
  "total_orders": 40,
  "successful_orders": 35,
  "failed_orders": 4,
  "total_rounds": 31,
  "active_runner_hours": 7.3044948277367885
}