{
  "simulation_id": "delivery_dynamic_07",
  "runner_id": "runner_1",
  "revenue_per_round": 30.0,
  "orders_per_runner_hour": 3.264340626848019,
  "on_time_rate": 0.391304347826087,
  "delivery_cycle_time_p90": 57.746335845037926,
  "delivery_cycle_time_avg": 34.176570127049104,
  "failed_rate": 0.16666666666666666,
  "second_runner_break_even_orders": 7.045833333333333,
  "queue_wait_avg": 22.360144927536233,
  "runner_utilization_driving_pct": 32.9738207469766,
  "runner_utilization_prep_pct": 0.0,
  "runner_utilization_idle_pct": 67.0261792530234,
  "distance_per_delivery_avg": 610.3188670363265,
  "zone_service_times": {
    "hole_10": 20.23843269631428,
    "hole_18": 38.75127519416912,
    "hole_17": 31.156084221776503,
    "hole_12": 39.02268968985809,
    "hole_14": 58.712033454951175,
    "hole_9": 15.262932614428367,
    "hole_11": 23.13470655309866
  },
  "total_revenue": 690.0,
  "total_orders": 30,
  "successful_orders": 23,
  "failed_orders": 5,
  "total_rounds": 23,
  "active_runner_hours": 7.045833333333333
}