{
  "variantKey": "front_mid_back",
  "blockedHoles": [
    1,
    2,
    3,
    4,
    5,
    6,
    10,
    11,
    12
  ],
  "deliveryMetrics": {
    "totalOrders": 50,
    "successfulDeliveries": 50,
    "failedDeliveries": 0,
    "avgOrderTime": 15.720453466698753,
    "onTimePercentage": 100.0,
    "revenue": 1500.0,
    "ordersPerRunnerHour": 5.0,
    "lateOrders": 0,
    "runnerUtilizationPct": 21.62520142866055,
    "totalRunnerDriveMinutes": 389.2536257158899,
    "totalRunnerShiftMinutes": 1800.0,
    "runnerUtilizationByRunner": {
      "runner_1": {
        "driveMinutes": 146.7890612716796,
        "utilizationPct": 24.464843545279933,
        "shiftMinutes": 600.0
      },
      "runner_2": {
        "driveMinutes": 136.30145150398323,
        "utilizationPct": 22.716908583997206,
        "shiftMinutes": 600.0
      },
      "runner_3": {
        "driveMinutes": 106.1631129402273,
        "utilizationPct": 17.693852156704548,
        "shiftMinutes": 600.0
      }
    }
  },
  "bevCartMetrics": null,
  "hasRunners": true,
  "hasBevCart": false
}