{
  "simulation_id": "delivery_dynamic_09",
  "runner_id": "3_runners",
  "revenue_per_round": 41.142857142857146,
  "orders_per_runner_hour": 6.614799911206296,
  "on_time_rate": 0.5416666666666666,
  "delivery_cycle_time_p90": 52.95715976802802,
  "delivery_cycle_time_avg": 30.80350154191861,
  "failed_rate": 0.04,
  "second_runner_break_even_orders": 7.256455319031193,
  "queue_wait_avg": 16.47659574468085,
  "runner_utilization_driving_pct": 100.0,
  "runner_utilization_prep_pct": 0.0,
  "runner_utilization_idle_pct": 0.0,
  "distance_per_delivery_avg": 1569.1765180846521,
  "zone_service_times": {
    "hole_17": 35.18189891798991,
    "hole_15": 17.486747762040523,
    "hole_14": 15.833580126863612,
    "hole_16": 20.09586601625127,
    "hole_6": 36.56409107362916,
    "hole_-1": 33.697730173228166,
    "hole_7": 33.148146031025036,
    "hole_9": 29.747333168139143,
    "hole_18": 27.299955618435007,
    "hole_11": 43.21715892162186,
    "hole_5": 51.37492771653755,
    "hole_4": 27.101138382341347,
    "hole_8": 13.392039683646484,
    "hole_13": 15.112911077781368,
    "hole_10": 17.412110089669174
  },
  "total_revenue": 1440.0,
  "total_orders": 50,
  "successful_orders": 48,
  "failed_orders": 2,
  "total_rounds": 35,
  "active_runner_hours": 7.256455319031194
}