{
  "variantKey": "back",
  "blockedHoles": [
    10,
    11,
    12
  ],
  "deliveryMetrics": {
    "totalOrders": 50,
    "successfulDeliveries": 48,
    "failedDeliveries": 2,
    "avgOrderTime": 30.803501541918607,
    "onTimePercentage": 54.166666666666664,
    "revenue": 1440.0,
    "ordersPerRunnerHour": 4.8,
    "lateOrders": 22,
    "runnerUtilizationPct": 30.773887709666564,
    "totalRunnerDriveMinutes": 553.9299787739982,
    "totalRunnerShiftMinutes": 1800.0,
    "runnerUtilizationByRunner": {
      "runner_2": {
        "driveMinutes": 188.10585621339615,
        "utilizationPct": 31.350976035566024,
        "shiftMinutes": 600.0
      },
      "runner_1": {
        "driveMinutes": 195.10052940826785,
        "utilizationPct": 32.51675490137798,
        "shiftMinutes": 600.0
      },
      "runner_3": {
        "driveMinutes": 170.72359315233408,
        "utilizationPct": 28.45393219205568,
        "shiftMinutes": 600.0
      }
    }
  },
  "bevCartMetrics": null,
  "hasRunners": true,
  "hasBevCart": false
}