{
  "simulation_id": "delivery_dynamic_03",
  "runner_id": "2_runners",
  "revenue_per_round": 35.294117647058826,
  "orders_per_runner_hour": 2.784425794313142,
  "on_time_rate": 1.0,
  "delivery_cycle_time_p90": 21.612094393413752,
  "delivery_cycle_time_avg": 13.754953884758208,
  "failed_rate": 0.0,
  "second_runner_break_even_orders": 7.18280948296328,
  "queue_wait_avg": 1.6666666666666667,
  "runner_utilization_driving_pct": 25.160166850609443,
  "runner_utilization_prep_pct": 0.0,
  "runner_utilization_idle_pct": 74.83983314939056,
  "distance_per_delivery_avg": 1803.5667970259128,
  "zone_service_times": {
    "hole_7": 13.482944898388633,
    "hole_8": 12.11745095189799,
    "hole_15": 19.552184991719542,
    "hole_-1": 16.99563502818801,
    "hole_17": 12.420674987780451,
    "hole_10": 10.993976605078327,
    "hole_2": 11.718564046249716,
    "hole_9": 11.175787103701897,
    "hole_16": 17.553814430618512,
    "hole_1": 11.24473113990295,
    "hole_4": 14.673414341352812,
    "hole_18": 11.115643931397669
  },
  "total_revenue": 600.0,
  "total_orders": 20,
  "successful_orders": 20,
  "failed_orders": 0,
  "total_rounds": 17,
  "active_runner_hours": 7.18280948296328
}