{
  "simulation_id": "delivery_dynamic_01",
  "runner_id": "3_runners",
  "revenue_per_round": 37.5,
  "orders_per_runner_hour": 4.21539602863943,
  "on_time_rate": 0.9666666666666667,
  "delivery_cycle_time_p90": 24.84017593447313,
  "delivery_cycle_time_avg": 16.932163057847504,
  "failed_rate": 0.0,
  "second_runner_break_even_orders": 7.1167690523452105,
  "queue_wait_avg": 2.078666666666667,
  "runner_utilization_driving_pct": 87.27389470193634,
  "runner_utilization_prep_pct": 0.0,
  "runner_utilization_idle_pct": 12.726105298063658,
  "distance_per_delivery_avg": 1747.180120770094,
  "zone_service_times": {
    "hole_9": 15.197556192210802,
    "hole_18": 13.357828442071726,
    "hole_7": 17.408792969900706,
    "hole_8": 13.3542977707315,
    "hole_15": 15.565125104145228,
    "hole_2": 22.85993691391644,
    "hole_-1": 12.782045404002359,
    "hole_14": 17.614291190416225,
    "hole_5": 25.653003782856164,
    "hole_17": 25.0024055859707,
    "hole_4": 22.338178998130086,
    "hole_16": 11.779660259936282,
    "hole_13": 15.09624441111476,
    "hole_6": 19.26845793194837
  },
  "total_revenue": 900.0,
  "total_orders": 30,
  "successful_orders": 30,
  "failed_orders": 0,
  "total_rounds": 24,
  "active_runner_hours": 7.116769052345211
}