{
  "simulation_id": "delivery_dynamic_01",
  "runner_id": "2_runners",
  "revenue_per_round": 37.5,
  "orders_per_runner_hour": 2.751995640825439,
  "on_time_rate": 1.0,
  "delivery_cycle_time_p90": 20.479982277990572,
  "delivery_cycle_time_avg": 15.08252126460299,
  "failed_rate": 0.0,
  "second_runner_break_even_orders": 7.2674533721285846,
  "queue_wait_avg": 0.39999999999999997,
  "runner_utilization_driving_pct": 51.14844826028514,
  "runner_utilization_prep_pct": 0.0,
  "runner_utilization_idle_pct": 48.85155173971486,
  "distance_per_delivery_avg": 1606.9271449066032,
  "zone_service_times": {
    "hole_14": 14.735648612279238,
    "hole_12": 17.444394928256344,
    "hole_6": 20.346430401898456,
    "hole_18": 12.231814308761427,
    "hole_7": 16.02595490149785,
    "hole_-1": 10.392174617672612,
    "hole_13": 17.92157442650641,
    "hole_8": 13.218361622619886,
    "hole_5": 21.3903032844888,
    "hole_10": 13.13455492008737,
    "hole_15": 14.229147460467964,
    "hole_4": 20.49482137533414
  },
  "total_revenue": 600.0,
  "total_orders": 20,
  "successful_orders": 20,
  "failed_orders": 0,
  "total_rounds": 16,
  "active_runner_hours": 7.2674533721285846
}