{
  "simulation_id": "delivery_dynamic_05",
  "runner_id": "3_runners",
  "revenue_per_round": 35.294117647058826,
  "orders_per_runner_hour": 2.8515485052082257,
  "on_time_rate": 1.0,
  "delivery_cycle_time_p90": 20.588496382517544,
  "delivery_cycle_time_avg": 16.996521032400985,
  "failed_rate": 0.0,
  "second_runner_break_even_orders": 7.013733051873709,
  "queue_wait_avg": 0.6202380952380953,
  "runner_utilization_driving_pct": 59.76018303253351,
  "runner_utilization_prep_pct": 0.0,
  "runner_utilization_idle_pct": 40.23981696746649,
  "distance_per_delivery_avg": 2204.9510668867315,
  "zone_service_times": {
    "hole_10": 11.141112401692892,
    "hole_18": 12.463293032582785,
    "hole_15": 17.641573864096458,
    "hole_-1": 21.78434961352848,
    "hole_7": 17.11152830626118,
    "hole_2": 14.604116284223286,
    "hole_3": 17.22863026138354,
    "hole_4": 20.013750211780703,
    "hole_17": 16.337595328099756,
    "hole_6": 18.41255302874582,
    "hole_8": 14.405699306256913
  },
  "total_revenue": 600.0,
  "total_orders": 20,
  "successful_orders": 20,
  "failed_orders": 0,
  "total_rounds": 17,
  "active_runner_hours": 7.013733051873708
}