{
  "simulation_id": "delivery_dynamic_03",
  "runner_id": "2_runners",
  "revenue_per_round": 31.57894736842105,
  "orders_per_runner_hour": 2.8783873354220537,
  "on_time_rate": 1.0,
  "delivery_cycle_time_p90": 25.71226024718327,
  "delivery_cycle_time_avg": 14.986804828670191,
  "failed_rate": 0.0,
  "second_runner_break_even_orders": 6.948335185426817,
  "queue_wait_avg": 1.6979166666666667,
  "runner_utilization_driving_pct": 48.81788357158735,
  "runner_utilization_prep_pct": 0.0,
  "runner_utilization_idle_pct": 51.18211642841265,
  "distance_per_delivery_avg": 1219.166422433185,
  "zone_service_times": {
    "hole_10": 18.44637897806254,
    "hole_15": 13.205418715325969,
    "hole_8": 13.594642394053517,
    "hole_6": 18.736951965165254,
    "hole_9": 12.735775874951257,
    "hole_17": 14.5024055859707,
    "hole_18": 12.942349105118936,
    "hole_14": 15.293716022902238,
    "hole_-1": 15.777310085278845,
    "hole_13": 15.365942608474022
  },
  "total_revenue": 600.0,
  "total_orders": 20,
  "successful_orders": 20,
  "failed_orders": 0,
  "total_rounds": 19,
  "active_runner_hours": 6.948335185426818
}