{
  "simulation_id": "delivery_dynamic_07",
  "runner_id": "3_runners",
  "revenue_per_round": 42.0,
  "orders_per_runner_hour": 6.619486624635633,
  "on_time_rate": 0.9183673469387755,
  "delivery_cycle_time_p90": 29.416087341741395,
  "delivery_cycle_time_avg": 19.454651155694542,
  "failed_rate": 0.0,
  "second_runner_break_even_orders": 7.402386737611572,
  "queue_wait_avg": 5.288636363636364,
  "runner_utilization_driving_pct": 100.0,
  "runner_utilization_prep_pct": 0.0,
  "runner_utilization_idle_pct": 0.0,
  "distance_per_delivery_avg": 1581.1056454562217,
  "zone_service_times": {
    "hole_9": 17.8145822753468,
    "hole_-1": 15.381553297847777,
    "hole_4": 23.812029698892204,
    "hole_17": 14.519500184579677,
    "hole_16": 16.20944597735267,
    "hole_2": 25.118112172293554,
    "hole_3": 29.44647033542757,
    "hole_18": 20.287712646514954,
    "hole_14": 20.22800267603909,
    "hole_15": 19.135946870181005,
    "hole_5": 22.883031619377334,
    "hole_11": 29.951718225189417,
    "hole_10": 11.474670482304282,
    "hole_8": 13.235028289286614
  },
  "total_revenue": 1470.0,
  "total_orders": 50,
  "successful_orders": 49,
  "failed_orders": 0,
  "total_rounds": 35,
  "active_runner_hours": 7.402386737611572
}