{
  "variantKey": "mid_back",
  "blockedHoles": [
    4,
    5,
    6,
    10,
    11,
    12
  ],
  "deliveryMetrics": {
    "totalOrders": 50,
    "successfulDeliveries": 49,
    "failedDeliveries": 0,
    "avgOrderTime": 19.454651155694542,
    "onTimePercentage": 91.83673469387756,
    "revenue": 1500.0,
    "ordersPerRunnerHour": 4.9,
    "lateOrders": 4,
    "runnerUtilizationPct": 30.40247629420551,
    "totalRunnerDriveMinutes": 547.2445732956992,
    "totalRunnerShiftMinutes": 1800.0,
    "runnerUtilizationByRunner": {
      "runner_1": {
        "driveMinutes": 208.14791774148932,
        "utilizationPct": 34.69131962358155,
        "shiftMinutes": 600.0
      },
      "runner_3": {
        "driveMinutes": 151.12234057458662,
        "utilizationPct": 25.187056762431105,
        "shiftMinutes": 600.0
      },
      "runner_2": {
        "driveMinutes": 187.97431497962336,
        "utilizationPct": 31.329052496603893,
        "shiftMinutes": 600.0
      }
    }
  },
  "bevCartMetrics": null,
  "hasRunners": true,
  "hasBevCart": false
}