{
  "simulation_id": "delivery_dynamic_08",
  "runner_id": "3_runners",
  "revenue_per_round": 33.333333333333336,
  "orders_per_runner_hour": 2.710501147441573,
  "on_time_rate": 1.0,
  "delivery_cycle_time_p90": 23.163760006248076,
  "delivery_cycle_time_avg": 16.671897136234175,
  "failed_rate": 0.0,
  "second_runner_break_even_orders": 7.378709291039367,
  "queue_wait_avg": 0.6518518518518519,
  "runner_utilization_driving_pct": 57.33782077634212,
  "runner_utilization_prep_pct": 0.0,
  "runner_utilization_idle_pct": 42.66217922365788,
  "distance_per_delivery_avg": 2044.6374377746845,
  "zone_service_times": {
    "hole_9": 13.264549369055626,
    "hole_15": 12.70639140775517,
    "hole_5": 21.314918012669388,
    "hole_2": 22.614284467506877,
    "hole_-1": 10.555782874586658,
    "hole_7": 20.703165029842076,
    "hole_18": 12.233308079675751,
    "hole_3": 21.220148194066738,
    "hole_10": 11.483003749085704,
    "hole_6": 19.498614017827336,
    "hole_14": 14.72268256193068
  },
  "total_revenue": 600.0,
  "total_orders": 20,
  "successful_orders": 20,
  "failed_orders": 0,
  "total_rounds": 18,
  "active_runner_hours": 7.378709291039367
}