{
  "variantKey": "back",
  "blockedHoles": [
    10,
    11,
    12
  ],
  "deliveryMetrics": {
    "totalOrders": 20,
    "successfulDeliveries": 20,
    "failedDeliveries": 0,
    "avgOrderTime": 16.671897136234175,
    "onTimePercentage": 100.0,
    "revenue": 600.0,
    "ordersPerRunnerHour": 2.0,
    "lateOrders": 0,
    "runnerUtilizationPct": 14.102637029678183,
    "totalRunnerDriveMinutes": 253.8474665342073,
    "totalRunnerShiftMinutes": 1800.0,
    "runnerUtilizationByRunner": {
      "runner_1": {
        "driveMinutes": 140.63753864132482,
        "utilizationPct": 23.439589773554136,
        "shiftMinutes": 600.0
      },
      "runner_3": {
        "driveMinutes": 27.861294093737094,
        "utilizationPct": 4.643549015622849,
        "shiftMinutes": 600.0
      },
      "runner_2": {
        "driveMinutes": 85.34863379914542,
        "utilizationPct": 14.22477229985757,
        "shiftMinutes": 600.0
      }
    }
  },
  "bevCartMetrics": null,
  "hasRunners": true,
  "hasBevCart": false
}