{
  "simulation_id": "delivery_dynamic_02",
  "runner_id": "runner_1",
  "revenue_per_round": 14.482758620689655,
  "orders_per_runner_hour": 1.9652953792162215,
  "on_time_rate": 0.07142857142857142,
  "delivery_cycle_time_p90": 63.68188790551663,
  "delivery_cycle_time_avg": 49.94136636264581,
  "failed_rate": 0.5,
  "second_runner_break_even_orders": 7.123611111111111,
  "queue_wait_avg": 36.58452380952381,
  "runner_utilization_driving_pct": 35.784326776234494,
  "runner_utilization_prep_pct": 0.0,
  "runner_utilization_idle_pct": 64.2156732237655,
  "distance_per_delivery_avg": 1127.8990978489915,
  "zone_service_times": {
    "hole_14": 39.60753413957771,
    "hole_15": 32.64673590861955,
    "hole_9": 49.52457652545775,
    "hole_17": 58.03133907904173,
    "hole_-1": 51.656063506561495,
    "hole_11": 55.663577803069344,
    "hole_10": 58.30668157318002,
    "hole_8": 36.31832024758308,
    "hole_12": 62.94120924024258
  },
  "total_revenue": 420.0,
  "total_orders": 40,
  "successful_orders": 14,
  "failed_orders": 20,
  "total_rounds": 29,
  "active_runner_hours": 7.123611111111111
}