{
  "simulation_id": "delivery_dynamic_03",
  "runner_id": "runner_1",
  "revenue_per_round": 22.5,
  "orders_per_runner_hour": 2.5632911392405062,
  "on_time_rate": 0.3888888888888889,
  "delivery_cycle_time_p90": 58.67612724642802,
  "delivery_cycle_time_avg": 36.24566369995989,
  "failed_rate": 0.3,
  "second_runner_break_even_orders": 7.022222222222222,
  "queue_wait_avg": 24.05294117647059,
  "runner_utilization_driving_pct": 42.76628479413244,
  "runner_utilization_prep_pct": 0.0,
  "runner_utilization_idle_pct": 57.23371520586756,
  "distance_per_delivery_avg": 1185.743003186523,
  "zone_service_times": {
    "hole_15": 35.71860542333388,
    "hole_8": 22.639413735139474,
    "hole_14": 52.110844055048254,
    "hole_-1": 41.47273017322817,
    "hole_18": 30.510472707196094,
    "hole_12": 42.58470323632068,
    "hole_16": 29.24103827102517,
    "hole_17": 34.464705443853624,
    "hole_9": 23.81587155115376,
    "hole_10": 35.34702619704355
  },
  "total_revenue": 540.0,
  "total_orders": 30,
  "successful_orders": 18,
  "failed_orders": 9,
  "total_rounds": 24,
  "active_runner_hours": 7.022222222222222
}