{
  "simulation_id": "delivery_dynamic_06",
  "runner_id": "runner_1",
  "revenue_per_round": 12.162162162162161,
  "orders_per_runner_hour": 2.136498516320475,
  "on_time_rate": 0.2,
  "delivery_cycle_time_p90": 59.26143819698579,
  "delivery_cycle_time_avg": 40.3917292394499,
  "failed_rate": 0.54,
  "second_runner_break_even_orders": 7.020833333333332,
  "queue_wait_avg": 29.395238095238096,
  "runner_utilization_driving_pct": 30.591433776195775,
  "runner_utilization_prep_pct": 0.0,
  "runner_utilization_idle_pct": 69.40856622380423,
  "distance_per_delivery_avg": 993.2743577885005,
  "zone_service_times": {
    "hole_13": 15.295770534160722,
    "hole_15": 37.38794167963745,
    "hole_12": 45.184851643204304,
    "hole_10": 58.95946576837978,
    "hole_-1": 51.49217461767261,
    "hole_18": 40.94292574943926,
    "hole_16": 26.11121053256702,
    "hole_9": 36.94739347705484
  },
  "total_revenue": 450.0,
  "total_orders": 50,
  "successful_orders": 15,
  "failed_orders": 27,
  "total_rounds": 37,
  "active_runner_hours": 7.020833333333333
}