{
  "simulation_id": "delivery_dynamic_04",
  "runner_id": "3_runners",
  "revenue_per_round": 35.294117647058826,
  "orders_per_runner_hour": 2.876937934316723,
  "on_time_rate": 1.0,
  "delivery_cycle_time_p90": 19.8393097930825,
  "delivery_cycle_time_avg": 15.57392674904469,
  "failed_rate": 0.0,
  "second_runner_break_even_orders": 6.9518357561474575,
  "queue_wait_avg": 0.04479166666666667,
  "runner_utilization_driving_pct": 54.81022547874108,
  "runner_utilization_prep_pct": 0.0,
  "runner_utilization_idle_pct": 45.18977452125892,
  "distance_per_delivery_avg": 1860.7993876790165,
  "zone_service_times": {
    "hole_4": 19.179052270144453,
    "hole_17": 14.63594507084402,
    "hole_8": 15.205847082175705,
    "hole_-1": 20.45782304803294,
    "hole_11": 13.21066906876434,
    "hole_14": 17.71152888936825,
    "hole_6": 18.94867849045016,
    "hole_13": 17.85660132146216,
    "hole_16": 17.288644883444736,
    "hole_15": 17.955428710680703,
    "hole_12": 15.355790456634471,
    "hole_18": 11.059996775344068
  },
  "total_revenue": 600.0,
  "total_orders": 20,
  "successful_orders": 20,
  "failed_orders": 0,
  "total_rounds": 17,
  "active_runner_hours": 6.9518357561474575
}