{
  "simulation_id": "delivery_dynamic_03",
  "runner_id": "runner_1",
  "revenue_per_round": 11.470588235294118,
  "orders_per_runner_hour": 1.7886489585323906,
  "on_time_rate": 0.07692307692307693,
  "delivery_cycle_time_p90": 62.81549745117407,
  "delivery_cycle_time_avg": 48.00058107408678,
  "failed_rate": 0.62,
  "second_runner_break_even_orders": 7.268055555555556,
  "queue_wait_avg": 33.96153846153846,
  "runner_utilization_driving_pct": 30.604227383644368,
  "runner_utilization_prep_pct": 0.0,
  "runner_utilization_idle_pct": 69.39577261635563,
  "distance_per_delivery_avg": 1357.1183178162355,
  "zone_service_times": {
    "hole_10": 11.945881612315224,
    "hole_6": 32.26127474595293,
    "hole_9": 51.5100457711825,
    "hole_12": 52.26223481819163,
    "hole_17": 57.44120922412348,
    "hole_15": 51.66632076072237,
    "hole_18": 48.81856234001009,
    "hole_14": 63.678195556034915
  },
  "total_revenue": 390.0,
  "total_orders": 50,
  "successful_orders": 13,
  "failed_orders": 31,
  "total_rounds": 34,
  "active_runner_hours": 7.268055555555556
}