{
  "simulation_id": "delivery_dynamic_05",
  "runner_id": "2_runners",
  "revenue_per_round": 41.111111111111114,
  "orders_per_runner_hour": 5.128955273670766,
  "on_time_rate": 0.5675675675675675,
  "delivery_cycle_time_p90": 60.62925224623977,
  "delivery_cycle_time_avg": 30.648327305117775,
  "failed_rate": 0.075,
  "second_runner_break_even_orders": 7.213944755950132,
  "queue_wait_avg": 17.590740740740742,
  "runner_utilization_driving_pct": 81.90871509419175,
  "runner_utilization_prep_pct": 0.0,
  "runner_utilization_idle_pct": 18.09128490580825,
  "distance_per_delivery_avg": 1187.0920285736238,
  "zone_service_times": {
    "hole_9": 23.718610802175547,
    "hole_16": 17.51524291304561,
    "hole_18": 40.88754843608125,
    "hole_8": 13.820797383041342,
    "hole_11": 30.165436401161607,
    "hole_-1": 31.230723174900817,
    "hole_4": 32.94773369455379,
    "hole_5": 42.95432588217366,
    "hole_12": 62.88155376374555,
    "hole_10": 50.24279910171311,
    "hole_6": 62.4818400297551,
    "hole_17": 41.4024055859707,
    "hole_7": 14.806175888493453,
    "hole_15": 18.254895432540877
  },
  "total_revenue": 1110.0,
  "total_orders": 40,
  "successful_orders": 37,
  "failed_orders": 3,
  "total_rounds": 27,
  "active_runner_hours": 7.213944755950132
}