{
  "simulation_id": "delivery_dynamic_01",
  "runner_id": "2_runners",
  "revenue_per_round": 36.666666666666664,
  "orders_per_runner_hour": 4.685466377440347,
  "on_time_rate": 0.6363636363636364,
  "delivery_cycle_time_p90": 59.91466589954236,
  "delivery_cycle_time_avg": 29.772267228376254,
  "failed_rate": 0.125,
  "second_runner_break_even_orders": 7.043055555555555,
  "queue_wait_avg": 18.902873563218392,
  "runner_utilization_driving_pct": 80.46123547640359,
  "runner_utilization_prep_pct": 0.0,
  "runner_utilization_idle_pct": 19.538764523596413,
  "distance_per_delivery_avg": 1061.9787584313897,
  "zone_service_times": {
    "hole_6": 19.87711974875098,
    "hole_13": 15.129577744448094,
    "hole_15": 15.734565947471697,
    "hole_9": 30.026329626083985,
    "hole_18": 38.09081780422051,
    "hole_10": 25.47107918683901,
    "hole_7": 18.686868436466135,
    "hole_-1": 30.44773017322817,
    "hole_11": 59.90773031050345,
    "hole_12": 52.341001546651505,
    "hole_8": 57.41229748658649,
    "hole_16": 12.748049451750315
  },
  "total_revenue": 990.0,
  "total_orders": 40,
  "successful_orders": 33,
  "failed_orders": 5,
  "total_rounds": 27,
  "active_runner_hours": 7.043055555555555
}