{
  "simulation_id": "delivery_dynamic_10",
  "runner_id": "2_runners",
  "revenue_per_round": 46.15384615384615,
  "orders_per_runner_hour": 5.582762690578426,
  "on_time_rate": 0.35,
  "delivery_cycle_time_p90": 61.01035085883044,
  "delivery_cycle_time_avg": 39.20477147081277,
  "failed_rate": 0.0,
  "second_runner_break_even_orders": 7.16491139190006,
  "queue_wait_avg": 26.77072072072072,
  "runner_utilization_driving_pct": 78.71427371795053,
  "runner_utilization_prep_pct": 0.0,
  "runner_utilization_idle_pct": 21.285726282049467,
  "distance_per_delivery_avg": 1492.4632141930933,
  "zone_service_times": {
    "hole_18": 32.014097550130735,
    "hole_16": 18.03992160924172,
    "hole_13": 35.29328790370348,
    "hole_11": 35.34400240209767,
    "hole_15": 48.75721721196638,
    "hole_12": 51.41167845809555,
    "hole_17": 47.39026882633882,
    "hole_14": 63.5910123575517,
    "hole_10": 12.7135619594205
  },
  "total_revenue": 1200.0,
  "total_orders": 40,
  "successful_orders": 40,
  "failed_orders": 0,
  "total_rounds": 26,
  "active_runner_hours": 7.164911391900061
}