{
  "simulation_id": "delivery_dynamic_10",
  "runner_id": "3_runners",
  "revenue_per_round": 39.54545454545455,
  "orders_per_runner_hour": 3.937535323124937,
  "on_time_rate": 1.0,
  "delivery_cycle_time_p90": 20.993375408339368,
  "delivery_cycle_time_avg": 15.855839228195837,
  "failed_rate": 0.0,
  "second_runner_break_even_orders": 7.365013293895938,
  "queue_wait_avg": 1.2763888888888888,
  "runner_utilization_driving_pct": 80.79712665225898,
  "runner_utilization_prep_pct": 0.0,
  "runner_utilization_idle_pct": 19.20287334774102,
  "distance_per_delivery_avg": 1612.6378427427655,
  "zone_service_times": {
    "hole_6": 20.18795008051085,
    "hole_7": 15.696059435664331,
    "hole_10": 11.586991267168983,
    "hole_18": 17.779781538657062,
    "hole_9": 12.519838055000218,
    "hole_11": 18.432103067828272,
    "hole_-1": 10.381063506561501,
    "hole_5": 20.993375408339368,
    "hole_8": 13.92629761043261,
    "hole_15": 12.994046145267951,
    "hole_12": 17.30210729848877,
    "hole_14": 14.8892332374573,
    "hole_13": 15.833470118401843
  },
  "total_revenue": 870.0,
  "total_orders": 30,
  "successful_orders": 29,
  "failed_orders": 0,
  "total_rounds": 22,
  "active_runner_hours": 7.365013293895938
}