{
  "simulation_id": "delivery_dynamic_03",
  "runner_id": "2_runners",
  "revenue_per_round": 38.0,
  "orders_per_runner_hour": 5.263562908811082,
  "on_time_rate": 0.39473684210526316,
  "delivery_cycle_time_p90": 48.387247411866,
  "delivery_cycle_time_avg": 31.487734225651305,
  "failed_rate": 0.0,
  "second_runner_break_even_orders": 7.219444444444445,
  "queue_wait_avg": 16.79561403508772,
  "runner_utilization_driving_pct": 80.18811534183192,
  "runner_utilization_prep_pct": 0.0,
  "runner_utilization_idle_pct": 19.811884658168083,
  "distance_per_delivery_avg": 1576.5523840293642,
  "zone_service_times": {
    "hole_13": 30.84227485885054,
    "hole_8": 14.405699306256883,
    "hole_15": 42.74313175832628,
    "hole_12": 34.50799669692592,
    "hole_18": 23.68382336549033,
    "hole_17": 40.71174422016032,
    "hole_10": 25.875408191333737,
    "hole_16": 38.76805217742485,
    "hole_9": 13.301111247324297,
    "hole_14": 16.84270833384938
  },
  "total_revenue": 1140.0,
  "total_orders": 40,
  "successful_orders": 38,
  "failed_orders": 0,
  "total_rounds": 30,
  "active_runner_hours": 7.219444444444444
}