{
  "simulation_id": "delivery_dynamic_01",
  "runner_id": "3_runners",
  "revenue_per_round": 44.11764705882353,
  "orders_per_runner_hour": 7.053632659201252,
  "on_time_rate": 0.88,
  "delivery_cycle_time_p90": 31.4061609393513,
  "delivery_cycle_time_avg": 18.75879192548921,
  "failed_rate": 0.0,
  "second_runner_break_even_orders": 7.088546060699162,
  "queue_wait_avg": 6.530851063829787,
  "runner_utilization_driving_pct": 100.0,
  "runner_utilization_prep_pct": 0.0,
  "runner_utilization_idle_pct": 0.0,
  "distance_per_delivery_avg": 880.2500869643728,
  "zone_service_times": {
    "hole_7": 14.610328420340846,
    "hole_15": 18.252628502734375,
    "hole_9": 15.938782368992252,
    "hole_17": 17.241771093085998,
    "hole_18": 16.752139119052906,
    "hole_8": 17.08493340211859,
    "hole_-1": 24.568156092271096,
    "hole_10": 28.94258646477747,
    "hole_16": 15.416632630613034,
    "hole_14": 19.543158626598657
  },
  "total_revenue": 1500.0,
  "total_orders": 50,
  "successful_orders": 50,
  "failed_orders": 0,
  "total_rounds": 34,
  "active_runner_hours": 7.088546060699163
}