{
  "simulation_id": "delivery_dynamic_05",
  "runner_id": "runner_1",
  "revenue_per_round": 12.727272727272727,
  "orders_per_runner_hour": 1.9221967963386728,
  "on_time_rate": 0.21428571428571427,
  "delivery_cycle_time_p90": 63.03537135087593,
  "delivery_cycle_time_avg": 46.03290171706624,
  "failed_rate": 0.58,
  "second_runner_break_even_orders": 7.283333333333334,
  "queue_wait_avg": 33.38928571428571,
  "runner_utilization_driving_pct": 25.904141928925295,
  "runner_utilization_prep_pct": 0.0,
  "runner_utilization_idle_pct": 74.0958580710747,
  "distance_per_delivery_avg": 888.2549769342535,
  "zone_service_times": {
    "hole_15": 12.56763313785535,
    "hole_10": 28.197026197043577,
    "hole_17": 50.3918888482455,
    "hole_12": 49.64673019622272,
    "hole_-1": 46.9060635065615,
    "hole_18": 61.188977919286756,
    "hole_14": 64.55589990412396,
    "hole_16": 23.120842320704348,
    "hole_9": 55.586504721666884
  },
  "total_revenue": 420.0,
  "total_orders": 50,
  "successful_orders": 14,
  "failed_orders": 29,
  "total_rounds": 33,
  "active_runner_hours": 7.283333333333333
}