{
  "simulation_id": "delivery_dynamic_03",
  "runner_id": "runner_1",
  "revenue_per_round": 12.972972972972974,
  "orders_per_runner_hour": 2.1801665404996218,
  "on_time_rate": 0.25,
  "delivery_cycle_time_p90": 61.74881769789822,
  "delivery_cycle_time_avg": 47.80567885241502,
  "failed_rate": 0.58,
  "second_runner_break_even_orders": 7.3388888888888895,
  "queue_wait_avg": 35.11770833333333,
  "runner_utilization_driving_pct": 32.74746506338756,
  "runner_utilization_prep_pct": 0.0,
  "runner_utilization_idle_pct": 67.25253493661245,
  "distance_per_delivery_avg": 903.158094411443,
  "zone_service_times": {
    "hole_14": 14.742501708364731,
    "hole_17": 22.36027257211275,
    "hole_10": 26.95449863624311,
    "hole_-1": 55.718076971351614,
    "hole_18": 57.47276847194407,
    "hole_7": 65.01802192212836,
    "hole_6": 59.81852952364182,
    "hole_16": 44.87966025993628,
    "hole_13": 56.663571108564796
  },
  "total_revenue": 480.0,
  "total_orders": 50,
  "successful_orders": 16,
  "failed_orders": 29,
  "total_rounds": 37,
  "active_runner_hours": 7.338888888888889
}