{
  "simulation_id": "delivery_dynamic_02",
  "runner_id": "runner_1",
  "revenue_per_round": 35.294117647058826,
  "orders_per_runner_hour": 2.4355905354576373,
  "on_time_rate": 0.65,
  "delivery_cycle_time_p90": 36.81949727086886,
  "delivery_cycle_time_avg": 22.581068279823597,
  "failed_rate": 0.0,
  "second_runner_break_even_orders": 8.211560896151243,
  "queue_wait_avg": 11.080994152046783,
  "runner_utilization_driving_pct": 36.47808369583053,
  "runner_utilization_prep_pct": 0.0,
  "runner_utilization_idle_pct": 63.52191630416947,
  "distance_per_delivery_avg": 1478.96916147299,
  "zone_service_times": {
    "hole_9": 15.843547412726243,
    "hole_6": 18.62565839173934,
    "hole_8": 12.2937084915593,
    "hole_4": 23.936638169761103,
    "hole_18": 35.73509754047336,
    "hole_11": 36.822347195255134,
    "hole_10": 36.535340685456745,
    "hole_15": 20.17585940871965,
    "hole_3": 13.066520545574653,
    "hole_16": 11.756489105351768
  },
  "total_revenue": 600.0,
  "total_orders": 20,
  "successful_orders": 20,
  "failed_orders": 0,
  "total_rounds": 17,
  "active_runner_hours": 8.211560896151243
}