{
  "simulation_id": "delivery_dynamic_04",
  "runner_id": "2_runners",
  "revenue_per_round": 31.62162162162162,
  "orders_per_runner_hour": 5.392740541578644,
  "on_time_rate": 0.38461538461538464,
  "delivery_cycle_time_p90": 57.120846951435375,
  "delivery_cycle_time_avg": 35.6371680596479,
  "failed_rate": 0.18,
  "second_runner_break_even_orders": 7.231944444444444,
  "queue_wait_avg": 24.425462962962964,
  "runner_utilization_driving_pct": 86.4900616296922,
  "runner_utilization_prep_pct": 0.0,
  "runner_utilization_idle_pct": 13.509938370307793,
  "distance_per_delivery_avg": 1038.4371859904113,
  "zone_service_times": {
    "hole_14": 30.639100788671012,
    "hole_9": 17.009937905675013,
    "hole_11": 40.27319182945315,
    "hole_10": 28.342843704254317,
    "hole_16": 24.15733011379495,
    "hole_-1": 38.640482663206534,
    "hole_13": 37.66197591912542,
    "hole_15": 47.26626838023791,
    "hole_18": 51.75874607903271,
    "hole_12": 42.097789344754226
  },
  "total_revenue": 1170.0,
  "total_orders": 50,
  "successful_orders": 39,
  "failed_orders": 9,
  "total_rounds": 37,
  "active_runner_hours": 7.231944444444444
}