{
  "simulation_id": "delivery_dynamic_10",
  "runner_id": "2_runners",
  "revenue_per_round": 40.0,
  "orders_per_runner_hour": 3.9214160669130522,
  "on_time_rate": 0.7857142857142857,
  "delivery_cycle_time_p90": 39.241122107719,
  "delivery_cycle_time_avg": 21.771143125597636,
  "failed_rate": 0.0,
  "second_runner_break_even_orders": 7.1402777777777775,
  "queue_wait_avg": 8.957638888888889,
  "runner_utilization_driving_pct": 75.10247764861099,
  "runner_utilization_prep_pct": 0.0,
  "runner_utilization_idle_pct": 24.897522351389014,
  "distance_per_delivery_avg": 1375.3040902008047,
  "zone_service_times": {
    "hole_16": 13.781087795279493,
    "hole_14": 23.946191266509736,
    "hole_10": 24.371165302909805,
    "hole_8": 17.644663030009028,
    "hole_18": 13.970124300146805,
    "hole_15": 22.369532306037804,
    "hole_9": 17.36992632820501,
    "hole_11": 24.17627814913952,
    "hole_12": 29.98250962567762,
    "hole_-1": 48.81439683989483,
    "hole_17": 15.278727797046667,
    "hole_7": 14.509653103053642,
    "hole_13": 16.15232046083426
  },
  "total_revenue": 840.0,
  "total_orders": 30,
  "successful_orders": 28,
  "failed_orders": 0,
  "total_rounds": 21,
  "active_runner_hours": 7.1402777777777775
}