{
  "simulation_id": "delivery_dynamic_08",
  "runner_id": "3_runners",
  "revenue_per_round": 44.44444444444444,
  "orders_per_runner_hour": 5.665069093055054,
  "on_time_rate": 0.8,
  "delivery_cycle_time_p90": 34.201581643182436,
  "delivery_cycle_time_avg": 22.420917903112983,
  "failed_rate": 0.0,
  "second_runner_break_even_orders": 7.060814147710391,
  "queue_wait_avg": 7.02280701754386,
  "runner_utilization_driving_pct": 100.0,
  "runner_utilization_prep_pct": 0.0,
  "runner_utilization_idle_pct": 0.0,
  "distance_per_delivery_avg": 1931.7484154459617,
  "zone_service_times": {
    "hole_3": 22.656699766330085,
    "hole_4": 21.564299562848284,
    "hole_9": 12.76910920828459,
    "hole_12": 17.257668213318176,
    "hole_5": 26.902259514321305,
    "hole_8": 28.06130902634494,
    "hole_2": 26.132121497537973,
    "hole_18": 29.678030654656098,
    "hole_15": 17.688428121119614,
    "hole_-1": 23.71023017322817,
    "hole_7": 22.178336743776118,
    "hole_6": 19.17976373523179,
    "hole_10": 19.509395913237434,
    "hole_11": 15.13667151663774
  },
  "total_revenue": 1200.0,
  "total_orders": 40,
  "successful_orders": 40,
  "failed_orders": 0,
  "total_rounds": 27,
  "active_runner_hours": 7.060814147710391
}