{
  "simulation_id": "delivery_dynamic_01",
  "runner_id": "3_runners",
  "revenue_per_round": 30.357142857142858,
  "orders_per_runner_hour": 1.7,
  "on_time_rate": 1.0,
  "delivery_cycle_time_p90": 18.204818759417066,
  "delivery_cycle_time_avg": 14.533093690269673,
  "failed_rate": 0.0,
  "second_runner_break_even_orders": 12.5,
  "queue_wait_avg": 0.0,
  "runner_utilization_driving_pct": 11.145951346132136,
  "runner_utilization_waiting_pct": 19.112381986553554,
  "distance_per_delivery_avg": 842.9797333576255,
  "zone_service_times": {
    "hole_5": 14.459662439903635,
    "hole_2": 13.058589084000808,
    "hole_12": 18.335125607711536,
    "hole_3": 18.17224204734345,
    "hole_14": 14.537518649216771,
    "hole_9": 12.380502882738861,
    "hole_15": 15.47107289728677,
    "hole_10": 13.973090900165577,
    "hole_16": 12.26711899667783,
    "hole_18": 12.19387601027929,
    "hole_1": 14.377837102533036,
    "hole_4": 16.71813280819424
  },
  "total_revenue": 425.0,
  "total_orders": 17,
  "successful_orders": 17,
  "failed_orders": 0,
  "total_rounds": 14,
  "active_runner_hours": 10.0
}