{
  "simulation_id": "delivery_dynamic_10",
  "runner_id": "2_runners",
  "revenue_per_round": 37.5,
  "orders_per_runner_hour": 4.135941929967738,
  "on_time_rate": 0.7,
  "delivery_cycle_time_p90": 57.876978093331005,
  "delivery_cycle_time_avg": 26.137126410334407,
  "failed_rate": 0.0,
  "second_runner_break_even_orders": 7.2534867529520675,
  "queue_wait_avg": 13.048214285714286,
  "runner_utilization_driving_pct": 73.51734859796717,
  "runner_utilization_prep_pct": 0.0,
  "runner_utilization_idle_pct": 26.48265140203283,
  "distance_per_delivery_avg": 1330.1544738723612,
  "zone_service_times": {
    "hole_14": 29.722565443927365,
    "hole_10": 18.726721084042424,
    "hole_12": 20.660405088320235,
    "hole_17": 30.608425497288266,
    "hole_9": 25.75622914136226,
    "hole_8": 39.70355559593228,
    "hole_11": 37.9442375688867,
    "hole_18": 21.396447604682,
    "hole_3": 16.876705327977895,
    "hole_15": 17.201579300216448,
    "hole_2": 18.613871905378073
  },
  "total_revenue": 900.0,
  "total_orders": 30,
  "successful_orders": 30,
  "failed_orders": 0,
  "total_rounds": 24,
  "active_runner_hours": 7.2534867529520675
}