{
  "simulation_id": "delivery_dynamic_10",
  "runner_id": "runner_1",
  "revenue_per_round": 11.666666666666666,
  "orders_per_runner_hour": 1.9065632683941742,
  "on_time_rate": 0.07142857142857142,
  "delivery_cycle_time_p90": 65.25383322041435,
  "delivery_cycle_time_avg": 50.37686923541593,
  "failed_rate": 0.58,
  "second_runner_break_even_orders": 7.343055555555555,
  "queue_wait_avg": 39.35128205128205,
  "runner_utilization_driving_pct": 37.3195661078363,
  "runner_utilization_prep_pct": 0.0,
  "runner_utilization_idle_pct": 62.6804338921637,
  "distance_per_delivery_avg": 1289.0280630997502,
  "zone_service_times": {
    "hole_9": 12.850527066585254,
    "hole_17": 33.03573891930403,
    "hole_5": 53.79202612122669,
    "hole_-1": 54.04773017322817,
    "hole_8": 53.42276343355487,
    "hole_7": 59.76318713658202,
    "hole_18": 51.355187343422585,
    "hole_10": 44.519121261600475,
    "hole_12": 67.78571349017086
  },
  "total_revenue": 420.0,
  "total_orders": 50,
  "successful_orders": 14,
  "failed_orders": 29,
  "total_rounds": 36,
  "active_runner_hours": 7.343055555555556
}