{
  "simulation_id": "delivery_dynamic_02",
  "runner_id": "runner_1",
  "revenue_per_round": 23.181818181818183,
  "orders_per_runner_hour": 2.3466257668711656,
  "on_time_rate": 0.29411764705882354,
  "delivery_cycle_time_p90": 59.9499507139834,
  "delivery_cycle_time_avg": 39.43038036299531,
  "failed_rate": 0.3333333333333333,
  "second_runner_break_even_orders": 7.2444444444444445,
  "queue_wait_avg": 26.37450980392157,
  "runner_utilization_driving_pct": 41.80483993853337,
  "runner_utilization_prep_pct": 0.0,
  "runner_utilization_idle_pct": 58.19516006146663,
  "distance_per_delivery_avg": 1026.7725078487742,
  "zone_service_times": {
    "hole_11": 32.29437261564352,
    "hole_12": 24.946794757858726,
    "hole_9": 50.12911123704495,
    "hole_18": 59.824498499014105,
    "hole_15": 53.40811392843661,
    "hole_-1": 40.39881145379191,
    "hole_16": 25.631382785083648
  },
  "total_revenue": 510.0,
  "total_orders": 30,
  "successful_orders": 17,
  "failed_orders": 10,
  "total_rounds": 22,
  "active_runner_hours": 7.2444444444444445
}