{
  "simulation_id": "delivery_dynamic_09",
  "runner_id": "2_runners",
  "revenue_per_round": 36.25,
  "orders_per_runner_hour": 4.030597517305641,
  "on_time_rate": 0.7931034482758621,
  "delivery_cycle_time_p90": 39.891209224123486,
  "delivery_cycle_time_avg": 23.123813831537834,
  "failed_rate": 0.0,
  "second_runner_break_even_orders": 7.194962998782824,
  "queue_wait_avg": 8.759333333333334,
  "runner_utilization_driving_pct": 77.42136534889126,
  "runner_utilization_prep_pct": 0.0,
  "runner_utilization_idle_pct": 22.578634651108743,
  "distance_per_delivery_avg": 1872.4152405001598,
  "zone_service_times": {
    "hole_15": 20.300388439333496,
    "hole_18": 14.913006784454533,
    "hole_8": 21.809760959237096,
    "hole_14": 21.600768164706118,
    "hole_3": 36.57766778832095,
    "hole_7": 27.210565728786058,
    "hole_6": 26.07828898683747,
    "hole_17": 31.541850852557825,
    "hole_11": 30.544237568886697,
    "hole_16": 40.33672000155057,
    "hole_12": 24.08646895319301,
    "hole_4": 30.07368574438733,
    "hole_9": 12.218581353725373,
    "hole_2": 14.821724766256436,
    "hole_-1": 20.457823048033
  },
  "total_revenue": 870.0,
  "total_orders": 30,
  "successful_orders": 29,
  "failed_orders": 0,
  "total_rounds": 24,
  "active_runner_hours": 7.194962998782824
}