{
  "simulation_id": "delivery_dynamic_01",
  "runner_id": "2_runners",
  "revenue_per_round": 42.857142857142854,
  "orders_per_runner_hour": 2.790526694015482,
  "on_time_rate": 0.9,
  "delivery_cycle_time_p90": 30.270889688376514,
  "delivery_cycle_time_avg": 18.8994986591547,
  "failed_rate": 0.0,
  "second_runner_break_even_orders": 7.16710578074443,
  "queue_wait_avg": 4.598039215686274,
  "runner_utilization_driving_pct": 62.247453286917285,
  "runner_utilization_prep_pct": 0.0,
  "runner_utilization_idle_pct": 37.752546713082715,
  "distance_per_delivery_avg": 1677.0315494759784,
  "zone_service_times": {
    "hole_6": 21.7087062867486,
    "hole_7": 23.75475014376155,
    "hole_9": 13.550635177935556,
    "hole_14": 14.990177197557912,
    "hole_16": 24.986671422609287,
    "hole_10": 25.465478556807223,
    "hole_-1": 10.490157760092309,
    "hole_17": 14.31206113038
  },
  "total_revenue": 600.0,
  "total_orders": 20,
  "successful_orders": 20,
  "failed_orders": 0,
  "total_rounds": 14,
  "active_runner_hours": 7.167105780744429
}