{
  "simulation_id": "delivery_dynamic_05",
  "runner_id": "2_runners",
  "revenue_per_round": 31.57894736842105,
  "orders_per_runner_hour": 2.8081870568101506,
  "on_time_rate": 1.0,
  "delivery_cycle_time_p90": 28.385197374282097,
  "delivery_cycle_time_avg": 17.771180044551603,
  "failed_rate": 0.0,
  "second_runner_break_even_orders": 7.122032683505853,
  "queue_wait_avg": 1.4096491228070176,
  "runner_utilization_driving_pct": 64.92757608600925,
  "runner_utilization_prep_pct": 0.0,
  "runner_utilization_idle_pct": 35.07242391399075,
  "distance_per_delivery_avg": 2161.1564949693393,
  "zone_service_times": {
    "hole_8": 13.658433898341485,
    "hole_4": 24.399703240053533,
    "hole_12": 18.26336248891172,
    "hole_10": 12.02070428735921,
    "hole_-1": 11.514116207920022,
    "hole_3": 24.903941892335204,
    "hole_11": 16.188902637147386,
    "hole_15": 15.49845843747856,
    "hole_13": 15.304103867494025,
    "hole_2": 23.117810074480804
  },
  "total_revenue": 600.0,
  "total_orders": 20,
  "successful_orders": 20,
  "failed_orders": 0,
  "total_rounds": 19,
  "active_runner_hours": 7.122032683505853
}