{
  "simulation_id": "delivery_dynamic_05",
  "runner_id": "2_runners",
  "revenue_per_round": 36.0,
  "orders_per_runner_hour": 4.186164586052649,
  "on_time_rate": 0.8333333333333334,
  "delivery_cycle_time_p90": 35.85295254875559,
  "delivery_cycle_time_avg": 20.640635968647313,
  "failed_rate": 0.0,
  "second_runner_break_even_orders": 7.166464524580138,
  "queue_wait_avg": 7.640804597701149,
  "runner_utilization_driving_pct": 72.8187832666859,
  "runner_utilization_prep_pct": 0.0,
  "runner_utilization_idle_pct": 27.181216733314102,
  "distance_per_delivery_avg": 1093.5203521321635,
  "zone_service_times": {
    "hole_8": 13.614751866677246,
    "hole_12": 18.01664707816154,
    "hole_16": 17.254175736826983,
    "hole_9": 21.68773785548698,
    "hole_17": 14.519072252637367,
    "hole_-1": 30.694396839894836,
    "hole_10": 21.55760968261412,
    "hole_11": 22.024354460074854,
    "hole_18": 18.080358899035694,
    "hole_13": 16.446904441898067,
    "hole_14": 14.663996115396033
  },
  "total_revenue": 900.0,
  "total_orders": 30,
  "successful_orders": 30,
  "failed_orders": 0,
  "total_rounds": 25,
  "active_runner_hours": 7.166464524580137
}