{
  "simulation_id": "delivery_dynamic_03",
  "runner_id": "2_runners",
  "revenue_per_round": 40.90909090909091,
  "orders_per_runner_hour": 4.265894493953396,
  "on_time_rate": 0.6,
  "delivery_cycle_time_p90": 44.84386014976301,
  "delivery_cycle_time_avg": 27.269053937470243,
  "failed_rate": 0.0,
  "second_runner_break_even_orders": 7.032522731755996,
  "queue_wait_avg": 13.23392857142857,
  "runner_utilization_driving_pct": 75.02505365588301,
  "runner_utilization_prep_pct": 0.0,
  "runner_utilization_idle_pct": 24.974946344116987,
  "distance_per_delivery_avg": 1652.2421229900042,
  "zone_service_times": {
    "hole_3": 26.544853912314302,
    "hole_14": 14.715555397569794,
    "hole_5": 34.56551726032279,
    "hole_18": 34.067003619370126,
    "hole_15": 21.884621409807778,
    "hole_10": 25.572446366805647,
    "hole_16": 18.940177010706826,
    "hole_13": 26.437674139304395,
    "hole_6": 45.177119586415515,
    "hole_12": 46.34822043041222,
    "hole_-1": 39.38678271552265,
    "hole_9": 13.24788270238896,
    "hole_17": 14.110272572112686
  },
  "total_revenue": 900.0,
  "total_orders": 30,
  "successful_orders": 30,
  "failed_orders": 0,
  "total_rounds": 22,
  "active_runner_hours": 7.032522731755996
}