{
  "simulation_id": "delivery_dynamic_06",
  "runner_id": "3_runners",
  "revenue_per_round": 42.857142857142854,
  "orders_per_runner_hour": 4.047556619594586,
  "on_time_rate": 1.0,
  "delivery_cycle_time_p90": 21.77641336217777,
  "delivery_cycle_time_avg": 16.508063480931984,
  "failed_rate": 0.0,
  "second_runner_break_even_orders": 7.411879022214859,
  "queue_wait_avg": 1.6420289855072463,
  "runner_utilization_driving_pct": 76.10027490989796,
  "runner_utilization_prep_pct": 0.0,
  "runner_utilization_idle_pct": 23.899725090102038,
  "distance_per_delivery_avg": 1763.7226629264774,
  "zone_service_times": {
    "hole_12": 17.224386760262533,
    "hole_6": 19.72765223860738,
    "hole_17": 14.31206113038,
    "hole_3": 22.605657495919512,
    "hole_2": 23.665150926159427,
    "hole_15": 14.254105479797833,
    "hole_-1": 11.959436771144404,
    "hole_13": 16.023814817338916,
    "hole_14": 21.77792683886837,
    "hole_11": 18.44215892770253,
    "hole_7": 15.768665285310483,
    "hole_18": 14.011352563637027
  },
  "total_revenue": 900.0,
  "total_orders": 30,
  "successful_orders": 30,
  "failed_orders": 0,
  "total_rounds": 21,
  "active_runner_hours": 7.411879022214859
}