{
  "simulation_id": "delivery_dynamic_09",
  "runner_id": "3_runners",
  "revenue_per_round": 33.333333333333336,
  "orders_per_runner_hour": 2.8020473943902093,
  "on_time_rate": 1.0,
  "delivery_cycle_time_p90": 15.291783471157022,
  "delivery_cycle_time_avg": 13.061218872921682,
  "failed_rate": 0.0,
  "second_runner_break_even_orders": 7.1376380142750815,
  "queue_wait_avg": 0.04393939393939394,
  "runner_utilization_driving_pct": 35.309821516786656,
  "runner_utilization_prep_pct": 0.0,
  "runner_utilization_idle_pct": 64.69017848321334,
  "distance_per_delivery_avg": 1020.4495413016898,
  "zone_service_times": {
    "hole_18": 12.244960166018387,
    "hole_14": 14.853562846383708,
    "hole_16": 12.433251910798237,
    "hole_17": 14.091906973664967,
    "hole_9": 12.012120975891442,
    "hole_13": 15.519448094734495,
    "hole_15": 12.358037586549532,
    "hole_-1": 10.364396839894834
  },
  "total_revenue": 600.0,
  "total_orders": 20,
  "successful_orders": 20,
  "failed_orders": 0,
  "total_rounds": 18,
  "active_runner_hours": 7.1376380142750815
}