{
  "simulation_id": "delivery_dynamic_08",
  "runner_id": "3_runners",
  "revenue_per_round": 39.130434782608695,
  "orders_per_runner_hour": 4.184662545466474,
  "on_time_rate": 0.9666666666666667,
  "delivery_cycle_time_p90": 23.224253057730863,
  "delivery_cycle_time_avg": 17.781414462275226,
  "failed_rate": 0.0,
  "second_runner_break_even_orders": 7.1690368516097,
  "queue_wait_avg": 1.2179487179487178,
  "runner_utilization_driving_pct": 90.63769963494434,
  "runner_utilization_prep_pct": 0.0,
  "runner_utilization_idle_pct": 9.36230036505566,
  "distance_per_delivery_avg": 2259.8885926578096,
  "zone_service_times": {
    "hole_9": 13.090871556464663,
    "hole_2": 22.59733711311405,
    "hole_-1": 14.194185289373813,
    "hole_16": 31.105060636990068,
    "hole_4": 22.909274577500675,
    "hole_14": 14.55058103100752,
    "hole_5": 22.1433482205407,
    "hole_7": 15.782501598222703,
    "hole_8": 17.711246376372095,
    "hole_10": 10.498811890140557,
    "hole_3": 20.205643450032767,
    "hole_13": 15.7343516398637,
    "hole_6": 17.8318400297551,
    "hole_15": 13.294091581921688,
    "hole_18": 12.608679944536158
  },
  "total_revenue": 900.0,
  "total_orders": 30,
  "successful_orders": 30,
  "failed_orders": 0,
  "total_rounds": 23,
  "active_runner_hours": 7.169036851609699
}