{
  "simulation_id": "delivery_dynamic_09",
  "runner_id": "2_runners",
  "revenue_per_round": 45.0,
  "orders_per_runner_hour": 5.358297042770122,
  "on_time_rate": 0.5384615384615384,
  "delivery_cycle_time_p90": 44.85485911677606,
  "delivery_cycle_time_avg": 29.327928265267783,
  "failed_rate": 0.0,
  "second_runner_break_even_orders": 7.2784318765272955,
  "queue_wait_avg": 17.406306306306305,
  "runner_utilization_driving_pct": 78.01777812957762,
  "runner_utilization_prep_pct": 0.0,
  "runner_utilization_idle_pct": 21.98222187042238,
  "distance_per_delivery_avg": 945.5890253351045,
  "zone_service_times": {
    "hole_15": 28.804932657547063,
    "hole_9": 17.15027234832609,
    "hole_12": 31.638564985680144,
    "hole_13": 18.579907759839717,
    "hole_18": 30.513756342192185,
    "hole_16": 27.461562784248795,
    "hole_14": 22.906713550026993,
    "hole_-1": 43.2410635065615,
    "hole_17": 38.537489007983154,
    "hole_10": 34.76809154228522,
    "hole_11": 35.0601477589688,
    "hole_8": 21.45870635031315
  },
  "total_revenue": 1170.0,
  "total_orders": 40,
  "successful_orders": 39,
  "failed_orders": 0,
  "total_rounds": 26,
  "active_runner_hours": 7.2784318765272955
}