{
  "simulation_id": "delivery_dynamic_03",
  "runner_id": "3_runners",
  "revenue_per_round": 35.294117647058826,
  "orders_per_runner_hour": 2.7823754942625527,
  "on_time_rate": 1.0,
  "delivery_cycle_time_p90": 17.095170934512577,
  "delivery_cycle_time_avg": 14.115094090511711,
  "failed_rate": 0.0,
  "second_runner_break_even_orders": 7.188102411497428,
  "queue_wait_avg": 0.04607843137254902,
  "runner_utilization_driving_pct": 51.748756108098156,
  "runner_utilization_prep_pct": 0.0,
  "runner_utilization_idle_pct": 48.251243891901844,
  "distance_per_delivery_avg": 1369.511614411934,
  "zone_service_times": {
    "hole_13": 15.7906658551764,
    "hole_12": 17.2697148353274,
    "hole_8": 13.65648132081833,
    "hole_10": 11.91790702717428,
    "hole_17": 14.234642161329976,
    "hole_15": 13.121206866479316,
    "hole_18": 12.54899142668528,
    "hole_9": 12.660182566097076,
    "hole_14": 14.775835041698034,
    "hole_16": 12.731382785083648
  },
  "total_revenue": 600.0,
  "total_orders": 20,
  "successful_orders": 20,
  "failed_orders": 0,
  "total_rounds": 17,
  "active_runner_hours": 7.188102411497427
}