{
  "simulation_id": "delivery_dynamic_06",
  "runner_id": "2_runners",
  "revenue_per_round": 35.21739130434783,
  "orders_per_runner_hour": 3.7523831881725456,
  "on_time_rate": 0.7407407407407407,
  "delivery_cycle_time_p90": 50.85028207878118,
  "delivery_cycle_time_avg": 25.121205993872973,
  "failed_rate": 0.06666666666666667,
  "second_runner_break_even_orders": 7.195427184809799,
  "queue_wait_avg": 9.148148148148149,
  "runner_utilization_driving_pct": 70.99663188859199,
  "runner_utilization_prep_pct": 0.0,
  "runner_utilization_idle_pct": 29.003368111408008,
  "distance_per_delivery_avg": 2006.94743616354,
  "zone_service_times": {
    "hole_3": 17.03026750277671,
    "hole_13": 17.85660132146216,
    "hole_17": 34.30577955471096,
    "hole_12": 22.167556373336144,
    "hole_14": 24.85248512561848,
    "hole_15": 39.870170695969016,
    "hole_4": 30.831860781737245,
    "hole_6": 36.316307623005436,
    "hole_8": 15.397562900619192,
    "hole_16": 17.472940680491593,
    "hole_18": 11.329939162781253,
    "hole_1": 12.778012040968921
  },
  "total_revenue": 810.0,
  "total_orders": 30,
  "successful_orders": 27,
  "failed_orders": 2,
  "total_rounds": 23,
  "active_runner_hours": 7.1954271848098
}