{
  "simulation_id": "delivery_dynamic_01",
  "runner_id": "3_runners",
  "revenue_per_round": 42.857142857142854,
  "orders_per_runner_hour": 5.846249915851559,
  "on_time_rate": 0.975,
  "delivery_cycle_time_p90": 24.343653520020958,
  "delivery_cycle_time_avg": 16.30178170818309,
  "failed_rate": 0.0,
  "second_runner_break_even_orders": 6.841992828863464,
  "queue_wait_avg": 2.1152380952380954,
  "runner_utilization_driving_pct": 87.4477960163749,
  "runner_utilization_prep_pct": 0.0,
  "runner_utilization_idle_pct": 12.552203983625105,
  "distance_per_delivery_avg": 1495.5186539495205,
  "zone_service_times": {
    "hole_17": 14.979661774873426,
    "hole_18": 11.996124848632792,
    "hole_3": 21.623762291935375,
    "hole_14": 19.289336354959474,
    "hole_12": 16.397145205717607,
    "hole_8": 13.619138023856856,
    "hole_13": 20.247402460532427,
    "hole_16": 17.3053115501114,
    "hole_15": 18.516826696548986,
    "hole_2": 15.289667493074457,
    "hole_4": 25.792062907619705,
    "hole_10": 24.4753648669274
  },
  "total_revenue": 1200.0,
  "total_orders": 40,
  "successful_orders": 40,
  "failed_orders": 0,
  "total_rounds": 28,
  "active_runner_hours": 6.841992828863464
}