{
  "simulation_id": "delivery_dynamic_10",
  "runner_id": "2_runners",
  "revenue_per_round": 40.90909090909091,
  "orders_per_runner_hour": 4.073955131505411,
  "on_time_rate": 0.9333333333333333,
  "delivery_cycle_time_p90": 28.85939445317469,
  "delivery_cycle_time_avg": 19.206665487786104,
  "failed_rate": 0.0,
  "second_runner_break_even_orders": 7.363851351233311,
  "queue_wait_avg": 5.9226190476190474,
  "runner_utilization_driving_pct": 63.509503644753515,
  "runner_utilization_prep_pct": 0.0,
  "runner_utilization_idle_pct": 36.490496355246485,
  "distance_per_delivery_avg": 1236.1062705627994,
  "zone_service_times": {
    "hole_11": 13.458040859500064,
    "hole_18": 20.019583900664326,
    "hole_9": 20.527843231093357,
    "hole_13": 31.096735121992396,
    "hole_17": 17.242440130175346,
    "hole_8": 21.0899954191004,
    "hole_6": 18.965345157116825,
    "hole_14": 17.333476090718737,
    "hole_10": 11.325408191333675,
    "hole_12": 14.069802289034365
  },
  "total_revenue": 900.0,
  "total_orders": 30,
  "successful_orders": 30,
  "failed_orders": 0,
  "total_rounds": 22,
  "active_runner_hours": 7.363851351233311
}