{
  "simulation_id": "delivery_dynamic_09",
  "runner_id": "2_runners",
  "revenue_per_round": 37.5,
  "orders_per_runner_hour": 2.808270196383438,
  "on_time_rate": 1.0,
  "delivery_cycle_time_p90": 14.444850461311574,
  "delivery_cycle_time_avg": 12.324374601801162,
  "failed_rate": 0.0,
  "second_runner_break_even_orders": 7.121821833866452,
  "queue_wait_avg": 0.16666666666666666,
  "runner_utilization_driving_pct": 19.446944214932703,
  "runner_utilization_prep_pct": 0.0,
  "runner_utilization_idle_pct": 80.5530557850673,
  "distance_per_delivery_avg": 1571.5497132968333,
  "zone_service_times": {
    "hole_3": 13.315358439757393,
    "hole_17": 12.727614088429497,
    "hole_7": 13.086290832465602,
    "hole_6": 14.485175191754873,
    "hole_18": 10.430629681392157,
    "hole_10": 10.725298485783666,
    "hole_16": 13.44244317271332,
    "hole_4": 14.081927887321884,
    "hole_1": 11.06486558754271
  },
  "total_revenue": 600.0,
  "total_orders": 20,
  "successful_orders": 20,
  "failed_orders": 0,
  "total_rounds": 16,
  "active_runner_hours": 7.121821833866452
}