{
  "simulation_id": "delivery_dynamic_07",
  "runner_id": "3_runners",
  "revenue_per_round": 41.37931034482759,
  "orders_per_runner_hour": 5.403313467337526,
  "on_time_rate": 0.975,
  "delivery_cycle_time_p90": 28.797704698118075,
  "delivery_cycle_time_avg": 19.48747896683646,
  "failed_rate": 0.0,
  "second_runner_break_even_orders": 7.402864971983559,
  "queue_wait_avg": 4.534722222222222,
  "runner_utilization_driving_pct": 100.0,
  "runner_utilization_prep_pct": 0.0,
  "runner_utilization_idle_pct": 0.0,
  "distance_per_delivery_avg": 1816.4929328570481,
  "zone_service_times": {
    "hole_14": 14.886092082434395,
    "hole_-1": 14.881997889529824,
    "hole_3": 20.39210275249143,
    "hole_16": 22.015683009455643,
    "hole_12": 17.654800982087636,
    "hole_2": 24.471904538231218,
    "hole_9": 21.29171827052704,
    "hole_5": 24.52535944015039,
    "hole_13": 20.293987127500955,
    "hole_18": 12.25518783777267,
    "hole_4": 26.982288501291286,
    "hole_11": 19.231910666936106,
    "hole_8": 24.537631104064832,
    "hole_15": 16.70223559371751,
    "hole_10": 20.247919043592052,
    "hole_17": 14.138383271201382
  },
  "total_revenue": 1200.0,
  "total_orders": 40,
  "successful_orders": 40,
  "failed_orders": 0,
  "total_rounds": 29,
  "active_runner_hours": 7.402864971983559
}