{
  "simulation_id": "delivery_dynamic_05",
  "runner_id": "3_runners",
  "revenue_per_round": 43.23529411764706,
  "orders_per_runner_hour": 6.785806343669841,
  "on_time_rate": 0.40816326530612246,
  "delivery_cycle_time_p90": 56.98747015640614,
  "delivery_cycle_time_avg": 34.038803806767305,
  "failed_rate": 0.02,
  "second_runner_break_even_orders": 7.220954668962781,
  "queue_wait_avg": 20.290070921985816,
  "runner_utilization_driving_pct": 100.0,
  "runner_utilization_prep_pct": 0.0,
  "runner_utilization_idle_pct": 0.0,
  "distance_per_delivery_avg": 1537.838079073815,
  "zone_service_times": {
    "hole_11": 13.452453318825505,
    "hole_17": 28.40249845834399,
    "hole_18": 26.922097045323383,
    "hole_8": 33.6553330836936,
    "hole_2": 27.515295325180794,
    "hole_6": 40.040903936291194,
    "hole_4": 33.80701907772066,
    "hole_10": 39.17992175728236,
    "hole_13": 45.37508372262212,
    "hole_9": 32.362851966031194,
    "hole_7": 34.32915737119523,
    "hole_-1": 56.321284753778734,
    "hole_14": 56.764713349662756,
    "hole_15": 17.218246014590598,
    "hole_16": 24.656588275908387
  },
  "total_revenue": 1470.0,
  "total_orders": 50,
  "successful_orders": 49,
  "failed_orders": 1,
  "total_rounds": 34,
  "active_runner_hours": 7.220954668962782
}