{
  "simulation_id": "delivery_dynamic_08",
  "runner_id": "2_runners",
  "revenue_per_round": 39.375,
  "orders_per_runner_hour": 5.780921429936915,
  "on_time_rate": 0.5238095238095238,
  "delivery_cycle_time_p90": 57.231335845037925,
  "delivery_cycle_time_avg": 32.6312664588507,
  "failed_rate": 0.12,
  "second_runner_break_even_orders": 7.2652777777777775,
  "queue_wait_avg": 22.872972972972974,
  "runner_utilization_driving_pct": 73.88346414732307,
  "runner_utilization_prep_pct": 0.0,
  "runner_utilization_idle_pct": 26.116535852676932,
  "distance_per_delivery_avg": 833.7055301738401,
  "zone_service_times": {
    "hole_18": 37.174660771155104,
    "hole_15": 17.352541831731347,
    "hole_16": 25.45819898681463,
    "hole_17": 19.905649790610106,
    "hole_11": 31.718040458210666,
    "hole_9": 17.981362527628043,
    "hole_10": 19.325867974074104,
    "hole_12": 50.401690604661674,
    "hole_14": 65.9777376434804
  },
  "total_revenue": 1260.0,
  "total_orders": 50,
  "successful_orders": 42,
  "failed_orders": 6,
  "total_rounds": 32,
  "active_runner_hours": 7.2652777777777775
}