{
  "simulation_id": "delivery_dynamic_06",
  "runner_id": "runner_1",
  "revenue_per_round": 18.88888888888889,
  "orders_per_runner_hour": 2.388292682926829,
  "on_time_rate": 0.35294117647058826,
  "delivery_cycle_time_p90": 53.99256685059728,
  "delivery_cycle_time_avg": 36.9859049958098,
  "failed_rate": 0.3333333333333333,
  "second_runner_break_even_orders": 7.118055555555555,
  "queue_wait_avg": 24.495098039215687,
  "runner_utilization_driving_pct": 34.72298908436625,
  "runner_utilization_prep_pct": 0.0,
  "runner_utilization_idle_pct": 65.27701091563375,
  "distance_per_delivery_avg": 836.9111374156188,
  "zone_service_times": {
    "hole_9": 11.918426240527273,
    "hole_18": 31.84170872032276,
    "hole_13": 51.23791107778143,
    "hole_15": 52.01248079380124,
    "hole_-1": 42.48384128433928,
    "hole_12": 47.74673019622272,
    "hole_8": 22.151694955953282,
    "hole_14": 24.435490522427305,
    "hole_10": 17.59156619726794
  },
  "total_revenue": 510.0,
  "total_orders": 30,
  "successful_orders": 17,
  "failed_orders": 10,
  "total_rounds": 27,
  "active_runner_hours": 7.118055555555555
}