{
  "simulation_id": "delivery_dynamic_10",
  "runner_id": "2_runners",
  "revenue_per_round": 35.294117647058826,
  "orders_per_runner_hour": 2.890514643639627,
  "on_time_rate": 1.0,
  "delivery_cycle_time_p90": 16.490833763164822,
  "delivery_cycle_time_avg": 13.289013743259911,
  "failed_rate": 0.0,
  "second_runner_break_even_orders": 6.91918307489242,
  "queue_wait_avg": 0.630701754385965,
  "runner_utilization_driving_pct": 27.94625764783439,
  "runner_utilization_prep_pct": 0.0,
  "runner_utilization_idle_pct": 72.05374235216561,
  "distance_per_delivery_avg": 1936.689895147135,
  "zone_service_times": {
    "hole_12": 13.133054024438813,
    "hole_13": 16.30533771841013,
    "hole_6": 13.780559792879831,
    "hole_16": 14.761963417646136,
    "hole_18": 10.223623394351064,
    "hole_15": 13.327179093879295,
    "hole_-1": 14.96682414164837,
    "hole_4": 14.845423920366253,
    "hole_8": 11.800201321958168,
    "hole_10": 10.546612206006587,
    "hole_17": 12.205663287956972
  },
  "total_revenue": 600.0,
  "total_orders": 20,
  "successful_orders": 20,
  "failed_orders": 0,
  "total_rounds": 17,
  "active_runner_hours": 6.91918307489242
}