{
  "simulation_id": "delivery_dynamic_09",
  "runner_id": "runner_1",
  "revenue_per_round": 17.586206896551722,
  "orders_per_runner_hour": 2.335432169433314,
  "on_time_rate": 0.058823529411764705,
  "delivery_cycle_time_p90": 65.62188690178687,
  "delivery_cycle_time_avg": 51.54872276224974,
  "failed_rate": 0.45,
  "second_runner_break_even_orders": 7.279166666666666,
  "queue_wait_avg": 36.17058823529412,
  "runner_utilization_driving_pct": 41.92214164279618,
  "runner_utilization_prep_pct": 0.0,
  "runner_utilization_idle_pct": 58.07785835720382,
  "distance_per_delivery_avg": 1807.0532010570923,
  "zone_service_times": {
    "hole_3": 16.826705327977894,
    "hole_16": 32.85338666821723,
    "hole_7": 50.301308756320424,
    "hole_6": 63.1236784909613,
    "hole_18": 47.708020458283876,
    "hole_14": 66.32627012961912,
    "hole_13": 58.98636960928971
  },
  "total_revenue": 510.0,
  "total_orders": 40,
  "successful_orders": 17,
  "failed_orders": 18,
  "total_rounds": 29,
  "active_runner_hours": 7.279166666666667
}