{
  "simulation_id": "delivery_dynamic_04",
  "runner_id": "2_runners",
  "revenue_per_round": 44.48275862068966,
  "orders_per_runner_hour": 6.113744075829384,
  "on_time_rate": 0.4883720930232558,
  "delivery_cycle_time_p90": 62.54037778566122,
  "delivery_cycle_time_avg": 34.459443899254445,
  "failed_rate": 0.1,
  "second_runner_break_even_orders": 7.033333333333334,
  "queue_wait_avg": 22.304471544715447,
  "runner_utilization_driving_pct": 75.40879983104001,
  "runner_utilization_prep_pct": 0.0,
  "runner_utilization_idle_pct": 24.591200168959986,
  "distance_per_delivery_avg": 1072.642917591355,
  "zone_service_times": {
    "hole_17": 26.556305765367732,
    "hole_15": 41.65920302223649,
    "hole_18": 36.21039176658015,
    "hole_10": 17.404762672083304,
    "hole_13": 55.377871242326364,
    "hole_12": 56.84501178889734,
    "hole_14": 63.52231298187077,
    "hole_8": 14.188070091554618
  },
  "total_revenue": 1290.0,
  "total_orders": 50,
  "successful_orders": 43,
  "failed_orders": 5,
  "total_rounds": 29,
  "active_runner_hours": 7.033333333333333
}