{
  "simulation_id": "delivery_dynamic_05",
  "runner_id": "3_runners",
  "revenue_per_round": 39.130434782608695,
  "orders_per_runner_hour": 4.297155176656154,
  "on_time_rate": 1.0,
  "delivery_cycle_time_p90": 21.974614075645253,
  "delivery_cycle_time_avg": 14.910262514124994,
  "failed_rate": 0.0,
  "second_runner_break_even_orders": 6.981362963797972,
  "queue_wait_avg": 0.9237179487179488,
  "runner_utilization_driving_pct": 71.495515154784,
  "runner_utilization_prep_pct": 0.0,
  "runner_utilization_idle_pct": 28.504484845216,
  "distance_per_delivery_avg": 1380.861538079331,
  "zone_service_times": {
    "hole_10": 12.074339519006585,
    "hole_8": 13.382740679192132,
    "hole_18": 13.1518982521515,
    "hole_5": 21.978003782856163,
    "hole_9": 16.920699311524945,
    "hole_2": 22.315613497476473,
    "hole_15": 13.374735162117638,
    "hole_7": 14.559653103053643,
    "hole_14": 14.60215718909397,
    "hole_-1": 15.96085195604048,
    "hole_17": 14.495237448233901,
    "hole_16": 12.375693763737399,
    "hole_4": 20.629243808924244
  },
  "total_revenue": 900.0,
  "total_orders": 30,
  "successful_orders": 30,
  "failed_orders": 0,
  "total_rounds": 23,
  "active_runner_hours": 6.981362963797971
}