{
  "simulation_id": "delivery_dynamic_02",
  "runner_id": "2_runners",
  "revenue_per_round": 37.5,
  "orders_per_runner_hour": 2.787265203344527,
  "on_time_rate": 1.0,
  "delivery_cycle_time_p90": 14.892376914519264,
  "delivery_cycle_time_avg": 12.627731610513829,
  "failed_rate": 0.0,
  "second_runner_break_even_orders": 7.175492298329334,
  "queue_wait_avg": 0.18796296296296297,
  "runner_utilization_driving_pct": 40.45513339841864,
  "runner_utilization_prep_pct": 0.0,
  "runner_utilization_idle_pct": 59.54486660158136,
  "distance_per_delivery_avg": 826.077821132643,
  "zone_service_times": {
    "hole_15": 13.081954072961116,
    "hole_16": 12.58358470349561,
    "hole_9": 11.933623998899446,
    "hole_13": 15.88611468278735,
    "hole_-1": 10.738962964242546,
    "hole_17": 14.373369764824384,
    "hole_8": 13.68843889242374,
    "hole_14": 14.748888730903127
  },
  "total_revenue": 600.0,
  "total_orders": 20,
  "successful_orders": 20,
  "failed_orders": 0,
  "total_rounds": 16,
  "active_runner_hours": 7.175492298329334
}