{
  "simulation_id": "delivery_dynamic_01",
  "runner_id": "runner_1",
  "revenue_per_round": 12.1875,
  "orders_per_runner_hour": 1.8407079646017699,
  "on_time_rate": 0.23076923076923078,
  "delivery_cycle_time_p90": 61.35481310103758,
  "delivery_cycle_time_avg": 44.20549584661661,
  "failed_rate": 0.6,
  "second_runner_break_even_orders": 7.0625,
  "queue_wait_avg": 31.235897435897435,
  "runner_utilization_driving_pct": 28.775955792963437,
  "runner_utilization_prep_pct": 0.0,
  "runner_utilization_idle_pct": 71.22404420703657,
  "distance_per_delivery_avg": 997.7850660016431,
  "zone_service_times": {
    "hole_15": 12.773058074421836,
    "hole_16": 26.703338089275924,
    "hole_7": 42.74070356201115,
    "hole_9": 41.84351589943041,
    "hole_18": 53.16357384550817,
    "hole_12": 59.46339686288938,
    "hole_-1": 49.83471967573714
  },
  "total_revenue": 390.0,
  "total_orders": 50,
  "successful_orders": 13,
  "failed_orders": 30,
  "total_rounds": 32,
  "active_runner_hours": 7.0625
}