{
  "simulation_id": "delivery_dynamic_06",
  "runner_id": "3_runners",
  "revenue_per_round": 52.17391304347826,
  "orders_per_runner_hour": 5.458439279552277,
  "on_time_rate": 0.95,
  "delivery_cycle_time_p90": 24.870577179262938,
  "delivery_cycle_time_avg": 18.104838875482436,
  "failed_rate": 0.0,
  "second_runner_break_even_orders": 7.328102036390329,
  "queue_wait_avg": 3.274122807017544,
  "runner_utilization_driving_pct": 100.0,
  "runner_utilization_prep_pct": 0.0,
  "runner_utilization_idle_pct": 0.0,
  "distance_per_delivery_avg": 1678.1258621621016,
  "zone_service_times": {
    "hole_6": 19.890618890246536,
    "hole_-1": 20.071088977534842,
    "hole_18": 11.891470837242903,
    "hole_17": 21.574970637334445,
    "hole_8": 15.710000801358687,
    "hole_10": 13.870785882304013,
    "hole_9": 19.39296078022791,
    "hole_11": 18.6435254979986,
    "hole_16": 21.206274029012498,
    "hole_15": 19.87698857792196,
    "hole_7": 16.910565728786
  },
  "total_revenue": 1200.0,
  "total_orders": 40,
  "successful_orders": 40,
  "failed_orders": 0,
  "total_rounds": 23,
  "active_runner_hours": 7.328102036390329
}