{
  "simulation_id": "delivery_dynamic_10",
  "runner_id": "3_runners",
  "revenue_per_round": 42.857142857142854,
  "orders_per_runner_hour": 5.477419637846311,
  "on_time_rate": 0.85,
  "delivery_cycle_time_p90": 32.326199723296334,
  "delivery_cycle_time_avg": 19.60665042999053,
  "failed_rate": 0.0,
  "second_runner_break_even_orders": 7.302708692176772,
  "queue_wait_avg": 4.712857142857143,
  "runner_utilization_driving_pct": 100.0,
  "runner_utilization_prep_pct": 0.0,
  "runner_utilization_idle_pct": 0.0,
  "distance_per_delivery_avg": 1842.2545444768184,
  "zone_service_times": {
    "hole_18": 14.857730486675349,
    "hole_4": 18.436502380247234,
    "hole_17": 14.688831149270927,
    "hole_2": 15.114738383420748,
    "hole_16": 24.38273959104677,
    "hole_6": 27.74527826763093,
    "hole_1": 12.828012040968861,
    "hole_9": 11.891859009094697,
    "hole_10": 15.584146059075062,
    "hole_11": 13.076373219765324,
    "hole_7": 16.943899062119392,
    "hole_8": 14.933717227950668,
    "hole_3": 28.580555245681715,
    "hole_14": 24.618244787823723,
    "hole_13": 17.823267988128826,
    "hole_-1": 20.38747015640614,
    "hole_12": 17.57198608254888,
    "hole_15": 27.43395010203494
  },
  "total_revenue": 1200.0,
  "total_orders": 40,
  "successful_orders": 40,
  "failed_orders": 0,
  "total_rounds": 28,
  "active_runner_hours": 7.302708692176772
}