{
  "simulation_id": "delivery_dynamic_01",
  "runner_id": "runner_1",
  "revenue_per_round": 26.666666666666668,
  "orders_per_runner_hour": 2.2043363207318354,
  "on_time_rate": 0.375,
  "delivery_cycle_time_p90": 60.279471599407984,
  "delivery_cycle_time_avg": 38.537971448803226,
  "failed_rate": 0.2,
  "second_runner_break_even_orders": 7.258420527539115,
  "queue_wait_avg": 24.7125,
  "runner_utilization_driving_pct": 40.29647515386402,
  "runner_utilization_prep_pct": 0.0,
  "runner_utilization_idle_pct": 59.70352484613598,
  "distance_per_delivery_avg": 1285.3584067978832,
  "zone_service_times": {
    "hole_9": 12.139149000961819,
    "hole_17": 31.51206113038,
    "hole_-1": 41.88267603444663,
    "hole_15": 54.11551784132023,
    "hole_11": 38.921425177879065,
    "hole_12": 47.991967041014874,
    "hole_14": 29.960214355959035,
    "hole_7": 24.52595490149785
  },
  "total_revenue": 480.0,
  "total_orders": 20,
  "successful_orders": 16,
  "failed_orders": 4,
  "total_rounds": 18,
  "active_runner_hours": 7.258420527539115
}