{
  "simulation_id": "delivery_dynamic_01",
  "runner_id": "runner_1",
  "revenue_per_round": 27.38095238095238,
  "orders_per_runner_hour": 2.3,
  "on_time_rate": 0.6956521739130435,
  "delivery_cycle_time_p90": 45.09469115125637,
  "delivery_cycle_time_avg": 25.194430795021095,
  "failed_rate": 0.0,
  "second_runner_break_even_orders": 12.5,
  "queue_wait_avg": 0.0,
  "runner_utilization_driving_pct": 16.142191198579674,
  "runner_utilization_waiting_pct": 28.402625317041768,
  "distance_per_delivery_avg": 857.8967963374711,
  "zone_service_times": {
    "hole_12": 13.875463167807903,
    "hole_13": 22.178610056468642,
    "hole_4": 21.455126423773496,
    "hole_18": 18.103764265117533,
    "hole_8": 16.241491681080394,
    "hole_11": 28.616407850200467,
    "hole_6": 35.83746699445797,
    "hole_17": 35.731445839914095,
    "hole_9": 44.13955911826979,
    "hole_5": 25.941233686428557,
    "hole_14": 25.6354931936358
  },
  "total_revenue": 575.0,
  "total_orders": 24,
  "successful_orders": 23,
  "failed_orders": 0,
  "total_rounds": 21,
  "active_runner_hours": 10.0
}