{
  "simulation_id": "delivery_dynamic_03",
  "runner_id": "2_runners",
  "revenue_per_round": 35.806451612903224,
  "orders_per_runner_hour": 5.212287223635296,
  "on_time_rate": 0.43243243243243246,
  "delivery_cycle_time_p90": 58.494543064547884,
  "delivery_cycle_time_avg": 35.58384714527712,
  "failed_rate": 0.025,
  "second_runner_break_even_orders": 7.0986111111111105,
  "queue_wait_avg": 23.796190476190475,
  "runner_utilization_driving_pct": 75.05882809492489,
  "runner_utilization_prep_pct": 0.0,
  "runner_utilization_idle_pct": 24.94117190507511,
  "distance_per_delivery_avg": 1032.842911083381,
  "zone_service_times": {
    "hole_14": 14.688703732746864,
    "hole_15": 22.520620878299034,
    "hole_10": 35.378907137220146,
    "hole_16": 21.85903986970049,
    "hole_18": 43.353475919515766,
    "hole_-1": 41.051063506561505,
    "hole_11": 54.800514325755664,
    "hole_17": 44.68069924750772,
    "hole_9": 12.883860399918557
  },
  "total_revenue": 1110.0,
  "total_orders": 40,
  "successful_orders": 37,
  "failed_orders": 1,
  "total_rounds": 31,
  "active_runner_hours": 7.098611111111111
}