{
  "variantKey": "front_back",
  "blockedHoles": [
    1,
    2,
    3,
    10,
    11,
    12
  ],
  "deliveryMetrics": {
    "totalOrders": 30,
    "successfulDeliveries": 30,
    "failedDeliveries": 0,
    "avgOrderTime": 16.735917158872912,
    "onTimePercentage": 100.0,
    "revenue": 900.0,
    "ordersPerRunnerHour": 3.0,
    "lateOrders": 0,
    "runnerUtilizationPct": 17.034332830925752,
    "totalRunnerDriveMinutes": 306.61799095666356,
    "totalRunnerShiftMinutes": 1800.0,
    "runnerUtilizationByRunner": {
      "runner_1": {
        "driveMinutes": 146.75326464354677,
        "utilizationPct": 24.458877440591127,
        "shiftMinutes": 600.0
      },
      "runner_2": {
        "driveMinutes": 99.51886802038734,
        "utilizationPct": 16.586478003397893,
        "shiftMinutes": 600.0
      },
      "runner_3": {
        "driveMinutes": 60.34585829272954,
        "utilizationPct": 10.057643048788256,
        "shiftMinutes": 600.0
      }
    }
  },
  "bevCartMetrics": null,
  "hasRunners": true,
  "hasBevCart": false
}