{
  "simulation_id": "delivery_dynamic_07",
  "runner_id": "runner_1",
  "revenue_per_round": 26.842105263157894,
  "orders_per_runner_hour": 2.3425837320574163,
  "on_time_rate": 0.4117647058823529,
  "delivery_cycle_time_p90": 57.4010635065615,
  "delivery_cycle_time_avg": 36.17962026283675,
  "failed_rate": 0.1,
  "second_runner_break_even_orders": 7.256944444444445,
  "queue_wait_avg": 22.7921568627451,
  "runner_utilization_driving_pct": 41.66041759488962,
  "runner_utilization_prep_pct": 0.0,
  "runner_utilization_idle_pct": 58.33958240511038,
  "distance_per_delivery_avg": 1138.1877024307944,
  "zone_service_times": {
    "hole_5": 21.630647938276404,
    "hole_18": 23.32231162386021,
    "hole_17": 39.055086150283266,
    "hole_10": 29.307543399065857,
    "hole_7": 45.66762156445402,
    "hole_-1": 56.31023017322816,
    "hole_9": 29.313206751659557,
    "hole_14": 28.992501708364763,
    "hole_6": 18.055517870538765,
    "hole_11": 26.85750342976959
  },
  "total_revenue": 510.0,
  "total_orders": 20,
  "successful_orders": 17,
  "failed_orders": 2,
  "total_rounds": 19,
  "active_runner_hours": 7.256944444444445
}