{
  "simulation_id": "delivery_dynamic_05",
  "runner_id": "2_runners",
  "revenue_per_round": 51.111111111111114,
  "orders_per_runner_hour": 6.4007144069750925,
  "on_time_rate": 0.5217391304347826,
  "delivery_cycle_time_p90": 56.85163399095317,
  "delivery_cycle_time_avg": 31.048031661151366,
  "failed_rate": 0.08,
  "second_runner_break_even_orders": 7.186697777028157,
  "queue_wait_avg": 19.106296296296296,
  "runner_utilization_driving_pct": 74.28791704777811,
  "runner_utilization_prep_pct": 0.0,
  "runner_utilization_idle_pct": 25.71208295222189,
  "distance_per_delivery_avg": 791.9821164077297,
  "zone_service_times": {
    "hole_14": 20.66197645817443,
    "hole_9": 12.900527066585255,
    "hole_15": 19.186814275009407,
    "hole_-1": 35.937883577098,
    "hole_10": 30.6080736707799,
    "hole_18": 30.4029217484584,
    "hole_16": 30.43611628002047,
    "hole_13": 60.97864258579209,
    "hole_11": 45.179458738629,
    "hole_17": 14.424986712698834
  },
  "total_revenue": 1380.0,
  "total_orders": 50,
  "successful_orders": 46,
  "failed_orders": 4,
  "total_rounds": 27,
  "active_runner_hours": 7.186697777028158
}