{
  "simulation_id": "delivery_dynamic_06",
  "runner_id": "3_runners",
  "revenue_per_round": 40.0,
  "orders_per_runner_hour": 5.467661297096564,
  "on_time_rate": 0.975,
  "delivery_cycle_time_p90": 24.588302955674386,
  "delivery_cycle_time_avg": 18.449183907263563,
  "failed_rate": 0.0,
  "second_runner_break_even_orders": 7.315742111026664,
  "queue_wait_avg": 2.7706140350877195,
  "runner_utilization_driving_pct": 100.0,
  "runner_utilization_prep_pct": 0.0,
  "runner_utilization_idle_pct": 0.0,
  "distance_per_delivery_avg": 1954.5457928405538,
  "zone_service_times": {
    "hole_-1": 16.116407511596037,
    "hole_14": 17.34613803373286,
    "hole_17": 17.412840212962934,
    "hole_7": 19.095214611702335,
    "hole_13": 21.213004154696076,
    "hole_11": 20.26873039700425,
    "hole_15": 13.025241493202792,
    "hole_3": 21.029803752968352,
    "hole_12": 16.957026662896897,
    "hole_16": 14.411924148341969,
    "hole_8": 24.14637516684958,
    "hole_6": 26.574652061810472,
    "hole_2": 22.83945290363875,
    "hole_4": 20.645910475590973,
    "hole_9": 12.148959882186926,
    "hole_5": 21.59731460494307
  },
  "total_revenue": 1200.0,
  "total_orders": 40,
  "successful_orders": 40,
  "failed_orders": 0,
  "total_rounds": 30,
  "active_runner_hours": 7.315742111026664
}