{
  "simulation_id": "delivery_blocked_01",
  "runner_id": "runner_1",
  "revenue_per_round": 8.928571428571429,
  "orders_per_runner_hour": 0.5,
  "on_time_rate": 0.6,
  "delivery_cycle_time_p90": 53.70100013811971,
  "delivery_cycle_time_avg": 30.291239383051106,
  "failed_rate": 0.5625,
  "second_runner_break_even_orders": 12.5,
  "queue_wait_avg": 0.0,
  "runner_utilization_driving_pct": 24.20756234213549,
  "runner_utilization_waiting_pct": 22.887264987136355,
  "distance_per_delivery_avg": 686.4497970018888,
  "zone_service_times": {
    "hole_2": 16.84758750149437,
    "hole_1": 45.387043854336966,
    "hole_13": 25.954944015040564,
    "hole_9": 17.87957769004667
  },
  "total_revenue": 125.0,
  "total_orders": 16,
  "successful_orders": 5,
  "failed_orders": 9,
  "total_rounds": 14,
  "active_runner_hours": 10.0
}