{
  "simulation_id": "delivery_dynamic_08",
  "runner_id": "runner_1",
  "revenue_per_round": 16.551724137931036,
  "orders_per_runner_hour": 2.266378123155617,
  "on_time_rate": 0.125,
  "delivery_cycle_time_p90": 61.39035276588593,
  "delivery_cycle_time_avg": 46.90131600189367,
  "failed_rate": 0.475,
  "second_runner_break_even_orders": 7.059722222222222,
  "queue_wait_avg": 33.817708333333336,
  "runner_utilization_driving_pct": 28.7916829390548,
  "runner_utilization_prep_pct": 0.0,
  "runner_utilization_idle_pct": 71.2083170609452,
  "distance_per_delivery_avg": 1036.092176636274,
  "zone_service_times": {
    "hole_13": 16.280826182942533,
    "hole_18": 47.22276854252941,
    "hole_17": 38.95130882799664,
    "hole_14": 51.99021041324677,
    "hole_16": 62.01471611841692,
    "hole_-1": 54.20773017322817,
    "hole_15": 27.98006924195288,
    "hole_12": 41.283989796237684
  },
  "total_revenue": 480.0,
  "total_orders": 40,
  "successful_orders": 16,
  "failed_orders": 19,
  "total_rounds": 29,
  "active_runner_hours": 7.059722222222222
}