{
  "simulation_id": "delivery_dynamic_05",
  "runner_id": "3_runners",
  "revenue_per_round": 44.44444444444444,
  "orders_per_runner_hour": 5.539738519027121,
  "on_time_rate": 1.0,
  "delivery_cycle_time_p90": 25.608542914746295,
  "delivery_cycle_time_avg": 16.714290612669274,
  "failed_rate": 0.0,
  "second_runner_break_even_orders": 7.22055740764904,
  "queue_wait_avg": 3.558854166666667,
  "runner_utilization_driving_pct": 100.0,
  "runner_utilization_prep_pct": 0.0,
  "runner_utilization_idle_pct": 0.0,
  "distance_per_delivery_avg": 1299.3816458568733,
  "zone_service_times": {
    "hole_15": 14.90041817176713,
    "hole_11": 19.934324302579018,
    "hole_9": 15.406503018642269,
    "hole_14": 15.151604856157368,
    "hole_12": 18.90195492481781,
    "hole_6": 18.61764089475282,
    "hole_13": 20.522953659614632,
    "hole_-1": 14.216009367779968,
    "hole_10": 12.177715844105842,
    "hole_7": 17.221059435664333,
    "hole_16": 26.06474165012496,
    "hole_8": 13.406502008336702,
    "hole_18": 12.447368218676031
  },
  "total_revenue": 1200.0,
  "total_orders": 40,
  "successful_orders": 40,
  "failed_orders": 0,
  "total_rounds": 27,
  "active_runner_hours": 7.22055740764904
}