{
  "simulation_id": "delivery_dynamic_03",
  "runner_id": "runner_1",
  "revenue_per_round": 13.125,
  "orders_per_runner_hour": 1.9846426461901951,
  "on_time_rate": 0.14285714285714285,
  "delivery_cycle_time_p90": 60.97393236720309,
  "delivery_cycle_time_avg": 45.66634856611691,
  "failed_rate": 0.56,
  "second_runner_break_even_orders": 7.054166666666666,
  "queue_wait_avg": 35.26538461538461,
  "runner_utilization_driving_pct": 24.00311060600648,
  "runner_utilization_prep_pct": 0.0,
  "runner_utilization_idle_pct": 75.99688939399351,
  "distance_per_delivery_avg": 981.093118215281,
  "zone_service_times": {
    "hole_17": 29.403544910621914,
    "hole_18": 51.99197974716013,
    "hole_12": 57.57610929019787,
    "hole_14": 61.961528889368246,
    "hole_10": 51.991112401692895,
    "hole_11": 24.04231263754021,
    "hole_9": 43.595303492010984
  },
  "total_revenue": 420.0,
  "total_orders": 50,
  "successful_orders": 14,
  "failed_orders": 28,
  "total_rounds": 32,
  "active_runner_hours": 7.054166666666666
}