{
  "simulation_id": "delivery_dynamic_02",
  "runner_id": "3_runners",
  "revenue_per_round": 39.130434782608695,
  "orders_per_runner_hour": 4.1189710180587555,
  "on_time_rate": 1.0,
  "delivery_cycle_time_p90": 21.536800825431943,
  "delivery_cycle_time_avg": 15.821353951283124,
  "failed_rate": 0.0,
  "second_runner_break_even_orders": 7.283372441435339,
  "queue_wait_avg": 0.7709876543209877,
  "runner_utilization_driving_pct": 86.68693770591891,
  "runner_utilization_prep_pct": 0.0,
  "runner_utilization_idle_pct": 13.313062294081092,
  "distance_per_delivery_avg": 1722.8282609644632,
  "zone_service_times": {
    "hole_13": 16.235359590312022,
    "hole_15": 12.558903238674588,
    "hole_12": 21.545526745386653,
    "hole_6": 18.729479730329967,
    "hole_16": 11.829660259936281,
    "hole_17": 14.306684979188322,
    "hole_5": 21.228079040720758,
    "hole_9": 11.347393353112935,
    "hole_7": 18.40894326267591,
    "hole_-1": 12.475152742662704,
    "hole_8": 13.722707857554672,
    "hole_14": 14.589349648016954,
    "hole_11": 15.311870295644136
  },
  "total_revenue": 900.0,
  "total_orders": 30,
  "successful_orders": 30,
  "failed_orders": 0,
  "total_rounds": 23,
  "active_runner_hours": 7.283372441435339
}