{
  "simulation_id": "delivery_dynamic_10",
  "runner_id": "runner_1",
  "revenue_per_round": 21.6,
  "orders_per_runner_hour": 2.505316064179393,
  "on_time_rate": 0.2222222222222222,
  "delivery_cycle_time_p90": 62.720350227375675,
  "delivery_cycle_time_avg": 41.52251198814234,
  "failed_rate": 0.3,
  "second_runner_break_even_orders": 7.184722222222222,
  "queue_wait_avg": 28.630392156862744,
  "runner_utilization_driving_pct": 43.57194809884074,
  "runner_utilization_prep_pct": 0.0,
  "runner_utilization_idle_pct": 56.42805190115926,
  "distance_per_delivery_avg": 1506.186250238046,
  "zone_service_times": {
    "hole_6": 35.12012649244795,
    "hole_14": 31.384059911041003,
    "hole_17": 49.259800776093165,
    "hole_8": 62.13427976200394,
    "hole_16": 55.40658827590839,
    "hole_18": 38.60939023792246,
    "hole_7": 17.329157371195226,
    "hole_9": 35.0511112473243,
    "hole_15": 43.51739324430055,
    "hole_10": 36.2473764931375
  },
  "total_revenue": 540.0,
  "total_orders": 30,
  "successful_orders": 18,
  "failed_orders": 9,
  "total_rounds": 25,
  "active_runner_hours": 7.184722222222222
}