{
  "simulation_id": "delivery_dynamic_05",
  "runner_id": "2_runners",
  "revenue_per_round": 48.0,
  "orders_per_runner_hour": 5.612864129445843,
  "on_time_rate": 0.625,
  "delivery_cycle_time_p90": 39.42240967789439,
  "delivery_cycle_time_avg": 24.5946335403283,
  "failed_rate": 0.0,
  "second_runner_break_even_orders": 7.126486420748117,
  "queue_wait_avg": 13.196846846846848,
  "runner_utilization_driving_pct": 80.24549444634235,
  "runner_utilization_prep_pct": 0.0,
  "runner_utilization_idle_pct": 19.75450555365765,
  "distance_per_delivery_avg": 802.2168695503082,
  "zone_service_times": {
    "hole_9": 20.467231031363422,
    "hole_8": 14.267375419914622,
    "hole_18": 24.82036026943831,
    "hole_10": 28.166820546991183,
    "hole_16": 28.477015924246476,
    "hole_-1": 30.53213852515159,
    "hole_15": 19.662419931177684,
    "hole_17": 31.0046623606194,
    "hole_14": 14.721799189228053
  },
  "total_revenue": 1200.0,
  "total_orders": 40,
  "successful_orders": 40,
  "failed_orders": 0,
  "total_rounds": 25,
  "active_runner_hours": 7.126486420748117
}