{
  "simulation_id": "delivery_dynamic_07",
  "runner_id": "runner_1",
  "revenue_per_round": 13.636363636363637,
  "orders_per_runner_hour": 2.1101992966002343,
  "on_time_rate": 0.06666666666666667,
  "delivery_cycle_time_p90": 65.4880092318306,
  "delivery_cycle_time_avg": 49.48027959763856,
  "failed_rate": 0.58,
  "second_runner_break_even_orders": 7.108333333333333,
  "queue_wait_avg": 36.08,
  "runner_utilization_driving_pct": 35.40543820974874,
  "runner_utilization_prep_pct": 0.0,
  "runner_utilization_idle_pct": 64.59456179025126,
  "distance_per_delivery_avg": 1142.493944806553,
  "zone_service_times": {
    "hole_8": 13.73498691424981,
    "hole_-1": 48.06127873045637,
    "hole_11": 45.717083376545844,
    "hole_18": 50.27886546972095,
    "hole_13": 64.54624441111476,
    "hole_7": 58.41802192212842,
    "hole_17": 54.86470544385362,
    "hole_4": 53.65887420477654,
    "hole_12": 66.90065646290435
  },
  "total_revenue": 450.0,
  "total_orders": 50,
  "successful_orders": 15,
  "failed_orders": 29,
  "total_rounds": 33,
  "active_runner_hours": 7.108333333333333
}