{
  "simulation_id": "delivery_dynamic_08",
  "runner_id": "3_runners",
  "revenue_per_round": 44.11764705882353,
  "orders_per_runner_hour": 6.789385291946006,
  "on_time_rate": 0.92,
  "delivery_cycle_time_p90": 29.630763155298716,
  "delivery_cycle_time_avg": 19.21070342768903,
  "failed_rate": 0.0,
  "second_runner_break_even_orders": 7.364436962991793,
  "queue_wait_avg": 6.132608695652174,
  "runner_utilization_driving_pct": 100.0,
  "runner_utilization_prep_pct": 0.0,
  "runner_utilization_idle_pct": 0.0,
  "distance_per_delivery_avg": 1199.0843517035119,
  "zone_service_times": {
    "hole_11": 20.303701835244944,
    "hole_13": 20.437000690925455,
    "hole_17": 17.255390394775144,
    "hole_12": 19.08930813558222,
    "hole_-1": 18.33596263652988,
    "hole_18": 16.70923681654526,
    "hole_10": 29.345304408776006,
    "hole_9": 18.45166199240919,
    "hole_15": 24.77887910831141,
    "hole_14": 18.72432986608335,
    "hole_16": 14.537660880414236,
    "hole_8": 13.52797572738685
  },
  "total_revenue": 1500.0,
  "total_orders": 50,
  "successful_orders": 50,
  "failed_orders": 0,
  "total_rounds": 34,
  "active_runner_hours": 7.364436962991793
}