{
  "variantKey": "front_back",
  "blockedHoles": [
    1,
    2,
    3,
    10,
    11,
    12
  ],
  "deliveryMetrics": {
    "totalOrders": 30,
    "successfulDeliveries": 30,
    "failedDeliveries": 0,
    "avgOrderTime": 14.97583465366443,
    "onTimePercentage": 100.0,
    "revenue": 900.0,
    "ordersPerRunnerHour": 3.0,
    "lateOrders": 0,
    "runnerUtilizationPct": 19.88009479314442,
    "totalRunnerDriveMinutes": 357.84170627659955,
    "totalRunnerShiftMinutes": 1800.0,
    "runnerUtilizationByRunner": {
      "runner_1": {
        "driveMinutes": 158.04510247514662,
        "utilizationPct": 26.340850412524436,
        "shiftMinutes": 600.0
      },
      "runner_2": {
        "driveMinutes": 115.27240437633847,
        "utilizationPct": 19.212067396056412,
        "shiftMinutes": 600.0
      },
      "runner_3": {
        "driveMinutes": 84.52419942511445,
        "utilizationPct": 14.087366570852408,
        "shiftMinutes": 600.0
      }
    }
  },
  "bevCartMetrics": null,
  "hasRunners": true,
  "hasBevCart": false
}