{
  "simulation_id": "delivery_dynamic_09",
  "runner_id": "2_runners",
  "revenue_per_round": 44.516129032258064,
  "orders_per_runner_hour": 6.2612505123938815,
  "on_time_rate": 0.30434782608695654,
  "delivery_cycle_time_p90": 59.05632314851548,
  "delivery_cycle_time_avg": 39.803981988270124,
  "failed_rate": 0.06,
  "second_runner_break_even_orders": 7.346775202324989,
  "queue_wait_avg": 26.71925925925926,
  "runner_utilization_driving_pct": 78.49191145007761,
  "runner_utilization_prep_pct": 0.0,
  "runner_utilization_idle_pct": 21.50808854992239,
  "distance_per_delivery_avg": 1231.633600232675,
  "zone_service_times": {
    "hole_1": 12.210426259020187,
    "hole_10": 20.749423732634963,
    "hole_-1": 38.67080358920127,
    "hole_3": 25.816775848949387,
    "hole_6": 51.73018216204867,
    "hole_18": 42.725615739701006,
    "hole_15": 66.10016002988232,
    "hole_14": 59.271692961741024,
    "hole_17": 21.343697353154816,
    "hole_4": 45.92261583798317,
    "hole_12": 50.56980228652635,
    "hole_11": 13.308979304206877,
    "hole_16": 19.95338666821723,
    "hole_8": 17.76817562939056,
    "hole_2": 25.839333248289645
  },
  "total_revenue": 1380.0,
  "total_orders": 50,
  "successful_orders": 46,
  "failed_orders": 3,
  "total_rounds": 31,
  "active_runner_hours": 7.346775202324989
}