{
  "simulation_id": "delivery_dynamic_08",
  "runner_id": "3_runners",
  "revenue_per_round": 36.0,
  "orders_per_runner_hour": 4.038891091637701,
  "on_time_rate": 1.0,
  "delivery_cycle_time_p90": 23.081293265215372,
  "delivery_cycle_time_avg": 16.803986494219004,
  "failed_rate": 0.0,
  "second_runner_break_even_orders": 7.4277813685328935,
  "queue_wait_avg": 1.1590277777777778,
  "runner_utilization_driving_pct": 85.23728640798774,
  "runner_utilization_prep_pct": 0.0,
  "runner_utilization_idle_pct": 14.762713592012261,
  "distance_per_delivery_avg": 1974.5927953909163,
  "zone_service_times": {
    "hole_16": 11.978338091526286,
    "hole_7": 18.86004053921932,
    "hole_2": 22.98213117545848,
    "hole_14": 14.911260172201704,
    "hole_18": 11.845808579552795,
    "hole_9": 12.262019086489781,
    "hole_3": 21.059918229822504,
    "hole_8": 15.444579502830614,
    "hole_6": 29.191142428936836,
    "hole_-1": 10.381063506561501,
    "hole_5": 21.787659215507,
    "hole_15": 12.351495538030667,
    "hole_4": 21.942905847380217
  },
  "total_revenue": 900.0,
  "total_orders": 30,
  "successful_orders": 30,
  "failed_orders": 0,
  "total_rounds": 25,
  "active_runner_hours": 7.4277813685328935
}