{
  "variantKey": "front",
  "blockedHoles": [
    1,
    2,
    3
  ],
  "deliveryMetrics": {
    "totalOrders": 40,
    "successfulDeliveries": 40,
    "failedDeliveries": 0,
    "avgOrderTime": 17.866572614070943,
    "onTimePercentage": 95.0,
    "revenue": 1200.0,
    "ordersPerRunnerHour": 4.0,
    "lateOrders": 2,
    "runnerUtilizationPct": 25.379949724390453,
    "totalRunnerDriveMinutes": 456.83909503902817,
    "totalRunnerShiftMinutes": 1800.0,
    "runnerUtilizationByRunner": {
      "runner_1": {
        "driveMinutes": 167.50545719186508,
        "utilizationPct": 27.917576198644177,
        "shiftMinutes": 600.0
      },
      "runner_3": {
        "driveMinutes": 150.79986329283932,
        "utilizationPct": 25.133310548806552,
        "shiftMinutes": 600.0
      },
      "runner_2": {
        "driveMinutes": 138.53377455432386,
        "utilizationPct": 23.088962425720645,
        "shiftMinutes": 600.0
      }
    }
  },
  "bevCartMetrics": null,
  "hasRunners": true,
  "hasBevCart": false
}