{
  "simulation_id": "delivery_dynamic_07",
  "runner_id": "2_runners",
  "revenue_per_round": 42.69230769230769,
  "orders_per_runner_hour": 5.070831601440481,
  "on_time_rate": 0.4864864864864865,
  "delivery_cycle_time_p90": 58.47817637725939,
  "delivery_cycle_time_avg": 36.52566249800937,
  "failed_rate": 0.075,
  "second_runner_break_even_orders": 7.2966335520764165,
  "queue_wait_avg": 23.51574074074074,
  "runner_utilization_driving_pct": 88.72910855823493,
  "runner_utilization_prep_pct": 0.0,
  "runner_utilization_idle_pct": 11.270891441765073,
  "distance_per_delivery_avg": 1224.8820587906062,
  "zone_service_times": {
    "hole_14": 17.823763117238354,
    "hole_6": 20.770274157715235,
    "hole_17": 26.924986712698836,
    "hole_9": 25.68914900096182,
    "hole_15": 29.353747077786043,
    "hole_7": 37.01165293099078,
    "hole_-1": 48.45661446479084,
    "hole_18": 33.83196699549829,
    "hole_12": 54.944507335618255,
    "hole_8": 62.542039683646486,
    "hole_10": 39.643875338483745,
    "hole_11": 61.12681441483013,
    "hole_16": 19.167779310685972
  },
  "total_revenue": 1110.0,
  "total_orders": 40,
  "successful_orders": 37,
  "failed_orders": 3,
  "total_rounds": 26,
  "active_runner_hours": 7.2966335520764165
}