{
  "simulation_id": "delivery_dynamic_04",
  "runner_id": "runner_1",
  "revenue_per_round": 26.842105263157894,
  "orders_per_runner_hour": 2.357806389272099,
  "on_time_rate": 0.5294117647058824,
  "delivery_cycle_time_p90": 56.33276184459915,
  "delivery_cycle_time_avg": 32.27467326041497,
  "failed_rate": 0.15,
  "second_runner_break_even_orders": 7.21009158230682,
  "queue_wait_avg": 20.767777777777777,
  "runner_utilization_driving_pct": 35.06117930975237,
  "runner_utilization_prep_pct": 0.0,
  "runner_utilization_idle_pct": 64.93882069024764,
  "distance_per_delivery_avg": 1327.254921381785,
  "zone_service_times": {
    "hole_18": 29.193937010712336,
    "hole_-1": 40.78046522242297,
    "hole_3": 36.377667788320956,
    "hole_7": 42.279157371195225,
    "hole_11": 48.61090423555336,
    "hole_9": 58.65111124732424,
    "hole_12": 39.17076475305124,
    "hole_4": 19.006056202532758,
    "hole_17": 17.56783468026812,
    "hole_10": 12.7135619594205
  },
  "total_revenue": 510.0,
  "total_orders": 20,
  "successful_orders": 17,
  "failed_orders": 3,
  "total_rounds": 19,
  "active_runner_hours": 7.21009158230682
}