{
  "simulation_id": "delivery_dynamic_05",
  "runner_id": "runner_1",
  "revenue_per_round": 37.5,
  "orders_per_runner_hour": 2.4796748292662913,
  "on_time_rate": 0.9,
  "delivery_cycle_time_p90": 31.511002913661496,
  "delivery_cycle_time_avg": 17.802956378438598,
  "failed_rate": 0.0,
  "second_runner_break_even_orders": 8.065573664720297,
  "queue_wait_avg": 6.423456790123459,
  "runner_utilization_driving_pct": 36.54102251997796,
  "runner_utilization_prep_pct": 0.0,
  "runner_utilization_idle_pct": 63.45897748002204,
  "distance_per_delivery_avg": 1455.728592475793,
  "zone_service_times": {
    "hole_6": 16.86011596480344,
    "hole_3": 13.410796480451094,
    "hole_10": 11.702133766290505,
    "hole_17": 12.011992251354544,
    "hole_18": 16.211277750448385,
    "hole_15": 18.386137539296517,
    "hole_7": 27.40289772021479,
    "hole_9": 39.487113249757144,
    "hole_12": 12.425474564059792,
    "hole_16": 10.735416375932195
  },
  "total_revenue": 600.0,
  "total_orders": 20,
  "successful_orders": 20,
  "failed_orders": 0,
  "total_rounds": 16,
  "active_runner_hours": 8.065573664720297
}