{
  "simulation_id": "delivery_dynamic_04",
  "runner_id": "3_runners",
  "revenue_per_round": 40.0,
  "orders_per_runner_hour": 5.427758844233103,
  "on_time_rate": 0.975,
  "delivery_cycle_time_p90": 25.50982173747361,
  "delivery_cycle_time_avg": 17.214614290262123,
  "failed_rate": 0.0,
  "second_runner_break_even_orders": 7.369524171564713,
  "queue_wait_avg": 3.4242857142857144,
  "runner_utilization_driving_pct": 93.08419035061384,
  "runner_utilization_prep_pct": 0.0,
  "runner_utilization_idle_pct": 6.915809649386162,
  "distance_per_delivery_avg": 1417.3704015280741,
  "zone_service_times": {
    "hole_18": 15.183112958988891,
    "hole_11": 16.14869037339979,
    "hole_17": 17.99318878660053,
    "hole_15": 17.65286234162233,
    "hole_14": 20.698030129787792,
    "hole_10": 12.942701970731449,
    "hole_9": 20.035729160933716,
    "hole_12": 17.113803662610056,
    "hole_16": 18.036720001550567,
    "hole_13": 19.60335267754984,
    "hole_8": 14.389032639590187
  },
  "total_revenue": 1200.0,
  "total_orders": 40,
  "successful_orders": 40,
  "failed_orders": 0,
  "total_rounds": 30,
  "active_runner_hours": 7.369524171564713
}