{
  "simulation_id": "delivery_dynamic_04",
  "runner_id": "runner_1",
  "revenue_per_round": 28.235294117647058,
  "orders_per_runner_hour": 2.2351571594877764,
  "on_time_rate": 0.4375,
  "delivery_cycle_time_p90": 50.05090713506937,
  "delivery_cycle_time_avg": 32.3346415694113,
  "failed_rate": 0.15,
  "second_runner_break_even_orders": 7.158333333333334,
  "queue_wait_avg": 18.35,
  "runner_utilization_driving_pct": 40.34413844805364,
  "runner_utilization_prep_pct": 0.0,
  "runner_utilization_idle_pct": 59.65586155194636,
  "distance_per_delivery_avg": 1338.8395673221976,
  "zone_service_times": {
    "hole_3": 20.365539767928748,
    "hole_-1": 36.93536358092187,
    "hole_17": 52.624986712698835,
    "hole_13": 44.8834701184019,
    "hole_9": 24.084578477334112,
    "hole_18": 42.75391840274609,
    "hole_14": 42.79888873090313,
    "hole_10": 14.555258908476148,
    "hole_5": 38.63765921550706
  },
  "total_revenue": 480.0,
  "total_orders": 20,
  "successful_orders": 16,
  "failed_orders": 3,
  "total_rounds": 17,
  "active_runner_hours": 7.158333333333333
}