{
  "simulation_id": "delivery_dynamic_06",
  "runner_id": "2_runners",
  "revenue_per_round": 39.310344827586206,
  "orders_per_runner_hour": 5.239723901851124,
  "on_time_rate": 0.631578947368421,
  "delivery_cycle_time_p90": 48.916677840517856,
  "delivery_cycle_time_avg": 27.86929657112893,
  "failed_rate": 0.025,
  "second_runner_break_even_orders": 7.252290523661965,
  "queue_wait_avg": 13.005263157894737,
  "runner_utilization_driving_pct": 84.33568347554652,
  "runner_utilization_prep_pct": 0.0,
  "runner_utilization_idle_pct": 15.664316524453483,
  "distance_per_delivery_avg": 1634.3152268466893,
  "zone_service_times": {
    "hole_17": 28.583959524869996,
    "hole_13": 22.671029305577395,
    "hole_11": 27.108979304206876,
    "hole_18": 24.78190926577903,
    "hole_15": 32.2432457999063,
    "hole_16": 29.738644913806215,
    "hole_9": 13.198191383302765,
    "hole_12": 30.012315140338327,
    "hole_10": 32.44785769352117,
    "hole_14": 32.24893670815833,
    "hole_8": 13.852812356577003
  },
  "total_revenue": 1140.0,
  "total_orders": 40,
  "successful_orders": 38,
  "failed_orders": 1,
  "total_rounds": 29,
  "active_runner_hours": 7.252290523661965
}