{
  "simulation_id": "delivery_dynamic_06",
  "runner_id": "runner_1",
  "revenue_per_round": 17.0,
  "orders_per_runner_hour": 2.405660377358491,
  "on_time_rate": 0.23529411764705882,
  "delivery_cycle_time_p90": 58.58966917837127,
  "delivery_cycle_time_avg": 44.16110951278873,
  "failed_rate": 0.52,
  "second_runner_break_even_orders": 7.066666666666666,
  "queue_wait_avg": 32.26274509803922,
  "runner_utilization_driving_pct": 19.403819587439088,
  "runner_utilization_prep_pct": 0.0,
  "runner_utilization_idle_pct": 80.59618041256091,
  "distance_per_delivery_avg": 637.8504433558385,
  "zone_service_times": {
    "hole_17": 21.233428595241275,
    "hole_10": 26.507735063577034,
    "hole_18": 52.39695075848769,
    "hole_11": 36.605068109259385,
    "hole_12": 50.96787735724356,
    "hole_16": 17.824865653481297
  },
  "total_revenue": 510.0,
  "total_orders": 50,
  "successful_orders": 17,
  "failed_orders": 26,
  "total_rounds": 30,
  "active_runner_hours": 7.066666666666666
}