{
  "simulation_id": "delivery_dynamic_06",
  "runner_id": "2_runners",
  "revenue_per_round": 41.111111111111114,
  "orders_per_runner_hour": 5.132068213522396,
  "on_time_rate": 0.43243243243243246,
  "delivery_cycle_time_p90": 57.35259683762124,
  "delivery_cycle_time_avg": 34.687208915636525,
  "failed_rate": 0.05,
  "second_runner_break_even_orders": 7.209569019856236,
  "queue_wait_avg": 21.343627450980392,
  "runner_utilization_driving_pct": 90.46190880455931,
  "runner_utilization_prep_pct": 0.0,
  "runner_utilization_idle_pct": 9.538091195440686,
  "distance_per_delivery_avg": 1704.9130064646827,
  "zone_service_times": {
    "hole_2": 13.51500881387413,
    "hole_4": 24.370136307377873,
    "hole_18": 44.73523765587664,
    "hole_14": 25.952530741935853,
    "hole_17": 24.407019112313222,
    "hole_16": 22.856187236661025,
    "hole_13": 41.154972420186475,
    "hole_11": 23.434824161584828,
    "hole_6": 59.435830740329884,
    "hole_-1": 55.98761290030382,
    "hole_8": 57.62018965685887,
    "hole_15": 32.27824233578712,
    "hole_9": 18.49243770160859,
    "hole_12": 16.0770717549869
  },
  "total_revenue": 1110.0,
  "total_orders": 40,
  "successful_orders": 37,
  "failed_orders": 2,
  "total_rounds": 27,
  "active_runner_hours": 7.209569019856236
}