{
  "simulation_id": "delivery_dynamic_07",
  "runner_id": "runner_1",
  "revenue_per_round": 33.333333333333336,
  "orders_per_runner_hour": 2.812638599113355,
  "on_time_rate": 0.55,
  "delivery_cycle_time_p90": 45.53976075681327,
  "delivery_cycle_time_avg": 26.406433057315915,
  "failed_rate": 0.0,
  "second_runner_break_even_orders": 7.1107606950657365,
  "queue_wait_avg": 15.476851851851851,
  "runner_utilization_driving_pct": 25.155092446774812,
  "runner_utilization_prep_pct": 0.0,
  "runner_utilization_idle_pct": 74.84490755322518,
  "distance_per_delivery_avg": 1783.6318012674597,
  "zone_service_times": {
    "hole_16": 19.825261160048406,
    "hole_6": 17.48282303397485,
    "hole_4": 14.570742708836587,
    "hole_18": 36.138192502543646,
    "hole_8": 40.16864163575953,
    "hole_7": 35.319624165798935,
    "hole_12": 40.208877098796016,
    "hole_10": 11.216659867559974,
    "hole_17": 12.334530592833108
  },
  "total_revenue": 600.0,
  "total_orders": 20,
  "successful_orders": 20,
  "failed_orders": 0,
  "total_rounds": 18,
  "active_runner_hours": 7.1107606950657365
}