{
  "simulation_id": "delivery_dynamic_09",
  "runner_id": "2_runners",
  "revenue_per_round": 35.294117647058826,
  "orders_per_runner_hour": 2.735240954703041,
  "on_time_rate": 1.0,
  "delivery_cycle_time_p90": 23.310983936409194,
  "delivery_cycle_time_avg": 15.764382963052034,
  "failed_rate": 0.0,
  "second_runner_break_even_orders": 7.3119700718181715,
  "queue_wait_avg": 0.5566666666666666,
  "runner_utilization_driving_pct": 46.89734345411602,
  "runner_utilization_prep_pct": 0.0,
  "runner_utilization_idle_pct": 53.10265654588398,
  "distance_per_delivery_avg": 1796.552675585485,
  "zone_service_times": {
    "hole_9": 11.173723877048118,
    "hole_3": 23.33244769884568,
    "hole_18": 12.260881753776342,
    "hole_2": 23.34823162771249,
    "hole_17": 14.284642161329975,
    "hole_15": 14.603747077786043,
    "hole_14": 14.841271591025956,
    "hole_5": 22.39202612122669,
    "hole_-1": 10.429021516597398
  },
  "total_revenue": 600.0,
  "total_orders": 20,
  "successful_orders": 20,
  "failed_orders": 0,
  "total_rounds": 17,
  "active_runner_hours": 7.3119700718181715
}