{
  "simulation_id": "delivery_dynamic_02",
  "runner_id": "3_runners",
  "revenue_per_round": 37.5,
  "orders_per_runner_hour": 2.9337930049822964,
  "on_time_rate": 1.0,
  "delivery_cycle_time_p90": 22.832020516963926,
  "delivery_cycle_time_avg": 16.416768084696162,
  "failed_rate": 0.0,
  "second_runner_break_even_orders": 6.817113533925235,
  "queue_wait_avg": 2.044791666666667,
  "runner_utilization_driving_pct": 49.2806510596513,
  "runner_utilization_prep_pct": 0.0,
  "runner_utilization_idle_pct": 50.7193489403487,
  "distance_per_delivery_avg": 1606.3940764579104,
  "zone_service_times": {
    "hole_13": 16.47971116581752,
    "hole_16": 20.44801925740312,
    "hole_17": 13.840246924531069,
    "hole_15": 17.201579347923992,
    "hole_10": 12.344970310307326,
    "hole_11": 13.692336523011424,
    "hole_2": 15.94234955504261,
    "hole_18": 15.945787646470409,
    "hole_8": 14.221403424888013,
    "hole_9": 12.963895244865792,
    "hole_14": 17.175307786791503
  },
  "total_revenue": 600.0,
  "total_orders": 20,
  "successful_orders": 20,
  "failed_orders": 0,
  "total_rounds": 16,
  "active_runner_hours": 6.817113533925236
}