{
  "simulation_id": "delivery_dynamic_01",
  "runner_id": "2_runners",
  "revenue_per_round": 31.57894736842105,
  "orders_per_runner_hour": 2.8436883879744586,
  "on_time_rate": 0.85,
  "delivery_cycle_time_p90": 37.80514540267046,
  "delivery_cycle_time_avg": 20.385169986929835,
  "failed_rate": 0.0,
  "second_runner_break_even_orders": 7.033119410895043,
  "queue_wait_avg": 4.6,
  "runner_utilization_driving_pct": 64.54237602682731,
  "runner_utilization_prep_pct": 0.0,
  "runner_utilization_idle_pct": 35.45762397317269,
  "distance_per_delivery_avg": 2175.657115608424,
  "zone_service_times": {
    "hole_2": 22.59194801093378,
    "hole_5": 22.401070704316115,
    "hole_17": 30.076884550915583,
    "hole_15": 12.645345606138592,
    "hole_11": 15.620105643465376,
    "hole_8": 16.421832467390658,
    "hole_3": 37.07980375296835,
    "hole_9": 15.20438959513743,
    "hole_7": 14.369308648492613,
    "hole_12": 17.431346457918334
  },
  "total_revenue": 600.0,
  "total_orders": 20,
  "successful_orders": 20,
  "failed_orders": 0,
  "total_rounds": 19,
  "active_runner_hours": 7.033119410895043
}