{
  "simulation_id": "delivery_blocked_02",
  "runner_id": "2_runners",
  "revenue_per_round": 21.666666666666668,
  "orders_per_runner_hour": 1.3,
  "on_time_rate": 0.8461538461538461,
  "delivery_cycle_time_p90": 41.31398509128161,
  "delivery_cycle_time_avg": 21.605499486398987,
  "failed_rate": 0.0625,
  "second_runner_break_even_orders": 12.5,
  "queue_wait_avg": 0.0,
  "runner_utilization_driving_pct": 12.351144124630203,
  "runner_utilization_waiting_pct": 12.478364417903858,
  "distance_per_delivery_avg": 689.4001970143646,
  "zone_service_times": {
    "hole_9": 10.868519775162591,
    "hole_7": 27.012011868037572,
    "hole_10": 20.941472009967278,
    "hole_8": 22.943464715989222,
    "hole_18": 15.459946210988225,
    "hole_17": 18.357891489303316,
    "hole_13": 21.49229735972852
  },
  "total_revenue": 325.0,
  "total_orders": 16,
  "successful_orders": 13,
  "failed_orders": 1,
  "total_rounds": 15,
  "active_runner_hours": 10.0
}