{
  "variantKey": "back",
  "blockedHoles": [
    10,
    11,
    12
  ],
  "deliveryMetrics": {
    "totalOrders": 30,
    "successfulDeliveries": 30,
    "failedDeliveries": 0,
    "avgOrderTime": 12.323095718006085,
    "onTimePercentage": 100.0,
    "revenue": 900.0,
    "ordersPerRunnerHour": 3.0,
    "lateOrders": 0,
    "runnerUtilizationPct": 14.956767381471655,
    "totalRunnerDriveMinutes": 269.2218128664898,
    "totalRunnerShiftMinutes": 1800.0,
    "runnerUtilizationByRunner": {
      "runner_2": {
        "driveMinutes": 94.10543727077435,
        "utilizationPct": 15.684239545129058,
        "shiftMinutes": 600.0
      },
      "runner_1": {
        "driveMinutes": 151.26207971176007,
        "utilizationPct": 25.210346618626676,
        "shiftMinutes": 600.0
      },
      "runner_3": {
        "driveMinutes": 23.854295883955377,
        "utilizationPct": 3.9757159806592295,
        "shiftMinutes": 600.0
      }
    }
  },
  "bevCartMetrics": null,
  "hasRunners": true,
  "hasBevCart": false
}