{
  "simulation_id": "delivery_dynamic_04",
  "runner_id": "3_runners",
  "revenue_per_round": 40.833333333333336,
  "orders_per_runner_hour": 6.761276363402073,
  "on_time_rate": 0.9591836734693877,
  "delivery_cycle_time_p90": 26.357875890790147,
  "delivery_cycle_time_avg": 17.01943926609013,
  "failed_rate": 0.0,
  "second_runner_break_even_orders": 7.247152366856465,
  "queue_wait_avg": 4.31125,
  "runner_utilization_driving_pct": 100.0,
  "runner_utilization_prep_pct": 0.0,
  "runner_utilization_idle_pct": 0.0,
  "distance_per_delivery_avg": 1176.0173076920003,
  "zone_service_times": {
    "hole_17": 17.97038958271741,
    "hole_16": 23.95579282751593,
    "hole_11": 13.838401442592673,
    "hole_18": 16.274155711773414,
    "hole_9": 13.791698580909836,
    "hole_10": 21.51806988359658,
    "hole_15": 18.09794003241653,
    "hole_14": 17.764340298524466,
    "hole_12": 15.083900680317775,
    "hole_8": 13.660493992983811,
    "hole_13": 17.7529515351974
  },
  "total_revenue": 1470.0,
  "total_orders": 50,
  "successful_orders": 49,
  "failed_orders": 0,
  "total_rounds": 36,
  "active_runner_hours": 7.247152366856464
}