{
  "simulation_id": "delivery_dynamic_09",
  "runner_id": "runner_1",
  "revenue_per_round": 10.0,
  "orders_per_runner_hour": 1.853098396357157,
  "on_time_rate": 0.07692307692307693,
  "delivery_cycle_time_p90": 62.76564113803094,
  "delivery_cycle_time_avg": 48.88902647700869,
  "failed_rate": 0.58,
  "second_runner_break_even_orders": 7.0152777777777775,
  "queue_wait_avg": 37.581944444444446,
  "runner_utilization_driving_pct": 28.803962193889436,
  "runner_utilization_prep_pct": 0.0,
  "runner_utilization_idle_pct": 71.19603780611057,
  "distance_per_delivery_avg": 1410.5282808903069,
  "zone_service_times": {
    "hole_11": 27.110423002812194,
    "hole_18": 47.45966917837126,
    "hole_-1": 54.34713188908963,
    "hole_14": 57.6774851256185,
    "hole_7": 64.57915737119522,
    "hole_6": 55.409760903020775
  },
  "total_revenue": 390.0,
  "total_orders": 50,
  "successful_orders": 13,
  "failed_orders": 29,
  "total_rounds": 39,
  "active_runner_hours": 7.0152777777777775
}