{
  "simulation_id": "delivery_dynamic_04",
  "runner_id": "3_runners",
  "revenue_per_round": 44.44444444444444,
  "orders_per_runner_hour": 5.44567334607613,
  "on_time_rate": 0.875,
  "delivery_cycle_time_p90": 31.64889160130654,
  "delivery_cycle_time_avg": 19.5443125544608,
  "failed_rate": 0.0,
  "second_runner_break_even_orders": 7.345280823504026,
  "queue_wait_avg": 4.691666666666666,
  "runner_utilization_driving_pct": 100.0,
  "runner_utilization_prep_pct": 0.0,
  "runner_utilization_idle_pct": 0.0,
  "distance_per_delivery_avg": 1866.9490182988282,
  "zone_service_times": {
    "hole_8": 16.074514927271313,
    "hole_15": 20.12237626694162,
    "hole_17": 19.136464991659132,
    "hole_6": 19.032477584246013,
    "hole_-1": 20.237981324295873,
    "hole_7": 16.943899062119392,
    "hole_14": 22.0507892051261,
    "hole_9": 28.779599281095035,
    "hole_18": 18.173487169476918,
    "hole_13": 31.071443094996482,
    "hole_12": 14.625523627777895,
    "hole_11": 13.093039886431992
  },
  "total_revenue": 1200.0,
  "total_orders": 40,
  "successful_orders": 40,
  "failed_orders": 0,
  "total_rounds": 27,
  "active_runner_hours": 7.345280823504026
}