{
  "simulation_id": "delivery_dynamic_04",
  "runner_id": "3_runners",
  "revenue_per_round": 40.0,
  "orders_per_runner_hour": 5.402910930147555,
  "on_time_rate": 0.9,
  "delivery_cycle_time_p90": 30.254036695904553,
  "delivery_cycle_time_avg": 17.99535804806126,
  "failed_rate": 0.0,
  "second_runner_break_even_orders": 7.403416513273446,
  "queue_wait_avg": 3.539047619047619,
  "runner_utilization_driving_pct": 100.0,
  "runner_utilization_prep_pct": 0.0,
  "runner_utilization_idle_pct": 0.0,
  "distance_per_delivery_avg": 1645.9603041485814,
  "zone_service_times": {
    "hole_15": 26.051102755997526,
    "hole_10": 13.068420129536996,
    "hole_8": 13.78663833788861,
    "hole_5": 25.176681553874065,
    "hole_11": 17.846188355593455,
    "hole_9": 12.144337557189264,
    "hole_16": 16.712993593269616,
    "hole_-1": 16.14782954831339,
    "hole_3": 32.77715913340562,
    "hole_17": 18.287489007983186,
    "hole_18": 12.697311364761998,
    "hole_14": 16.626586816199307,
    "hole_13": 16.04048140539265,
    "hole_4": 21.502460713606794,
    "hole_2": 23.201135804696
  },
  "total_revenue": 1200.0,
  "total_orders": 40,
  "successful_orders": 40,
  "failed_orders": 0,
  "total_rounds": 30,
  "active_runner_hours": 7.403416513273446
}