{
  "simulation_id": "delivery_dynamic_09",
  "runner_id": "2_runners",
  "revenue_per_round": 35.294117647058826,
  "orders_per_runner_hour": 2.9424978699901065,
  "on_time_rate": 0.9,
  "delivery_cycle_time_p90": 31.332790793545875,
  "delivery_cycle_time_avg": 17.35186188072499,
  "failed_rate": 0.0,
  "second_runner_break_even_orders": 6.7969462965379295,
  "queue_wait_avg": 3.2850877192982457,
  "runner_utilization_driving_pct": 54.61173281019669,
  "runner_utilization_prep_pct": 0.0,
  "runner_utilization_idle_pct": 45.38826718980331,
  "distance_per_delivery_avg": 1421.6255919235934,
  "zone_service_times": {
    "hole_-1": 12.73526986759739,
    "hole_10": 11.311951521727618,
    "hole_3": 20.205643450032767,
    "hole_14": 14.742501708364761,
    "hole_12": 17.017323129571075,
    "hole_11": 33.421525783442725,
    "hole_13": 15.22934080597106,
    "hole_2": 24.18447674114753,
    "hole_18": 18.93547270798517,
    "hole_4": 32.00183248535625,
    "hole_9": 19.28798246815404,
    "hole_16": 13.681408316791687
  },
  "total_revenue": 600.0,
  "total_orders": 20,
  "successful_orders": 20,
  "failed_orders": 0,
  "total_rounds": 17,
  "active_runner_hours": 6.7969462965379295
}