{
  "simulation_id": "delivery_blocked_01",
  "runner_id": "3_runners",
  "revenue_per_round": 22.36842105263158,
  "orders_per_runner_hour": 1.7,
  "on_time_rate": 0.8235294117647058,
  "delivery_cycle_time_p90": 44.0684977060423,
  "delivery_cycle_time_avg": 25.823519097257837,
  "failed_rate": 0.18181818181818182,
  "second_runner_break_even_orders": 12.5,
  "queue_wait_avg": 0.0,
  "runner_utilization_driving_pct": 18.20296898876909,
  "runner_utilization_waiting_pct": 18.52255722235439,
  "distance_per_delivery_avg": 1080.4113359623643,
  "zone_service_times": {
    "hole_7": 16.797911088973827,
    "hole_5": 22.22493861772888,
    "hole_4": 23.551744507177045,
    "hole_6": 42.14291279805256,
    "hole_10": 43.09487166212985,
    "hole_17": 47.96300188169213,
    "hole_14": 18.932066158428277,
    "hole_13": 27.869098580961143,
    "hole_8": 23.248062220324694,
    "hole_18": 15.129478485808493,
    "hole_16": 18.66808406030923
  },
  "total_revenue": 425.0,
  "total_orders": 22,
  "successful_orders": 17,
  "failed_orders": 4,
  "total_rounds": 19,
  "active_runner_hours": 10.0
}