{
  "course": "C:\\Main\\GIT\\simulation\\courses\\keswick_hall",
  "tee_scenario": "real_tee_sheet",
  "orders": 50,
  "variant": "none",
  "runners": 1,
  "runs": 10,
  "on_time_mean": 0.1704807692307692,
  "failed_mean": 0.5700000000000001,
  "p90_mean": 63.64628870523317,
  "avg_delivery_time_mean": 47.04951673429517,
  "oph_mean": 2.0090863543275725,
  "on_time_wilson_lo": 0.25004260722886124,
  "on_time_wilson_hi": 0.32919023102824174,
  "total_successful_orders": 144,
  "total_orders": 500,
  "group_dir": "C:\\Main\\GIT\\simulation\\output\\keswick_hall\\20250828_090448_real_tee_sheet\\first_pass\\orders_050\\runners_1\\none"
}