{
  "simulation_id": "delivery_dynamic_07",
  "runner_id": "2_runners",
  "revenue_per_round": 40.90909090909091,
  "orders_per_runner_hour": 4.1001972653286725,
  "on_time_rate": 0.8,
  "delivery_cycle_time_p90": 36.14004838343069,
  "delivery_cycle_time_avg": 22.25044964388885,
  "failed_rate": 0.0,
  "second_runner_break_even_orders": 7.316721137707308,
  "queue_wait_avg": 7.636781609195403,
  "runner_utilization_driving_pct": 84.79146415328043,
  "runner_utilization_prep_pct": 0.0,
  "runner_utilization_idle_pct": 15.20853584671957,
  "distance_per_delivery_avg": 1635.7244136799866,
  "zone_service_times": {
    "hole_3": 30.9144588066124,
    "hole_16": 12.95594029586476,
    "hole_11": 25.692338429365048,
    "hole_-1": 15.536619062117056,
    "hole_18": 13.150821114245385,
    "hole_4": 28.609932955618145,
    "hole_15": 22.7761027576323,
    "hole_8": 21.90169495595322,
    "hole_9": 22.463341701048616,
    "hole_13": 38.657148072059314,
    "hole_5": 27.89070387063663,
    "hole_2": 22.546775737661665,
    "hole_10": 14.814507454892212,
    "hole_12": 17.521898319013538,
    "hole_14": 23.453371470258087
  },
  "total_revenue": 900.0,
  "total_orders": 30,
  "successful_orders": 30,
  "failed_orders": 0,
  "total_rounds": 22,
  "active_runner_hours": 7.316721137707308
}