{
  "simulation_id": "delivery_dynamic_01",
  "runner_id": "runner_1",
  "revenue_per_round": 34.285714285714285,
  "orders_per_runner_hour": 1.6551724137931036,
  "on_time_rate": 0.75,
  "delivery_cycle_time_p90": 57.0506221376635,
  "delivery_cycle_time_avg": 22.108692987343073,
  "failed_rate": 0.1111111111111111,
  "second_runner_break_even_orders": 9.666666666666666,
  "queue_wait_avg": 31.8125,
  "runner_utilization_driving_pct": 28.324162581495838,
  "runner_utilization_prep_pct": 0.0,
  "runner_utilization_idle_pct": 71.67583741850416,
  "distance_per_delivery_avg": 1336.4306647295311,
  "zone_service_times": {
    "hole_15": 21.855716193501273,
    "hole_11": 33.97416038738713,
    "hole_12": 69.09014399941952,
    "hole_17": 14.393514066466741,
    "hole_16": 12.820563248404687,
    "hole_8": 14.363176198411505,
    "hole_18": 19.974203539601433,
    "hole_9": 11.511922663093355,
    "hole_14": 15.575291466587563,
    "hole_13": 17.44200920620145,
    "hole_10": 12.566589101856517
  },
  "total_revenue": 480.0,
  "total_orders": 18,
  "successful_orders": 16,
  "failed_orders": 2,
  "total_rounds": 14,
  "active_runner_hours": 9.666666666666666
}