{
  "simulation_id": "delivery_dynamic_02",
  "runner_id": "2_runners",
  "revenue_per_round": 37.5,
  "orders_per_runner_hour": 4.235857449789269,
  "on_time_rate": 0.8,
  "delivery_cycle_time_p90": 37.13998909293226,
  "delivery_cycle_time_avg": 21.71426919535838,
  "failed_rate": 0.0,
  "second_runner_break_even_orders": 7.082391311703013,
  "queue_wait_avg": 8.380246913580248,
  "runner_utilization_driving_pct": 78.47978831112877,
  "runner_utilization_prep_pct": 0.0,
  "runner_utilization_idle_pct": 21.52021168887123,
  "distance_per_delivery_avg": 1401.807782973752,
  "zone_service_times": {
    "hole_8": 15.587085450166978,
    "hole_4": 19.59716258458987,
    "hole_9": 13.340338408408103,
    "hole_18": 20.775343554924284,
    "hole_11": 29.94036898280207,
    "hole_17": 27.35423726367153,
    "hole_6": 37.4610728888449,
    "hole_16": 24.43768243490631,
    "hole_7": 17.09486149622183,
    "hole_3": 16.491447112135273,
    "hole_12": 28.626691922582843
  },
  "total_revenue": 900.0,
  "total_orders": 30,
  "successful_orders": 30,
  "failed_orders": 0,
  "total_rounds": 24,
  "active_runner_hours": 7.082391311703013
}