{
  "simulation_id": "delivery_dynamic_10",
  "runner_id": "3_runners",
  "revenue_per_round": 46.55172413793103,
  "orders_per_runner_hour": 6.122432171494473,
  "on_time_rate": 0.5333333333333333,
  "delivery_cycle_time_p90": 53.21100997119932,
  "delivery_cycle_time_avg": 30.70668883687307,
  "failed_rate": 0.06,
  "second_runner_break_even_orders": 7.3500201781762815,
  "queue_wait_avg": 15.887878787878787,
  "runner_utilization_driving_pct": 100.0,
  "runner_utilization_prep_pct": 0.0,
  "runner_utilization_idle_pct": 0.0,
  "distance_per_delivery_avg": 1737.7496714115755,
  "zone_service_times": {
    "hole_4": 19.90493549337498,
    "hole_18": 37.97248330356988,
    "hole_7": 16.77627006887178,
    "hole_6": 37.946977482707055,
    "hole_9": 34.886007964930045,
    "hole_8": 36.29578529239773,
    "hole_-1": 26.08838275279892,
    "hole_14": 39.16397983413454,
    "hole_10": 30.902337149213768,
    "hole_12": 23.711154234061905,
    "hole_17": 29.023183190888076,
    "hole_16": 46.5700533348839,
    "hole_11": 24.25868241295209,
    "hole_15": 16.799654094055708,
    "hole_3": 17.78151757505378,
    "hole_13": 20.833437366970852
  },
  "total_revenue": 1350.0,
  "total_orders": 50,
  "successful_orders": 45,
  "failed_orders": 3,
  "total_rounds": 29,
  "active_runner_hours": 7.3500201781762815
}