{
  "simulation_id": "delivery_dynamic_10",
  "runner_id": "2_runners",
  "revenue_per_round": 36.0,
  "orders_per_runner_hour": 4.955075511374498,
  "on_time_rate": 0.3611111111111111,
  "delivery_cycle_time_p90": 61.43970374072919,
  "delivery_cycle_time_avg": 40.29515435290968,
  "failed_rate": 0.24,
  "second_runner_break_even_orders": 7.2652777777777775,
  "queue_wait_avg": 26.38148148148148,
  "runner_utilization_driving_pct": 84.20937478001711,
  "runner_utilization_prep_pct": 0.0,
  "runner_utilization_idle_pct": 15.790625219982886,
  "distance_per_delivery_avg": 1314.994084799871,
  "zone_service_times": {
    "hole_11": 37.80335317329941,
    "hole_10": 13.358232863934578,
    "hole_12": 37.82372572872649,
    "hole_6": 58.44850669642177,
    "hole_4": 56.75887420477654,
    "hole_16": 48.60070227656365,
    "hole_14": 40.36340778488575,
    "hole_18": 52.61179479309473,
    "hole_15": 37.69409158560264,
    "hole_-1": 38.476641591149324,
    "hole_7": 62.16930864849261,
    "hole_17": 39.92498671269883,
    "hole_5": 48.3767087416727,
    "hole_13": 30.631286992947935,
    "hole_9": 15.354404646095402
  },
  "total_revenue": 1080.0,
  "total_orders": 50,
  "successful_orders": 36,
  "failed_orders": 12,
  "total_rounds": 30,
  "active_runner_hours": 7.2652777777777775
}