{
  "simulation_id": "delivery_dynamic_02",
  "runner_id": "runner_1",
  "revenue_per_round": 11.142857142857142,
  "orders_per_runner_hour": 1.8476115278326095,
  "on_time_rate": 0.3076923076923077,
  "delivery_cycle_time_p90": 59.47610710633601,
  "delivery_cycle_time_avg": 40.85000135580971,
  "failed_rate": 0.58,
  "second_runner_break_even_orders": 7.0361111111111105,
  "queue_wait_avg": 26.834615384615386,
  "runner_utilization_driving_pct": 32.95020438932998,
  "runner_utilization_prep_pct": 0.0,
  "runner_utilization_idle_pct": 67.04979561067002,
  "distance_per_delivery_avg": 1349.1696863212924,
  "zone_service_times": {
    "hole_6": 19.59378625308218,
    "hole_7": 24.69698844525319,
    "hole_14": 44.52003813692469,
    "hole_-1": 42.908841284339275,
    "hole_12": 59.02433487998484,
    "hole_16": 24.212993593269616,
    "hole_17": 38.21797549466331,
    "hole_13": 35.66243720082736,
    "hole_11": 48.30882558896653,
    "hole_15": 59.77728859057012
  },
  "total_revenue": 390.0,
  "total_orders": 50,
  "successful_orders": 13,
  "failed_orders": 29,
  "total_rounds": 35,
  "active_runner_hours": 7.036111111111111
}