{
  "variantKey": "front_back",
  "blockedHoles": [
    1,
    2,
    3,
    10,
    11,
    12
  ],
  "deliveryMetrics": {
    "totalOrders": 40,
    "successfulDeliveries": 40,
    "failedDeliveries": 0,
    "avgOrderTime": 16.014038624421456,
    "onTimePercentage": 97.5,
    "revenue": 1200.0,
    "ordersPerRunnerHour": 4.0,
    "lateOrders": 1,
    "runnerUtilizationPct": 21.574186361148215,
    "totalRunnerDriveMinutes": 388.33535450066785,
    "totalRunnerShiftMinutes": 1800.0,
    "runnerUtilizationByRunner": {
      "runner_1": {
        "driveMinutes": 149.65485103136336,
        "utilizationPct": 24.942475171893893,
        "shiftMinutes": 600.0
      },
      "runner_2": {
        "driveMinutes": 143.3307573037841,
        "utilizationPct": 23.888459550630685,
        "shiftMinutes": 600.0
      },
      "runner_3": {
        "driveMinutes": 95.3497461655204,
        "utilizationPct": 15.891624360920067,
        "shiftMinutes": 600.0
      }
    }
  },
  "bevCartMetrics": null,
  "hasRunners": true,
  "hasBevCart": false
}