{
  "simulation_id": "delivery_dynamic_04",
  "runner_id": "runner_1",
  "revenue_per_round": 21.6,
  "orders_per_runner_hour": 2.559747185463164,
  "on_time_rate": 0.2777777777777778,
  "delivery_cycle_time_p90": 67.52626949924203,
  "delivery_cycle_time_avg": 41.33569795545373,
  "failed_rate": 0.3,
  "second_runner_break_even_orders": 7.031944444444445,
  "queue_wait_avg": 26.949074074074073,
  "runner_utilization_driving_pct": 49.751912498648586,
  "runner_utilization_prep_pct": 0.0,
  "runner_utilization_idle_pct": 50.248087501351414,
  "distance_per_delivery_avg": 1473.905624143565,
  "zone_service_times": {
    "hole_10": 22.636775067017833,
    "hole_4": 50.07815470866753,
    "hole_15": 37.65639140775517,
    "hole_13": 58.630826182942535,
    "hole_-1": 41.45773017322817,
    "hole_6": 65.67934311304984,
    "hole_2": 26.86608734174139,
    "hole_14": 25.859168375031366
  },
  "total_revenue": 540.0,
  "total_orders": 30,
  "successful_orders": 18,
  "failed_orders": 9,
  "total_rounds": 25,
  "active_runner_hours": 7.031944444444444
}