{
  "course": "C:\\Main\\GIT\\simulation\\courses\\keswick_hall",
  "tee_scenario": "real_tee_sheet",
  "orders": 20,
  "variant": "front",
  "runners": 1,
  "runs": 20,
  "on_time_mean": 0.7103665720674235,
  "failed_mean": 0.05750000000000001,
  "p90_mean": 43.97022497318086,
  "avg_delivery_time_mean": 25.64860047547491,
  "oph_mean": 2.615177619953765,
  "on_time_wilson_lo": 0.8978168807373349,
  "on_time_wilson_hi": 0.9490498115499382,
  "total_successful_orders": 371,
  "total_orders": 400,
  "group_dir": "C:\\Main\\GIT\\simulation\\output\\keswick_hall\\20250828_090448_real_tee_sheet\\second_pass\\orders_020\\runners_1\\front"
}