{
  "simulation_id": "delivery_dynamic_05",
  "runner_id": "runner_1",
  "revenue_per_round": 12.1875,
  "orders_per_runner_hour": 1.8160651920838184,
  "on_time_rate": 0.15384615384615385,
  "delivery_cycle_time_p90": 64.24123823983746,
  "delivery_cycle_time_avg": 49.53051678416413,
  "failed_rate": 0.55,
  "second_runner_break_even_orders": 7.158333333333334,
  "queue_wait_avg": 34.77307692307692,
  "runner_utilization_driving_pct": 33.80210745691897,
  "runner_utilization_prep_pct": 0.0,
  "runner_utilization_idle_pct": 66.19789254308102,
  "distance_per_delivery_avg": 1598.499793325299,
  "zone_service_times": {
    "hole_16": 16.756187236661056,
    "hole_12": 45.305306806838104,
    "hole_18": 59.11966917837126,
    "hole_15": 63.20948629611224,
    "hole_14": 58.66349835366342,
    "hole_8": 26.669138023856917,
    "hole_9": 57.26485804996943
  },
  "total_revenue": 390.0,
  "total_orders": 40,
  "successful_orders": 13,
  "failed_orders": 22,
  "total_rounds": 32,
  "active_runner_hours": 7.158333333333333
}