{
  "simulation_id": "delivery_dynamic_01",
  "runner_id": "runner_1",
  "revenue_per_round": 40.0,
  "orders_per_runner_hour": 2.4556395693597945,
  "on_time_rate": 0.8,
  "delivery_cycle_time_p90": 43.48571844820537,
  "delivery_cycle_time_avg": 20.66385019555176,
  "failed_rate": 0.0,
  "second_runner_break_even_orders": 8.144517725463336,
  "queue_wait_avg": 8.80204678362573,
  "runner_utilization_driving_pct": 41.319129317246876,
  "runner_utilization_prep_pct": 0.0,
  "runner_utilization_idle_pct": 58.680870682753124,
  "distance_per_delivery_avg": 1657.3721407972641,
  "zone_service_times": {
    "hole_11": 12.935185032654621,
    "hole_13": 27.270884539405323,
    "hole_12": 13.890109514902209,
    "hole_16": 30.040537516803084,
    "hole_9": 22.025399856575465,
    "hole_18": 19.52220460532438,
    "hole_5": 14.887925845293346,
    "hole_15": 14.013999444090102
  },
  "total_revenue": 600.0,
  "total_orders": 20,
  "successful_orders": 20,
  "failed_orders": 0,
  "total_rounds": 15,
  "active_runner_hours": 8.144517725463336
}