{
  "simulation_id": "delivery_dynamic_08",
  "runner_id": "2_runners",
  "revenue_per_round": 37.5,
  "orders_per_runner_hour": 2.987935667400225,
  "on_time_rate": 1.0,
  "delivery_cycle_time_p90": 14.930793489144614,
  "delivery_cycle_time_avg": 12.693948847108109,
  "failed_rate": 0.0,
  "second_runner_break_even_orders": 6.693584543405453,
  "queue_wait_avg": 0.9500000000000001,
  "runner_utilization_driving_pct": 20.085866127471117,
  "runner_utilization_prep_pct": 0.0,
  "runner_utilization_idle_pct": 79.91413387252888,
  "distance_per_delivery_avg": 1324.0431699178343,
  "zone_service_times": {
    "hole_4": 14.268000836496276,
    "hole_3": 13.830050951731938,
    "hole_17": 12.076689557717025,
    "hole_12": 11.725312724132527,
    "hole_1": 11.167230783253299,
    "hole_11": 11.668833285364357,
    "hole_18": 12.939684976114926,
    "hole_15": 13.722533398317683,
    "hole_14": 13.002561291819196,
    "hole_10": 14.989614715677211,
    "hole_8": 12.381739270993785
  },
  "total_revenue": 600.0,
  "total_orders": 20,
  "successful_orders": 20,
  "failed_orders": 0,
  "total_rounds": 16,
  "active_runner_hours": 6.693584543405452
}