{
  "simulation_id": "delivery_dynamic_10",
  "runner_id": "2_runners",
  "revenue_per_round": 37.5,
  "orders_per_runner_hour": 2.979300800908778,
  "on_time_rate": 1.0,
  "delivery_cycle_time_p90": 17.53079115999457,
  "delivery_cycle_time_avg": 13.221969851592656,
  "failed_rate": 0.0,
  "second_runner_break_even_orders": 6.712984467328505,
  "queue_wait_avg": 1.1794117647058824,
  "runner_utilization_driving_pct": 27.296590441628688,
  "runner_utilization_prep_pct": 0.0,
  "runner_utilization_idle_pct": 72.7034095583713,
  "distance_per_delivery_avg": 1598.0182931467123,
  "zone_service_times": {
    "hole_2": 12.279030202988109,
    "hole_4": 14.0222589434964,
    "hole_3": 15.537687078283033,
    "hole_16": 13.6078214743844,
    "hole_9": 11.398799613574374,
    "hole_18": 21.423623394351065,
    "hole_15": 16.553833728977587,
    "hole_13": 12.95641596968829,
    "hole_10": 10.814295749324508,
    "hole_17": 11.560892080178261,
    "hole_12": 12.292465874843645,
    "hole_8": 12.279068039710303
  },
  "total_revenue": 600.0,
  "total_orders": 20,
  "successful_orders": 20,
  "failed_orders": 0,
  "total_rounds": 16,
  "active_runner_hours": 6.712984467328505
}