{
  "simulation_id": "delivery_dynamic_03",
  "runner_id": "runner_1",
  "revenue_per_round": 10.0,
  "orders_per_runner_hour": 1.653272101033295,
  "on_time_rate": 0.08333333333333333,
  "delivery_cycle_time_p90": 61.57276184323446,
  "delivery_cycle_time_avg": 49.98819417913554,
  "failed_rate": 0.64,
  "second_runner_break_even_orders": 7.258333333333334,
  "queue_wait_avg": 36.03055555555556,
  "runner_utilization_driving_pct": 28.126673589657823,
  "runner_utilization_prep_pct": 0.0,
  "runner_utilization_idle_pct": 71.87332641034217,
  "distance_per_delivery_avg": 1329.7665775228722,
  "zone_service_times": {
    "hole_13": 16.396904441898094,
    "hole_16": 34.02966025993628,
    "hole_11": 50.482752916270265,
    "hole_-1": 54.21995239545039,
    "hole_18": 57.946446374278885,
    "hole_14": 59.289349228597345,
    "hole_17": 62.21206113038,
    "hole_6": 54.058730567242065,
    "hole_12": 57.748013124585,
    "hole_10": 45.034554920087366
  },
  "total_revenue": 360.0,
  "total_orders": 50,
  "successful_orders": 12,
  "failed_orders": 32,
  "total_rounds": 36,
  "active_runner_hours": 7.258333333333334
}