{
  "simulation_id": "delivery_dynamic_02",
  "runner_id": "2_runners",
  "revenue_per_round": 39.0,
  "orders_per_runner_hour": 5.48352701534122,
  "on_time_rate": 0.6153846153846154,
  "delivery_cycle_time_p90": 52.56439683989483,
  "delivery_cycle_time_avg": 29.818287320300037,
  "failed_rate": 0.025,
  "second_runner_break_even_orders": 7.1122107889484285,
  "queue_wait_avg": 17.66891891891892,
  "runner_utilization_driving_pct": 84.83540001171482,
  "runner_utilization_prep_pct": 0.0,
  "runner_utilization_idle_pct": 15.164599988285175,
  "distance_per_delivery_avg": 1026.6368473131165,
  "zone_service_times": {
    "hole_15": 32.427117655851944,
    "hole_14": 15.151604856157368,
    "hole_18": 24.537521291792757,
    "hole_13": 21.67266663324513,
    "hole_16": 41.86385484229683,
    "hole_17": 31.047086999966663,
    "hole_8": 19.49879832502797,
    "hole_-1": 44.624396839894835,
    "hole_10": 32.741755527226005,
    "hole_12": 39.81760884451473,
    "hole_9": 13.667852565670303
  },
  "total_revenue": 1170.0,
  "total_orders": 40,
  "successful_orders": 39,
  "failed_orders": 1,
  "total_rounds": 30,
  "active_runner_hours": 7.1122107889484285
}