{
  "variantKey": "none",
  "blockedHoles": [],
  "deliveryMetrics": {
    "totalOrders": 30,
    "successfulDeliveries": 30,
    "failedDeliveries": 0,
    "avgOrderTime": 17.02866449338874,
    "onTimePercentage": 96.66666666666667,
    "revenue": 900.0,
    "ordersPerRunnerHour": 3.0,
    "lateOrders": 1,
    "runnerUtilizationPct": 21.775551933425675,
    "totalRunnerDriveMinutes": 391.95993480166214,
    "totalRunnerShiftMinutes": 1800.0,
    "runnerUtilizationByRunner": {
      "runner_1": {
        "driveMinutes": 180.1281082001721,
        "utilizationPct": 30.021351366695352,
        "shiftMinutes": 600.0
      },
      "runner_3": {
        "driveMinutes": 59.02427319146726,
        "utilizationPct": 9.837378865244544,
        "shiftMinutes": 600.0
      },
      "runner_2": {
        "driveMinutes": 152.80755341002268,
        "utilizationPct": 25.46792556833711,
        "shiftMinutes": 600.0
      }
    }
  },
  "bevCartMetrics": null,
  "hasRunners": true,
  "hasBevCart": false
}