{
  "variantKey": "back",
  "blockedHoles": [
    10,
    11,
    12
  ],
  "deliveryMetrics": {
    "totalOrders": 40,
    "successfulDeliveries": 40,
    "failedDeliveries": 0,
    "avgOrderTime": 20.936524442463313,
    "onTimePercentage": 85.0,
    "revenue": 1200.0,
    "ordersPerRunnerHour": 4.0,
    "lateOrders": 6,
    "runnerUtilizationPct": 27.17759399912482,
    "totalRunnerDriveMinutes": 489.19669198424674,
    "totalRunnerShiftMinutes": 1800.0,
    "runnerUtilizationByRunner": {
      "runner_1": {
        "driveMinutes": 187.01374443414682,
        "utilizationPct": 31.168957405691135,
        "shiftMinutes": 600.0
      },
      "runner_2": {
        "driveMinutes": 180.1350645837107,
        "utilizationPct": 30.022510763951782,
        "shiftMinutes": 600.0
      },
      "runner_3": {
        "driveMinutes": 122.04788296638927,
        "utilizationPct": 20.341313827731543,
        "shiftMinutes": 600.0
      }
    }
  },
  "bevCartMetrics": null,
  "hasRunners": true,
  "hasBevCart": false
}