{
  "simulation_id": "delivery_dynamic_01",
  "runner_id": "2_runners",
  "revenue_per_round": 45.0,
  "orders_per_runner_hour": 5.477156383362666,
  "on_time_rate": 0.5128205128205128,
  "delivery_cycle_time_p90": 51.628756032261535,
  "delivery_cycle_time_avg": 30.333202648050722,
  "failed_rate": 0.0,
  "second_runner_break_even_orders": 7.120483197899161,
  "queue_wait_avg": 17.383783783783784,
  "runner_utilization_driving_pct": 74.90900772167086,
  "runner_utilization_prep_pct": 0.0,
  "runner_utilization_idle_pct": 25.09099227832914,
  "distance_per_delivery_avg": 1290.5407051296595,
  "zone_service_times": {
    "hole_15": 30.828924522560623,
    "hole_16": 31.684477382055906,
    "hole_13": 41.73214059306075,
    "hole_12": 29.21787735724362,
    "hole_18": 31.43298859078574,
    "hole_9": 21.914153225357083,
    "hole_10": 13.243978235157797,
    "hole_17": 35.431254383074936,
    "hole_14": 16.29976411223421,
    "hole_8": 14.204736758221285
  },
  "total_revenue": 1170.0,
  "total_orders": 40,
  "successful_orders": 39,
  "failed_orders": 0,
  "total_rounds": 26,
  "active_runner_hours": 7.120483197899161
}