{
  "simulation_id": "delivery_dynamic_05",
  "runner_id": "2_runners",
  "revenue_per_round": 37.5,
  "orders_per_runner_hour": 4.054269299505701,
  "on_time_rate": 0.7333333333333333,
  "delivery_cycle_time_p90": 53.44189133740815,
  "delivery_cycle_time_avg": 25.38526349731149,
  "failed_rate": 0.0,
  "second_runner_break_even_orders": 7.399607126161457,
  "queue_wait_avg": 12.297530864197531,
  "runner_utilization_driving_pct": 73.68490732623634,
  "runner_utilization_prep_pct": 0.0,
  "runner_utilization_idle_pct": 26.315092673763658,
  "distance_per_delivery_avg": 1450.6752017633282,
  "zone_service_times": {
    "hole_17": 16.017081692261794,
    "hole_9": 13.098522859462902,
    "hole_3": 16.94385322481609,
    "hole_18": 27.83309312354566,
    "hole_10": 18.440267347352627,
    "hole_8": 35.19905737107583,
    "hole_6": 48.397448385654734,
    "hole_12": 56.36883982125546,
    "hole_15": 17.633240530763093,
    "hole_16": 19.156588275908387,
    "hole_4": 19.542062907619645
  },
  "total_revenue": 900.0,
  "total_orders": 30,
  "successful_orders": 30,
  "failed_orders": 0,
  "total_rounds": 24,
  "active_runner_hours": 7.399607126161457
}