{
  "simulation_id": "delivery_dynamic_10",
  "runner_id": "2_runners",
  "revenue_per_round": 37.5,
  "orders_per_runner_hour": 4.08837156023555,
  "on_time_rate": 0.8666666666666667,
  "delivery_cycle_time_p90": 33.17039317478951,
  "delivery_cycle_time_avg": 20.871585895745564,
  "failed_rate": 0.0,
  "second_runner_break_even_orders": 7.337884915301476,
  "queue_wait_avg": 7.717948717948718,
  "runner_utilization_driving_pct": 77.71257903824954,
  "runner_utilization_prep_pct": 0.0,
  "runner_utilization_idle_pct": 22.287420961750456,
  "distance_per_delivery_avg": 1405.3861943038423,
  "zone_service_times": {
    "hole_11": 17.909611482472837,
    "hole_13": 19.166581918283832,
    "hole_9": 21.072015639610267,
    "hole_12": 17.40459682975872,
    "hole_18": 24.124498499014106,
    "hole_14": 27.758291891922,
    "hole_15": 31.52345843747856,
    "hole_-1": 18.105923190574096,
    "hole_17": 13.980068044075688
  },
  "total_revenue": 900.0,
  "total_orders": 30,
  "successful_orders": 30,
  "failed_orders": 0,
  "total_rounds": 24,
  "active_runner_hours": 7.337884915301476
}