{
  "simulation_id": "delivery_dynamic_08",
  "runner_id": "runner_1",
  "revenue_per_round": 12.352941176470589,
  "orders_per_runner_hour": 1.9538670284938942,
  "on_time_rate": 0.21428571428571427,
  "delivery_cycle_time_p90": 60.78925373206317,
  "delivery_cycle_time_avg": 45.23788597488274,
  "failed_rate": 0.58,
  "second_runner_break_even_orders": 7.165277777777778,
  "queue_wait_avg": 31.50952380952381,
  "runner_utilization_driving_pct": 25.155910354891876,
  "runner_utilization_prep_pct": 0.0,
  "runner_utilization_idle_pct": 74.84408964510813,
  "distance_per_delivery_avg": 1252.7296875606046,
  "zone_service_times": {
    "hole_13": 16.29470088742731,
    "hole_18": 41.64466917837126,
    "hole_-1": 39.20596201585843,
    "hole_8": 57.60377444166115,
    "hole_16": 52.68864488344473,
    "hole_12": 45.88646895319301,
    "hole_14": 51.325307786791505,
    "hole_17": 63.35883828575509,
    "hole_15": 57.09869132399957
  },
  "total_revenue": 420.0,
  "total_orders": 50,
  "successful_orders": 14,
  "failed_orders": 29,
  "total_rounds": 34,
  "active_runner_hours": 7.165277777777778
}