{
  "simulation_id": "delivery_dynamic_10",
  "runner_id": "runner_1",
  "revenue_per_round": 30.0,
  "orders_per_runner_hour": 2.318317914621011,
  "on_time_rate": 0.5294117647058824,
  "delivery_cycle_time_p90": 50.4337222736561,
  "delivery_cycle_time_avg": 30.882497593642427,
  "failed_rate": 0.15,
  "second_runner_break_even_orders": 7.332902831309522,
  "queue_wait_avg": 17.477083333333333,
  "runner_utilization_driving_pct": 35.259122271497745,
  "runner_utilization_prep_pct": 0.0,
  "runner_utilization_idle_pct": 64.74087772850226,
  "distance_per_delivery_avg": 1489.6486032285652,
  "zone_service_times": {
    "hole_13": 36.068575416851886,
    "hole_17": 26.56831587775062,
    "hole_18": 37.949390237922465,
    "hole_6": 18.94867849045016,
    "hole_14": 38.46107097681373,
    "hole_12": 31.13913398247799,
    "hole_10": 32.896895292753776,
    "hole_15": 17.78837962662319,
    "hole_16": 21.820053334883898
  },
  "total_revenue": 510.0,
  "total_orders": 20,
  "successful_orders": 17,
  "failed_orders": 3,
  "total_rounds": 17,
  "active_runner_hours": 7.332902831309523
}