{
  "simulation_id": "delivery_dynamic_06",
  "runner_id": "runner_1",
  "revenue_per_round": 17.77777777777778,
  "orders_per_runner_hour": 2.244301578024547,
  "on_time_rate": 0.1875,
  "delivery_cycle_time_p90": 59.67937074894953,
  "delivery_cycle_time_avg": 46.07086697831481,
  "failed_rate": 0.45,
  "second_runner_break_even_orders": 7.129166666666666,
  "queue_wait_avg": 34.87,
  "runner_utilization_driving_pct": 30.73403250356269,
  "runner_utilization_prep_pct": 0.0,
  "runner_utilization_idle_pct": 69.26596749643731,
  "distance_per_delivery_avg": 1135.7613047137802,
  "zone_service_times": {
    "hole_9": 36.78767060825597,
    "hole_8": 36.43580469052352,
    "hole_18": 50.601305092504774,
    "hole_11": 58.50506810925938,
    "hole_15": 57.75778490230259,
    "hole_16": 41.43768243490631,
    "hole_13": 17.351026526208564,
    "hole_14": 56.42434569088497
  },
  "total_revenue": 480.0,
  "total_orders": 40,
  "successful_orders": 16,
  "failed_orders": 18,
  "total_rounds": 27,
  "active_runner_hours": 7.129166666666666
}