{
  "simulation_id": "delivery_dynamic_04",
  "runner_id": "3_runners",
  "revenue_per_round": 45.45454545454545,
  "orders_per_runner_hour": 6.839498497418401,
  "on_time_rate": 0.86,
  "delivery_cycle_time_p90": 31.79584952235071,
  "delivery_cycle_time_avg": 19.880512370034083,
  "failed_rate": 0.0,
  "second_runner_break_even_orders": 7.310477518033335,
  "queue_wait_avg": 6.8546099290780145,
  "runner_utilization_driving_pct": 98.34805827086785,
  "runner_utilization_prep_pct": 0.0,
  "runner_utilization_idle_pct": 1.6519417291321474,
  "distance_per_delivery_avg": 1154.8921563314493,
  "zone_service_times": {
    "hole_10": 13.909688256891252,
    "hole_12": 15.179944271509521,
    "hole_9": 14.29489479176115,
    "hole_18": 20.87229683643301,
    "hole_13": 22.165277149091143,
    "hole_17": 18.729787722207153,
    "hole_11": 21.491694969559425,
    "hole_16": 25.24536125026236,
    "hole_15": 37.08156838026892,
    "hole_8": 20.035804690523523,
    "hole_14": 20.15960346295251
  },
  "total_revenue": 1500.0,
  "total_orders": 50,
  "successful_orders": 50,
  "failed_orders": 0,
  "total_rounds": 33,
  "active_runner_hours": 7.310477518033335
}