{
  "simulation_id": "delivery_dynamic_10",
  "runner_id": "3_runners",
  "revenue_per_round": 31.57894736842105,
  "orders_per_runner_hour": 2.7722338116255236,
  "on_time_rate": 1.0,
  "delivery_cycle_time_p90": 14.860936499125476,
  "delivery_cycle_time_avg": 12.87268198116265,
  "failed_rate": 0.0,
  "second_runner_break_even_orders": 7.214398697587785,
  "queue_wait_avg": 0.04285714285714286,
  "runner_utilization_driving_pct": 26.482090932807996,
  "runner_utilization_prep_pct": 0.0,
  "runner_utilization_idle_pct": 73.51790906719201,
  "distance_per_delivery_avg": 2046.7310264371101,
  "zone_service_times": {
    "hole_17": 12.43075476368061,
    "hole_18": 10.206956727684398,
    "hole_15": 13.15516948643511,
    "hole_6": 14.210531633566674,
    "hole_-1": 14.818474265344088,
    "hole_13": 13.292923297860549,
    "hole_14": 13.08516645584641,
    "hole_11": 11.700644198813825,
    "hole_9": 11.375373336492945,
    "hole_12": 12.268418399918179,
    "hole_10": 11.052971418099697
  },
  "total_revenue": 600.0,
  "total_orders": 20,
  "successful_orders": 20,
  "failed_orders": 0,
  "total_rounds": 19,
  "active_runner_hours": 7.214398697587785
}