{
  "variantKey": "front_mid_back",
  "blockedHoles": [
    1,
    2,
    3,
    4,
    5,
    6,
    10,
    11,
    12
  ],
  "deliveryMetrics": {
    "totalOrders": 40,
    "successfulDeliveries": 40,
    "failedDeliveries": 0,
    "avgOrderTime": 15.80145640843512,
    "onTimePercentage": 100.0,
    "revenue": 1200.0,
    "ordersPerRunnerHour": 4.0,
    "lateOrders": 0,
    "runnerUtilizationPct": 19.849135934088636,
    "totalRunnerDriveMinutes": 357.2844468135954,
    "totalRunnerShiftMinutes": 1800.0,
    "runnerUtilizationByRunner": {
      "runner_3": {
        "driveMinutes": 86.05203920125132,
        "utilizationPct": 14.342006533541888,
        "shiftMinutes": 600.0
      },
      "runner_2": {
        "driveMinutes": 132.68748577306195,
        "utilizationPct": 22.11458096217699,
        "shiftMinutes": 600.0
      },
      "runner_1": {
        "driveMinutes": 138.54492183928207,
        "utilizationPct": 23.09082030654701,
        "shiftMinutes": 600.0
      }
    }
  },
  "bevCartMetrics": null,
  "hasRunners": true,
  "hasBevCart": false
}