{
  "simulation_id": "delivery_dynamic_08",
  "runner_id": "2_runners",
  "revenue_per_round": 40.0,
  "orders_per_runner_hour": 2.8302855449994104,
  "on_time_rate": 1.0,
  "delivery_cycle_time_p90": 27.338623918260918,
  "delivery_cycle_time_avg": 17.20157759203628,
  "failed_rate": 0.0,
  "second_runner_break_even_orders": 7.066424811919169,
  "queue_wait_avg": 4.053921568627451,
  "runner_utilization_driving_pct": 53.93729734442111,
  "runner_utilization_prep_pct": 0.0,
  "runner_utilization_idle_pct": 46.06270265557889,
  "distance_per_delivery_avg": 1261.9300709241877,
  "zone_service_times": {
    "hole_10": 10.861971075442671,
    "hole_15": 13.389263839715719,
    "hole_9": 15.28525035777578,
    "hole_17": 17.790018325283473,
    "hole_8": 26.670797383041343,
    "hole_12": 21.06612997733466,
    "hole_7": 19.622381702713877,
    "hole_11": 26.25206368526342,
    "hole_-1": 13.3810635065615,
    "hole_5": 21.580647938276403,
    "hole_18": 12.202543843197903
  },
  "total_revenue": 600.0,
  "total_orders": 20,
  "successful_orders": 20,
  "failed_orders": 0,
  "total_rounds": 15,
  "active_runner_hours": 7.066424811919169
}