{
  "simulation_id": "delivery_dynamic_03",
  "runner_id": "2_runners",
  "revenue_per_round": 39.130434782608695,
  "orders_per_runner_hour": 4.1711453887453604,
  "on_time_rate": 0.9666666666666667,
  "delivery_cycle_time_p90": 25.422571194236404,
  "delivery_cycle_time_avg": 17.455438550828934,
  "failed_rate": 0.0,
  "second_runner_break_even_orders": 7.192269078164093,
  "queue_wait_avg": 4.535185185185185,
  "runner_utilization_driving_pct": 69.24847612908364,
  "runner_utilization_prep_pct": 0.0,
  "runner_utilization_idle_pct": 30.75152387091636,
  "distance_per_delivery_avg": 1133.58735307852,
  "zone_service_times": {
    "hole_10": 16.9151147230493,
    "hole_15": 12.792270671519866,
    "hole_17": 14.101843517288216,
    "hole_16": 13.977877807526541,
    "hole_9": 20.71204924946764,
    "hole_14": 14.756015895264015,
    "hole_-1": 20.776756523907427,
    "hole_7": 23.394340594625252,
    "hole_6": 20.90281063568318,
    "hole_13": 15.833470118401904,
    "hole_18": 17.67098925533328,
    "hole_5": 20.825510143165108
  },
  "total_revenue": 900.0,
  "total_orders": 30,
  "successful_orders": 30,
  "failed_orders": 0,
  "total_rounds": 23,
  "active_runner_hours": 7.192269078164093
}