{
  "simulation_id": "delivery_dynamic_05",
  "runner_id": "3_runners",
  "revenue_per_round": 40.0,
  "orders_per_runner_hour": 2.8249301835846183,
  "on_time_rate": 1.0,
  "delivery_cycle_time_p90": 14.784650773063774,
  "delivery_cycle_time_avg": 13.09289539837536,
  "failed_rate": 0.0,
  "second_runner_break_even_orders": 7.079820986804546,
  "queue_wait_avg": 0.03725490196078431,
  "runner_utilization_driving_pct": 26.706606722552156,
  "runner_utilization_prep_pct": 0.0,
  "runner_utilization_idle_pct": 73.29339327744785,
  "distance_per_delivery_avg": 2204.084686830256,
  "zone_service_times": {
    "hole_4": 14.640081008019418,
    "hole_6": 14.554498789931706,
    "hole_8": 12.481162846267777,
    "hole_16": 13.522184410148597,
    "hole_18": 10.858973652729583,
    "hole_-1": 14.7609347946132,
    "hole_7": 13.069624165798935,
    "hole_17": 12.800044620209489,
    "hole_15": 13.120500395644315
  },
  "total_revenue": 600.0,
  "total_orders": 20,
  "successful_orders": 20,
  "failed_orders": 0,
  "total_rounds": 15,
  "active_runner_hours": 7.079820986804546
}