{
  "simulation_id": "delivery_blocked_02",
  "runner_id": "runner_1",
  "revenue_per_round": 16.666666666666668,
  "orders_per_runner_hour": 1.0,
  "on_time_rate": 0.4,
  "delivery_cycle_time_p90": 53.808566551773346,
  "delivery_cycle_time_avg": 33.85026056088338,
  "failed_rate": 0.25,
  "second_runner_break_even_orders": 12.5,
  "queue_wait_avg": 0.0,
  "runner_utilization_driving_pct": 18.466661580841894,
  "runner_utilization_waiting_pct": 20.368584911542186,
  "distance_per_delivery_avg": 662.2367160581794,
  "zone_service_times": {
    "hole_7": 25.77790377786993,
    "hole_9": 34.49976419746975,
    "hole_10": 32.73313867663395,
    "hole_18": 46.62947848580849,
    "hole_17": 54.40073255286085,
    "hole_8": 32.4144673909898,
    "hole_13": 21.121610681707292
  },
  "total_revenue": 250.0,
  "total_orders": 16,
  "successful_orders": 10,
  "failed_orders": 4,
  "total_rounds": 15,
  "active_runner_hours": 10.0
}