{
  "simulation_id": "delivery_dynamic_10",
  "runner_id": "runner_1",
  "revenue_per_round": 16.551724137931036,
  "orders_per_runner_hour": 2.256611165523996,
  "on_time_rate": 0.0625,
  "delivery_cycle_time_p90": 64.13887702685761,
  "delivery_cycle_time_avg": 47.157936658542084,
  "failed_rate": 0.52,
  "second_runner_break_even_orders": 7.090277777777777,
  "queue_wait_avg": 34.159375000000004,
  "runner_utilization_driving_pct": 23.590504740675982,
  "runner_utilization_prep_pct": 0.0,
  "runner_utilization_idle_pct": 76.40949525932402,
  "distance_per_delivery_avg": 1007.5167172701407,
  "zone_service_times": {
    "hole_8": 13.669138023856885,
    "hole_17": 44.42658869047452,
    "hole_12": 56.72476443914402,
    "hole_18": 47.577814429419945,
    "hole_15": 47.434059910967214,
    "hole_16": 66.07197821677813
  },
  "total_revenue": 480.0,
  "total_orders": 50,
  "successful_orders": 16,
  "failed_orders": 26,
  "total_rounds": 29,
  "active_runner_hours": 7.090277777777778
}