{
  "simulation_id": "delivery_dynamic_01",
  "runner_id": "2_runners",
  "revenue_per_round": 28.846153846153847,
  "orders_per_runner_hour": 1.5,
  "on_time_rate": 1.0,
  "delivery_cycle_time_p90": 18.53180054040849,
  "delivery_cycle_time_avg": 15.534383904473552,
  "failed_rate": 0.0,
  "second_runner_break_even_orders": 12.5,
  "queue_wait_avg": 0.0,
  "runner_utilization_driving_pct": 11.520322573095145,
  "runner_utilization_waiting_pct": 14.31059067148069,
  "distance_per_delivery_avg": 1063.4735157772302,
  "zone_service_times": {
    "hole_8": 13.297374180849072,
    "hole_4": 18.72606645595041,
    "hole_16": 13.397380306976054,
    "hole_14": 16.550389244632846,
    "hole_12": 16.106908581852775,
    "hole_7": 15.028964336241248,
    "hole_11": 14.942339051655471,
    "hole_2": 16.12174797188442,
    "hole_15": 14.576274714150774,
    "hole_13": 16.190194952649048
  },
  "total_revenue": 375.0,
  "total_orders": 15,
  "successful_orders": 15,
  "failed_orders": 0,
  "total_rounds": 13,
  "active_runner_hours": 10.0
}