{
  "simulation_id": "delivery_dynamic_03",
  "runner_id": "3_runners",
  "revenue_per_round": 37.5,
  "orders_per_runner_hour": 2.905099604622,
  "on_time_rate": 1.0,
  "delivery_cycle_time_p90": 20.486156381366275,
  "delivery_cycle_time_avg": 14.557634166879637,
  "failed_rate": 0.0,
  "second_runner_break_even_orders": 6.88444553439066,
  "queue_wait_avg": 0.04358974358974359,
  "runner_utilization_driving_pct": 44.98646283634435,
  "runner_utilization_prep_pct": 0.0,
  "runner_utilization_idle_pct": 55.01353716365565,
  "distance_per_delivery_avg": 1521.8450800715589,
  "zone_service_times": {
    "hole_9": 12.371933136320129,
    "hole_18": 10.92778402263688,
    "hole_-1": 20.53036594171291,
    "hole_16": 17.957393631361505,
    "hole_17": 14.079226156475427,
    "hole_8": 14.339032639590187,
    "hole_15": 17.553504220130588,
    "hole_2": 13.682637241963736
  },
  "total_revenue": 600.0,
  "total_orders": 20,
  "successful_orders": 20,
  "failed_orders": 0,
  "total_rounds": 16,
  "active_runner_hours": 6.88444553439066
}