{
  "simulation_id": "delivery_dynamic_10",
  "runner_id": "2_runners",
  "revenue_per_round": 31.714285714285715,
  "orders_per_runner_hour": 5.149344960768814,
  "on_time_rate": 0.5675675675675675,
  "delivery_cycle_time_p90": 56.555220083242695,
  "delivery_cycle_time_avg": 30.548083100715804,
  "failed_rate": 0.24,
  "second_runner_break_even_orders": 7.185379942864768,
  "queue_wait_avg": 17.69861111111111,
  "runner_utilization_driving_pct": 66.39043796747997,
  "runner_utilization_prep_pct": 0.0,
  "runner_utilization_idle_pct": 33.60956203252003,
  "distance_per_delivery_avg": 1118.145111029699,
  "zone_service_times": {
    "hole_12": 24.52174469942834,
    "hole_15": 24.552541402368206,
    "hole_18": 35.72400433636554,
    "hole_16": 31.533619662241026,
    "hole_13": 30.71970088742734,
    "hole_10": 23.541433237175607,
    "hole_14": 41.43586407526918,
    "hole_17": 22.121363451824557,
    "hole_8": 14.573328752433735,
    "hole_9": 15.974169912761681
  },
  "total_revenue": 1110.0,
  "total_orders": 50,
  "successful_orders": 37,
  "failed_orders": 12,
  "total_rounds": 35,
  "active_runner_hours": 7.185379942864768
}