{
  "simulation_id": "delivery_dynamic_03",
  "runner_id": "2_runners",
  "revenue_per_round": 33.46153846153846,
  "orders_per_runner_hour": 3.9572268097621905,
  "on_time_rate": 0.7931034482758621,
  "delivery_cycle_time_p90": 36.39464239405352,
  "delivery_cycle_time_avg": 22.243960623729834,
  "failed_rate": 0.0,
  "second_runner_break_even_orders": 7.328364380949585,
  "queue_wait_avg": 8.173456790123456,
  "runner_utilization_driving_pct": 73.34214159446657,
  "runner_utilization_prep_pct": 0.0,
  "runner_utilization_idle_pct": 26.657858405533432,
  "distance_per_delivery_avg": 1557.0880109525333,
  "zone_service_times": {
    "hole_4": 32.156418470651445,
    "hole_15": 16.22068066351506,
    "hole_18": 17.64309334656123,
    "hole_3": 20.75744769884568,
    "hole_16": 20.653338089275955,
    "hole_8": 29.34513660698667,
    "hole_-1": 27.463529088590256,
    "hole_10": 18.32925237904236,
    "hole_7": 19.63732937071812,
    "hole_11": 28.7851477542394,
    "hole_6": 19.158518110031793
  },
  "total_revenue": 870.0,
  "total_orders": 30,
  "successful_orders": 29,
  "failed_orders": 0,
  "total_rounds": 26,
  "active_runner_hours": 7.328364380949586
}