{
  "simulation_id": "delivery_dynamic_04",
  "runner_id": "3_runners",
  "revenue_per_round": 35.294117647058826,
  "orders_per_runner_hour": 2.875995267086981,
  "on_time_rate": 1.0,
  "delivery_cycle_time_p90": 17.519718827194943,
  "delivery_cycle_time_avg": 14.123205035766043,
  "failed_rate": 0.0,
  "second_runner_break_even_orders": 6.954114364818642,
  "queue_wait_avg": 0.036458333333333336,
  "runner_utilization_driving_pct": 57.285901071285735,
  "runner_utilization_prep_pct": 0.0,
  "runner_utilization_idle_pct": 42.714098928714265,
  "distance_per_delivery_avg": 1375.59689201739,
  "zone_service_times": {
    "hole_15": 12.739724741088503,
    "hole_11": 15.786298934193391,
    "hole_9": 12.065575011796914,
    "hole_18": 12.438825850785987,
    "hole_6": 18.05441698403483,
    "hole_8": 13.543266735451926,
    "hole_7": 15.768665285310483,
    "hole_13": 15.659792321974965,
    "hole_12": 17.521898319013538,
    "hole_-1": 10.46894396666024
  },
  "total_revenue": 600.0,
  "total_orders": 20,
  "successful_orders": 20,
  "failed_orders": 0,
  "total_rounds": 17,
  "active_runner_hours": 6.954114364818642
}