{
  "simulation_id": "delivery_dynamic_01",
  "runner_id": "3_runners",
  "revenue_per_round": 45.45454545454545,
  "orders_per_runner_hour": 6.8958360795818825,
  "on_time_rate": 0.64,
  "delivery_cycle_time_p90": 47.69792532438853,
  "delivery_cycle_time_avg": 26.611468005760997,
  "failed_rate": 0.0,
  "second_runner_break_even_orders": 7.250752399414875,
  "queue_wait_avg": 14.718478260869565,
  "runner_utilization_driving_pct": 100.0,
  "runner_utilization_prep_pct": 0.0,
  "runner_utilization_idle_pct": 0.0,
  "distance_per_delivery_avg": 1031.6772499356941,
  "zone_service_times": {
    "hole_15": 20.0423387969905,
    "hole_9": 22.565263715441006,
    "hole_6": 18.595134330654552,
    "hole_13": 15.316179546951027,
    "hole_-1": 33.89150427314497,
    "hole_7": 29.258443863552152,
    "hole_18": 23.89992733789044,
    "hole_8": 29.28754757688642,
    "hole_17": 44.74360590544608,
    "hole_12": 47.769046823504205,
    "hole_16": 48.84103827102517,
    "hole_14": 17.11946431532108,
    "hole_10": 23.871234834043996
  },
  "total_revenue": 1500.0,
  "total_orders": 50,
  "successful_orders": 50,
  "failed_orders": 0,
  "total_rounds": 33,
  "active_runner_hours": 7.250752399414875
}