{
  "simulation_id": "delivery_dynamic_02",
  "runner_id": "3_runners",
  "revenue_per_round": 42.857142857142854,
  "orders_per_runner_hour": 5.692945497237448,
  "on_time_rate": 0.875,
  "delivery_cycle_time_p90": 31.729752333452012,
  "delivery_cycle_time_avg": 20.440675274983274,
  "failed_rate": 0.0,
  "second_runner_break_even_orders": 7.026239759261767,
  "queue_wait_avg": 7.1893518518518515,
  "runner_utilization_driving_pct": 100.0,
  "runner_utilization_prep_pct": 0.0,
  "runner_utilization_idle_pct": 0.0,
  "distance_per_delivery_avg": 1334.0068923943782,
  "zone_service_times": {
    "hole_16": 18.56868258978296,
    "hole_15": 19.0795381442649,
    "hole_5": 23.770685327360216,
    "hole_17": 26.562061130380002,
    "hole_6": 31.91316930962263,
    "hole_9": 18.476622123037927,
    "hole_18": 18.881968764350585,
    "hole_10": 20.951854018222456,
    "hole_11": 27.062792071962335,
    "hole_3": 30.29272360150059,
    "hole_7": 14.918014858855773,
    "hole_14": 15.293716022902238,
    "hole_8": 15.958694731263162,
    "hole_-1": 17.401896839894835
  },
  "total_revenue": 1200.0,
  "total_orders": 40,
  "successful_orders": 40,
  "failed_orders": 0,
  "total_rounds": 28,
  "active_runner_hours": 7.026239759261767
}