{
  "simulation_id": "delivery_dynamic_01",
  "runner_id": "runner_1",
  "revenue_per_round": 27.77777777777778,
  "orders_per_runner_hour": 2.2112927805124856,
  "on_time_rate": 0.6,
  "delivery_cycle_time_p90": 48.84985480499141,
  "delivery_cycle_time_avg": 28.16206821140604,
  "failed_rate": 0.0,
  "second_runner_break_even_orders": 5.652801885918978,
  "queue_wait_avg": 16.260416666666668,
  "runner_utilization_driving_pct": 34.53411580194104,
  "runner_utilization_prep_pct": 0.0,
  "runner_utilization_idle_pct": 65.46588419805896,
  "distance_per_delivery_avg": 1657.4411367881821,
  "zone_service_times": {
    "hole_15": 28.876549526834605,
    "hole_18": 36.98809242849032,
    "hole_13": 17.525342539534723,
    "hole_4": 30.811456415034325,
    "hole_12": 19.173477332752856,
    "hole_6": 24.62802286241943
  },
  "total_revenue": 250.0,
  "total_orders": 10,
  "successful_orders": 10,
  "failed_orders": 0,
  "total_rounds": 9,
  "active_runner_hours": 4.522241508735183
}