{
  "variantKey": "back",
  "blockedHoles": [
    10,
    11,
    12
  ],
  "deliveryMetrics": {
    "totalOrders": 20,
    "successfulDeliveries": 20,
    "failedDeliveries": 0,
    "avgOrderTime": 14.945383241719943,
    "onTimePercentage": 100.0,
    "revenue": 600.0,
    "ordersPerRunnerHour": 2.0,
    "lateOrders": 0,
    "runnerUtilizationPct": 12.741827940535389,
    "totalRunnerDriveMinutes": 229.35290292963697,
    "totalRunnerShiftMinutes": 1800.0,
    "runnerUtilizationByRunner": {
      "runner_1": {
        "driveMinutes": 108.40653188845555,
        "utilizationPct": 18.06775531474259,
        "shiftMinutes": 600.0
      },
      "runner_2": {
        "driveMinutes": 86.68871598320463,
        "utilizationPct": 14.448119330534103,
        "shiftMinutes": 600.0
      },
      "runner_3": {
        "driveMinutes": 34.25765505797684,
        "utilizationPct": 5.709609176329473,
        "shiftMinutes": 600.0
      }
    }
  },
  "bevCartMetrics": null,
  "hasRunners": true,
  "hasBevCart": false
}