{
  "simulation_id": "delivery_dynamic_10",
  "runner_id": "3_runners",
  "revenue_per_round": 42.857142857142854,
  "orders_per_runner_hour": 5.86286418499477,
  "on_time_rate": 0.8,
  "delivery_cycle_time_p90": 36.724505945892204,
  "delivery_cycle_time_avg": 22.457268836783047,
  "failed_rate": 0.0,
  "second_runner_break_even_orders": 6.822603890837987,
  "queue_wait_avg": 8.716216216216216,
  "runner_utilization_driving_pct": 100.0,
  "runner_utilization_prep_pct": 0.0,
  "runner_utilization_idle_pct": 0.0,
  "distance_per_delivery_avg": 1476.6423291591027,
  "zone_service_times": {
    "hole_13": 27.489585280504816,
    "hole_-1": 17.825478120458573,
    "hole_6": 25.178882487576427,
    "hole_5": 20.808843476498442,
    "hole_11": 18.505933313496016,
    "hole_8": 26.913041833516246,
    "hole_9": 25.84884900791201,
    "hole_14": 23.68327009858139,
    "hole_17": 24.500387901552394,
    "hole_18": 22.42713896827948,
    "hole_10": 24.976132435046445,
    "hole_15": 21.023919329853896,
    "hole_7": 15.203531510231066,
    "hole_16": 12.714716118416982,
    "hole_12": 17.878702429682864
  },
  "total_revenue": 1200.0,
  "total_orders": 40,
  "successful_orders": 40,
  "failed_orders": 0,
  "total_rounds": 28,
  "active_runner_hours": 6.822603890837987
}