{
  "simulation_id": "delivery_dynamic_07",
  "runner_id": "runner_1",
  "revenue_per_round": 22.17391304347826,
  "orders_per_runner_hour": 2.4103977944072468,
  "on_time_rate": 0.23529411764705882,
  "delivery_cycle_time_p90": 66.05698872641982,
  "delivery_cycle_time_avg": 43.08826347181606,
  "failed_rate": 0.3333333333333333,
  "second_runner_break_even_orders": 7.052777777777778,
  "queue_wait_avg": 31.8,
  "runner_utilization_driving_pct": 38.57210442174462,
  "runner_utilization_prep_pct": 0.0,
  "runner_utilization_idle_pct": 61.42789557825538,
  "distance_per_delivery_avg": 1061.3741735890196,
  "zone_service_times": {
    "hole_9": 16.59194909936086,
    "hole_15": 21.61909158928353,
    "hole_18": 50.45258142354164,
    "hole_16": 43.17899483422546,
    "hole_-1": 49.46023017322817,
    "hole_12": 60.72300488758323,
    "hole_6": 68.62711958641552,
    "hole_7": 48.5329660901858,
    "hole_8": 25.094642394053515
  },
  "total_revenue": 510.0,
  "total_orders": 30,
  "successful_orders": 17,
  "failed_orders": 10,
  "total_rounds": 23,
  "active_runner_hours": 7.052777777777778
}