{
  "simulation_id": "delivery_dynamic_09",
  "runner_id": "2_runners",
  "revenue_per_round": 41.111111111111114,
  "orders_per_runner_hour": 5.252365930599369,
  "on_time_rate": 0.43243243243243246,
  "delivery_cycle_time_p90": 57.637812203598955,
  "delivery_cycle_time_avg": 33.0952577774059,
  "failed_rate": 0.025,
  "second_runner_break_even_orders": 7.044444444444444,
  "queue_wait_avg": 19.675238095238097,
  "runner_utilization_driving_pct": 81.77912678058118,
  "runner_utilization_prep_pct": 0.0,
  "runner_utilization_idle_pct": 18.22087321941882,
  "distance_per_delivery_avg": 1506.471478073248,
  "zone_service_times": {
    "hole_9": 11.526370697788813,
    "hole_15": 47.76324313338431,
    "hole_18": 34.60443748251269,
    "hole_12": 26.06852846442682,
    "hole_16": 32.20979740202109,
    "hole_11": 31.36066906876434,
    "hole_14": 35.48933635495948,
    "hole_17": 39.936111277706964,
    "hole_13": 30.37638826020225,
    "hole_10": 11.342512978537645
  },
  "total_revenue": 1110.0,
  "total_orders": 40,
  "successful_orders": 37,
  "failed_orders": 1,
  "total_rounds": 27,
  "active_runner_hours": 7.044444444444444
}