{
  "simulation_id": "delivery_dynamic_04",
  "runner_id": "2_runners",
  "revenue_per_round": 33.46153846153846,
  "orders_per_runner_hour": 4.001563244905972,
  "on_time_rate": 0.7586206896551724,
  "delivery_cycle_time_p90": 39.09702619704361,
  "delivery_cycle_time_avg": 20.590401204450032,
  "failed_rate": 0.0,
  "second_runner_break_even_orders": 7.2471677254925995,
  "queue_wait_avg": 8.978260869565217,
  "runner_utilization_driving_pct": 76.52748049912368,
  "runner_utilization_prep_pct": 0.0,
  "runner_utilization_idle_pct": 23.472519500876317,
  "distance_per_delivery_avg": 1165.8230805572778,
  "zone_service_times": {
    "hole_9": 12.123960141630928,
    "hole_7": 19.42733623051776,
    "hole_18": 20.342483884833808,
    "hole_4": 20.428154708667535,
    "hole_10": 24.07008479224738,
    "hole_-1": 27.70884128433928,
    "hole_16": 14.678338091526287,
    "hole_12": 30.3653599962302,
    "hole_15": 20.110758248588354,
    "hole_11": 14.931181272597193,
    "hole_8": 13.468340935101484,
    "hole_13": 15.866803451735239,
    "hole_17": 14.501308827996642
  },
  "total_revenue": 870.0,
  "total_orders": 30,
  "successful_orders": 29,
  "failed_orders": 0,
  "total_rounds": 26,
  "active_runner_hours": 7.2471677254925995
}