{
  "simulation_id": "delivery_blocked_01",
  "runner_id": "runner_1",
  "revenue_per_round": 3.9473684210526314,
  "orders_per_runner_hour": 0.3,
  "on_time_rate": 0.3333333333333333,
  "delivery_cycle_time_p90": 58.25789646676597,
  "delivery_cycle_time_avg": 37.52123467416859,
  "failed_rate": 0.7727272727272727,
  "second_runner_break_even_orders": 12.5,
  "queue_wait_avg": 0.0,
  "runner_utilization_driving_pct": 28.950743800648638,
  "runner_utilization_waiting_pct": 28.559172464113956,
  "distance_per_delivery_avg": 936.5246183209865,
  "zone_service_times": {
    "hole_7": 37.527903777869895,
    "hole_8": 37.50789646676597
  },
  "total_revenue": 75.0,
  "total_orders": 22,
  "successful_orders": 3,
  "failed_orders": 17,
  "total_rounds": 19,
  "active_runner_hours": 10.0
}