{
  "simulation_id": "delivery_dynamic_09",
  "runner_id": "3_runners",
  "revenue_per_round": 37.5,
  "orders_per_runner_hour": 2.919960481905061,
  "on_time_rate": 1.0,
  "delivery_cycle_time_p90": 18.327761487557176,
  "delivery_cycle_time_avg": 14.63100841001572,
  "failed_rate": 0.0,
  "second_runner_break_even_orders": 6.849407765598068,
  "queue_wait_avg": 0.27976190476190477,
  "runner_utilization_driving_pct": 42.73076579467746,
  "runner_utilization_prep_pct": 0.0,
  "runner_utilization_idle_pct": 57.26923420532254,
  "distance_per_delivery_avg": 1490.2188257652845,
  "zone_service_times": {
    "hole_15": 18.085582264462907,
    "hole_17": 15.448498244473038,
    "hole_11": 16.843275103404327,
    "hole_18": 10.88067011371019,
    "hole_10": 11.778252302561608,
    "hole_16": 16.73952056999442,
    "hole_9": 11.476370697788782
  },
  "total_revenue": 600.0,
  "total_orders": 20,
  "successful_orders": 20,
  "failed_orders": 0,
  "total_rounds": 16,
  "active_runner_hours": 6.849407765598068
}