{
  "variantKey": "front_back",
  "blockedHoles": [
    1,
    2,
    3,
    10,
    11,
    12
  ],
  "deliveryMetrics": {
    "totalOrders": 20,
    "successfulDeliveries": 20,
    "failedDeliveries": 0,
    "avgOrderTime": 14.76311780567253,
    "onTimePercentage": 100.0,
    "revenue": 600.0,
    "ordersPerRunnerHour": 2.0,
    "lateOrders": 0,
    "runnerUtilizationPct": 12.701480101540911,
    "totalRunnerDriveMinutes": 228.62664182773636,
    "totalRunnerShiftMinutes": 1800.0,
    "runnerUtilizationByRunner": {
      "runner_1": {
        "driveMinutes": 100.09561430928335,
        "utilizationPct": 16.682602384880557,
        "shiftMinutes": 600.0
      },
      "runner_2": {
        "driveMinutes": 95.24401091163371,
        "utilizationPct": 15.874001818605619,
        "shiftMinutes": 600.0
      },
      "runner_3": {
        "driveMinutes": 33.28701660681927,
        "utilizationPct": 5.547836101136546,
        "shiftMinutes": 600.0
      }
    }
  },
  "bevCartMetrics": null,
  "hasRunners": true,
  "hasBevCart": false
}