{
  "simulation_id": "delivery_dynamic_10",
  "runner_id": "3_runners",
  "revenue_per_round": 41.666666666666664,
  "orders_per_runner_hour": 6.7662490179881525,
  "on_time_rate": 0.58,
  "delivery_cycle_time_p90": 48.18794599071822,
  "delivery_cycle_time_avg": 27.433759626142983,
  "failed_rate": 0.0,
  "second_runner_break_even_orders": 7.389618659773593,
  "queue_wait_avg": 13.065277777777778,
  "runner_utilization_driving_pct": 100.0,
  "runner_utilization_prep_pct": 0.0,
  "runner_utilization_idle_pct": 0.0,
  "distance_per_delivery_avg": 1643.4072343840426,
  "zone_service_times": {
    "hole_12": 30.490446609720433,
    "hole_9": 13.589811512397612,
    "hole_7": 26.114711411272346,
    "hole_6": 34.99769679223439,
    "hole_5": 31.879761321823874,
    "hole_-1": 25.54096967573714,
    "hole_18": 18.26179479309473,
    "hole_17": 29.10037583074732,
    "hole_11": 36.9615531188828,
    "hole_15": 29.717538979337785,
    "hole_16": 20.611053396463195,
    "hole_8": 25.042907184616503,
    "hole_14": 24.582945618799265,
    "hole_4": 49.3451901532615
  },
  "total_revenue": 1500.0,
  "total_orders": 50,
  "successful_orders": 50,
  "failed_orders": 0,
  "total_rounds": 36,
  "active_runner_hours": 7.389618659773593
}