{
  "simulation_id": "delivery_dynamic_09",
  "runner_id": "runner_1",
  "revenue_per_round": 35.294117647058826,
  "orders_per_runner_hour": 2.8007301133189064,
  "on_time_rate": 0.8,
  "delivery_cycle_time_p90": 36.968831125438896,
  "delivery_cycle_time_avg": 19.728189616588367,
  "failed_rate": 0.0,
  "second_runner_break_even_orders": 7.1409950944183285,
  "queue_wait_avg": 8.828703703703704,
  "runner_utilization_driving_pct": 21.8048283671984,
  "runner_utilization_prep_pct": 0.0,
  "runner_utilization_idle_pct": 78.1951716328016,
  "distance_per_delivery_avg": 1283.296523943624,
  "zone_service_times": {
    "hole_12": 19.326073778177353,
    "hole_16": 23.07955404377517,
    "hole_18": 23.958432701372217,
    "hole_14": 36.44930170037387,
    "hole_10": 13.365950385921405,
    "hole_9": 18.721366202613627,
    "hole_17": 16.212174099981407,
    "hole_13": 13.431590156675036,
    "hole_8": 11.920874835528108,
    "hole_4": 14.015261220655278
  },
  "total_revenue": 600.0,
  "total_orders": 20,
  "successful_orders": 20,
  "failed_orders": 0,
  "total_rounds": 17,
  "active_runner_hours": 7.1409950944183285
}