{
  "simulation_id": "delivery_dynamic_07",
  "runner_id": "3_runners",
  "revenue_per_round": 39.473684210526315,
  "orders_per_runner_hour": 6.953047503387701,
  "on_time_rate": 0.76,
  "delivery_cycle_time_p90": 42.720668506398745,
  "delivery_cycle_time_avg": 22.844783187893686,
  "failed_rate": 0.0,
  "second_runner_break_even_orders": 7.191091384840782,
  "queue_wait_avg": 10.237407407407408,
  "runner_utilization_driving_pct": 100.0,
  "runner_utilization_prep_pct": 0.0,
  "runner_utilization_idle_pct": 0.0,
  "distance_per_delivery_avg": 1220.0551511322794,
  "zone_service_times": {
    "hole_18": 19.687936619677224,
    "hole_17": 20.498996549490517,
    "hole_8": 23.438977594957553,
    "hole_11": 26.92589641082375,
    "hole_10": 21.870468664590177,
    "hole_6": 18.89979604964321,
    "hole_16": 29.373903159395194,
    "hole_7": 39.477232395452724,
    "hole_12": 45.63319016535067,
    "hole_9": 12.758029761198689
  },
  "total_revenue": 1500.0,
  "total_orders": 50,
  "successful_orders": 50,
  "failed_orders": 0,
  "total_rounds": 38,
  "active_runner_hours": 7.191091384840782
}