{
  "simulation_id": "delivery_dynamic_06",
  "runner_id": "2_runners",
  "revenue_per_round": 33.333333333333336,
  "orders_per_runner_hour": 2.8104186610027595,
  "on_time_rate": 0.85,
  "delivery_cycle_time_p90": 33.597372461552546,
  "delivery_cycle_time_avg": 19.31525056742606,
  "failed_rate": 0.0,
  "second_runner_break_even_orders": 7.116377455615095,
  "queue_wait_avg": 4.644117647058824,
  "runner_utilization_driving_pct": 59.436509741073294,
  "runner_utilization_prep_pct": 0.0,
  "runner_utilization_idle_pct": 40.563490258926706,
  "distance_per_delivery_avg": 1803.5641906551543,
  "zone_service_times": {
    "hole_5": 21.67603409811636,
    "hole_7": 16.117445425031775,
    "hole_18": 22.31132425750374,
    "hole_11": 22.948558382219925,
    "hole_4": 20.478154708667535,
    "hole_12": 31.541209240242583,
    "hole_14": 33.82583504169809,
    "hole_8": 13.748168675003399,
    "hole_16": 13.113831317715206,
    "hole_9": 12.219132400008068,
    "hole_-1": 10.397730173228167
  },
  "total_revenue": 600.0,
  "total_orders": 20,
  "successful_orders": 20,
  "failed_orders": 0,
  "total_rounds": 18,
  "active_runner_hours": 7.116377455615095
}