{
  "simulation_id": "delivery_dynamic_08",
  "runner_id": "runner_1",
  "revenue_per_round": 13.636363636363637,
  "orders_per_runner_hour": 2.080523983818147,
  "on_time_rate": 0.2,
  "delivery_cycle_time_p90": 60.229094528526936,
  "delivery_cycle_time_avg": 44.60338479766246,
  "failed_rate": 0.56,
  "second_runner_break_even_orders": 7.209722222222222,
  "queue_wait_avg": 31.645555555555557,
  "runner_utilization_driving_pct": 25.667679899426755,
  "runner_utilization_prep_pct": 0.0,
  "runner_utilization_idle_pct": 74.33232010057324,
  "distance_per_delivery_avg": 993.8306253479226,
  "zone_service_times": {
    "hole_3": 20.680267502776722,
    "hole_7": 36.725385117188125,
    "hole_6": 61.418232553760454,
    "hole_18": 51.368999778721715,
    "hole_10": 39.77777085761809,
    "hole_12": 39.039079343424966
  },
  "total_revenue": 450.0,
  "total_orders": 50,
  "successful_orders": 15,
  "failed_orders": 28,
  "total_rounds": 33,
  "active_runner_hours": 7.209722222222222
}