{
  "simulation_id": "delivery_dynamic_04",
  "runner_id": "2_runners",
  "revenue_per_round": 34.83870967741935,
  "orders_per_runner_hour": 4.953041969114037,
  "on_time_rate": 0.5277777777777778,
  "delivery_cycle_time_p90": 55.654545661945235,
  "delivery_cycle_time_avg": 30.432024505142518,
  "failed_rate": 0.1,
  "second_runner_break_even_orders": 7.268260641538519,
  "queue_wait_avg": 18.81313131313131,
  "runner_utilization_driving_pct": 80.63009113602011,
  "runner_utilization_prep_pct": 0.0,
  "runner_utilization_idle_pct": 19.369908863979887,
  "distance_per_delivery_avg": 1070.7157892834427,
  "zone_service_times": {
    "hole_14": 14.833638033732843,
    "hole_7": 30.271060773578448,
    "hole_17": 18.32245736672133,
    "hole_10": 26.683029925597857,
    "hole_16": 36.345402525454304,
    "hole_-1": 25.154873030371025,
    "hole_9": 45.55311178908099,
    "hole_13": 44.59546296061686,
    "hole_18": 35.79052872080518,
    "hole_6": 18.262529058761476,
    "hole_15": 14.229147460467964
  },
  "total_revenue": 1080.0,
  "total_orders": 40,
  "successful_orders": 36,
  "failed_orders": 4,
  "total_rounds": 31,
  "active_runner_hours": 7.268260641538519
}