{
  "simulation_id": "delivery_dynamic_09",
  "runner_id": "2_runners",
  "revenue_per_round": 44.44444444444444,
  "orders_per_runner_hour": 5.564475419804745,
  "on_time_rate": 0.6,
  "delivery_cycle_time_p90": 53.99028961819359,
  "delivery_cycle_time_avg": 28.585983236499917,
  "failed_rate": 0.0,
  "second_runner_break_even_orders": 7.188458386865079,
  "queue_wait_avg": 16.295945945945945,
  "runner_utilization_driving_pct": 81.42766183266082,
  "runner_utilization_prep_pct": 0.0,
  "runner_utilization_idle_pct": 18.572338167339183,
  "distance_per_delivery_avg": 1180.1103674639724,
  "zone_service_times": {
    "hole_17": 19.357812684859063,
    "hole_9": 18.996886943330885,
    "hole_15": 32.434118551369025,
    "hole_18": 34.36297489797713,
    "hole_8": 18.070270801157072,
    "hole_12": 37.73551695824213,
    "hole_10": 22.791112401692892,
    "hole_11": 33.12564597087354,
    "hole_16": 17.43842883141236
  },
  "total_revenue": 1200.0,
  "total_orders": 40,
  "successful_orders": 40,
  "failed_orders": 0,
  "total_rounds": 27,
  "active_runner_hours": 7.188458386865079
}