{
  "simulation_id": "delivery_dynamic_06",
  "runner_id": "3_runners",
  "revenue_per_round": 37.5,
  "orders_per_runner_hour": 4.281110494993232,
  "on_time_rate": 1.0,
  "delivery_cycle_time_p90": 16.918352432564394,
  "delivery_cycle_time_avg": 13.534480567569192,
  "failed_rate": 0.0,
  "second_runner_break_even_orders": 7.007527611138527,
  "queue_wait_avg": 0.6793650793650794,
  "runner_utilization_driving_pct": 76.75558561715442,
  "runner_utilization_prep_pct": 0.0,
  "runner_utilization_idle_pct": 23.244414382845576,
  "distance_per_delivery_avg": 1027.7988040365813,
  "zone_service_times": {
    "hole_-1": 12.538375844912782,
    "hole_15": 12.34342653639756,
    "hole_18": 13.348633373972582,
    "hole_10": 11.606681739562585,
    "hole_13": 15.382609275140688,
    "hole_9": 13.5761867415836,
    "hole_8": 13.32799636334236,
    "hole_12": 17.244714867096324,
    "hole_17": 13.948038777186957,
    "hole_7": 14.542986436386975,
    "hole_16": 12.306613999852157,
    "hole_14": 14.73222206423646,
    "hole_11": 16.32574158903141
  },
  "total_revenue": 900.0,
  "total_orders": 30,
  "successful_orders": 30,
  "failed_orders": 0,
  "total_rounds": 24,
  "active_runner_hours": 7.007527611138527
}