{
  "simulation_id": "delivery_dynamic_04",
  "runner_id": "3_runners",
  "revenue_per_round": 40.0,
  "orders_per_runner_hour": 2.873306443173387,
  "on_time_rate": 1.0,
  "delivery_cycle_time_p90": 20.627536657298286,
  "delivery_cycle_time_avg": 14.919866768745965,
  "failed_rate": 0.0,
  "second_runner_break_even_orders": 6.960621985697861,
  "queue_wait_avg": 0.041666666666666664,
  "runner_utilization_driving_pct": 60.45737818376943,
  "runner_utilization_prep_pct": 0.0,
  "runner_utilization_idle_pct": 39.54262181623057,
  "distance_per_delivery_avg": 1641.8752342986452,
  "zone_service_times": {
    "hole_10": 11.44967041575237,
    "hole_6": 18.48510584386695,
    "hole_4": 21.230801505118485,
    "hole_9": 12.681754826216896,
    "hole_18": 12.436794458097545,
    "hole_16": 12.350693761477366,
    "hole_7": 15.679392768997666,
    "hole_8": 13.476674268434817,
    "hole_-1": 10.364396839894834,
    "hole_13": 15.262437200827359,
    "hole_14": 15.037085713474031
  },
  "total_revenue": 600.0,
  "total_orders": 20,
  "successful_orders": 20,
  "failed_orders": 0,
  "total_rounds": 15,
  "active_runner_hours": 6.960621985697862
}