{
  "simulation_id": "delivery_dynamic_05",
  "runner_id": "2_runners",
  "revenue_per_round": 36.25,
  "orders_per_runner_hour": 4.072577973684435,
  "on_time_rate": 0.5862068965517241,
  "delivery_cycle_time_p90": 43.19116516568077,
  "delivery_cycle_time_avg": 25.673106767981157,
  "failed_rate": 0.0,
  "second_runner_break_even_orders": 7.120796750212714,
  "queue_wait_avg": 13.768666666666666,
  "runner_utilization_driving_pct": 73.18571993047426,
  "runner_utilization_prep_pct": 0.0,
  "runner_utilization_idle_pct": 26.814280069525736,
  "distance_per_delivery_avg": 1277.9983568002876,
  "zone_service_times": {
    "hole_14": 15.103371470258026,
    "hole_8": 13.718320247583142,
    "hole_11": 32.04876973449494,
    "hole_10": 30.919555984819816,
    "hole_-1": 25.374245882149967,
    "hole_4": 31.561856819928167,
    "hole_5": 39.95718397858985,
    "hole_18": 27.52317625455168,
    "hole_15": 23.06917414495634,
    "hole_16": 24.062532696466345,
    "hole_6": 45.2990748754001,
    "hole_3": 28.238976783366102,
    "hole_9": 14.405114301538243,
    "hole_2": 23.631817592826096
  },
  "total_revenue": 870.0,
  "total_orders": 30,
  "successful_orders": 29,
  "failed_orders": 0,
  "total_rounds": 24,
  "active_runner_hours": 7.120796750212713
}