{
  "simulation_id": "delivery_dynamic_06",
  "runner_id": "3_runners",
  "revenue_per_round": 42.857142857142854,
  "orders_per_runner_hour": 4.097174164146429,
  "on_time_rate": 1.0,
  "delivery_cycle_time_p90": 22.86713579450079,
  "delivery_cycle_time_avg": 16.516371154262192,
  "failed_rate": 0.0,
  "second_runner_break_even_orders": 7.322119782586775,
  "queue_wait_avg": 0.5233333333333333,
  "runner_utilization_driving_pct": 85.6890790099304,
  "runner_utilization_prep_pct": 0.0,
  "runner_utilization_idle_pct": 14.310920990069604,
  "distance_per_delivery_avg": 2042.9673744987622,
  "zone_service_times": {
    "hole_16": 11.82966025993625,
    "hole_3": 20.694286586063207,
    "hole_14": 14.835214273616565,
    "hole_4": 21.90085163489362,
    "hole_12": 17.518036605100516,
    "hole_6": 17.865173363088434,
    "hole_-1": 10.572449541253356,
    "hole_15": 13.241754529895479,
    "hole_11": 15.280234518015781,
    "hole_10": 18.892799101713113,
    "hole_13": 18.809792321974964,
    "hole_9": 12.053787620744576,
    "hole_18": 13.09529803053178,
    "hole_5": 22.80294875400262,
    "hole_2": 23.067810074480803
  },
  "total_revenue": 900.0,
  "total_orders": 30,
  "successful_orders": 30,
  "failed_orders": 0,
  "total_rounds": 21,
  "active_runner_hours": 7.322119782586775
}