{
  "simulation_id": "delivery_dynamic_08",
  "runner_id": "runner_1",
  "revenue_per_round": 33.529411764705884,
  "orders_per_runner_hour": 2.623616970663059,
  "on_time_rate": 0.3157894736842105,
  "delivery_cycle_time_p90": 49.664396839894835,
  "delivery_cycle_time_avg": 32.403579820885,
  "failed_rate": 0.05,
  "second_runner_break_even_orders": 7.241910771448541,
  "queue_wait_avg": 19.15701754385965,
  "runner_utilization_driving_pct": 46.525675363813676,
  "runner_utilization_prep_pct": 0.0,
  "runner_utilization_idle_pct": 53.474324636186324,
  "distance_per_delivery_avg": 1090.8449250805156,
  "zone_service_times": {
    "hole_15": 28.775565517645738,
    "hole_9": 19.105354784503835,
    "hole_12": 37.49196704101484,
    "hole_13": 31.479103867494025,
    "hole_-1": 34.760230173228166,
    "hole_10": 37.299210065732524,
    "hole_18": 27.332324760018615,
    "hole_11": 36.763116890849844,
    "hole_14": 58.068271522824034,
    "hole_8": 13.544642394053517
  },
  "total_revenue": 570.0,
  "total_orders": 20,
  "successful_orders": 19,
  "failed_orders": 1,
  "total_rounds": 17,
  "active_runner_hours": 7.241910771448541
}