{
  "simulation_id": "delivery_dynamic_09",
  "runner_id": "3_runners",
  "revenue_per_round": 46.875,
  "orders_per_runner_hour": 6.841360721087606,
  "on_time_rate": 0.64,
  "delivery_cycle_time_p90": 44.27931291211102,
  "delivery_cycle_time_avg": 25.92911150496214,
  "failed_rate": 0.0,
  "second_runner_break_even_orders": 7.308487600409885,
  "queue_wait_avg": 12.730072463768115,
  "runner_utilization_driving_pct": 100.0,
  "runner_utilization_prep_pct": 0.0,
  "runner_utilization_idle_pct": 0.0,
  "distance_per_delivery_avg": 1417.0614656672813,
  "zone_service_times": {
    "hole_-1": 27.697131889089633,
    "hole_9": 17.61930314395698,
    "hole_18": 24.4187185528633,
    "hole_16": 27.1921707307749,
    "hole_12": 27.268873297093748,
    "hole_14": 31.076751671413213,
    "hole_11": 30.382868589011863,
    "hole_15": 30.04253636123355,
    "hole_10": 22.43255630051224,
    "hole_8": 30.718531171585102,
    "hole_13": 30.74501934421651,
    "hole_17": 25.189683825584748,
    "hole_6": 19.870126492447948,
    "hole_7": 17.161528162888498
  },
  "total_revenue": 1500.0,
  "total_orders": 50,
  "successful_orders": 50,
  "failed_orders": 0,
  "total_rounds": 32,
  "active_runner_hours": 7.308487600409885
}