{
  "simulation_id": "delivery_dynamic_06",
  "runner_id": "3_runners",
  "revenue_per_round": 42.857142857142854,
  "orders_per_runner_hour": 5.505908885921656,
  "on_time_rate": 1.0,
  "delivery_cycle_time_p90": 25.083868876700727,
  "delivery_cycle_time_avg": 16.094799613023593,
  "failed_rate": 0.0,
  "second_runner_break_even_orders": 7.2649222551208705,
  "queue_wait_avg": 2.9480392156862747,
  "runner_utilization_driving_pct": 97.11518377482213,
  "runner_utilization_prep_pct": 0.0,
  "runner_utilization_idle_pct": 2.8848162251778717,
  "distance_per_delivery_avg": 1205.8926699759252,
  "zone_service_times": {
    "hole_15": 15.166125028552264,
    "hole_16": 14.194249540625949,
    "hole_9": 15.716287952589074,
    "hole_13": 16.330531979086967,
    "hole_18": 16.165277000615728,
    "hole_11": 18.90423468214748,
    "hole_8": 13.679792027361326,
    "hole_14": 15.293716022902238,
    "hole_7": 14.529988496391445,
    "hole_10": 12.496498783175815,
    "hole_-1": 18.203139072340917,
    "hole_17": 17.865566691508683,
    "hole_12": 19.050532837540306
  },
  "total_revenue": 1200.0,
  "total_orders": 40,
  "successful_orders": 40,
  "failed_orders": 0,
  "total_rounds": 28,
  "active_runner_hours": 7.264922255120871
}