{
  "variantKey": "front_mid",
  "blockedHoles": [
    1,
    2,
    3,
    4,
    5,
    6
  ],
  "deliveryMetrics": {
    "totalOrders": 40,
    "successfulDeliveries": 40,
    "failedDeliveries": 0,
    "avgOrderTime": 16.094799613023593,
    "onTimePercentage": 100.0,
    "revenue": 1200.0,
    "ordersPerRunnerHour": 4.0,
    "lateOrders": 0,
    "runnerUtilizationPct": 23.517808663861942,
    "totalRunnerDriveMinutes": 423.3205559495149,
    "totalRunnerShiftMinutes": 1800.0,
    "runnerUtilizationByRunner": {
      "runner_1": {
        "driveMinutes": 167.34755043002988,
        "utilizationPct": 27.891258405004983,
        "shiftMinutes": 600.0
      },
      "runner_2": {
        "driveMinutes": 129.92081877194522,
        "utilizationPct": 21.653469795324202,
        "shiftMinutes": 600.0
      },
      "runner_3": {
        "driveMinutes": 126.05218674754005,
        "utilizationPct": 21.008697791256676,
        "shiftMinutes": 600.0
      }
    }
  },
  "bevCartMetrics": null,
  "hasRunners": true,
  "hasBevCart": false
}