{
  "simulation_id": "delivery_dynamic_05",
  "runner_id": "3_runners",
  "revenue_per_round": 42.857142857142854,
  "orders_per_runner_hour": 5.6265132223565955,
  "on_time_rate": 0.875,
  "delivery_cycle_time_p90": 37.40317443767791,
  "delivery_cycle_time_avg": 19.319102035056588,
  "failed_rate": 0.0,
  "second_runner_break_even_orders": 7.109198613639176,
  "queue_wait_avg": 5.633823529411765,
  "runner_utilization_driving_pct": 100.0,
  "runner_utilization_prep_pct": 0.0,
  "runner_utilization_idle_pct": 0.0,
  "distance_per_delivery_avg": 1522.1982837790142,
  "zone_service_times": {
    "hole_11": 15.69030042776708,
    "hole_3": 21.410492466738955,
    "hole_9": 11.548764009391554,
    "hole_18": 12.534409215503668,
    "hole_10": 18.73139299546756,
    "hole_12": 24.931266215090584,
    "hole_15": 15.130235364630668,
    "hole_8": 13.4057672624683,
    "hole_4": 33.0146700429475,
    "hole_14": 27.346048745896617,
    "hole_13": 32.19819059809167,
    "hole_-1": 15.660643418612178,
    "hole_16": 14.012974049596435
  },
  "total_revenue": 1200.0,
  "total_orders": 40,
  "successful_orders": 40,
  "failed_orders": 0,
  "total_rounds": 28,
  "active_runner_hours": 7.109198613639176
}