{
  "simulation_id": "delivery_dynamic_07",
  "runner_id": "2_runners",
  "revenue_per_round": 38.275862068965516,
  "orders_per_runner_hour": 5.000047200017022,
  "on_time_rate": 0.4864864864864865,
  "delivery_cycle_time_p90": 55.52352580263148,
  "delivery_cycle_time_avg": 31.341767849292854,
  "failed_rate": 0.075,
  "second_runner_break_even_orders": 7.399930144634242,
  "queue_wait_avg": 16.530555555555555,
  "runner_utilization_driving_pct": 87.78990658098003,
  "runner_utilization_prep_pct": 0.0,
  "runner_utilization_idle_pct": 12.21009341901997,
  "distance_per_delivery_avg": 1766.6826460110485,
  "zone_service_times": {
    "hole_17": 31.02290080186621,
    "hole_3": 28.47275386882199,
    "hole_18": 25.54291898389074,
    "hole_11": 35.798702316135405,
    "hole_16": 26.567035408342075,
    "hole_-1": 38.654136823072804,
    "hole_14": 39.564461066871296,
    "hole_4": 40.60597717703192,
    "hole_8": 36.409931493033035,
    "hole_7": 55.49205178385479,
    "hole_12": 35.27858205083092,
    "hole_15": 29.911356359264303,
    "hole_13": 18.83801693729644
  },
  "total_revenue": 1110.0,
  "total_orders": 40,
  "successful_orders": 37,
  "failed_orders": 3,
  "total_rounds": 29,
  "active_runner_hours": 7.399930144634242
}