{
  "simulation_id": "delivery_dynamic_09",
  "runner_id": "2_runners",
  "revenue_per_round": 40.714285714285715,
  "orders_per_runner_hour": 5.235228801462402,
  "on_time_rate": 0.6052631578947368,
  "delivery_cycle_time_p90": 48.89133584503793,
  "delivery_cycle_time_avg": 28.970117493246555,
  "failed_rate": 0.05,
  "second_runner_break_even_orders": 7.25851752446524,
  "queue_wait_avg": 15.488095238095237,
  "runner_utilization_driving_pct": 90.52751257571073,
  "runner_utilization_prep_pct": 0.0,
  "runner_utilization_idle_pct": 9.47248742428927,
  "distance_per_delivery_avg": 1580.8015829940005,
  "zone_service_times": {
    "hole_2": 16.387937326055066,
    "hole_4": 19.19035241105403,
    "hole_16": 27.989520569994358,
    "hole_13": 38.74692102530895,
    "hole_17": 33.89245593373327,
    "hole_9": 21.000300333488305,
    "hole_18": 35.25225299810431,
    "hole_14": 17.75344783882638,
    "hole_10": 26.106216100205074,
    "hole_12": 48.085506487922125,
    "hole_15": 32.54762783663728,
    "hole_-1": 43.2041368230728,
    "hole_6": 46.87835249995593,
    "hole_11": 36.3442375688867,
    "hole_1": 12.39275375543075,
    "hole_3": 23.791294610812837
  },
  "total_revenue": 1140.0,
  "total_orders": 40,
  "successful_orders": 38,
  "failed_orders": 2,
  "total_rounds": 28,
  "active_runner_hours": 7.25851752446524
}