{
  "simulation_id": "delivery_dynamic_06",
  "runner_id": "runner_1",
  "revenue_per_round": 12.857142857142858,
  "orders_per_runner_hour": 2.1135029354207435,
  "on_time_rate": 0.13333333333333333,
  "delivery_cycle_time_p90": 62.06942217368085,
  "delivery_cycle_time_avg": 44.07942329685599,
  "failed_rate": 0.5,
  "second_runner_break_even_orders": 7.097222222222223,
  "queue_wait_avg": 30.425555555555555,
  "runner_utilization_driving_pct": 32.71980249940887,
  "runner_utilization_prep_pct": 0.0,
  "runner_utilization_idle_pct": 67.28019750059113,
  "distance_per_delivery_avg": 1227.6995610769488,
  "zone_service_times": {
    "hole_17": 15.146385228211633,
    "hole_12": 30.134544023910287,
    "hole_18": 45.37887721888733,
    "hole_8": 58.224902886177794,
    "hole_-1": 64.82442261759473,
    "hole_10": 29.796843514975382,
    "hole_3": 33.92959274717298,
    "hole_14": 53.30960346295251,
    "hole_7": 43.66345335368994,
    "hole_11": 47.04231263754021
  },
  "total_revenue": 450.0,
  "total_orders": 40,
  "successful_orders": 15,
  "failed_orders": 20,
  "total_rounds": 35,
  "active_runner_hours": 7.097222222222222
}