{
  "simulation_id": "delivery_dynamic_09",
  "runner_id": "runner_1",
  "revenue_per_round": 12.5,
  "orders_per_runner_hour": 2.118062365169641,
  "on_time_rate": 0.26666666666666666,
  "delivery_cycle_time_p90": 60.83812463896565,
  "delivery_cycle_time_avg": 42.8012216041132,
  "failed_rate": 0.56,
  "second_runner_break_even_orders": 7.081944444444445,
  "queue_wait_avg": 29.95777777777778,
  "runner_utilization_driving_pct": 21.804665399889704,
  "runner_utilization_prep_pct": 0.0,
  "runner_utilization_idle_pct": 78.1953346001103,
  "distance_per_delivery_avg": 955.3971256487073,
  "zone_service_times": {
    "hole_16": 18.056588275908357,
    "hole_14": 37.491012357551696,
    "hole_18": 46.03976533249596,
    "hole_13": 64.86580782985723,
    "hole_11": 24.359941770070993,
    "hole_12": 40.652173154588795,
    "hole_15": 42.23491268125726
  },
  "total_revenue": 450.0,
  "total_orders": 50,
  "successful_orders": 15,
  "failed_orders": 28,
  "total_rounds": 36,
  "active_runner_hours": 7.081944444444445
}