{
  "simulation_id": "delivery_dynamic_02",
  "runner_id": "3_runners",
  "revenue_per_round": 37.5,
  "orders_per_runner_hour": 4.190867932698791,
  "on_time_rate": 1.0,
  "delivery_cycle_time_p90": 22.422474382728673,
  "delivery_cycle_time_avg": 15.550302771410472,
  "failed_rate": 0.0,
  "second_runner_break_even_orders": 7.158421711628816,
  "queue_wait_avg": 0.43194444444444446,
  "runner_utilization_driving_pct": 82.6420391216856,
  "runner_utilization_prep_pct": 0.0,
  "runner_utilization_idle_pct": 17.3579608783144,
  "distance_per_delivery_avg": 1748.7950645272526,
  "zone_service_times": {
    "hole_3": 20.71095342115038,
    "hole_10": 10.68915688752686,
    "hole_-1": 12.31350733561103,
    "hole_16": 13.61474165012496,
    "hole_9": 11.751604463374587,
    "hole_2": 22.790626239404595,
    "hole_14": 15.489349228597348,
    "hole_8": 14.389384271454613,
    "hole_5": 24.611337116189496,
    "hole_18": 13.443805634785985,
    "hole_13": 15.300760381401496,
    "hole_4": 21.095603299554913,
    "hole_15": 11.76933926447952
  },
  "total_revenue": 900.0,
  "total_orders": 30,
  "successful_orders": 30,
  "failed_orders": 0,
  "total_rounds": 24,
  "active_runner_hours": 7.158421711628816
}