{
  "simulation_id": "delivery_dynamic_09",
  "runner_id": "runner_1",
  "revenue_per_round": 37.5,
  "orders_per_runner_hour": 2.7453694479724278,
  "on_time_rate": 0.55,
  "delivery_cycle_time_p90": 53.668055519644575,
  "delivery_cycle_time_avg": 29.43042123035856,
  "failed_rate": 0.0,
  "second_runner_break_even_orders": 7.284994015931391,
  "queue_wait_avg": 16.29122807017544,
  "runner_utilization_driving_pct": 39.06243381191374,
  "runner_utilization_prep_pct": 0.0,
  "runner_utilization_idle_pct": 60.93756618808626,
  "distance_per_delivery_avg": 1328.461533400479,
  "zone_service_times": {
    "hole_10": 15.67680833794613,
    "hole_17": 18.8807616465485,
    "hole_18": 38.13296889335082,
    "hole_11": 15.876373219765325,
    "hole_8": 37.60423341605656,
    "hole_15": 44.390884088181764,
    "hole_14": 57.45072657770767,
    "hole_16": 33.43672000155057,
    "hole_6": 22.647124517584842
  },
  "total_revenue": 600.0,
  "total_orders": 20,
  "successful_orders": 20,
  "failed_orders": 0,
  "total_rounds": 16,
  "active_runner_hours": 7.284994015931391
}