{
  "simulation_id": "delivery_dynamic_02",
  "runner_id": "3_runners",
  "revenue_per_round": 45.45454545454545,
  "orders_per_runner_hour": 6.91149229553025,
  "on_time_rate": 0.7,
  "delivery_cycle_time_p90": 42.687518418598394,
  "delivery_cycle_time_avg": 25.15897883492306,
  "failed_rate": 0.0,
  "second_runner_break_even_orders": 7.234327676576538,
  "queue_wait_avg": 10.745833333333334,
  "runner_utilization_driving_pct": 100.0,
  "runner_utilization_prep_pct": 0.0,
  "runner_utilization_idle_pct": 0.0,
  "distance_per_delivery_avg": 1627.240888534149,
  "zone_service_times": {
    "hole_14": 18.995653864988938,
    "hole_10": 26.845617342745996,
    "hole_4": 30.484909207050695,
    "hole_5": 25.675716876760614,
    "hole_17": 21.505930548474026,
    "hole_9": 19.612002970666587,
    "hole_-1": 24.30478599268453,
    "hole_18": 19.8294466042818,
    "hole_3": 36.52762008781704,
    "hole_11": 40.42495584273381,
    "hole_6": 47.27597413621861,
    "hole_15": 21.46147501593247,
    "hole_16": 21.914716120674285,
    "hole_8": 14.17195295065782,
    "hole_2": 23.49147321291372,
    "hole_13": 15.90013678506851
  },
  "total_revenue": 1500.0,
  "total_orders": 50,
  "successful_orders": 50,
  "failed_orders": 0,
  "total_rounds": 33,
  "active_runner_hours": 7.234327676576538
}