{
  "simulation_id": "delivery_dynamic_09",
  "runner_id": "3_runners",
  "revenue_per_round": 42.857142857142854,
  "orders_per_runner_hour": 6.914028745243458,
  "on_time_rate": 0.94,
  "delivery_cycle_time_p90": 29.62999335655424,
  "delivery_cycle_time_avg": 19.358628018017743,
  "failed_rate": 0.0,
  "second_runner_break_even_orders": 7.231673723427569,
  "queue_wait_avg": 6.989007092198581,
  "runner_utilization_driving_pct": 98.26052395291575,
  "runner_utilization_prep_pct": 0.0,
  "runner_utilization_idle_pct": 1.7394760470842527,
  "distance_per_delivery_avg": 937.0910140539605,
  "zone_service_times": {
    "hole_15": 21.749470795277507,
    "hole_18": 19.69794309595572,
    "hole_14": 15.864184329583365,
    "hole_9": 21.81484991510511,
    "hole_16": 21.355201575508573,
    "hole_17": 21.611669185657803,
    "hole_10": 23.23032876361846,
    "hole_8": 19.708712326793062,
    "hole_-1": 14.759904737809226,
    "hole_11": 29.829458738629
  },
  "total_revenue": 1500.0,
  "total_orders": 50,
  "successful_orders": 50,
  "failed_orders": 0,
  "total_rounds": 35,
  "active_runner_hours": 7.231673723427569
}