{
  "variantKey": "front_mid_back",
  "blockedHoles": [
    1,
    2,
    3,
    4,
    5,
    6,
    10,
    11,
    12
  ],
  "deliveryMetrics": {
    "totalOrders": 50,
    "successfulDeliveries": 50,
    "failedDeliveries": 0,
    "avgOrderTime": 19.35862801801774,
    "onTimePercentage": 94.0,
    "revenue": 1500.0,
    "ordersPerRunnerHour": 5.0,
    "lateOrders": 3,
    "runnerUtilizationPct": 23.686268304017535,
    "totalRunnerDriveMinutes": 426.35282947231565,
    "totalRunnerShiftMinutes": 1800.0,
    "runnerUtilizationByRunner": {
      "runner_1": {
        "driveMinutes": 165.00695526035267,
        "utilizationPct": 27.50115921005878,
        "shiftMinutes": 600.0
      },
      "runner_3": {
        "driveMinutes": 135.1856079581095,
        "utilizationPct": 22.530934659684917,
        "shiftMinutes": 600.0
      },
      "runner_2": {
        "driveMinutes": 126.1602662538535,
        "utilizationPct": 21.026711042308914,
        "shiftMinutes": 600.0
      }
    }
  },
  "bevCartMetrics": null,
  "hasRunners": true,
  "hasBevCart": false
}