{
  "simulation_id": "delivery_dynamic_08",
  "runner_id": "2_runners",
  "revenue_per_round": 39.54545454545455,
  "orders_per_runner_hour": 3.9634317919143953,
  "on_time_rate": 0.6551724137931034,
  "delivery_cycle_time_p90": 40.107755950928066,
  "delivery_cycle_time_avg": 24.434862857610828,
  "failed_rate": 0.0,
  "second_runner_break_even_orders": 7.316891401830477,
  "queue_wait_avg": 10.481410256410257,
  "runner_utilization_driving_pct": 75.85168341332823,
  "runner_utilization_prep_pct": 0.0,
  "runner_utilization_idle_pct": 24.14831658667177,
  "distance_per_delivery_avg": 1692.6794373986156,
  "zone_service_times": {
    "hole_7": 26.83416092636329,
    "hole_9": 21.17064566723815,
    "hole_18": 19.92695622722267,
    "hole_14": 21.812200098184643,
    "hole_12": 21.288255381571464,
    "hole_16": 27.81890945057568,
    "hole_13": 22.21532652073632,
    "hole_-1": 40.107755950928066,
    "hole_15": 29.408240530763095,
    "hole_17": 29.552130657730658,
    "hole_8": 28.529736873959035,
    "hole_10": 11.744919462838274
  },
  "total_revenue": 870.0,
  "total_orders": 30,
  "successful_orders": 29,
  "failed_orders": 0,
  "total_rounds": 22,
  "active_runner_hours": 7.316891401830477
}