{
  "simulation_id": "delivery_dynamic_10",
  "runner_id": "3_runners",
  "revenue_per_round": 48.38709677419355,
  "orders_per_runner_hour": 6.929093217806937,
  "on_time_rate": 0.46,
  "delivery_cycle_time_p90": 52.19360654335846,
  "delivery_cycle_time_avg": 31.95784150776636,
  "failed_rate": 0.0,
  "second_runner_break_even_orders": 7.215951413599979,
  "queue_wait_avg": 20.39148148148148,
  "runner_utilization_driving_pct": 100.0,
  "runner_utilization_prep_pct": 0.0,
  "runner_utilization_idle_pct": 0.0,
  "distance_per_delivery_avg": 1211.4507466094963,
  "zone_service_times": {
    "hole_9": 30.50840025532468,
    "hole_4": 20.225540871443204,
    "hole_6": 28.965894956216914,
    "hole_5": 21.423636617822133,
    "hole_-1": 37.84983169851973,
    "hole_18": 24.733882142084298,
    "hole_13": 22.357991678651807,
    "hole_15": 45.18443609505421,
    "hole_8": 23.937302024711325,
    "hole_17": 37.568783375495535,
    "hole_7": 38.507787585214906,
    "hole_14": 45.16775831318452,
    "hole_16": 28.947180337116556,
    "hole_10": 28.03130902156085,
    "hole_12": 20.77673581529792
  },
  "total_revenue": 1500.0,
  "total_orders": 50,
  "successful_orders": 50,
  "failed_orders": 0,
  "total_rounds": 31,
  "active_runner_hours": 7.21595141359998
}