{
  "simulation_id": "delivery_dynamic_03",
  "runner_id": "3_runners",
  "revenue_per_round": 48.38709677419355,
  "orders_per_runner_hour": 6.911346421616327,
  "on_time_rate": 0.62,
  "delivery_cycle_time_p90": 53.75178235049126,
  "delivery_cycle_time_avg": 29.43837472473054,
  "failed_rate": 0.0,
  "second_runner_break_even_orders": 7.234480367474724,
  "queue_wait_avg": 15.225347222222222,
  "runner_utilization_driving_pct": 100.0,
  "runner_utilization_prep_pct": 0.0,
  "runner_utilization_idle_pct": 0.0,
  "distance_per_delivery_avg": 1620.2059075094621,
  "zone_service_times": {
    "hole_12": 39.51796206955202,
    "hole_9": 15.232565965376883,
    "hole_10": 22.351881019759986,
    "hole_14": 36.340758313737126,
    "hole_17": 17.90504993786811,
    "hole_16": 13.407833128417405,
    "hole_4": 46.482187953275385,
    "hole_8": 13.728745788796267,
    "hole_-1": 26.59001398149314,
    "hole_5": 48.54295520512258,
    "hole_11": 30.457453060530113,
    "hole_18": 37.21602696040021,
    "hole_7": 48.50975890904653,
    "hole_6": 49.98980417863982,
    "hole_13": 16.619997300069297,
    "hole_15": 13.708113928436553
  },
  "total_revenue": 1500.0,
  "total_orders": 50,
  "successful_orders": 50,
  "failed_orders": 0,
  "total_rounds": 31,
  "active_runner_hours": 7.234480367474724
}