{
  "simulation_id": "delivery_dynamic_07",
  "runner_id": "2_runners",
  "revenue_per_round": 41.785714285714285,
  "orders_per_runner_hour": 5.42972337910355,
  "on_time_rate": 0.46153846153846156,
  "delivery_cycle_time_p90": 42.96966917837126,
  "delivery_cycle_time_avg": 30.498163314472265,
  "failed_rate": 0.0,
  "second_runner_break_even_orders": 7.182686350117326,
  "queue_wait_avg": 17.01126126126126,
  "runner_utilization_driving_pct": 88.06721552848207,
  "runner_utilization_prep_pct": 0.0,
  "runner_utilization_idle_pct": 11.932784471517934,
  "distance_per_delivery_avg": 1464.7162069960166,
  "zone_service_times": {
    "hole_15": 29.002115398882204,
    "hole_17": 22.71590298871702,
    "hole_12": 31.176914031383337,
    "hole_11": 23.385904235553365,
    "hole_14": 38.39198656938144,
    "hole_6": 26.58297428921681,
    "hole_18": 39.47566470790977,
    "hole_13": 26.999602535578624,
    "hole_10": 39.27467307053157,
    "hole_8": 13.669138023856855,
    "hole_9": 17.38056191153246,
    "hole_-1": 20.203174493917807,
    "hole_16": 28.00819898681463
  },
  "total_revenue": 1170.0,
  "total_orders": 40,
  "successful_orders": 39,
  "failed_orders": 0,
  "total_rounds": 28,
  "active_runner_hours": 7.182686350117327
}