{
  "variantKey": "front_back",
  "blockedHoles": [
    1,
    2,
    3,
    10,
    11,
    12
  ],
  "deliveryMetrics": {
    "totalOrders": 40,
    "successfulDeliveries": 40,
    "failedDeliveries": 0,
    "avgOrderTime": 12.905808147021173,
    "onTimePercentage": 100.0,
    "revenue": 1200.0,
    "ordersPerRunnerHour": 4.0,
    "lateOrders": 0,
    "runnerUtilizationPct": 18.781289061360642,
    "totalRunnerDriveMinutes": 338.06320310449155,
    "totalRunnerShiftMinutes": 1800.0,
    "runnerUtilizationByRunner": {
      "runner_1": {
        "driveMinutes": 153.3385743245003,
        "utilizationPct": 25.556429054083385,
        "shiftMinutes": 600.0
      },
      "runner_2": {
        "driveMinutes": 113.6205185610021,
        "utilizationPct": 18.93675309350035,
        "shiftMinutes": 600.0
      },
      "runner_3": {
        "driveMinutes": 71.10411021898918,
        "utilizationPct": 11.850685036498195,
        "shiftMinutes": 600.0
      }
    }
  },
  "bevCartMetrics": null,
  "hasRunners": true,
  "hasBevCart": false
}