{
  "variantKey": "front_mid_back",
  "blockedHoles": [
    1,
    2,
    3,
    4,
    5,
    6,
    10,
    11,
    12
  ],
  "deliveryMetrics": {
    "totalOrders": 40,
    "successfulDeliveries": 40,
    "failedDeliveries": 0,
    "avgOrderTime": 14.274823233474287,
    "onTimePercentage": 100.0,
    "revenue": 1200.0,
    "ordersPerRunnerHour": 4.0,
    "lateOrders": 0,
    "runnerUtilizationPct": 23.079633640524865,
    "totalRunnerDriveMinutes": 415.43340552944755,
    "totalRunnerShiftMinutes": 1800.0,
    "runnerUtilizationByRunner": {
      "runner_3": {
        "driveMinutes": 96.45954331057206,
        "utilizationPct": 16.07659055176201,
        "shiftMinutes": 600.0
      },
      "runner_1": {
        "driveMinutes": 178.21933854098359,
        "utilizationPct": 29.70322309016393,
        "shiftMinutes": 600.0
      },
      "runner_2": {
        "driveMinutes": 140.75452367789208,
        "utilizationPct": 23.45908727964868,
        "shiftMinutes": 600.0
      }
    }
  },
  "bevCartMetrics": null,
  "hasRunners": true,
  "hasBevCart": false
}