{
  "simulation_id": "delivery_dynamic_08",
  "runner_id": "2_runners",
  "revenue_per_round": 37.0,
  "orders_per_runner_hour": 5.089614837213175,
  "on_time_rate": 0.4864864864864865,
  "delivery_cycle_time_p90": 58.804396839894835,
  "delivery_cycle_time_avg": 35.158899197741476,
  "failed_rate": 0.075,
  "second_runner_break_even_orders": 7.26970530843929,
  "queue_wait_avg": 23.384343434343435,
  "runner_utilization_driving_pct": 86.71684751595619,
  "runner_utilization_prep_pct": 0.0,
  "runner_utilization_idle_pct": 13.28315248404381,
  "distance_per_delivery_avg": 1445.671211522215,
  "zone_service_times": {
    "hole_2": 23.246307994652184,
    "hole_13": 15.129577744448094,
    "hole_14": 14.706015895264015,
    "hole_9": 15.981564779664435,
    "hole_-1": 41.68160414684337,
    "hole_10": 41.89637897806254,
    "hole_18": 35.749209162719836,
    "hole_5": 44.351824031552276,
    "hole_16": 48.96383131771527,
    "hole_6": 38.25447973032993,
    "hole_12": 46.95480006027495,
    "hole_17": 47.83223335817535,
    "hole_4": 20.445876754527852,
    "hole_8": 18.218361622619945,
    "hole_15": 19.4537470777861
  },
  "total_revenue": 1110.0,
  "total_orders": 40,
  "successful_orders": 37,
  "failed_orders": 3,
  "total_rounds": 30,
  "active_runner_hours": 7.269705308439291
}