{
  "simulation_id": "delivery_dynamic_06",
  "runner_id": "2_runners",
  "revenue_per_round": 37.5,
  "orders_per_runner_hour": 2.8373766563266782,
  "on_time_rate": 1.0,
  "delivery_cycle_time_p90": 21.109298443839524,
  "delivery_cycle_time_avg": 13.963990828634774,
  "failed_rate": 0.0,
  "second_runner_break_even_orders": 7.048764553484549,
  "queue_wait_avg": 1.125,
  "runner_utilization_driving_pct": 46.01590071313088,
  "runner_utilization_prep_pct": 0.0,
  "runner_utilization_idle_pct": 53.98409928686912,
  "distance_per_delivery_avg": 1029.5009184212845,
  "zone_service_times": {
    "hole_16": 13.878042140918552,
    "hole_9": 12.894410579469534,
    "hole_8": 13.522747068472805,
    "hole_13": 15.112911077781428,
    "hole_11": 16.188902637147386,
    "hole_18": 13.018401572772502,
    "hole_-1": 10.406063506561502,
    "hole_14": 18.292796777026645,
    "hole_10": 12.02070428735921
  },
  "total_revenue": 600.0,
  "total_orders": 20,
  "successful_orders": 20,
  "failed_orders": 0,
  "total_rounds": 16,
  "active_runner_hours": 7.048764553484549
}