{
  "simulation_id": "delivery_dynamic_02",
  "runner_id": "2_runners",
  "revenue_per_round": 33.333333333333336,
  "orders_per_runner_hour": 2.81910286657523,
  "on_time_rate": 0.95,
  "delivery_cycle_time_p90": 29.22942926934424,
  "delivery_cycle_time_avg": 19.080862248929872,
  "failed_rate": 0.0,
  "second_runner_break_even_orders": 7.094455557876426,
  "queue_wait_avg": 4.597619047619047,
  "runner_utilization_driving_pct": 56.63110207562585,
  "runner_utilization_prep_pct": 0.0,
  "runner_utilization_idle_pct": 43.36889792437415,
  "distance_per_delivery_avg": 1969.8097156404372,
  "zone_service_times": {
    "hole_15": 19.357698124348325,
    "hole_3": 16.826705327977894,
    "hole_8": 14.699421877738253,
    "hole_4": 35.32368574438733,
    "hole_12": 14.321245988192217,
    "hole_6": 22.970964225386037,
    "hole_18": 29.536335845037925,
    "hole_2": 19.1045766241294,
    "hole_11": 13.65900318967809,
    "hole_13": 16.831511878282072,
    "hole_9": 13.181524716636098,
    "hole_1": 12.210426259020217,
    "hole_17": 16.15329974164488
  },
  "total_revenue": 600.0,
  "total_orders": 20,
  "successful_orders": 20,
  "failed_orders": 0,
  "total_rounds": 18,
  "active_runner_hours": 7.094455557876425
}