{
  "simulation_id": "delivery_dynamic_07",
  "runner_id": "3_runners",
  "revenue_per_round": 40.0,
  "orders_per_runner_hour": 2.809628656985368,
  "on_time_rate": 1.0,
  "delivery_cycle_time_p90": 23.21091972439753,
  "delivery_cycle_time_avg": 16.262667769156856,
  "failed_rate": 0.0,
  "second_runner_break_even_orders": 7.1183784199650395,
  "queue_wait_avg": 0.20185185185185187,
  "runner_utilization_driving_pct": 59.97242079160478,
  "runner_utilization_prep_pct": 0.0,
  "runner_utilization_idle_pct": 40.02757920839522,
  "distance_per_delivery_avg": 2043.2163704367013,
  "zone_service_times": {
    "hole_9": 11.95861539761839,
    "hole_10": 10.895304408776004,
    "hole_5": 22.549037225574406,
    "hole_4": 22.403222584054113,
    "hole_8": 13.527933937821459,
    "hole_17": 14.19934945254847,
    "hole_13": 15.477781428067829,
    "hole_2": 23.284462224266765,
    "hole_14": 14.706015895264015,
    "hole_18": 11.888520676755919,
    "hole_15": 14.262480793801297
  },
  "total_revenue": 600.0,
  "total_orders": 20,
  "successful_orders": 20,
  "failed_orders": 0,
  "total_rounds": 15,
  "active_runner_hours": 7.1183784199650395
}