{
  "variantKey": "mid_back",
  "blockedHoles": [
    4,
    5,
    6,
    10,
    11,
    12
  ],
  "deliveryMetrics": {
    "totalOrders": 20,
    "successfulDeliveries": 20,
    "failedDeliveries": 0,
    "avgOrderTime": 16.262667769156856,
    "onTimePercentage": 100.0,
    "revenue": 600.0,
    "ordersPerRunnerHour": 2.0,
    "lateOrders": 0,
    "runnerUtilizationPct": 14.23021286520074,
    "totalRunnerDriveMinutes": 256.1438315736133,
    "totalRunnerShiftMinutes": 1800.0,
    "runnerUtilizationByRunner": {
      "runner_1": {
        "driveMinutes": 132.71911140185043,
        "utilizationPct": 22.119851900308404,
        "shiftMinutes": 600.0
      },
      "runner_2": {
        "driveMinutes": 75.49013712547637,
        "utilizationPct": 12.581689520912729,
        "shiftMinutes": 600.0
      },
      "runner_3": {
        "driveMinutes": 47.934583046286505,
        "utilizationPct": 7.989097174381084,
        "shiftMinutes": 600.0
      }
    }
  },
  "bevCartMetrics": null,
  "hasRunners": true,
  "hasBevCart": false
}