{
  "simulation_id": "delivery_dynamic_07",
  "runner_id": "runner_1",
  "revenue_per_round": 21.428571428571427,
  "orders_per_runner_hour": 2.8475380660470635,
  "on_time_rate": 0.3,
  "delivery_cycle_time_p90": 62.95872721477756,
  "delivery_cycle_time_avg": 42.7752592645957,
  "failed_rate": 0.46,
  "second_runner_break_even_orders": 7.023611111111111,
  "queue_wait_avg": 29.8475,
  "runner_utilization_driving_pct": 28.30202990062083,
  "runner_utilization_prep_pct": 0.0,
  "runner_utilization_idle_pct": 71.69797009937918,
  "distance_per_delivery_avg": 983.7271129041567,
  "zone_service_times": {
    "hole_15": 42.12134879177996,
    "hole_18": 44.92998250323928,
    "hole_13": 49.71484571602368,
    "hole_9": 25.31197015867765,
    "hole_17": 24.758568346361912,
    "hole_14": 57.84389938603381
  },
  "total_revenue": 600.0,
  "total_orders": 50,
  "successful_orders": 20,
  "failed_orders": 23,
  "total_rounds": 28,
  "active_runner_hours": 7.023611111111111
}