{
  "simulation_id": "delivery_dynamic_10",
  "runner_id": "2_runners",
  "revenue_per_round": 35.294117647058826,
  "orders_per_runner_hour": 2.8533392522784653,
  "on_time_rate": 1.0,
  "delivery_cycle_time_p90": 16.458263265935933,
  "delivery_cycle_time_avg": 12.366771498503956,
  "failed_rate": 0.0,
  "second_runner_break_even_orders": 7.009331254259192,
  "queue_wait_avg": 0.7022222222222222,
  "runner_utilization_driving_pct": 20.50755342001728,
  "runner_utilization_prep_pct": 0.0,
  "runner_utilization_idle_pct": 79.49244657998273,
  "distance_per_delivery_avg": 1324.875478922847,
  "zone_service_times": {
    "hole_2": 13.39503628450961,
    "hole_1": 11.295607555732083,
    "hole_10": 10.853643887787227,
    "hole_17": 12.686882768915105,
    "hole_8": 11.998546300844373,
    "hole_4": 17.144268280800496,
    "hole_9": 10.876200870910846,
    "hole_18": 10.859305253265832,
    "hole_3": 13.314022745660866,
    "hole_11": 11.564978898756696
  },
  "total_revenue": 600.0,
  "total_orders": 20,
  "successful_orders": 20,
  "failed_orders": 0,
  "total_rounds": 17,
  "active_runner_hours": 7.009331254259192
}