{
  "simulation_id": "delivery_dynamic_10",
  "runner_id": "3_runners",
  "revenue_per_round": 40.285714285714285,
  "orders_per_runner_hour": 6.618423626051242,
  "on_time_rate": 0.6382978723404256,
  "delivery_cycle_time_p90": 48.758928290987264,
  "delivery_cycle_time_avg": 27.110254787673014,
  "failed_rate": 0.0,
  "second_runner_break_even_orders": 7.101388888888889,
  "queue_wait_avg": 13.303030303030303,
  "runner_utilization_driving_pct": 100.0,
  "runner_utilization_prep_pct": 0.0,
  "runner_utilization_idle_pct": 0.0,
  "distance_per_delivery_avg": 1564.5349703602599,
  "zone_service_times": {
    "hole_9": 18.074759671255922,
    "hole_15": 13.658113928436585,
    "hole_17": 19.892955063419222,
    "hole_4": 22.528523486594835,
    "hole_-1": 26.15157492670609,
    "hole_8": 16.97102054725017,
    "hole_3": 20.624114365512376,
    "hole_5": 28.026681553874035,
    "hole_2": 23.184469138029332,
    "hole_6": 46.73620333387466,
    "hole_11": 46.65750343562344,
    "hole_18": 28.376899046265144,
    "hole_13": 15.452781349454018,
    "hole_16": 12.859888377703523
  },
  "total_revenue": 1410.0,
  "total_orders": 50,
  "successful_orders": 47,
  "failed_orders": 0,
  "total_rounds": 35,
  "active_runner_hours": 7.101388888888889
}