{
  "simulation_id": "delivery_dynamic_04",
  "runner_id": "3_runners",
  "revenue_per_round": 44.54545454545455,
  "orders_per_runner_hour": 6.790489088253726,
  "on_time_rate": 0.673469387755102,
  "delivery_cycle_time_p90": 51.396430401898456,
  "delivery_cycle_time_avg": 27.343027623729213,
  "failed_rate": 0.0,
  "second_runner_break_even_orders": 7.215975073836848,
  "queue_wait_avg": 12.890277777777778,
  "runner_utilization_driving_pct": 100.0,
  "runner_utilization_prep_pct": 0.0,
  "runner_utilization_idle_pct": 0.0,
  "distance_per_delivery_avg": 1584.5144244301582,
  "zone_service_times": {
    "hole_2": 24.57176369291087,
    "hole_8": 14.269642394053502,
    "hole_4": 25.184277590400598,
    "hole_14": 15.840971261599964,
    "hole_17": 26.944147403671337,
    "hole_-1": 23.450951253771574,
    "hole_3": 31.827159133405623,
    "hole_9": 23.604409640796256,
    "hole_18": 24.488545474314453,
    "hole_5": 33.12068526973455,
    "hole_10": 22.571557243886915,
    "hole_15": 26.246690495726924,
    "hole_6": 51.01079845714427,
    "hole_16": 26.108639522720143,
    "hole_11": 55.93056939395704
  },
  "total_revenue": 1470.0,
  "total_orders": 50,
  "successful_orders": 49,
  "failed_orders": 0,
  "total_rounds": 33,
  "active_runner_hours": 7.215975073836849
}