{
  "simulation_id": "delivery_dynamic_06",
  "runner_id": "3_runners",
  "revenue_per_round": 40.0,
  "orders_per_runner_hour": 2.8449500472230147,
  "on_time_rate": 1.0,
  "delivery_cycle_time_p90": 21.81261593954742,
  "delivery_cycle_time_avg": 13.431838955190901,
  "failed_rate": 0.0,
  "second_runner_break_even_orders": 7.030000410559831,
  "queue_wait_avg": 0.3322916666666667,
  "runner_utilization_driving_pct": 46.62243581927575,
  "runner_utilization_prep_pct": 0.0,
  "runner_utilization_idle_pct": 53.37756418072425,
  "distance_per_delivery_avg": 1063.777888944142,
  "zone_service_times": {
    "hole_-1": 11.232379484828925,
    "hole_9": 11.605422492036883,
    "hole_16": 13.527853572061394,
    "hole_13": 15.519448016120684,
    "hole_17": 14.5524055859707,
    "hole_14": 14.568823855760638,
    "hole_15": 11.76933926447958,
    "hole_4": 22.5451901532615,
    "hole_8": 14.16229748658649,
    "hole_18": 11.077858553223754
  },
  "total_revenue": 600.0,
  "total_orders": 20,
  "successful_orders": 20,
  "failed_orders": 0,
  "total_rounds": 15,
  "active_runner_hours": 7.03000041055983
}