{
  "simulation_id": "delivery_dynamic_07",
  "runner_id": "runner_1",
  "revenue_per_round": 15.0,
  "orders_per_runner_hour": 2.1155729676787463,
  "on_time_rate": 0.26666666666666666,
  "delivery_cycle_time_p90": 64.98815063792706,
  "delivery_cycle_time_avg": 42.35881665436275,
  "failed_rate": 0.52,
  "second_runner_break_even_orders": 7.090277777777777,
  "queue_wait_avg": 28.793333333333333,
  "runner_utilization_driving_pct": 35.51842447039894,
  "runner_utilization_prep_pct": 0.0,
  "runner_utilization_idle_pct": 64.48157552960106,
  "distance_per_delivery_avg": 1198.0023958658774,
  "zone_service_times": {
    "hole_17": 13.086663462665667,
    "hole_16": 26.673254942575053,
    "hole_10": 47.66401727091497,
    "hole_13": 64.50198890029552,
    "hole_18": 44.135987169476934,
    "hole_11": 59.105068109259385,
    "hole_12": 44.55506055415851,
    "hole_9": 35.823688597543025,
    "hole_8": 18.223460187288946,
    "hole_14": 65.71739324437439
  },
  "total_revenue": 450.0,
  "total_orders": 50,
  "successful_orders": 15,
  "failed_orders": 26,
  "total_rounds": 30,
  "active_runner_hours": 7.090277777777778
}