{
  "simulation_id": "delivery_dynamic_07",
  "runner_id": "runner_1",
  "revenue_per_round": 18.0,
  "orders_per_runner_hour": 2.505316064179393,
  "on_time_rate": 0.1111111111111111,
  "delivery_cycle_time_p90": 66.46029751752835,
  "delivery_cycle_time_avg": 47.46446264310624,
  "failed_rate": 0.425,
  "second_runner_break_even_orders": 7.184722222222222,
  "queue_wait_avg": 34.20925925925926,
  "runner_utilization_driving_pct": 38.17035573824701,
  "runner_utilization_prep_pct": 0.0,
  "runner_utilization_idle_pct": 61.82964426175299,
  "distance_per_delivery_avg": 1093.7483369725833,
  "zone_service_times": {
    "hole_12": 50.41298615020681,
    "hole_13": 16.769448016120684,
    "hole_16": 42.85768920291434,
    "hole_18": 47.42947737544172,
    "hole_-1": 51.48676814276669,
    "hole_14": 63.17969364992932,
    "hole_9": 47.43844350517008
  },
  "total_revenue": 540.0,
  "total_orders": 40,
  "successful_orders": 18,
  "failed_orders": 17,
  "total_rounds": 30,
  "active_runner_hours": 7.184722222222222
}