{
  "simulation_id": "delivery_dynamic_07",
  "runner_id": "2_runners",
  "revenue_per_round": 34.54545454545455,
  "orders_per_runner_hour": 5.214408233276158,
  "on_time_rate": 0.39473684210526316,
  "delivery_cycle_time_p90": 58.14443132091785,
  "delivery_cycle_time_avg": 34.24586279727241,
  "failed_rate": 0.18,
  "second_runner_break_even_orders": 7.2875,
  "queue_wait_avg": 21.76981981981982,
  "runner_utilization_driving_pct": 79.04433567179487,
  "runner_utilization_prep_pct": 0.0,
  "runner_utilization_idle_pct": 20.95566432820513,
  "distance_per_delivery_avg": 1024.441478830897,
  "zone_service_times": {
    "hole_12": 34.61810298555108,
    "hole_10": 39.45760967727471,
    "hole_17": 23.164124033388028,
    "hole_14": 30.18157059741369,
    "hole_15": 20.410221009421697,
    "hole_18": 36.341529460505264,
    "hole_-1": 37.520271810504155,
    "hole_16": 47.72656781022418,
    "hole_11": 37.714869719750624,
    "hole_13": 15.279103867494026,
    "hole_8": 15.218320247583081
  },
  "total_revenue": 1140.0,
  "total_orders": 50,
  "successful_orders": 38,
  "failed_orders": 9,
  "total_rounds": 33,
  "active_runner_hours": 7.2875
}