{
  "simulation_id": "delivery_dynamic_09",
  "runner_id": "3_runners",
  "revenue_per_round": 34.61538461538461,
  "orders_per_runner_hour": 4.233674404456712,
  "on_time_rate": 1.0,
  "delivery_cycle_time_p90": 18.99095993951214,
  "delivery_cycle_time_avg": 14.762296141109266,
  "failed_rate": 0.0,
  "second_runner_break_even_orders": 7.086043265022823,
  "queue_wait_avg": 0.15666666666666665,
  "runner_utilization_driving_pct": 76.2671419239751,
  "runner_utilization_prep_pct": 0.0,
  "runner_utilization_idle_pct": 23.732858076024897,
  "distance_per_delivery_avg": 1565.0381700793816,
  "zone_service_times": {
    "hole_11": 13.605027858170363,
    "hole_4": 19.215981753244076,
    "hole_8": 14.699421877738253,
    "hole_18": 11.482444424567875,
    "hole_17": 15.586725972505914,
    "hole_10": 11.459981477568908,
    "hole_16": 17.321978216778067,
    "hole_9": 12.651315164751436,
    "hole_1": 12.77801204096886,
    "hole_7": 17.26056572878606,
    "hole_15": 18.081568380268923,
    "hole_2": 16.111388295562694,
    "hole_6": 17.627941412619595
  },
  "total_revenue": 900.0,
  "total_orders": 30,
  "successful_orders": 30,
  "failed_orders": 0,
  "total_rounds": 26,
  "active_runner_hours": 7.086043265022823
}