{
  "simulation_id": "delivery_dynamic_05",
  "runner_id": "2_runners",
  "revenue_per_round": 34.6875,
  "orders_per_runner_hour": 5.109321058688147,
  "on_time_rate": 0.35135135135135137,
  "delivery_cycle_time_p90": 60.163160776834275,
  "delivery_cycle_time_avg": 39.53865951865321,
  "failed_rate": 0.025,
  "second_runner_break_even_orders": 7.241666666666666,
  "queue_wait_avg": 26.781372549019608,
  "runner_utilization_driving_pct": 82.52110741403413,
  "runner_utilization_prep_pct": 0.0,
  "runner_utilization_idle_pct": 17.478892585965866,
  "distance_per_delivery_avg": 1656.0598685377502,
  "zone_service_times": {
    "hole_16": 17.841532320147962,
    "hole_-1": 34.69001007067594,
    "hole_18": 43.8179878058053,
    "hole_6": 49.66460709384698,
    "hole_11": 36.638401442592716,
    "hole_17": 20.97892580666668,
    "hole_14": 53.991974576918736,
    "hole_8": 58.85473675822134,
    "hole_12": 56.093230279023174,
    "hole_15": 40.21064646737489,
    "hole_2": 13.992469477718807,
    "hole_10": 11.929214945648589
  },
  "total_revenue": 1110.0,
  "total_orders": 40,
  "successful_orders": 37,
  "failed_orders": 1,
  "total_rounds": 32,
  "active_runner_hours": 7.241666666666666
}