{
  "simulation_id": "delivery_dynamic_01",
  "runner_id": "3_runners",
  "revenue_per_round": 45.0,
  "orders_per_runner_hour": 4.091924292255379,
  "on_time_rate": 1.0,
  "delivery_cycle_time_p90": 22.29228317842304,
  "delivery_cycle_time_avg": 15.321410956925499,
  "failed_rate": 0.0,
  "second_runner_break_even_orders": 7.331513942420635,
  "queue_wait_avg": 1.1884615384615385,
  "runner_utilization_driving_pct": 72.56766739925651,
  "runner_utilization_prep_pct": 0.0,
  "runner_utilization_idle_pct": 27.432332600743493,
  "distance_per_delivery_avg": 1441.9140815269677,
  "zone_service_times": {
    "hole_18": 11.355970468085307,
    "hole_13": 19.83247462262643,
    "hole_14": 17.128531933090198,
    "hole_17": 21.16665879948244,
    "hole_10": 11.753252302561638,
    "hole_9": 12.515415330401568,
    "hole_12": 14.4895823998637,
    "hole_15": 18.48349336321565,
    "hole_16": 18.03992160924172,
    "hole_8": 13.65247135719025
  },
  "total_revenue": 900.0,
  "total_orders": 30,
  "successful_orders": 30,
  "failed_orders": 0,
  "total_rounds": 20,
  "active_runner_hours": 7.331513942420635
}