{
  "simulation_id": "delivery_dynamic_09",
  "runner_id": "runner_1",
  "revenue_per_round": 35.294117647058826,
  "orders_per_runner_hour": 2.945658644345095,
  "on_time_rate": 1.0,
  "delivery_cycle_time_p90": 21.89704848507472,
  "delivery_cycle_time_avg": 16.231266061053102,
  "failed_rate": 0.0,
  "second_runner_break_even_orders": 6.789652982498444,
  "queue_wait_avg": 4.404166666666667,
  "runner_utilization_driving_pct": 22.334580909782158,
  "runner_utilization_prep_pct": 0.0,
  "runner_utilization_idle_pct": 77.66541909021784,
  "distance_per_delivery_avg": 1315.511563958226,
  "zone_service_times": {
    "hole_16": 13.40247872338532,
    "hole_17": 20.979114771622136,
    "hole_10": 16.66429398703734,
    "hole_18": 13.710768936017619,
    "hole_7": 14.052957499132269,
    "hole_8": 12.798405937660451,
    "hole_6": 19.971165456598403,
    "hole_9": 18.29802875134216,
    "hole_12": 14.147808538800472,
    "hole_13": 13.709747283349012
  },
  "total_revenue": 600.0,
  "total_orders": 20,
  "successful_orders": 20,
  "failed_orders": 0,
  "total_rounds": 17,
  "active_runner_hours": 6.789652982498445
}