{
  "simulation_id": "delivery_dynamic_08",
  "runner_id": "3_runners",
  "revenue_per_round": 34.61538461538461,
  "orders_per_runner_hour": 4.246460445681788,
  "on_time_rate": 1.0,
  "delivery_cycle_time_p90": 17.626767026628812,
  "delivery_cycle_time_avg": 14.17644749117473,
  "failed_rate": 0.0,
  "second_runner_break_even_orders": 7.064707274150382,
  "queue_wait_avg": 0.06,
  "runner_utilization_driving_pct": 67.96203717103086,
  "runner_utilization_prep_pct": 0.0,
  "runner_utilization_idle_pct": 32.03796282896914,
  "distance_per_delivery_avg": 1386.4863570347102,
  "zone_service_times": {
    "hole_18": 11.158191016162013,
    "hole_11": 13.281764781281588,
    "hole_15": 17.352541831731347,
    "hole_2": 15.687177407144999,
    "hole_3": 17.51816076380831,
    "hole_17": 15.481991147294114,
    "hole_10": 11.750834725326422,
    "hole_16": 17.39609646095695,
    "hole_9": 12.168100110011133
  },
  "total_revenue": 900.0,
  "total_orders": 30,
  "successful_orders": 30,
  "failed_orders": 0,
  "total_rounds": 26,
  "active_runner_hours": 7.064707274150381
}