{
  "variantKey": "mid_back",
  "blockedHoles": [
    4,
    5,
    6,
    10,
    11,
    12
  ],
  "deliveryMetrics": {
    "totalOrders": 30,
    "successfulDeliveries": 30,
    "failedDeliveries": 0,
    "avgOrderTime": 14.176447491174732,
    "onTimePercentage": 100.0,
    "revenue": 900.0,
    "ordersPerRunnerHour": 3.0,
    "lateOrders": 0,
    "runnerUtilizationPct": 16.004396612275347,
    "totalRunnerDriveMinutes": 288.07913902095623,
    "totalRunnerShiftMinutes": 1800.0,
    "runnerUtilizationByRunner": {
      "runner_2": {
        "driveMinutes": 81.83978256682049,
        "utilizationPct": 13.639963761136748,
        "shiftMinutes": 600.0
      },
      "runner_1": {
        "driveMinutes": 135.48250707743813,
        "utilizationPct": 22.58041784623969,
        "shiftMinutes": 600.0
      },
      "runner_3": {
        "driveMinutes": 70.75684937669763,
        "utilizationPct": 11.792808229449605,
        "shiftMinutes": 600.0
      }
    }
  },
  "bevCartMetrics": null,
  "hasRunners": true,
  "hasBevCart": false
}