{
  "simulation_id": "delivery_dynamic_01",
  "runner_id": "runner_1",
  "revenue_per_round": 21.818181818181817,
  "orders_per_runner_hour": 2.2686096888538794,
  "on_time_rate": 0.3125,
  "delivery_cycle_time_p90": 59.918066410103414,
  "delivery_cycle_time_avg": 38.300085832806936,
  "failed_rate": 0.3333333333333333,
  "second_runner_break_even_orders": 7.052777777777778,
  "queue_wait_avg": 24.103125,
  "runner_utilization_driving_pct": 37.81217396976459,
  "runner_utilization_prep_pct": 0.0,
  "runner_utilization_idle_pct": 62.18782603023541,
  "distance_per_delivery_avg": 1410.1788398231322,
  "zone_service_times": {
    "hole_1": 12.978897673897155,
    "hole_10": 27.346843514975443,
    "hole_13": 55.55660132146216,
    "hole_18": 32.5953567567819,
    "hole_9": 58.3639118425867,
    "hole_12": 41.68431835589377,
    "hole_16": 34.053386668217236,
    "hole_4": 45.140352411053996,
    "hole_3": 17.764850908387114,
    "hole_15": 47.79823504693559
  },
  "total_revenue": 480.0,
  "total_orders": 30,
  "successful_orders": 16,
  "failed_orders": 10,
  "total_rounds": 22,
  "active_runner_hours": 7.052777777777778
}