{
  "simulation_id": "delivery_dynamic_09",
  "runner_id": "3_runners",
  "revenue_per_round": 35.294117647058826,
  "orders_per_runner_hour": 2.7793236917454895,
  "on_time_rate": 1.0,
  "delivery_cycle_time_p90": 17.552945433384668,
  "delivery_cycle_time_avg": 14.785948550679278,
  "failed_rate": 0.0,
  "second_runner_break_even_orders": 7.19599521977214,
  "queue_wait_avg": 0.034722222222222224,
  "runner_utilization_driving_pct": 50.472831371351525,
  "runner_utilization_prep_pct": 0.0,
  "runner_utilization_idle_pct": 49.527168628648475,
  "distance_per_delivery_avg": 1601.078713028237,
  "zone_service_times": {
    "hole_18": 11.728512018216033,
    "hole_17": 15.571553849148323,
    "hole_10": 11.593955955942905,
    "hole_16": 17.180771095268497,
    "hole_7": 16.960565728786058,
    "hole_8": 14.660124516251885,
    "hole_14": 17.577232719367203,
    "hole_11": 13.47660843673766,
    "hole_13": 17.334359859541838,
    "hole_9": 12.578636825344256
  },
  "total_revenue": 600.0,
  "total_orders": 20,
  "successful_orders": 20,
  "failed_orders": 0,
  "total_rounds": 17,
  "active_runner_hours": 7.19599521977214
}