{
  "simulation_id": "delivery_dynamic_07",
  "runner_id": "2_runners",
  "revenue_per_round": 40.3448275862069,
  "orders_per_runner_hour": 5.422668831683274,
  "on_time_rate": 0.8717948717948718,
  "delivery_cycle_time_p90": 31.726467442759834,
  "delivery_cycle_time_avg": 21.27669837721329,
  "failed_rate": 0.0,
  "second_runner_break_even_orders": 7.192030568441304,
  "queue_wait_avg": 8.84656862745098,
  "runner_utilization_driving_pct": 79.38864383508387,
  "runner_utilization_prep_pct": 0.0,
  "runner_utilization_idle_pct": 20.61135616491613,
  "distance_per_delivery_avg": 1197.6065521795624,
  "zone_service_times": {
    "hole_9": 18.865997677438166,
    "hole_17": 22.884458827551814,
    "hole_12": 24.87909808889011,
    "hole_11": 19.95082424717673,
    "hole_16": 19.406187236661026,
    "hole_18": 23.552282825036848,
    "hole_8": 13.88693739103913,
    "hole_10": 17.917496423831047,
    "hole_15": 19.06665814535645
  },
  "total_revenue": 1170.0,
  "total_orders": 40,
  "successful_orders": 39,
  "failed_orders": 0,
  "total_rounds": 29,
  "active_runner_hours": 7.192030568441304
}