{
  "simulation_id": "delivery_dynamic_09",
  "runner_id": "runner_1",
  "revenue_per_round": 13.448275862068966,
  "orders_per_runner_hour": 1.8567744495139853,
  "on_time_rate": 0.23076923076923078,
  "delivery_cycle_time_p90": 61.18078489581181,
  "delivery_cycle_time_avg": 43.078589742293914,
  "failed_rate": 0.58,
  "second_runner_break_even_orders": 7.001388888888889,
  "queue_wait_avg": 28.25,
  "runner_utilization_driving_pct": 27.978632353515327,
  "runner_utilization_prep_pct": 0.0,
  "runner_utilization_idle_pct": 72.02136764648468,
  "distance_per_delivery_avg": 1622.4061534107573,
  "zone_service_times": {
    "hole_16": 28.830268169117033,
    "hole_4": 31.346279291389962,
    "hole_17": 55.280908660471205,
    "hole_18": 40.88619178419823,
    "hole_9": 61.09282149652317,
    "hole_13": 38.36388284557494,
    "hole_14": 51.71056605270048
  },
  "total_revenue": 390.0,
  "total_orders": 50,
  "successful_orders": 13,
  "failed_orders": 29,
  "total_rounds": 29,
  "active_runner_hours": 7.001388888888889
}