{
  "variantKey": "back",
  "blockedHoles": [
    10,
    11,
    12
  ],
  "deliveryMetrics": {
    "totalOrders": 40,
    "successfulDeliveries": 40,
    "failedDeliveries": 0,
    "avgOrderTime": 15.791381813078791,
    "onTimePercentage": 100.0,
    "revenue": 1200.0,
    "ordersPerRunnerHour": 4.0,
    "lateOrders": 0,
    "runnerUtilizationPct": 21.083493976153928,
    "totalRunnerDriveMinutes": 379.5028915707707,
    "totalRunnerShiftMinutes": 1800.0,
    "runnerUtilizationByRunner": {
      "runner_1": {
        "driveMinutes": 171.71586842455704,
        "utilizationPct": 28.61931140409284,
        "shiftMinutes": 600.0
      },
      "runner_2": {
        "driveMinutes": 117.43158363795366,
        "utilizationPct": 19.571930606325612,
        "shiftMinutes": 600.0
      },
      "runner_3": {
        "driveMinutes": 90.35543950826003,
        "utilizationPct": 15.059239918043337,
        "shiftMinutes": 600.0
      }
    }
  },
  "bevCartMetrics": null,
  "hasRunners": true,
  "hasBevCart": false
}