{
  "simulation_id": "delivery_dynamic_05",
  "runner_id": "3_runners",
  "revenue_per_round": 40.90909090909091,
  "orders_per_runner_hour": 4.128461151191597,
  "on_time_rate": 1.0,
  "delivery_cycle_time_p90": 21.510079542783284,
  "delivery_cycle_time_avg": 14.829195049497557,
  "failed_rate": 0.0,
  "second_runner_break_even_orders": 7.266630083546047,
  "queue_wait_avg": 0.7346666666666667,
  "runner_utilization_driving_pct": 70.51906276492397,
  "runner_utilization_prep_pct": 0.0,
  "runner_utilization_idle_pct": 29.480937235076027,
  "distance_per_delivery_avg": 1416.9028699645141,
  "zone_service_times": {
    "hole_4": 20.74404383214284,
    "hole_10": 10.957574486279768,
    "hole_17": 14.163383287116812,
    "hole_18": 14.905208970896831,
    "hole_8": 13.679792027361326,
    "hole_15": 12.739622220115734,
    "hole_-1": 11.146709178246116,
    "hole_14": 16.43609766300933,
    "hole_7": 15.22970015979568,
    "hole_2": 21.910773377413715,
    "hole_9": 11.55293498730974,
    "hole_6": 19.957809095603444,
    "hole_16": 12.905060636990068,
    "hole_3": 21.567503237653487
  },
  "total_revenue": 900.0,
  "total_orders": 30,
  "successful_orders": 30,
  "failed_orders": 0,
  "total_rounds": 22,
  "active_runner_hours": 7.266630083546047
}