{
  "simulation_id": "delivery_dynamic_01",
  "runner_id": "3_runners",
  "revenue_per_round": 47.41935483870968,
  "orders_per_runner_hour": 6.865237631812399,
  "on_time_rate": 0.7346938775510204,
  "delivery_cycle_time_p90": 38.98623639847459,
  "delivery_cycle_time_avg": 24.23695414022782,
  "failed_rate": 0.0,
  "second_runner_break_even_orders": 7.137407709376576,
  "queue_wait_avg": 9.953472222222222,
  "runner_utilization_driving_pct": 100.0,
  "runner_utilization_prep_pct": 0.0,
  "runner_utilization_idle_pct": 0.0,
  "distance_per_delivery_avg": 1507.502305402263,
  "zone_service_times": {
    "hole_14": 26.30703694015535,
    "hole_15": 25.619199742802184,
    "hole_9": 16.318379104515863,
    "hole_16": 28.363802022074015,
    "hole_17": 22.579946756285107,
    "hole_18": 26.474379111059214,
    "hole_12": 26.546375896919454,
    "hole_11": 20.504263285232035,
    "hole_13": 18.52690875018522,
    "hole_10": 19.62728928927621,
    "hole_8": 14.037107774994487
  },
  "total_revenue": 1470.0,
  "total_orders": 50,
  "successful_orders": 49,
  "failed_orders": 0,
  "total_rounds": 31,
  "active_runner_hours": 7.137407709376575
}