{
  "variantKey": "front_mid",
  "blockedHoles": [
    1,
    2,
    3,
    4,
    5,
    6
  ],
  "deliveryMetrics": {
    "totalOrders": 50,
    "successfulDeliveries": 49,
    "failedDeliveries": 0,
    "avgOrderTime": 24.236954140227816,
    "onTimePercentage": 73.46938775510205,
    "revenue": 1500.0,
    "ordersPerRunnerHour": 4.9,
    "lateOrders": 13,
    "runnerUtilizationPct": 26.697687328821218,
    "totalRunnerDriveMinutes": 480.558371918782,
    "totalRunnerShiftMinutes": 1800.0,
    "runnerUtilizationByRunner": {
      "runner_1": {
        "driveMinutes": 168.04155418128383,
        "utilizationPct": 28.006925696880636,
        "shiftMinutes": 600.0
      },
      "runner_2": {
        "driveMinutes": 167.2634078588693,
        "utilizationPct": 27.87723464314488,
        "shiftMinutes": 600.0
      },
      "runner_3": {
        "driveMinutes": 145.25340987862907,
        "utilizationPct": 24.20890164643818,
        "shiftMinutes": 600.0
      }
    }
  },
  "bevCartMetrics": null,
  "hasRunners": true,
  "hasBevCart": false
}