{
  "simulation_id": "delivery_dynamic_09",
  "runner_id": "2_runners",
  "revenue_per_round": 33.333333333333336,
  "orders_per_runner_hour": 2.8021066650455837,
  "on_time_rate": 1.0,
  "delivery_cycle_time_p90": 26.024621833461424,
  "delivery_cycle_time_avg": 16.775107994925197,
  "failed_rate": 0.0,
  "second_runner_break_even_orders": 7.137487037694423,
  "queue_wait_avg": 2.7472222222222222,
  "runner_utilization_driving_pct": 55.67625109048553,
  "runner_utilization_prep_pct": 0.0,
  "runner_utilization_idle_pct": 44.32374890951447,
  "distance_per_delivery_avg": 1445.6762862948665,
  "zone_service_times": {
    "hole_16": 13.309731209593247,
    "hole_9": 14.637782427858951,
    "hole_-1": 13.508547971453662,
    "hole_7": 15.559220569189105,
    "hole_11": 27.831910666936103,
    "hole_2": 23.596775737661666,
    "hole_3": 21.013137086301686,
    "hole_13": 15.477781428067829,
    "hole_10": 26.294382510772508,
    "hole_6": 19.767464300422883,
    "hole_8": 13.751653580916475,
    "hole_18": 15.675412737855853
  },
  "total_revenue": 600.0,
  "total_orders": 20,
  "successful_orders": 20,
  "failed_orders": 0,
  "total_rounds": 18,
  "active_runner_hours": 7.137487037694423
}