{
  "simulation_id": "delivery_dynamic_05",
  "runner_id": "runner_1",
  "revenue_per_round": 17.142857142857142,
  "orders_per_runner_hour": 2.230828814872192,
  "on_time_rate": 0.0625,
  "delivery_cycle_time_p90": 63.77273423996778,
  "delivery_cycle_time_avg": 47.78620731170227,
  "failed_rate": 0.5,
  "second_runner_break_even_orders": 7.1722222222222225,
  "queue_wait_avg": 33.61770833333333,
  "runner_utilization_driving_pct": 34.58687237724868,
  "runner_utilization_prep_pct": 0.0,
  "runner_utilization_idle_pct": 65.41312762275132,
  "distance_per_delivery_avg": 1400.6156567319636,
  "zone_service_times": {
    "hole_16": 16.920053334883928,
    "hole_12": 38.199063623221114,
    "hole_18": 48.06631050322211,
    "hole_6": 57.32459485034667,
    "hole_10": 41.8625994983476,
    "hole_14": 66.77819555603492,
    "hole_8": 62.48467939022473,
    "hole_17": 39.76401439093024
  },
  "total_revenue": 480.0,
  "total_orders": 40,
  "successful_orders": 16,
  "failed_orders": 20,
  "total_rounds": 28,
  "active_runner_hours": 7.1722222222222225
}