{
  "simulation_id": "delivery_dynamic_02",
  "runner_id": "3_runners",
  "revenue_per_round": 30.434782608695652,
  "orders_per_runner_hour": 2.8,
  "on_time_rate": 1.0,
  "delivery_cycle_time_p90": 17.165189891906323,
  "delivery_cycle_time_avg": 14.770002734767608,
  "failed_rate": 0.0,
  "second_runner_break_even_orders": 12.5,
  "queue_wait_avg": 0.0,
  "runner_utilization_driving_pct": 16.35426132270707,
  "runner_utilization_waiting_pct": 23.123614892297965,
  "distance_per_delivery_avg": 885.255272575347,
  "zone_service_times": {
    "hole_13": 14.862025460986217,
    "hole_17": 13.756568086582371,
    "hole_18": 10.559595810469485,
    "hole_4": 18.371793090440164,
    "hole_10": 15.835661783345635,
    "hole_6": 16.084952393890752,
    "hole_15": 13.14330647478734,
    "hole_9": 12.94581308449631,
    "hole_12": 17.007069036456112,
    "hole_16": 14.095784585247095,
    "hole_5": 15.945487188515532,
    "hole_3": 16.175959043307437,
    "hole_8": 16.191233686428557,
    "hole_14": 13.381944285680644
  },
  "total_revenue": 700.0,
  "total_orders": 28,
  "successful_orders": 28,
  "failed_orders": 0,
  "total_rounds": 23,
  "active_runner_hours": 10.0
}