{
  "simulation_id": "delivery_dynamic_07",
  "runner_id": "3_runners",
  "revenue_per_round": 42.0,
  "orders_per_runner_hour": 6.729005767877428,
  "on_time_rate": 0.8163265306122449,
  "delivery_cycle_time_p90": 34.58121603572229,
  "delivery_cycle_time_avg": 21.965832995322845,
  "failed_rate": 0.0,
  "second_runner_break_even_orders": 7.281907861323824,
  "queue_wait_avg": 9.90378787878788,
  "runner_utilization_driving_pct": 100.0,
  "runner_utilization_prep_pct": 0.0,
  "runner_utilization_idle_pct": 0.0,
  "distance_per_delivery_avg": 1032.4056007141887,
  "zone_service_times": {
    "hole_15": 17.48711457926954,
    "hole_13": 15.486114761401176,
    "hole_10": 18.126876313979068,
    "hole_14": 16.289165298931888,
    "hole_6": 21.976892558986158,
    "hole_-1": 20.314662925333035,
    "hole_9": 23.915852007279188,
    "hole_8": 16.856996317152152,
    "hole_18": 26.058746071189248,
    "hole_7": 33.701355255461685,
    "hole_16": 32.7085863817949,
    "hole_11": 39.93514774816346,
    "hole_5": 21.613981271609738
  },
  "total_revenue": 1470.0,
  "total_orders": 50,
  "successful_orders": 49,
  "failed_orders": 0,
  "total_rounds": 35,
  "active_runner_hours": 7.281907861323824
}