{
  "simulation_id": "delivery_dynamic_02",
  "runner_id": "2_runners",
  "revenue_per_round": 35.294117647058826,
  "orders_per_runner_hour": 2.863019532834993,
  "on_time_rate": 1.0,
  "delivery_cycle_time_p90": 16.16711246361152,
  "delivery_cycle_time_avg": 13.154041588143114,
  "failed_rate": 0.0,
  "second_runner_break_even_orders": 6.9856316978025585,
  "queue_wait_avg": 0.6868421052631579,
  "runner_utilization_driving_pct": 25.058776907248394,
  "runner_utilization_prep_pct": 0.0,
  "runner_utilization_idle_pct": 74.94122309275161,
  "distance_per_delivery_avg": 1801.1099434630496,
  "zone_service_times": {
    "hole_3": 13.641374899839123,
    "hole_10": 10.882298028646892,
    "hole_18": 10.85762937620093,
    "hole_4": 14.504073801333652,
    "hole_8": 12.049881952486157,
    "hole_11": 16.325698450987694,
    "hole_17": 14.84907590254374,
    "hole_15": 13.840375746887744,
    "hole_2": 12.251245920598498,
    "hole_9": 11.583851915417958
  },
  "total_revenue": 600.0,
  "total_orders": 20,
  "successful_orders": 20,
  "failed_orders": 0,
  "total_rounds": 17,
  "active_runner_hours": 6.9856316978025585
}