{
  "simulation_id": "delivery_dynamic_02",
  "runner_id": "3_runners",
  "revenue_per_round": 37.5,
  "orders_per_runner_hour": 2.843358359464401,
  "on_time_rate": 1.0,
  "delivery_cycle_time_p90": 15.284233293702332,
  "delivery_cycle_time_avg": 13.134586800083019,
  "failed_rate": 0.0,
  "second_runner_break_even_orders": 7.03393574483076,
  "queue_wait_avg": 0.1736111111111111,
  "runner_utilization_driving_pct": 39.18392050324563,
  "runner_utilization_prep_pct": 0.0,
  "runner_utilization_idle_pct": 60.81607949675437,
  "distance_per_delivery_avg": 1018.2211648278934,
  "zone_service_times": {
    "hole_10": 11.439914750483254,
    "hole_8": 13.451674372183334,
    "hole_14": 15.046302376902698,
    "hole_18": 12.86329885094293,
    "hole_13": 15.659792321974965,
    "hole_17": 14.203179411609561,
    "hole_9": 10.75970977466756,
    "hole_15": 13.294091589283532,
    "hole_16": 12.361804883126146
  },
  "total_revenue": 600.0,
  "total_orders": 20,
  "successful_orders": 20,
  "failed_orders": 0,
  "total_rounds": 16,
  "active_runner_hours": 7.03393574483076
}