{
  "simulation_id": "delivery_dynamic_09",
  "runner_id": "3_runners",
  "revenue_per_round": 44.11764705882353,
  "orders_per_runner_hour": 6.834096956130718,
  "on_time_rate": 0.78,
  "delivery_cycle_time_p90": 36.52534705697635,
  "delivery_cycle_time_avg": 21.577010556731587,
  "failed_rate": 0.0,
  "second_runner_break_even_orders": 7.316255581528749,
  "queue_wait_avg": 9.221590909090908,
  "runner_utilization_driving_pct": 100.0,
  "runner_utilization_prep_pct": 0.0,
  "runner_utilization_idle_pct": 0.0,
  "distance_per_delivery_avg": 1163.2355470618131,
  "zone_service_times": {
    "hole_13": 23.526617157271883,
    "hole_10": 13.941977933335531,
    "hole_14": 19.701346934449884,
    "hole_9": 23.03482832175477,
    "hole_17": 23.71608125080699,
    "hole_15": 15.960223941269467,
    "hole_-1": 19.646751230654843,
    "hole_8": 22.325373016979817,
    "hole_11": 25.293925815691708,
    "hole_18": 25.509152226096635,
    "hole_12": 30.579801005911413,
    "hole_16": 19.227853572061395
  },
  "total_revenue": 1500.0,
  "total_orders": 50,
  "successful_orders": 50,
  "failed_orders": 0,
  "total_rounds": 34,
  "active_runner_hours": 7.316255581528749
}