{
  "simulation_id": "delivery_dynamic_01",
  "runner_id": "3_runners",
  "revenue_per_round": 28.571428571428573,
  "orders_per_runner_hour": 2.4,
  "on_time_rate": 1.0,
  "delivery_cycle_time_p90": 18.319235858693506,
  "delivery_cycle_time_avg": 14.8324511600424,
  "failed_rate": 0.0,
  "second_runner_break_even_orders": 12.5,
  "queue_wait_avg": 0.0,
  "runner_utilization_driving_pct": 13.867656861272845,
  "runner_utilization_waiting_pct": 18.972905885578772,
  "distance_per_delivery_avg": 922.7712829807344,
  "zone_service_times": {
    "hole_17": 14.214878204113862,
    "hole_4": 16.52079526970865,
    "hole_14": 13.678412712527763,
    "hole_13": 18.371793090440164,
    "hole_15": 14.576274714150774,
    "hole_2": 13.058589084000838,
    "hole_6": 16.933484409814508,
    "hole_5": 16.752327914744484,
    "hole_12": 18.335125607711536,
    "hole_1": 14.446749599555247,
    "hole_18": 11.902964292704423,
    "hole_11": 18.303346109675477
  },
  "total_revenue": 600.0,
  "total_orders": 24,
  "successful_orders": 24,
  "failed_orders": 0,
  "total_rounds": 21,
  "active_runner_hours": 10.0
}