{
  "simulation_id": "delivery_dynamic_07",
  "runner_id": "3_runners",
  "revenue_per_round": 33.333333333333336,
  "orders_per_runner_hour": 2.7901893632143646,
  "on_time_rate": 1.0,
  "delivery_cycle_time_p90": 13.958319396880238,
  "delivery_cycle_time_avg": 12.487738648043958,
  "failed_rate": 0.0,
  "second_runner_break_even_orders": 7.16797227588866,
  "queue_wait_avg": 0.041666666666666664,
  "runner_utilization_driving_pct": 24.680076355487095,
  "runner_utilization_prep_pct": 0.0,
  "runner_utilization_idle_pct": 75.3199236445129,
  "distance_per_delivery_avg": 1761.1718265916456,
  "zone_service_times": {
    "hole_14": 13.340604195775555,
    "hole_13": 13.276265876155595,
    "hole_15": 13.909740915737226,
    "hole_17": 12.725322396051645,
    "hole_16": 13.366474025178528,
    "hole_9": 11.23789052400992,
    "hole_11": 11.678672008205528,
    "hole_18": 10.198623394351063
  },
  "total_revenue": 600.0,
  "total_orders": 20,
  "successful_orders": 20,
  "failed_orders": 0,
  "total_rounds": 18,
  "active_runner_hours": 7.16797227588866
}