{
  "variantKey": "mid_back",
  "blockedHoles": [
    4,
    5,
    6,
    10,
    11,
    12
  ],
  "deliveryMetrics": {
    "totalOrders": 20,
    "successfulDeliveries": 20,
    "failedDeliveries": 0,
    "avgOrderTime": 14.818913185344808,
    "onTimePercentage": 100.0,
    "revenue": 600.0,
    "ordersPerRunnerHour": 2.0,
    "lateOrders": 0,
    "runnerUtilizationPct": 9.060829465197937,
    "totalRunnerDriveMinutes": 163.09493037356285,
    "totalRunnerShiftMinutes": 1800.0,
    "runnerUtilizationByRunner": {
      "runner_1": {
        "driveMinutes": 105.00193382223385,
        "utilizationPct": 17.500322303705644,
        "shiftMinutes": 600.0
      },
      "runner_2": {
        "driveMinutes": 43.592565147132866,
        "utilizationPct": 7.265427524522145,
        "shiftMinutes": 600.0
      },
      "runner_3": {
        "driveMinutes": 14.500431404196112,
        "utilizationPct": 2.4167385673660187,
        "shiftMinutes": 600.0
      }
    }
  },
  "bevCartMetrics": null,
  "hasRunners": true,
  "hasBevCart": false
}