{
  "variantKey": "front_back",
  "blockedHoles": [
    1,
    2,
    3,
    10,
    11,
    12
  ],
  "deliveryMetrics": {
    "totalOrders": 30,
    "successfulDeliveries": 30,
    "failedDeliveries": 0,
    "avgOrderTime": 17.409518257933783,
    "onTimePercentage": 93.33333333333333,
    "revenue": 900.0,
    "ordersPerRunnerHour": 3.0,
    "lateOrders": 2,
    "runnerUtilizationPct": 18.994699742058952,
    "totalRunnerDriveMinutes": 341.9045953570611,
    "totalRunnerShiftMinutes": 1800.0,
    "runnerUtilizationByRunner": {
      "runner_1": {
        "driveMinutes": 152.72008243365525,
        "utilizationPct": 25.45334707227587,
        "shiftMinutes": 600.0
      },
      "runner_3": {
        "driveMinutes": 71.5885008839446,
        "utilizationPct": 11.931416813990769,
        "shiftMinutes": 600.0
      },
      "runner_2": {
        "driveMinutes": 117.59601203946129,
        "utilizationPct": 19.599335339910215,
        "shiftMinutes": 600.0
      }
    }
  },
  "bevCartMetrics": null,
  "hasRunners": true,
  "hasBevCart": false
}