{
  "simulation_id": "delivery_dynamic_10",
  "runner_id": "3_runners",
  "revenue_per_round": 40.0,
  "orders_per_runner_hour": 2.8683560147371217,
  "on_time_rate": 1.0,
  "delivery_cycle_time_p90": 17.34037146019408,
  "delivery_cycle_time_avg": 13.911849057396172,
  "failed_rate": 0.0,
  "second_runner_break_even_orders": 6.972635160085926,
  "queue_wait_avg": 0.04230769230769231,
  "runner_utilization_driving_pct": 45.88716963436437,
  "runner_utilization_prep_pct": 0.0,
  "runner_utilization_idle_pct": 54.11283036563563,
  "distance_per_delivery_avg": 1305.141283285117,
  "zone_service_times": {
    "hole_3": 16.62574288036164,
    "hole_16": 17.808198986814627,
    "hole_8": 15.570418783500312,
    "hole_15": 16.816320713017223,
    "hole_18": 10.62259535896621,
    "hole_9": 11.893208234485641,
    "hole_13": 16.446254065076513,
    "hole_10": 11.384660966744862,
    "hole_17": 14.55213049234165,
    "hole_14": 16.90516502033012
  },
  "total_revenue": 600.0,
  "total_orders": 20,
  "successful_orders": 20,
  "failed_orders": 0,
  "total_rounds": 15,
  "active_runner_hours": 6.972635160085926
}