{
  "simulation_id": "delivery_dynamic_06",
  "runner_id": "3_runners",
  "revenue_per_round": 40.0,
  "orders_per_runner_hour": 5.617763281633193,
  "on_time_rate": 0.975,
  "delivery_cycle_time_p90": 26.236301135005,
  "delivery_cycle_time_avg": 16.398970779403868,
  "failed_rate": 0.0,
  "second_runner_break_even_orders": 7.120271537744684,
  "queue_wait_avg": 3.032857142857143,
  "runner_utilization_driving_pct": 100.0,
  "runner_utilization_prep_pct": 0.0,
  "runner_utilization_idle_pct": 0.0,
  "distance_per_delivery_avg": 1258.3941818797002,
  "zone_service_times": {
    "hole_9": 14.123313738319803,
    "hole_-1": 11.709816930946019,
    "hole_15": 15.278718118414169,
    "hole_6": 32.01746430042288,
    "hole_11": 18.084207239835738,
    "hole_8": 15.265141748467551,
    "hole_13": 15.795266877122351,
    "hole_10": 11.47467068196353,
    "hole_17": 15.208007135925133,
    "hole_18": 23.997597481163837,
    "hole_7": 14.76100358479786,
    "hole_14": 14.515671539587736,
    "hole_5": 22.37535945456002,
    "hole_16": 17.12800537867091,
    "hole_4": 20.363911312300115
  },
  "total_revenue": 1200.0,
  "total_orders": 40,
  "successful_orders": 40,
  "failed_orders": 0,
  "total_rounds": 30,
  "active_runner_hours": 7.120271537744684
}