{
  "simulation_id": "delivery_dynamic_10",
  "runner_id": "2_runners",
  "revenue_per_round": 33.333333333333336,
  "orders_per_runner_hour": 2.8107246087331363,
  "on_time_rate": 1.0,
  "delivery_cycle_time_p90": 20.378844538492945,
  "delivery_cycle_time_avg": 13.780636540312182,
  "failed_rate": 0.0,
  "second_runner_break_even_orders": 7.115602837025893,
  "queue_wait_avg": 0.5313725490196078,
  "runner_utilization_driving_pct": 43.20002688794017,
  "runner_utilization_prep_pct": 0.0,
  "runner_utilization_idle_pct": 56.79997311205983,
  "distance_per_delivery_avg": 1118.5338775448906,
  "zone_service_times": {
    "hole_7": 15.50571503604724,
    "hole_14": 17.735785646416904,
    "hole_6": 19.33505300692165,
    "hole_15": 13.32742491852808,
    "hole_-1": 10.695390625851699,
    "hole_18": 12.496718147065764,
    "hole_8": 13.817869676544433,
    "hole_4": 20.4948213753342,
    "hole_9": 11.951759573860606,
    "hole_17": 13.98137211052029,
    "hole_16": 13.614741650125021
  },
  "total_revenue": 600.0,
  "total_orders": 20,
  "successful_orders": 20,
  "failed_orders": 0,
  "total_rounds": 18,
  "active_runner_hours": 7.115602837025894
}