{
  "simulation_id": "delivery_dynamic_05",
  "runner_id": "2_runners",
  "revenue_per_round": 35.294117647058826,
  "orders_per_runner_hour": 2.78702413166427,
  "on_time_rate": 1.0,
  "delivery_cycle_time_p90": 24.972534465616878,
  "delivery_cycle_time_avg": 17.27160390050019,
  "failed_rate": 0.0,
  "second_runner_break_even_orders": 7.176112963204596,
  "queue_wait_avg": 1.3095238095238095,
  "runner_utilization_driving_pct": 61.03885481795083,
  "runner_utilization_prep_pct": 0.0,
  "runner_utilization_idle_pct": 38.96114518204917,
  "distance_per_delivery_avg": 2135.258910568065,
  "zone_service_times": {
    "hole_12": 17.34822043041222,
    "hole_4": 23.91932889861964,
    "hole_9": 25.11573608227403,
    "hole_16": 13.372619817253447,
    "hole_3": 20.789459143455073,
    "hole_11": 15.835472683189831,
    "hole_15": 12.903348977765361,
    "hole_6": 19.006085931399685,
    "hole_5": 23.683719915702508,
    "hole_2": 22.687120284205896,
    "hole_14": 15.103371470258026,
    "hole_7": 16.596988445253253,
    "hole_8": 13.938619617324488,
    "hole_13": 15.833470118401843,
    "hole_-1": 10.364396839894834
  },
  "total_revenue": 600.0,
  "total_orders": 20,
  "successful_orders": 20,
  "failed_orders": 0,
  "total_rounds": 17,
  "active_runner_hours": 7.176112963204596
}