{
  "simulation_id": "delivery_dynamic_01",
  "runner_id": "3_runners",
  "revenue_per_round": 48.38709677419355,
  "orders_per_runner_hour": 6.9582844535859305,
  "on_time_rate": 0.56,
  "delivery_cycle_time_p90": 50.72589421186753,
  "delivery_cycle_time_avg": 28.7873905436359,
  "failed_rate": 0.0,
  "second_runner_break_even_orders": 7.185679219284094,
  "queue_wait_avg": 16.80072463768116,
  "runner_utilization_driving_pct": 100.0,
  "runner_utilization_prep_pct": 0.0,
  "runner_utilization_idle_pct": 0.0,
  "distance_per_delivery_avg": 1119.1232226616632,
  "zone_service_times": {
    "hole_11": 19.065818147326766,
    "hole_7": 17.052713720033505,
    "hole_8": 25.26844655959106,
    "hole_18": 31.16396394946311,
    "hole_10": 23.072692578449644,
    "hole_12": 42.06376415745344,
    "hole_9": 28.94521836267418,
    "hole_15": 41.1003884526632,
    "hole_14": 53.4772327193672,
    "hole_13": 44.497216178908275,
    "hole_6": 19.46823255376039,
    "hole_17": 17.84518027850835
  },
  "total_revenue": 1500.0,
  "total_orders": 50,
  "successful_orders": 50,
  "failed_orders": 0,
  "total_rounds": 31,
  "active_runner_hours": 7.185679219284094
}