{
  "simulation_id": "delivery_dynamic_03",
  "runner_id": "3_runners",
  "revenue_per_round": 37.5,
  "orders_per_runner_hour": 5.5865528674683915,
  "on_time_rate": 0.925,
  "delivery_cycle_time_p90": 25.938032170022506,
  "delivery_cycle_time_avg": 16.386241121496845,
  "failed_rate": 0.0,
  "second_runner_break_even_orders": 7.160050383292344,
  "queue_wait_avg": 3.1204761904761904,
  "runner_utilization_driving_pct": 86.41302745100383,
  "runner_utilization_prep_pct": 0.0,
  "runner_utilization_idle_pct": 13.586972548996172,
  "distance_per_delivery_avg": 1228.3570168229407,
  "zone_service_times": {
    "hole_1": 12.426087088764023,
    "hole_2": 13.771883945912922,
    "hole_10": 12.97076560959182,
    "hole_4": 26.50466739128943,
    "hole_18": 14.92416185031599,
    "hole_17": 14.5591321732086,
    "hole_8": 13.819789566092368,
    "hole_11": 18.50487106358323,
    "hole_15": 18.428972466092453,
    "hole_-1": 31.820803489739472,
    "hole_6": 31.586793159114617
  },
  "total_revenue": 1200.0,
  "total_orders": 40,
  "successful_orders": 40,
  "failed_orders": 0,
  "total_rounds": 32,
  "active_runner_hours": 7.160050383292344
}