{
  "variantKey": "mid_back",
  "blockedHoles": [
    4,
    5,
    6,
    10,
    11,
    12
  ],
  "deliveryMetrics": {
    "totalOrders": 40,
    "successfulDeliveries": 40,
    "failedDeliveries": 0,
    "avgOrderTime": 16.386241121496845,
    "onTimePercentage": 92.5,
    "revenue": 1200.0,
    "ordersPerRunnerHour": 4.0,
    "lateOrders": 3,
    "runnerUtilizationPct": 20.624054344067055,
    "totalRunnerDriveMinutes": 371.232978193207,
    "totalRunnerShiftMinutes": 1800.0,
    "runnerUtilizationByRunner": {
      "runner_1": {
        "driveMinutes": 156.9667527407072,
        "utilizationPct": 26.161125456784536,
        "shiftMinutes": 600.0
      },
      "runner_2": {
        "driveMinutes": 102.63679597730294,
        "utilizationPct": 17.106132662883823,
        "shiftMinutes": 600.0
      },
      "runner_3": {
        "driveMinutes": 111.62942947519706,
        "utilizationPct": 18.604904912532845,
        "shiftMinutes": 600.0
      }
    }
  },
  "bevCartMetrics": null,
  "hasRunners": true,
  "hasBevCart": false
}