{
  "simulation_id": "delivery_dynamic_10",
  "runner_id": "runner_1",
  "revenue_per_round": 17.586206896551722,
  "orders_per_runner_hour": 2.3688794271337335,
  "on_time_rate": 0.17647058823529413,
  "delivery_cycle_time_p90": 61.24428489049429,
  "delivery_cycle_time_avg": 44.200445591952956,
  "failed_rate": 0.45,
  "second_runner_break_even_orders": 7.176388888888889,
  "queue_wait_avg": 30.212745098039214,
  "runner_utilization_driving_pct": 41.456596271140526,
  "runner_utilization_prep_pct": 0.0,
  "runner_utilization_idle_pct": 58.543403728859474,
  "distance_per_delivery_avg": 1339.867365955017,
  "zone_service_times": {
    "hole_2": 13.732637241963706,
    "hole_17": 23.877793469746152,
    "hole_8": 27.73147628487356,
    "hole_6": 61.06981362295443,
    "hole_10": 58.10773506357703,
    "hole_14": 58.22086928284617,
    "hole_9": 40.85115482985651,
    "hole_18": 41.25716917837126,
    "hole_13": 59.97326798812889,
    "hole_12": 54.94083654523808
  },
  "total_revenue": 510.0,
  "total_orders": 40,
  "successful_orders": 17,
  "failed_orders": 18,
  "total_rounds": 29,
  "active_runner_hours": 7.176388888888889
}