{
  "simulation_id": "delivery_dynamic_06",
  "runner_id": "3_runners",
  "revenue_per_round": 31.57894736842105,
  "orders_per_runner_hour": 2.889423302412273,
  "on_time_rate": 1.0,
  "delivery_cycle_time_p90": 19.82171908301752,
  "delivery_cycle_time_avg": 14.087720472258306,
  "failed_rate": 0.0,
  "second_runner_break_even_orders": 6.921796464817993,
  "queue_wait_avg": 0.03777777777777778,
  "runner_utilization_driving_pct": 47.353779290846084,
  "runner_utilization_prep_pct": 0.0,
  "runner_utilization_idle_pct": 52.646220709153916,
  "distance_per_delivery_avg": 1363.954078678792,
  "zone_service_times": {
    "hole_10": 11.236475731238796,
    "hole_-1": 20.323270353303844,
    "hole_6": 17.93524213435788,
    "hole_18": 10.89943890733752,
    "hole_8": 13.89527080115704,
    "hole_9": 13.131524716636099,
    "hole_3": 16.594528045905435,
    "hole_17": 16.010100710670063
  },
  "total_revenue": 600.0,
  "total_orders": 20,
  "successful_orders": 20,
  "failed_orders": 0,
  "total_rounds": 19,
  "active_runner_hours": 6.921796464817993
}