{
  "simulation_id": "delivery_dynamic_10",
  "runner_id": "2_runners",
  "revenue_per_round": 35.294117647058826,
  "orders_per_runner_hour": 2.746655015862656,
  "on_time_rate": 1.0,
  "delivery_cycle_time_p90": 17.435272553826398,
  "delivery_cycle_time_avg": 14.821384633232816,
  "failed_rate": 0.0,
  "second_runner_break_even_orders": 7.2815842850648265,
  "queue_wait_avg": 0.796875,
  "runner_utilization_driving_pct": 45.583917671444354,
  "runner_utilization_prep_pct": 0.0,
  "runner_utilization_idle_pct": 54.416082328555646,
  "distance_per_delivery_avg": 1405.7852367662276,
  "zone_service_times": {
    "hole_17": 15.214320600786616,
    "hole_18": 11.686335845037927,
    "hole_8": 15.23250001775642,
    "hole_2": 15.949174419749093,
    "hole_9": 14.811489192805432,
    "hole_3": 17.312444837611594,
    "hole_10": 11.778252302561638,
    "hole_16": 17.188163674354414
  },
  "total_revenue": 600.0,
  "total_orders": 20,
  "successful_orders": 20,
  "failed_orders": 0,
  "total_rounds": 17,
  "active_runner_hours": 7.2815842850648265
}