{
  "simulation_id": "delivery_dynamic_07",
  "runner_id": "2_runners",
  "revenue_per_round": 36.0,
  "orders_per_runner_hour": 4.153846153846154,
  "on_time_rate": 0.43333333333333335,
  "delivery_cycle_time_p90": 57.19058917125324,
  "delivery_cycle_time_avg": 34.418562942401365,
  "failed_rate": 0.2,
  "second_runner_break_even_orders": 7.222222222222223,
  "queue_wait_avg": 20.02111111111111,
  "runner_utilization_driving_pct": 79.61972146937207,
  "runner_utilization_prep_pct": 0.0,
  "runner_utilization_idle_pct": 20.380278530627933,
  "distance_per_delivery_avg": 1477.5438153135208,
  "zone_service_times": {
    "hole_14": 20.98947991647116,
    "hole_11": 30.30061692199329,
    "hole_6": 29.441495536423464,
    "hole_7": 22.937330536198452,
    "hole_15": 52.85629299455751,
    "hole_12": 30.917080475837793,
    "hole_16": 43.61471612067429,
    "hole_13": 41.41291107778143,
    "hole_18": 49.89763506203043,
    "hole_10": 33.18596286382244,
    "hole_9": 12.235799066674765,
    "hole_-1": 35.36439683989484
  },
  "total_revenue": 900.0,
  "total_orders": 40,
  "successful_orders": 30,
  "failed_orders": 8,
  "total_rounds": 25,
  "active_runner_hours": 7.222222222222222
}