{
  "simulation_id": "delivery_dynamic_05",
  "runner_id": "3_runners",
  "revenue_per_round": 46.875,
  "orders_per_runner_hour": 7.096372344148723,
  "on_time_rate": 0.74,
  "delivery_cycle_time_p90": 39.786272356444364,
  "delivery_cycle_time_avg": 22.23756286315522,
  "failed_rate": 0.0,
  "second_runner_break_even_orders": 7.045853511509615,
  "queue_wait_avg": 8.457246376811595,
  "runner_utilization_driving_pct": 100.0,
  "runner_utilization_prep_pct": 0.0,
  "runner_utilization_idle_pct": 0.0,
  "distance_per_delivery_avg": 1497.5171220201544,
  "zone_service_times": {
    "hole_17": 19.93801779831262,
    "hole_10": 17.084933688910823,
    "hole_-1": 20.40413682307279,
    "hole_15": 22.863483547428167,
    "hole_18": 22.66430161195999,
    "hole_14": 17.443257659535124,
    "hole_12": 23.76739480641927,
    "hole_7": 22.225385117188125,
    "hole_6": 23.958238690504267,
    "hole_9": 30.745303492010922,
    "hole_8": 37.31064198867028,
    "hole_16": 48.33992160924172,
    "hole_11": 15.453674188601529,
    "hole_13": 18.09625406507657
  },
  "total_revenue": 1500.0,
  "total_orders": 50,
  "successful_orders": 50,
  "failed_orders": 0,
  "total_rounds": 32,
  "active_runner_hours": 7.045853511509615
}