{
  "simulation_id": "delivery_dynamic_07",
  "runner_id": "runner_1",
  "revenue_per_round": 12.1875,
  "orders_per_runner_hour": 1.8370951913640823,
  "on_time_rate": 0.15384615384615385,
  "delivery_cycle_time_p90": 65.30773764348041,
  "delivery_cycle_time_avg": 48.16957077362872,
  "failed_rate": 0.6,
  "second_runner_break_even_orders": 7.076388888888889,
  "queue_wait_avg": 32.34487179487179,
  "runner_utilization_driving_pct": 33.25549217665096,
  "runner_utilization_prep_pct": 0.0,
  "runner_utilization_idle_pct": 66.74450782334904,
  "distance_per_delivery_avg": 1957.098856862327,
  "zone_service_times": {
    "hole_17": 24.88594509031671,
    "hole_13": 31.70429186650114,
    "hole_16": 42.45819898681463,
    "hole_18": 49.92800251170459,
    "hole_14": 63.61438117548603,
    "hole_7": 63.84678668702327,
    "hole_6": 55.93393675476776,
    "hole_15": 60.08587516506474
  },
  "total_revenue": 390.0,
  "total_orders": 50,
  "successful_orders": 13,
  "failed_orders": 30,
  "total_rounds": 32,
  "active_runner_hours": 7.076388888888889
}