{
  "simulation_id": "delivery_dynamic_01",
  "runner_id": "runner_1",
  "revenue_per_round": 25.0,
  "orders_per_runner_hour": 1.6778656848902869,
  "on_time_rate": 1.0,
  "delivery_cycle_time_p90": 22.770563248404688,
  "delivery_cycle_time_avg": 14.807797554229971,
  "failed_rate": 0.0,
  "second_runner_break_even_orders": 8.194934865062868,
  "queue_wait_avg": 9.25,
  "runner_utilization_driving_pct": 17.772758945816953,
  "runner_utilization_prep_pct": 0.0,
  "runner_utilization_idle_pct": 82.22724105418305,
  "distance_per_delivery_avg": 1005.3149661676302,
  "zone_service_times": {
    "hole_13": 17.442009206201387,
    "hole_18": 12.11309242849032,
    "hole_16": 22.07056324840469,
    "hole_11": 16.057493720720473,
    "hole_10": 12.566589101856517
  },
  "total_revenue": 275.0,
  "total_orders": 11,
  "successful_orders": 11,
  "failed_orders": 0,
  "total_rounds": 11,
  "active_runner_hours": 6.555947892050295
}