{
  "simulation_id": "delivery_dynamic_04",
  "runner_id": "3_runners",
  "revenue_per_round": 37.5,
  "orders_per_runner_hour": 2.7780188380380295,
  "on_time_rate": 1.0,
  "delivery_cycle_time_p90": 14.705664282266408,
  "delivery_cycle_time_avg": 12.967857080792678,
  "failed_rate": 0.0,
  "second_runner_break_even_orders": 7.1993752260243715,
  "queue_wait_avg": 0.03777777777777778,
  "runner_utilization_driving_pct": 26.342673583177973,
  "runner_utilization_prep_pct": 0.0,
  "runner_utilization_idle_pct": 73.65732641682203,
  "distance_per_delivery_avg": 2116.4570981707334,
  "zone_service_times": {
    "hole_15": 13.788065244125482,
    "hole_10": 10.98630475143297,
    "hole_7": 13.1889260321402,
    "hole_8": 12.88094808740152,
    "hole_6": 14.332503818891626,
    "hole_14": 13.409942324785607,
    "hole_17": 12.567544684187489,
    "hole_18": 10.712635968433219,
    "hole_2": 12.241580177016598,
    "hole_13": 13.448256823341762,
    "hole_4": 14.329005676643767,
    "hole_3": 13.211351375278536,
    "hole_-1": 14.752328143338946,
    "hole_9": 11.49471153443022
  },
  "total_revenue": 600.0,
  "total_orders": 20,
  "successful_orders": 20,
  "failed_orders": 0,
  "total_rounds": 16,
  "active_runner_hours": 7.1993752260243715
}