{
  "simulation_id": "delivery_dynamic_03",
  "runner_id": "3_runners",
  "revenue_per_round": 33.333333333333336,
  "orders_per_runner_hour": 2.9768569450705575,
  "on_time_rate": 1.0,
  "delivery_cycle_time_p90": 15.236934296617843,
  "delivery_cycle_time_avg": 12.72490639006261,
  "failed_rate": 0.0,
  "second_runner_break_even_orders": 6.7184955034935205,
  "queue_wait_avg": 0.9455555555555555,
  "runner_utilization_driving_pct": 21.3019789869183,
  "runner_utilization_prep_pct": 0.0,
  "runner_utilization_idle_pct": 78.6980210130817,
  "distance_per_delivery_avg": 1451.332600845075,
  "zone_service_times": {
    "hole_6": 14.1604944066545,
    "hole_18": 11.246232609021268,
    "hole_15": 13.69091282749511,
    "hole_8": 12.125639387376669,
    "hole_4": 14.537409375503254,
    "hole_10": 10.882297913469937,
    "hole_17": 12.115456930763843,
    "hole_16": 22.335812056718655,
    "hole_7": 13.258264006766815
  },
  "total_revenue": 600.0,
  "total_orders": 20,
  "successful_orders": 20,
  "failed_orders": 0,
  "total_rounds": 18,
  "active_runner_hours": 6.7184955034935205
}