{
  "variantKey": "back",
  "blockedHoles": [
    10,
    11,
    12
  ],
  "deliveryMetrics": {
    "totalOrders": 20,
    "successfulDeliveries": 20,
    "failedDeliveries": 0,
    "avgOrderTime": 15.351867888246762,
    "onTimePercentage": 100.0,
    "revenue": 600.0,
    "ordersPerRunnerHour": 2.0,
    "lateOrders": 0,
    "runnerUtilizationPct": 13.382101886411746,
    "totalRunnerDriveMinutes": 240.8778339554114,
    "totalRunnerShiftMinutes": 1800.0,
    "runnerUtilizationByRunner": {
      "runner_1": {
        "driveMinutes": 131.61480406842244,
        "utilizationPct": 21.935800678070407,
        "shiftMinutes": 600.0
      },
      "runner_2": {
        "driveMinutes": 96.85773554330447,
        "utilizationPct": 16.142955923884077,
        "shiftMinutes": 600.0
      },
      "runner_3": {
        "driveMinutes": 12.405294343684504,
        "utilizationPct": 2.067549057280751,
        "shiftMinutes": 600.0
      }
    }
  },
  "bevCartMetrics": null,
  "hasRunners": true,
  "hasBevCart": false
}