{
  "variantKey": "mid_back",
  "blockedHoles": [
    4,
    5,
    6,
    10,
    11,
    12
  ],
  "deliveryMetrics": {
    "totalOrders": 30,
    "successfulDeliveries": 30,
    "failedDeliveries": 0,
    "avgOrderTime": 14.744752384968912,
    "onTimePercentage": 100.0,
    "revenue": 900.0,
    "ordersPerRunnerHour": 3.0,
    "lateOrders": 0,
    "runnerUtilizationPct": 13.04204762574184,
    "totalRunnerDriveMinutes": 234.7568572633531,
    "totalRunnerShiftMinutes": 1800.0,
    "runnerUtilizationByRunner": {
      "runner_1": {
        "driveMinutes": 128.18659993847632,
        "utilizationPct": 21.36443332307939,
        "shiftMinutes": 600.0
      },
      "runner_2": {
        "driveMinutes": 89.11719043273492,
        "utilizationPct": 14.852865072122487,
        "shiftMinutes": 600.0
      },
      "runner_3": {
        "driveMinutes": 17.453066892141926,
        "utilizationPct": 2.9088444820236545,
        "shiftMinutes": 600.0
      }
    }
  },
  "bevCartMetrics": null,
  "hasRunners": true,
  "hasBevCart": false
}