{
  "simulation_id": "delivery_dynamic_08",
  "runner_id": "2_runners",
  "revenue_per_round": 29.142857142857142,
  "orders_per_runner_hour": 4.720401079830313,
  "on_time_rate": 0.29411764705882354,
  "delivery_cycle_time_p90": 60.93631035678436,
  "delivery_cycle_time_avg": 41.63781023032177,
  "failed_rate": 0.26,
  "second_runner_break_even_orders": 7.2027777777777775,
  "queue_wait_avg": 26.17450980392157,
  "runner_utilization_driving_pct": 92.29019342680563,
  "runner_utilization_prep_pct": 0.0,
  "runner_utilization_idle_pct": 7.709806573194371,
  "distance_per_delivery_avg": 1835.668943270471,
  "zone_service_times": {
    "hole_17": 32.81142643726816,
    "hole_6": 42.325114452472974,
    "hole_7": 30.433429645429612,
    "hole_16": 40.23992817852282,
    "hole_13": 52.45628779956407,
    "hole_12": 46.056550771429464,
    "hole_9": 44.54543879061229,
    "hole_15": 50.402115398882216,
    "hole_18": 53.48330092840954,
    "hole_14": 16.627737643480394,
    "hole_4": 29.78842690565992,
    "hole_8": 22.236604150944064,
    "hole_10": 27.680176848308715,
    "hole_2": 20.265970575297008
  },
  "total_revenue": 1020.0,
  "total_orders": 50,
  "successful_orders": 34,
  "failed_orders": 13,
  "total_rounds": 35,
  "active_runner_hours": 7.2027777777777775
}