{
  "simulation_id": "delivery_dynamic_10",
  "runner_id": "runner_1",
  "revenue_per_round": 19.285714285714285,
  "orders_per_runner_hour": 2.5297677142299433,
  "on_time_rate": 0.16666666666666666,
  "delivery_cycle_time_p90": 60.776254065076515,
  "delivery_cycle_time_avg": 42.56730817926123,
  "failed_rate": 0.3,
  "second_runner_break_even_orders": 7.115277777777778,
  "queue_wait_avg": 29.687037037037037,
  "runner_utilization_driving_pct": 41.42374715441004,
  "runner_utilization_prep_pct": 0.0,
  "runner_utilization_idle_pct": 58.57625284558996,
  "distance_per_delivery_avg": 967.7711037873339,
  "zone_service_times": {
    "hole_9": 28.35360720095144,
    "hole_18": 46.17733326776657,
    "hole_11": 42.20900318967809,
    "hole_7": 40.294861496221834,
    "hole_13": 56.191660875558995,
    "hole_10": 52.3753648669274,
    "hole_12": 50.490836545238075,
    "hole_8": 21.78807009155462
  },
  "total_revenue": 540.0,
  "total_orders": 30,
  "successful_orders": 18,
  "failed_orders": 9,
  "total_rounds": 28,
  "active_runner_hours": 7.115277777777778
}