{
  "simulation_id": "delivery_dynamic_03",
  "runner_id": "3_runners",
  "revenue_per_round": 40.0,
  "orders_per_runner_hour": 2.8588526497416478,
  "on_time_rate": 1.0,
  "delivery_cycle_time_p90": 19.426311875428635,
  "delivery_cycle_time_avg": 13.313520036399565,
  "failed_rate": 0.0,
  "second_runner_break_even_orders": 6.99581351344127,
  "queue_wait_avg": 0.9472222222222223,
  "runner_utilization_driving_pct": 48.02904687725043,
  "runner_utilization_prep_pct": 0.0,
  "runner_utilization_idle_pct": 51.97095312274957,
  "distance_per_delivery_avg": 826.9027322302524,
  "zone_service_times": {
    "hole_7": 14.749892473686728,
    "hole_10": 13.116321965250958,
    "hole_8": 13.522747068472805,
    "hole_18": 12.17392168238546,
    "hole_14": 14.92792683886837,
    "hole_15": 17.203678939471928,
    "hole_-1": 10.414396839894835,
    "hole_9": 11.956330453544938,
    "hole_16": 13.477853572061395
  },
  "total_revenue": 600.0,
  "total_orders": 20,
  "successful_orders": 20,
  "failed_orders": 0,
  "total_rounds": 15,
  "active_runner_hours": 6.99581351344127
}