{
  "variantKey": "front_mid_back",
  "blockedHoles": [
    1,
    2,
    3,
    4,
    5,
    6,
    10,
    11,
    12
  ],
  "deliveryMetrics": {
    "totalOrders": 20,
    "successfulDeliveries": 20,
    "failedDeliveries": 0,
    "avgOrderTime": 13.313520036399565,
    "onTimePercentage": 100.0,
    "revenue": 600.0,
    "ordersPerRunnerHour": 2.0,
    "lateOrders": 0,
    "runnerUtilizationPct": 11.200075172719092,
    "totalRunnerDriveMinutes": 201.60135310894367,
    "totalRunnerShiftMinutes": 1800.0,
    "runnerUtilizationByRunner": {
      "runner_1": {
        "driveMinutes": 112.1050197472758,
        "utilizationPct": 18.684169957879302,
        "shiftMinutes": 600.0
      },
      "runner_2": {
        "driveMinutes": 63.96132518522968,
        "utilizationPct": 10.660220864204947,
        "shiftMinutes": 600.0
      },
      "runner_3": {
        "driveMinutes": 25.53500817643822,
        "utilizationPct": 4.255834696073037,
        "shiftMinutes": 600.0
      }
    }
  },
  "bevCartMetrics": null,
  "hasRunners": true,
  "hasBevCart": false
}