{
  "simulation_id": "delivery_dynamic_10",
  "runner_id": "2_runners",
  "revenue_per_round": 33.333333333333336,
  "orders_per_runner_hour": 2.85644921277437,
  "on_time_rate": 1.0,
  "delivery_cycle_time_p90": 20.482966898309005,
  "delivery_cycle_time_avg": 15.793899860902505,
  "failed_rate": 0.0,
  "second_runner_break_even_orders": 7.001699841382685,
  "queue_wait_avg": 0.9303921568627451,
  "runner_utilization_driving_pct": 51.3059985218794,
  "runner_utilization_prep_pct": 0.0,
  "runner_utilization_idle_pct": 48.6940014781206,
  "distance_per_delivery_avg": 1681.0303532632445,
  "zone_service_times": {
    "hole_12": 14.237431420342425,
    "hole_16": 17.45531158047288,
    "hole_6": 18.61351549556096,
    "hole_7": 16.91056572878606,
    "hole_18": 12.788767676428263,
    "hole_-1": 20.60878506240618,
    "hole_17": 17.709023946493122,
    "hole_2": 15.02266658162292,
    "hole_11": 13.660904235553366,
    "hole_8": 15.838529493228998,
    "hole_10": 11.041068396910365,
    "hole_9": 12.980561911532398
  },
  "total_revenue": 600.0,
  "total_orders": 20,
  "successful_orders": 20,
  "failed_orders": 0,
  "total_rounds": 18,
  "active_runner_hours": 7.001699841382684
}