{
  "simulation_id": "delivery_dynamic_04",
  "runner_id": "runner_1",
  "revenue_per_round": 37.5,
  "orders_per_runner_hour": 2.547211489328035,
  "on_time_rate": 0.85,
  "delivery_cycle_time_p90": 38.92419930963795,
  "delivery_cycle_time_avg": 20.552156569092592,
  "failed_rate": 0.0,
  "second_runner_break_even_orders": 7.851723378209198,
  "queue_wait_avg": 8.66861111111111,
  "runner_utilization_driving_pct": 34.90731055181936,
  "runner_utilization_prep_pct": 0.0,
  "runner_utilization_idle_pct": 65.09268944818064,
  "distance_per_delivery_avg": 1356.152729746665,
  "zone_service_times": {
    "hole_10": 16.07969089556577,
    "hole_8": 12.059954332383464,
    "hole_6": 20.993336803484876,
    "hole_11": 39.13379482299479,
    "hole_16": 23.97670754319949,
    "hole_9": 15.659990452658631,
    "hole_18": 20.50519404212088,
    "hole_7": 27.35156765612798,
    "hole_14": 19.051239513307458,
    "hole_13": 20.231602553188196,
    "hole_12": 27.978147219678007,
    "hole_17": 11.85089149250695
  },
  "total_revenue": 600.0,
  "total_orders": 20,
  "successful_orders": 20,
  "failed_orders": 0,
  "total_rounds": 16,
  "active_runner_hours": 7.851723378209198
}