{
  "simulation_id": "delivery_dynamic_07",
  "runner_id": "2_runners",
  "revenue_per_round": 39.310344827586206,
  "orders_per_runner_hour": 5.24019565607145,
  "on_time_rate": 0.5526315789473685,
  "delivery_cycle_time_p90": 50.42667378485512,
  "delivery_cycle_time_avg": 31.13192588107672,
  "failed_rate": 0.025,
  "second_runner_break_even_orders": 7.25163762844848,
  "queue_wait_avg": 17.45,
  "runner_utilization_driving_pct": 91.71028453448253,
  "runner_utilization_prep_pct": 0.0,
  "runner_utilization_idle_pct": 8.289715465517475,
  "distance_per_delivery_avg": 1391.4218328838813,
  "zone_service_times": {
    "hole_-1": 32.73289699737616,
    "hole_7": 36.18746614949573,
    "hole_18": 28.131001987086442,
    "hole_14": 24.338996115396036,
    "hole_16": 23.07129761109318,
    "hole_6": 45.4595919870056,
    "hole_17": 36.068203561558704,
    "hole_10": 15.44352055177851,
    "hole_9": 40.71959303147335,
    "hole_8": 37.17994418495772,
    "hole_11": 42.18819245010939,
    "hole_4": 25.40422694839272,
    "hole_5": 22.201681640316746,
    "hole_15": 15.570737772984224
  },
  "total_revenue": 1140.0,
  "total_orders": 40,
  "successful_orders": 38,
  "failed_orders": 1,
  "total_rounds": 29,
  "active_runner_hours": 7.25163762844848
}