{
  "simulation_id": "delivery_dynamic_02",
  "runner_id": "2_runners",
  "revenue_per_round": 37.5,
  "orders_per_runner_hour": 4.240014880024632,
  "on_time_rate": 0.7,
  "delivery_cycle_time_p90": 41.168940504322144,
  "delivery_cycle_time_avg": 23.492551020888598,
  "failed_rate": 0.0,
  "second_runner_break_even_orders": 7.075446867258568,
  "queue_wait_avg": 11.382,
  "runner_utilization_driving_pct": 63.93400819979976,
  "runner_utilization_prep_pct": 0.0,
  "runner_utilization_idle_pct": 36.06599180020024,
  "distance_per_delivery_avg": 1346.537143018569,
  "zone_service_times": {
    "hole_11": 13.677570902220047,
    "hole_18": 23.91021852641524,
    "hole_14": 16.637054901559623,
    "hole_2": 15.004291162530697,
    "hole_8": 13.903604134490372,
    "hole_15": 28.548235046935588,
    "hole_6": 36.50941798759744,
    "hole_12": 44.28811696054945,
    "hole_10": 20.782757431226702,
    "hole_4": 41.33938953586603,
    "hole_17": 22.58030815860485,
    "hole_16": 30.758198986814627,
    "hole_13": 22.028034220760674
  },
  "total_revenue": 900.0,
  "total_orders": 30,
  "successful_orders": 30,
  "failed_orders": 0,
  "total_rounds": 24,
  "active_runner_hours": 7.075446867258569
}