{
  "simulation_id": "delivery_dynamic_04",
  "runner_id": "runner_1",
  "revenue_per_round": 10.588235294117647,
  "orders_per_runner_hour": 1.6971125515615793,
  "on_time_rate": 0.16666666666666666,
  "delivery_cycle_time_p90": 64.40761577364802,
  "delivery_cycle_time_avg": 47.46560658692743,
  "failed_rate": 0.62,
  "second_runner_break_even_orders": 7.070833333333334,
  "queue_wait_avg": 33.55,
  "runner_utilization_driving_pct": 25.947558547641076,
  "runner_utilization_prep_pct": 0.0,
  "runner_utilization_idle_pct": 74.05244145235892,
  "distance_per_delivery_avg": 1315.6438132076187,
  "zone_service_times": {
    "hole_6": 34.88899672689801,
    "hole_17": 33.67092866143309,
    "hole_9": 43.02767454426085,
    "hole_18": 55.599390237922464,
    "hole_15": 65.43876204401404,
    "hole_8": 39.837484575006414
  },
  "total_revenue": 360.0,
  "total_orders": 50,
  "successful_orders": 12,
  "failed_orders": 31,
  "total_rounds": 34,
  "active_runner_hours": 7.070833333333334
}