{
  "simulation_id": "delivery_dynamic_01",
  "runner_id": "3_runners",
  "revenue_per_round": 42.857142857142854,
  "orders_per_runner_hour": 4.175176701023989,
  "on_time_rate": 1.0,
  "delivery_cycle_time_p90": 19.795797633756223,
  "delivery_cycle_time_avg": 14.663571650283863,
  "failed_rate": 0.0,
  "second_runner_break_even_orders": 7.185324633719649,
  "queue_wait_avg": 0.2808641975308642,
  "runner_utilization_driving_pct": 78.4646053754445,
  "runner_utilization_prep_pct": 0.0,
  "runner_utilization_idle_pct": 21.535394624555494,
  "distance_per_delivery_avg": 1482.0267411620441,
  "zone_service_times": {
    "hole_15": 14.055469614822202,
    "hole_7": 15.749178755104268,
    "hole_6": 19.03945511166893,
    "hole_18": 14.024473634700037,
    "hole_11": 14.548739473749539,
    "hole_16": 12.834888377703525,
    "hole_4": 20.478154708667535,
    "hole_12": 17.778702429682866,
    "hole_10": 11.5423001552647,
    "hole_-1": 10.598691773699436,
    "hole_5": 20.87551014316511,
    "hole_13": 15.48611468278735,
    "hole_9": 11.140382060130468,
    "hole_17": 14.535738919304034
  },
  "total_revenue": 900.0,
  "total_orders": 30,
  "successful_orders": 30,
  "failed_orders": 0,
  "total_rounds": 21,
  "active_runner_hours": 7.185324633719649
}