{
  "simulation_id": "delivery_dynamic_02",
  "runner_id": "3_runners",
  "revenue_per_round": 47.0,
  "orders_per_runner_hour": 6.5543288785589775,
  "on_time_rate": 0.9148936170212766,
  "delivery_cycle_time_p90": 30.154287027067454,
  "delivery_cycle_time_avg": 18.320509869912048,
  "failed_rate": 0.0,
  "second_runner_break_even_orders": 7.170833333333333,
  "queue_wait_avg": 7.183760683760684,
  "runner_utilization_driving_pct": 100.0,
  "runner_utilization_prep_pct": 0.0,
  "runner_utilization_idle_pct": 0.0,
  "distance_per_delivery_avg": 792.7976992691691,
  "zone_service_times": {
    "hole_16": 13.535215815491817,
    "hole_14": 14.496591130651328,
    "hole_17": 16.749767095467945,
    "hole_15": 16.67194887112786,
    "hole_-1": 23.76686070175505,
    "hole_18": 12.464842797627899,
    "hole_8": 20.64332024758314,
    "hole_10": 20.321614948234423,
    "hole_13": 15.146244411114761,
    "hole_9": 16.487141473439824,
    "hole_7": 14.385975315159278
  },
  "total_revenue": 1410.0,
  "total_orders": 50,
  "successful_orders": 47,
  "failed_orders": 0,
  "total_rounds": 30,
  "active_runner_hours": 7.170833333333333
}