{
  "variantKey": "front_mid_back",
  "blockedHoles": [
    1,
    2,
    3,
    4,
    5,
    6,
    10,
    11,
    12
  ],
  "deliveryMetrics": {
    "totalOrders": 50,
    "successfulDeliveries": 47,
    "failedDeliveries": 0,
    "avgOrderTime": 18.320509869912044,
    "onTimePercentage": 91.48936170212765,
    "revenue": 1500.0,
    "ordersPerRunnerHour": 4.7,
    "lateOrders": 4,
    "runnerUtilizationPct": 24.481066776728017,
    "totalRunnerDriveMinutes": 440.6592019811043,
    "totalRunnerShiftMinutes": 1800.0,
    "runnerUtilizationByRunner": {
      "runner_1": {
        "driveMinutes": 178.29072776143644,
        "utilizationPct": 29.71512129357274,
        "shiftMinutes": 600.0
      },
      "runner_2": {
        "driveMinutes": 147.8780995226338,
        "utilizationPct": 24.646349920438965,
        "shiftMinutes": 600.0
      },
      "runner_3": {
        "driveMinutes": 114.49037469703406,
        "utilizationPct": 19.081729116172344,
        "shiftMinutes": 600.0
      }
    }
  },
  "bevCartMetrics": null,
  "hasRunners": true,
  "hasBevCart": false
}