{
  "simulation_id": "delivery_dynamic_04",
  "runner_id": "3_runners",
  "revenue_per_round": 40.0,
  "orders_per_runner_hour": 5.6110295294729635,
  "on_time_rate": 1.0,
  "delivery_cycle_time_p90": 23.91197017896237,
  "delivery_cycle_time_avg": 15.775712593882924,
  "failed_rate": 0.0,
  "second_runner_break_even_orders": 7.1288165193023225,
  "queue_wait_avg": 1.5116161616161616,
  "runner_utilization_driving_pct": 100.0,
  "runner_utilization_prep_pct": 0.0,
  "runner_utilization_idle_pct": 0.0,
  "distance_per_delivery_avg": 1521.6194315446605,
  "zone_service_times": {
    "hole_7": 18.695325064023358,
    "hole_4": 20.4948213753342,
    "hole_15": 12.69670184895008,
    "hole_6": 20.838993213375883,
    "hole_14": 14.869887261563498,
    "hole_18": 12.600149928840048,
    "hole_17": 18.372904527007677,
    "hole_8": 13.597119735764378,
    "hole_9": 12.381365743520877,
    "hole_10": 12.135101710152048,
    "hole_16": 12.469697489892436,
    "hole_12": 20.326666523801396,
    "hole_11": 15.508289252279429,
    "hole_13": 16.09048140539259
  },
  "total_revenue": 1200.0,
  "total_orders": 40,
  "successful_orders": 40,
  "failed_orders": 0,
  "total_rounds": 30,
  "active_runner_hours": 7.1288165193023225
}