{
  "simulation_id": "delivery_dynamic_08",
  "runner_id": "3_runners",
  "revenue_per_round": 40.90909090909091,
  "orders_per_runner_hour": 4.07401912250951,
  "on_time_rate": 1.0,
  "delivery_cycle_time_p90": 22.215862242329784,
  "delivery_cycle_time_avg": 16.869420119103534,
  "failed_rate": 0.0,
  "second_runner_break_even_orders": 7.363735686522903,
  "queue_wait_avg": 1.2262820512820514,
  "runner_utilization_driving_pct": 83.88582857173672,
  "runner_utilization_prep_pct": 0.0,
  "runner_utilization_idle_pct": 16.114171428263276,
  "distance_per_delivery_avg": 1951.031826685455,
  "zone_service_times": {
    "hole_16": 17.373054422951373,
    "hole_13": 16.73936428080024,
    "hole_8": 15.526513055722825,
    "hole_17": 14.007875890790153,
    "hole_3": 16.868372001007963,
    "hole_12": 16.10580207825149,
    "hole_2": 18.21986918780967,
    "hole_14": 17.568899509493683,
    "hole_18": 17.86208188680027,
    "hole_10": 11.73612585315459,
    "hole_4": 19.546951315015395,
    "hole_-1": 23.321088977534842,
    "hole_7": 16.592051783854792,
    "hole_15": 16.615357990666233
  },
  "total_revenue": 900.0,
  "total_orders": 30,
  "successful_orders": 30,
  "failed_orders": 0,
  "total_rounds": 22,
  "active_runner_hours": 7.363735686522903
}