{
  "simulation_id": "delivery_dynamic_08",
  "runner_id": "2_runners",
  "revenue_per_round": 37.74193548387097,
  "orders_per_runner_hour": 5.306107881961876,
  "on_time_rate": 0.5641025641025641,
  "delivery_cycle_time_p90": 52.134544023910294,
  "delivery_cycle_time_avg": 29.58789706365751,
  "failed_rate": 0.025,
  "second_runner_break_even_orders": 7.3500201781762815,
  "queue_wait_avg": 17.509722222222223,
  "runner_utilization_driving_pct": 81.57992607542892,
  "runner_utilization_prep_pct": 0.0,
  "runner_utilization_idle_pct": 18.420073924571085,
  "distance_per_delivery_avg": 1150.8257210812342,
  "zone_service_times": {
    "hole_6": 17.843094236354137,
    "hole_-1": 20.03775564420151,
    "hole_10": 39.63518928335358,
    "hole_18": 27.364114842313796,
    "hole_17": 27.575710034328615,
    "hole_11": 26.609824161584825,
    "hole_9": 33.091238168285415,
    "hole_12": 41.435506489179474,
    "hole_8": 28.406441926927997,
    "hole_15": 67.44111823563593,
    "hole_7": 17.177271244191676,
    "hole_16": 17.64056982606186
  },
  "total_revenue": 1170.0,
  "total_orders": 40,
  "successful_orders": 39,
  "failed_orders": 1,
  "total_rounds": 31,
  "active_runner_hours": 7.3500201781762815
}