{
  "simulation_id": "delivery_dynamic_08",
  "runner_id": "3_runners",
  "revenue_per_round": 49.0,
  "orders_per_runner_hour": 6.784449418863584,
  "on_time_rate": 0.6530612244897959,
  "delivery_cycle_time_p90": 48.764396839894836,
  "delivery_cycle_time_avg": 26.383570294594243,
  "failed_rate": 0.02,
  "second_runner_break_even_orders": 7.222398897065939,
  "queue_wait_avg": 13.178472222222222,
  "runner_utilization_driving_pct": 100.0,
  "runner_utilization_prep_pct": 0.0,
  "runner_utilization_idle_pct": 0.0,
  "distance_per_delivery_avg": 1167.2796189836633,
  "zone_service_times": {
    "hole_17": 19.098369764824383,
    "hole_6": 25.723829622461157,
    "hole_4": 20.46148804200087,
    "hole_16": 26.207280691592178,
    "hole_10": 29.154365998023156,
    "hole_18": 21.743817249273707,
    "hole_9": 27.211317227607772,
    "hole_15": 26.272332645278812,
    "hole_-1": 22.89963334678232,
    "hole_12": 40.880063529556054,
    "hole_7": 34.20891668730364,
    "hole_8": 31.526190913600253,
    "hole_11": 49.93275291627027,
    "hole_14": 15.056432514179566
  },
  "total_revenue": 1470.0,
  "total_orders": 50,
  "successful_orders": 49,
  "failed_orders": 1,
  "total_rounds": 30,
  "active_runner_hours": 7.222398897065939
}