{
  "simulation_id": "delivery_dynamic_08",
  "runner_id": "runner_1",
  "revenue_per_round": 17.142857142857142,
  "orders_per_runner_hour": 2.2364589400116484,
  "on_time_rate": 0.1875,
  "delivery_cycle_time_p90": 61.34074882129853,
  "delivery_cycle_time_avg": 45.992798444693236,
  "failed_rate": 0.475,
  "second_runner_break_even_orders": 7.154166666666666,
  "queue_wait_avg": 33.86333333333333,
  "runner_utilization_driving_pct": 36.34944978691435,
  "runner_utilization_prep_pct": 0.0,
  "runner_utilization_idle_pct": 63.65055021308565,
  "distance_per_delivery_avg": 1426.6302774169274,
  "zone_service_times": {
    "hole_16": 31.648097811533304,
    "hole_15": 46.84990706196901,
    "hole_11": 49.641374192833425,
    "hole_18": 43.05300251170459,
    "hole_9": 46.822228665532236,
    "hole_13": 52.34405659987209,
    "hole_12": 55.00435695124085,
    "hole_17": 48.69409669514498
  },
  "total_revenue": 480.0,
  "total_orders": 40,
  "successful_orders": 16,
  "failed_orders": 19,
  "total_rounds": 28,
  "active_runner_hours": 7.154166666666667
}