{
  "simulation_id": "delivery_dynamic_06",
  "runner_id": "runner_1",
  "revenue_per_round": 40.0,
  "orders_per_runner_hour": 2.450657285998127,
  "on_time_rate": 0.75,
  "delivery_cycle_time_p90": 38.66320145915735,
  "delivery_cycle_time_avg": 21.787033228419826,
  "failed_rate": 0.0,
  "second_runner_break_even_orders": 8.161075852698925,
  "queue_wait_avg": 10.531790123456789,
  "runner_utilization_driving_pct": 41.35447080592625,
  "runner_utilization_prep_pct": 0.0,
  "runner_utilization_idle_pct": 58.64552919407375,
  "distance_per_delivery_avg": 1662.063924462273,
  "zone_service_times": {
    "hole_11": 19.620310419147458,
    "hole_12": 26.068074193635617,
    "hole_5": 14.049729194049542,
    "hole_17": 19.691812862886664,
    "hole_6": 14.182267796751452,
    "hole_9": 21.712239434259146,
    "hole_13": 38.69063814363799,
    "hole_10": 40.451881569381236,
    "hole_18": 18.251764207140027,
    "hole_15": 20.24677386105844
  },
  "total_revenue": 600.0,
  "total_orders": 20,
  "successful_orders": 20,
  "failed_orders": 0,
  "total_rounds": 15,
  "active_runner_hours": 8.161075852698925
}