{
  "simulation_id": "delivery_dynamic_03",
  "runner_id": "3_runners",
  "revenue_per_round": 39.130434782608695,
  "orders_per_runner_hour": 4.182466800815847,
  "on_time_rate": 1.0,
  "delivery_cycle_time_p90": 22.959065020070476,
  "delivery_cycle_time_avg": 16.83856180002946,
  "failed_rate": 0.0,
  "second_runner_break_even_orders": 7.172800509533775,
  "queue_wait_avg": 1.625925925925926,
  "runner_utilization_driving_pct": 87.53741396086907,
  "runner_utilization_prep_pct": 0.0,
  "runner_utilization_idle_pct": 12.462586039130926,
  "distance_per_delivery_avg": 1806.0767648098993,
  "zone_service_times": {
    "hole_8": 13.8754299763754,
    "hole_18": 14.707397439257921,
    "hole_9": 12.443824015930689,
    "hole_2": 22.505958392613955,
    "hole_7": 15.108359414308264,
    "hole_5": 22.70208755173283,
    "hole_15": 27.174780595103282,
    "hole_10": 16.033885554638253,
    "hole_11": 17.10742791245648,
    "hole_16": 12.691038271025173,
    "hole_3": 20.93478484704883,
    "hole_4": 21.200277439734236,
    "hole_12": 16.84673019622272,
    "hole_-1": 13.18376670797085
  },
  "total_revenue": 900.0,
  "total_orders": 30,
  "successful_orders": 30,
  "failed_orders": 0,
  "total_rounds": 23,
  "active_runner_hours": 7.172800509533774
}