{
  "simulation_id": "delivery_dynamic_02",
  "runner_id": "3_runners",
  "revenue_per_round": 48.0,
  "orders_per_runner_hour": 5.610971110841843,
  "on_time_rate": 0.95,
  "delivery_cycle_time_p90": 25.76485890810157,
  "delivery_cycle_time_avg": 19.130731378261476,
  "failed_rate": 0.0,
  "second_runner_break_even_orders": 7.128890740982373,
  "queue_wait_avg": 4.387387387387387,
  "runner_utilization_driving_pct": 100.0,
  "runner_utilization_prep_pct": 0.0,
  "runner_utilization_idle_pct": 0.0,
  "distance_per_delivery_avg": 1704.3257430958554,
  "zone_service_times": {
    "hole_11": 20.36981843949155,
    "hole_6": 19.63044974353068,
    "hole_15": 16.397597173049054,
    "hole_5": 21.452181554603563,
    "hole_10": 16.579913537926753,
    "hole_18": 16.952402894226978,
    "hole_13": 26.46534792994363,
    "hole_7": 20.840370584484056,
    "hole_9": 16.015273795537542,
    "hole_12": 43.188564985680145,
    "hole_4": 22.748364491889333,
    "hole_2": 23.1011434078142,
    "hole_8": 13.57797572738685,
    "hole_17": 14.171716604534716,
    "hole_14": 14.565671539587735,
    "hole_-1": 12.014396839894834
  },
  "total_revenue": 1200.0,
  "total_orders": 40,
  "successful_orders": 40,
  "failed_orders": 0,
  "total_rounds": 25,
  "active_runner_hours": 7.128890740982373
}