{
  "variantKey": "none",
  "blockedHoles": [],
  "deliveryMetrics": {
    "totalOrders": 50,
    "successfulDeliveries": 49,
    "failedDeliveries": 1,
    "avgOrderTime": 30.13365643751871,
    "onTimePercentage": 53.06122448979592,
    "revenue": 1470.0,
    "ordersPerRunnerHour": 4.9,
    "lateOrders": 23,
    "runnerUtilizationPct": 31.30643511694908,
    "totalRunnerDriveMinutes": 563.5158321050834,
    "totalRunnerShiftMinutes": 1800.0,
    "runnerUtilizationByRunner": {
      "runner_1": {
        "driveMinutes": 207.28449191774044,
        "utilizationPct": 34.54741531962341,
        "shiftMinutes": 600.0
      },
      "runner_2": {
        "driveMinutes": 195.20519432919372,
        "utilizationPct": 32.53419905486562,
        "shiftMinutes": 600.0
      },
      "runner_3": {
        "driveMinutes": 161.0261458581495,
        "utilizationPct": 26.837690976358253,
        "shiftMinutes": 600.0
      }
    }
  },
  "bevCartMetrics": null,
  "hasRunners": true,
  "hasBevCart": false
}