{
  "simulation_id": "delivery_dynamic_05",
  "runner_id": "3_runners",
  "revenue_per_round": 48.38709677419355,
  "orders_per_runner_hour": 6.929771042420545,
  "on_time_rate": 0.54,
  "delivery_cycle_time_p90": 52.6673812858284,
  "delivery_cycle_time_avg": 28.814610117031357,
  "failed_rate": 0.0,
  "second_runner_break_even_orders": 7.215245596705193,
  "queue_wait_avg": 15.686458333333333,
  "runner_utilization_driving_pct": 100.0,
  "runner_utilization_prep_pct": 0.0,
  "runner_utilization_idle_pct": 0.0,
  "distance_per_delivery_avg": 1261.8849993225358,
  "zone_service_times": {
    "hole_14": 14.844431012480346,
    "hole_12": 24.36381932346879,
    "hole_7": 30.34557686221114,
    "hole_10": 20.013692863710276,
    "hole_18": 33.30781523449615,
    "hole_8": 28.4673336563254,
    "hole_15": 35.052979352107954,
    "hole_9": 31.14207132998648,
    "hole_13": 39.59624441111476,
    "hole_-1": 30.21648607942377,
    "hole_11": 37.29769718150292,
    "hole_16": 26.69190396981493,
    "hole_17": 14.301308827996642,
    "hole_6": 17.70816220309013
  },
  "total_revenue": 1500.0,
  "total_orders": 50,
  "successful_orders": 50,
  "failed_orders": 0,
  "total_rounds": 31,
  "active_runner_hours": 7.215245596705194
}