{
  "simulation_id": "delivery_dynamic_10",
  "runner_id": "runner_1",
  "revenue_per_round": 23.181818181818183,
  "orders_per_runner_hour": 2.379471228615863,
  "on_time_rate": 0.29411764705882354,
  "delivery_cycle_time_p90": 63.771562861994155,
  "delivery_cycle_time_avg": 43.19208767419113,
  "failed_rate": 0.36666666666666664,
  "second_runner_break_even_orders": 7.144444444444445,
  "queue_wait_avg": 29.781372549019608,
  "runner_utilization_driving_pct": 38.24289379789195,
  "runner_utilization_prep_pct": 0.0,
  "runner_utilization_idle_pct": 61.75710620210805,
  "distance_per_delivery_avg": 1146.000282057633,
  "zone_service_times": {
    "hole_8": 21.07630293564891,
    "hole_18": 42.061285376776084,
    "hole_12": 59.27268968985809,
    "hole_6": 41.239477960695176,
    "hole_14": 66.34440431014706,
    "hole_10": 52.163055119201154,
    "hole_9": 57.626712437849164,
    "hole_17": 48.61999679599903
  },
  "total_revenue": 510.0,
  "total_orders": 30,
  "successful_orders": 17,
  "failed_orders": 11,
  "total_rounds": 22,
  "active_runner_hours": 7.144444444444445
}