{
  "simulation_id": "delivery_dynamic_06",
  "runner_id": "3_runners",
  "revenue_per_round": 37.5,
  "orders_per_runner_hour": 4.200116800515555,
  "on_time_rate": 1.0,
  "delivery_cycle_time_p90": 18.980735498259897,
  "delivery_cycle_time_avg": 14.90099869644324,
  "failed_rate": 0.0,
  "second_runner_break_even_orders": 7.14265850804853,
  "queue_wait_avg": 0.782,
  "runner_utilization_driving_pct": 70.8584058119699,
  "runner_utilization_prep_pct": 0.0,
  "runner_utilization_idle_pct": 29.141594188030098,
  "distance_per_delivery_avg": 1427.7755620049263,
  "zone_service_times": {
    "hole_17": 15.614727024538691,
    "hole_12": 13.840836545238108,
    "hole_14": 18.339858984222747,
    "hole_13": 18.29912148268601,
    "hole_18": 10.958546615376957,
    "hole_10": 17.941068396910364,
    "hole_8": 14.32204550937038,
    "hole_9": 12.424098783029345,
    "hole_16": 17.65723649272853,
    "hole_15": 17.033950102034943
  },
  "total_revenue": 900.0,
  "total_orders": 30,
  "successful_orders": 30,
  "failed_orders": 0,
  "total_rounds": 24,
  "active_runner_hours": 7.14265850804853
}