{
  "simulation_id": "delivery_dynamic_04",
  "runner_id": "runner_1",
  "revenue_per_round": 17.8125,
  "orders_per_runner_hour": 2.6383799421407907,
  "on_time_rate": 0.21052631578947367,
  "delivery_cycle_time_p90": 61.89497031030733,
  "delivery_cycle_time_avg": 46.099721509613026,
  "failed_rate": 0.48,
  "second_runner_break_even_orders": 7.201388888888889,
  "queue_wait_avg": 33.39122807017544,
  "runner_utilization_driving_pct": 34.50270155487642,
  "runner_utilization_prep_pct": 0.0,
  "runner_utilization_idle_pct": 65.49729844512359,
  "distance_per_delivery_avg": 910.0537956510328,
  "zone_service_times": {
    "hole_16": 17.104349101572975,
    "hole_9": 42.44368928769151,
    "hole_17": 53.916960076980324,
    "hole_18": 43.527181997479026,
    "hole_10": 48.69464682035384,
    "hole_8": 37.98660415094407,
    "hole_12": 59.084544023910226
  },
  "total_revenue": 570.0,
  "total_orders": 50,
  "successful_orders": 19,
  "failed_orders": 24,
  "total_rounds": 32,
  "active_runner_hours": 7.201388888888889
}