{
  "simulation_id": "delivery_dynamic_10",
  "runner_id": "3_runners",
  "revenue_per_round": 44.44444444444444,
  "orders_per_runner_hour": 5.611495427245481,
  "on_time_rate": 0.95,
  "delivery_cycle_time_p90": 25.409195142886432,
  "delivery_cycle_time_avg": 17.123381740002408,
  "failed_rate": 0.0,
  "second_runner_break_even_orders": 7.128224645036346,
  "queue_wait_avg": 3.8622549019607844,
  "runner_utilization_driving_pct": 86.29890605992495,
  "runner_utilization_prep_pct": 0.0,
  "runner_utilization_idle_pct": 13.701093940075054,
  "distance_per_delivery_avg": 1290.3962646408097,
  "zone_service_times": {
    "hole_17": 17.331964285970713,
    "hole_12": 17.012320044876116,
    "hole_3": 31.542409547028303,
    "hole_10": 20.365561012290513,
    "hole_18": 12.547025888761809,
    "hole_1": 12.99556434056382,
    "hole_15": 19.450295749928873,
    "hole_14": 20.475884122445223,
    "hole_4": 19.737305804649804,
    "hole_9": 12.427674544260844,
    "hole_13": 30.26292073174318,
    "hole_11": 17.414550783409908,
    "hole_2": 13.715970575297069,
    "hole_8": 16.08597519021699,
    "hole_16": 17.071015768239644
  },
  "total_revenue": 1200.0,
  "total_orders": 40,
  "successful_orders": 40,
  "failed_orders": 0,
  "total_rounds": 27,
  "active_runner_hours": 7.1282246450363465
}