{
  "simulation_id": "delivery_dynamic_09",
  "runner_id": "runner_1",
  "revenue_per_round": 25.0,
  "orders_per_runner_hour": 2.771362586605081,
  "on_time_rate": 0.25,
  "delivery_cycle_time_p90": 60.74560914810204,
  "delivery_cycle_time_avg": 38.46760553381792,
  "failed_rate": 0.26666666666666666,
  "second_runner_break_even_orders": 7.216666666666666,
  "queue_wait_avg": 24.766666666666666,
  "runner_utilization_driving_pct": 48.71213377547043,
  "runner_utilization_prep_pct": 0.0,
  "runner_utilization_idle_pct": 51.28786622452957,
  "distance_per_delivery_avg": 1243.5154593628188,
  "zone_service_times": {
    "hole_2": 23.491473212913753,
    "hole_7": 35.64652399051405,
    "hole_18": 33.967484943982285,
    "hole_6": 42.92218453720543,
    "hole_-1": 42.5553906258517,
    "hole_12": 66.40502453003731,
    "hole_10": 27.334326124651213,
    "hole_4": 61.12815470866754,
    "hole_9": 30.577220854040146,
    "hole_11": 51.60638569864223,
    "hole_16": 22.003338089275953
  },
  "total_revenue": 600.0,
  "total_orders": 30,
  "successful_orders": 20,
  "failed_orders": 8,
  "total_rounds": 24,
  "active_runner_hours": 7.216666666666667
}