{
  "simulation_id": "delivery_dynamic_04",
  "runner_id": "3_runners",
  "revenue_per_round": 42.857142857142854,
  "orders_per_runner_hour": 4.2933890021066485,
  "on_time_rate": 0.9333333333333333,
  "delivery_cycle_time_p90": 22.88382397035643,
  "delivery_cycle_time_avg": 15.641924634434325,
  "failed_rate": 0.0,
  "second_runner_break_even_orders": 6.987487037694424,
  "queue_wait_avg": 1.493452380952381,
  "runner_utilization_driving_pct": 79.23758935942176,
  "runner_utilization_prep_pct": 0.0,
  "runner_utilization_idle_pct": 20.76241064057824,
  "distance_per_delivery_avg": 1427.3400105032642,
  "zone_service_times": {
    "hole_9": 11.779404646095387,
    "hole_16": 12.764716120674287,
    "hole_12": 17.52571590662781,
    "hole_-1": 10.646788562331782,
    "hole_7": 15.930643424882252,
    "hole_13": 15.593362908253676,
    "hole_10": 13.705823554193557,
    "hole_14": 22.794593505535037,
    "hole_15": 22.42821802551904,
    "hole_18": 13.266418332162797,
    "hole_5": 21.99124004716029,
    "hole_8": 14.448147987484996
  },
  "total_revenue": 900.0,
  "total_orders": 30,
  "successful_orders": 30,
  "failed_orders": 0,
  "total_rounds": 21,
  "active_runner_hours": 6.987487037694423
}