{
  "simulation_id": "delivery_dynamic_03",
  "runner_id": "3_runners",
  "revenue_per_round": 40.285714285714285,
  "orders_per_runner_hour": 6.428571428571429,
  "on_time_rate": 0.7446808510638298,
  "delivery_cycle_time_p90": 37.93668401829147,
  "delivery_cycle_time_avg": 21.70510806281569,
  "failed_rate": 0.0,
  "second_runner_break_even_orders": 7.311111111111111,
  "queue_wait_avg": 8.510569105691056,
  "runner_utilization_driving_pct": 97.70236276594753,
  "runner_utilization_prep_pct": 0.0,
  "runner_utilization_idle_pct": 2.2976372340524733,
  "distance_per_delivery_avg": 1438.4141814464974,
  "zone_service_times": {
    "hole_18": 22.3651924084747,
    "hole_17": 19.82206656974119,
    "hole_10": 17.202483340336528,
    "hole_2": 14.887948274599998,
    "hole_16": 17.087682442497652,
    "hole_11": 19.270653670170475,
    "hole_-1": 23.401347475818792,
    "hole_4": 30.859045315870937,
    "hole_9": 17.278636825344257,
    "hole_13": 33.61136755409401,
    "hole_12": 36.43811696054945,
    "hole_3": 28.143873771059894,
    "hole_1": 12.99556434056382
  },
  "total_revenue": 1410.0,
  "total_orders": 50,
  "successful_orders": 47,
  "failed_orders": 0,
  "total_rounds": 35,
  "active_runner_hours": 7.311111111111111
}