{
  "simulation_id": "delivery_dynamic_07",
  "runner_id": "3_runners",
  "revenue_per_round": 37.5,
  "orders_per_runner_hour": 4.142886553634544,
  "on_time_rate": 0.9666666666666667,
  "delivery_cycle_time_p90": 19.65539720183232,
  "delivery_cycle_time_avg": 14.86554849177789,
  "failed_rate": 0.0,
  "second_runner_break_even_orders": 7.241327903048921,
  "queue_wait_avg": 1.8282608695652174,
  "runner_utilization_driving_pct": 79.26553661622445,
  "runner_utilization_prep_pct": 0.0,
  "runner_utilization_idle_pct": 20.734463383775548,
  "distance_per_delivery_avg": 1163.8642932373689,
  "zone_service_times": {
    "hole_14": 14.963026983262656,
    "hole_15": 13.219752666460446,
    "hole_10": 12.795677166857672,
    "hole_-1": 15.386803011396871,
    "hole_12": 21.799032839597466,
    "hole_8": 13.836803273653338,
    "hole_11": 14.2733088368794,
    "hole_18": 19.88506823943917,
    "hole_13": 15.991167053000451,
    "hole_9": 12.10238780409189,
    "hole_7": 14.727670251464467,
    "hole_16": 12.781382785083649
  },
  "total_revenue": 900.0,
  "total_orders": 30,
  "successful_orders": 30,
  "failed_orders": 0,
  "total_rounds": 24,
  "active_runner_hours": 7.24132790304892
}