{
  "variantKey": "front_mid",
  "blockedHoles": [
    1,
    2,
    3,
    4,
    5,
    6
  ],
  "deliveryMetrics": {
    "totalOrders": 30,
    "successfulDeliveries": 30,
    "failedDeliveries": 0,
    "avgOrderTime": 14.86554849177789,
    "onTimePercentage": 96.66666666666667,
    "revenue": 900.0,
    "ordersPerRunnerHour": 3.0,
    "lateOrders": 1,
    "runnerUtilizationPct": 19.13292473497373,
    "totalRunnerDriveMinutes": 344.39264522952715,
    "totalRunnerShiftMinutes": 1800.0,
    "runnerUtilizationByRunner": {
      "runner_1": {
        "driveMinutes": 151.75257666128886,
        "utilizationPct": 25.292096110214807,
        "shiftMinutes": 600.0
      },
      "runner_3": {
        "driveMinutes": 72.405443366519,
        "utilizationPct": 12.067573894419832,
        "shiftMinutes": 600.0
      },
      "runner_2": {
        "driveMinutes": 120.23462520171931,
        "utilizationPct": 20.039104200286552,
        "shiftMinutes": 600.0
      }
    }
  },
  "bevCartMetrics": null,
  "hasRunners": true,
  "hasBevCart": false
}