{
  "simulation_id": "delivery_dynamic_05",
  "runner_id": "2_runners",
  "revenue_per_round": 35.294117647058826,
  "orders_per_runner_hour": 2.7706875438526795,
  "on_time_rate": 0.95,
  "delivery_cycle_time_p90": 27.02445379460727,
  "delivery_cycle_time_avg": 16.12953859391372,
  "failed_rate": 0.0,
  "second_runner_break_even_orders": 7.218424915640153,
  "queue_wait_avg": 2.245833333333333,
  "runner_utilization_driving_pct": 52.16815659722492,
  "runner_utilization_prep_pct": 0.0,
  "runner_utilization_idle_pct": 47.83184340277508,
  "distance_per_delivery_avg": 1455.8449675550119,
  "zone_service_times": {
    "hole_17": 17.18659335447516,
    "hole_11": 13.644237568886698,
    "hole_15": 17.74205511932987,
    "hole_8": 13.747350163124954,
    "hole_10": 17.567172809912034,
    "hole_9": 13.980241151170938,
    "hole_16": 17.271978216778066
  },
  "total_revenue": 600.0,
  "total_orders": 20,
  "successful_orders": 20,
  "failed_orders": 0,
  "total_rounds": 17,
  "active_runner_hours": 7.218424915640153
}