{
  "simulation_id": "delivery_dynamic_01",
  "runner_id": "2_runners",
  "revenue_per_round": 32.06896551724138,
  "orders_per_runner_hour": 4.340723453908985,
  "on_time_rate": 0.3870967741935484,
  "delivery_cycle_time_p90": 63.50895064006659,
  "delivery_cycle_time_avg": 38.098791057462144,
  "failed_rate": 0.28,
  "second_runner_break_even_orders": 7.141666666666667,
  "queue_wait_avg": 24.32043010752688,
  "runner_utilization_driving_pct": 82.06604410077077,
  "runner_utilization_prep_pct": 0.0,
  "runner_utilization_idle_pct": 17.933955899229233,
  "distance_per_delivery_avg": 1269.5292791782485,
  "zone_service_times": {
    "hole_5": 25.22358191311755,
    "hole_10": 21.837781263644654,
    "hole_18": 41.4736333620488,
    "hole_15": 49.1205843324794,
    "hole_17": 34.67171660453478,
    "hole_13": 35.77163137742333,
    "hole_12": 38.215464139034246,
    "hole_14": 35.71882385576064,
    "hole_-1": 38.862353528869605,
    "hole_11": 57.16355714795679,
    "hole_6": 64.6628132517565,
    "hole_8": 38.47013660698667,
    "hole_9": 28.923959882186924
  },
  "total_revenue": 930.0,
  "total_orders": 50,
  "successful_orders": 31,
  "failed_orders": 14,
  "total_rounds": 29,
  "active_runner_hours": 7.141666666666667
}