{
  "variantKey": "mid",
  "blockedHoles": [
    4,
    5,
    6
  ],
  "deliveryMetrics": {
    "totalOrders": 30,
    "successfulDeliveries": 30,
    "failedDeliveries": 0,
    "avgOrderTime": 15.727824679516347,
    "onTimePercentage": 96.66666666666667,
    "revenue": 900.0,
    "ordersPerRunnerHour": 3.0,
    "lateOrders": 1,
    "runnerUtilizationPct": 18.34121573570186,
    "totalRunnerDriveMinutes": 330.1418832426334,
    "totalRunnerShiftMinutes": 1800.0,
    "runnerUtilizationByRunner": {
      "runner_2": {
        "driveMinutes": 90.55228380798111,
        "utilizationPct": 15.092047301330187,
        "shiftMinutes": 600.0
      },
      "runner_1": {
        "driveMinutes": 164.32616668479884,
        "utilizationPct": 27.387694447466473,
        "shiftMinutes": 600.0
      },
      "runner_3": {
        "driveMinutes": 75.26343274985341,
        "utilizationPct": 12.543905458308902,
        "shiftMinutes": 600.0
      }
    }
  },
  "bevCartMetrics": null,
  "hasRunners": true,
  "hasBevCart": false
}