{
  "simulation_id": "delivery_dynamic_02",
  "runner_id": "3_runners",
  "revenue_per_round": 40.588235294117645,
  "orders_per_runner_hour": 6.188718893522748,
  "on_time_rate": 0.41304347826086957,
  "delivery_cycle_time_p90": 56.47397335594884,
  "delivery_cycle_time_avg": 33.365746336902866,
  "failed_rate": 0.08,
  "second_runner_break_even_orders": 7.4328792099677745,
  "queue_wait_avg": 19.606439393939393,
  "runner_utilization_driving_pct": 100.0,
  "runner_utilization_prep_pct": 0.0,
  "runner_utilization_idle_pct": 0.0,
  "distance_per_delivery_avg": 1549.5516387645787,
  "zone_service_times": {
    "hole_17": 14.4916533793655,
    "hole_2": 23.08447674114753,
    "hole_3": 20.78571224110586,
    "hole_15": 28.170942513297813,
    "hole_5": 51.15198876095065,
    "hole_7": 36.636787723474676,
    "hole_10": 33.47728518914842,
    "hole_-1": 34.05510206625151,
    "hole_8": 43.45183817774398,
    "hole_9": 28.83361550752943,
    "hole_12": 48.980063529556055,
    "hole_6": 38.41428620396991,
    "hole_18": 13.001734906105836,
    "hole_14": 17.26504201398117,
    "hole_4": 26.176138382341378
  },
  "total_revenue": 1380.0,
  "total_orders": 50,
  "successful_orders": 46,
  "failed_orders": 4,
  "total_rounds": 34,
  "active_runner_hours": 7.432879209967774
}