{
  "simulation_id": "delivery_dynamic_01",
  "runner_id": "runner_1",
  "revenue_per_round": 14.482758620689655,
  "orders_per_runner_hour": 1.9599455570678592,
  "on_time_rate": 0.14285714285714285,
  "delivery_cycle_time_p90": 60.73547230161282,
  "delivery_cycle_time_avg": 45.26168342687195,
  "failed_rate": 0.58,
  "second_runner_break_even_orders": 7.143055555555556,
  "queue_wait_avg": 31.685714285714287,
  "runner_utilization_driving_pct": 29.458458681707196,
  "runner_utilization_prep_pct": 0.0,
  "runner_utilization_idle_pct": 70.5415413182928,
  "distance_per_delivery_avg": 1201.525631428976,
  "zone_service_times": {
    "hole_9": 11.744748900585758,
    "hole_11": 39.49681493595663,
    "hole_18": 53.57610476764112,
    "hole_7": 57.4943441039346,
    "hole_-1": 54.61439683989484,
    "hole_14": 29.272682561930683,
    "hole_5": 44.317053249035844,
    "hole_15": 34.73179177081183
  },
  "total_revenue": 420.0,
  "total_orders": 50,
  "successful_orders": 14,
  "failed_orders": 29,
  "total_rounds": 29,
  "active_runner_hours": 7.143055555555556
}