{
  "simulation_id": "delivery_dynamic_05",
  "runner_id": "3_runners",
  "revenue_per_round": 39.130434782608695,
  "orders_per_runner_hour": 4.123462184090515,
  "on_time_rate": 1.0,
  "delivery_cycle_time_p90": 18.764086131756187,
  "delivery_cycle_time_avg": 15.04799294852639,
  "failed_rate": 0.0,
  "second_runner_break_even_orders": 7.275439584664678,
  "queue_wait_avg": 0.17066666666666666,
  "runner_utilization_driving_pct": 81.98528838902813,
  "runner_utilization_prep_pct": 0.0,
  "runner_utilization_idle_pct": 18.014711610971872,
  "distance_per_delivery_avg": 1648.338964038202,
  "zone_service_times": {
    "hole_15": 17.9720953773474,
    "hole_18": 10.373835845037926,
    "hole_16": 17.472940680491593,
    "hole_10": 12.270786066853098,
    "hole_7": 16.927271244191676,
    "hole_2": 16.078054962229363,
    "hole_3": 17.748184298061158,
    "hole_6": 18.905904010974094,
    "hole_8": 14.714327164638355,
    "hole_9": 12.612173106579636,
    "hole_11": 13.493275103404327,
    "hole_4": 18.821760238993253,
    "hole_17": 15.174483782620559
  },
  "total_revenue": 900.0,
  "total_orders": 30,
  "successful_orders": 30,
  "failed_orders": 0,
  "total_rounds": 23,
  "active_runner_hours": 7.275439584664677
}