{
  "simulation_id": "delivery_dynamic_03",
  "runner_id": "runner_1",
  "revenue_per_round": 19.09090909090909,
  "orders_per_runner_hour": 1.998017839444995,
  "on_time_rate": 0.5,
  "delivery_cycle_time_p90": 61.72897294033604,
  "delivery_cycle_time_avg": 33.66393932404721,
  "failed_rate": 0.4,
  "second_runner_break_even_orders": 7.006944444444445,
  "queue_wait_avg": 19.79047619047619,
  "runner_utilization_driving_pct": 41.78165834653696,
  "runner_utilization_prep_pct": 0.0,
  "runner_utilization_idle_pct": 58.21834165346304,
  "distance_per_delivery_avg": 1301.483612879862,
  "zone_service_times": {
    "hole_15": 11.836005931146216,
    "hole_8": 20.111309060720185,
    "hole_10": 28.58998425759649,
    "hole_6": 51.88809771792924,
    "hole_-1": 31.331063506561502,
    "hole_13": 61.20013678506857,
    "hole_9": 37.077465714593046,
    "hole_14": 14.955899904123969,
    "hole_7": 32.70928823112075
  },
  "total_revenue": 420.0,
  "total_orders": 30,
  "successful_orders": 14,
  "failed_orders": 12,
  "total_rounds": 22,
  "active_runner_hours": 7.006944444444445
}