{
  "simulation_id": "delivery_dynamic_06",
  "runner_id": "3_runners",
  "revenue_per_round": 40.0,
  "orders_per_runner_hour": 2.838108757807014,
  "on_time_rate": 1.0,
  "delivery_cycle_time_p90": 14.917130210473337,
  "delivery_cycle_time_avg": 12.633217047923461,
  "failed_rate": 0.0,
  "second_runner_break_even_orders": 7.0469462965379295,
  "queue_wait_avg": 0.040740740740740744,
  "runner_utilization_driving_pct": 38.74864436207121,
  "runner_utilization_prep_pct": 0.0,
  "runner_utilization_idle_pct": 61.25135563792879,
  "distance_per_delivery_avg": 872.4409281022823,
  "zone_service_times": {
    "hole_14": 14.697242093098865,
    "hole_9": 11.21494707705036,
    "hole_7": 14.934681525522441,
    "hole_16": 13.082543442489461,
    "hole_18": 13.35464625064641,
    "hole_-1": 10.467617920438242,
    "hole_17": 14.171716620450145
  },
  "total_revenue": 600.0,
  "total_orders": 20,
  "successful_orders": 20,
  "failed_orders": 0,
  "total_rounds": 15,
  "active_runner_hours": 7.0469462965379295
}