{
  "simulation_id": "delivery_dynamic_08",
  "runner_id": "3_runners",
  "revenue_per_round": 42.857142857142854,
  "orders_per_runner_hour": 2.8153586153317254,
  "on_time_rate": 1.0,
  "delivery_cycle_time_p90": 18.27752905876148,
  "delivery_cycle_time_avg": 14.08927671756491,
  "failed_rate": 0.0,
  "second_runner_break_even_orders": 7.103890740982374,
  "queue_wait_avg": 0.11274509803921569,
  "runner_utilization_driving_pct": 57.84049505177816,
  "runner_utilization_prep_pct": 0.0,
  "runner_utilization_idle_pct": 42.15950494822184,
  "distance_per_delivery_avg": 1341.7969771018127,
  "zone_service_times": {
    "hole_8": 13.780683342898646,
    "hole_6": 18.103104011510307,
    "hole_9": 11.912746386636632,
    "hole_7": 18.401355255461688,
    "hole_-1": 10.408160621017911,
    "hole_14": 14.680575426432188,
    "hole_17": 14.301308827996642,
    "hole_15": 14.279147460467902
  },
  "total_revenue": 600.0,
  "total_orders": 20,
  "successful_orders": 20,
  "failed_orders": 0,
  "total_rounds": 14,
  "active_runner_hours": 7.103890740982374
}