{
  "simulation_id": "delivery_dynamic_07",
  "runner_id": "2_runners",
  "revenue_per_round": 39.130434782608695,
  "orders_per_runner_hour": 4.227047476125678,
  "on_time_rate": 1.0,
  "delivery_cycle_time_p90": 27.308712954556267,
  "delivery_cycle_time_avg": 18.69297178352296,
  "failed_rate": 0.0,
  "second_runner_break_even_orders": 7.097152366856465,
  "queue_wait_avg": 4.451785714285714,
  "runner_utilization_driving_pct": 69.71186561300117,
  "runner_utilization_prep_pct": 0.0,
  "runner_utilization_idle_pct": 30.288134386998834,
  "distance_per_delivery_avg": 1524.7585192637152,
  "zone_service_times": {
    "hole_15": 18.868648610555443,
    "hole_10": 16.133214888673713,
    "hole_18": 15.155028013000164,
    "hole_17": 29.28260595000526,
    "hole_4": 27.555898263519822,
    "hole_6": 18.68056812585737,
    "hole_2": 17.109015940733723,
    "hole_3": 17.41292608050626,
    "hole_12": 24.37172722082517,
    "hole_7": 26.460565728786058,
    "hole_8": 24.334679390224785,
    "hole_11": 13.52660843673766,
    "hole_9": 12.79626594776176,
    "hole_13": 27.402951535197403
  },
  "total_revenue": 900.0,
  "total_orders": 30,
  "successful_orders": 30,
  "failed_orders": 0,
  "total_rounds": 23,
  "active_runner_hours": 7.097152366856465
}