{
  "simulation_id": "delivery_dynamic_07",
  "runner_id": "3_runners",
  "revenue_per_round": 44.44444444444444,
  "orders_per_runner_hour": 5.536049163240516,
  "on_time_rate": 1.0,
  "delivery_cycle_time_p90": 20.928560848047287,
  "delivery_cycle_time_avg": 15.355433899031636,
  "failed_rate": 0.0,
  "second_runner_break_even_orders": 7.225369360084597,
  "queue_wait_avg": 1.1,
  "runner_utilization_driving_pct": 83.64557800769687,
  "runner_utilization_prep_pct": 0.0,
  "runner_utilization_idle_pct": 16.35442199230313,
  "distance_per_delivery_avg": 1476.0257900746287,
  "zone_service_times": {
    "hole_17": 15.613181321365488,
    "hole_18": 11.636574820726038,
    "hole_2": 15.684194817334113,
    "hole_9": 12.71148429375764,
    "hole_11": 15.721734775926052,
    "hole_4": 26.981787901403127,
    "hole_15": 18.29086420507562,
    "hole_-1": 27.221088977534844,
    "hole_16": 17.222853903327692,
    "hole_3": 17.519123246670805,
    "hole_8": 14.355699306256914
  },
  "total_revenue": 1200.0,
  "total_orders": 40,
  "successful_orders": 40,
  "failed_orders": 0,
  "total_rounds": 27,
  "active_runner_hours": 7.225369360084597
}