{
  "simulation_id": "delivery_dynamic_07",
  "runner_id": "3_runners",
  "revenue_per_round": 40.90909090909091,
  "orders_per_runner_hour": 4.134657670666345,
  "on_time_rate": 0.9666666666666667,
  "delivery_cycle_time_p90": 27.815070429657187,
  "delivery_cycle_time_avg": 16.73537543225778,
  "failed_rate": 0.0,
  "second_runner_break_even_orders": 7.255739746687462,
  "queue_wait_avg": 1.7769230769230768,
  "runner_utilization_driving_pct": 70.80422445081285,
  "runner_utilization_prep_pct": 0.0,
  "runner_utilization_idle_pct": 29.195775549187147,
  "distance_per_delivery_avg": 1745.646145238616,
  "zone_service_times": {
    "hole_16": 20.101123208128282,
    "hole_17": 18.41472838098187,
    "hole_6": 19.029508762193775,
    "hole_9": 12.980561998865566,
    "hole_15": 18.09823504693559,
    "hole_4": 19.126695030722384,
    "hole_8": 28.921862826562332,
    "hole_13": 16.46292073174318,
    "hole_10": 12.696895292753773,
    "hole_18": 11.029368400357598,
    "hole_14": 16.50072657770767,
    "hole_2": 13.280341372094519,
    "hole_12": 15.926109290197807,
    "hole_3": 17.965813372676347
  },
  "total_revenue": 900.0,
  "total_orders": 30,
  "successful_orders": 30,
  "failed_orders": 0,
  "total_rounds": 22,
  "active_runner_hours": 7.255739746687462
}