{
  "variantKey": "none",
  "blockedHoles": [],
  "deliveryMetrics": {
    "totalOrders": 30,
    "successfulDeliveries": 30,
    "failedDeliveries": 0,
    "avgOrderTime": 16.73537543225778,
    "onTimePercentage": 96.66666666666667,
    "revenue": 900.0,
    "ordersPerRunnerHour": 3.0,
    "lateOrders": 1,
    "runnerUtilizationPct": 17.124567519371432,
    "totalRunnerDriveMinutes": 308.24221534868576,
    "totalRunnerShiftMinutes": 1800.0,
    "runnerUtilizationByRunner": {
      "runner_1": {
        "driveMinutes": 139.926743692312,
        "utilizationPct": 23.321123948718665,
        "shiftMinutes": 600.0
      },
      "runner_3": {
        "driveMinutes": 45.71008836915044,
        "utilizationPct": 7.618348061525074,
        "shiftMinutes": 600.0
      },
      "runner_2": {
        "driveMinutes": 122.60538328722345,
        "utilizationPct": 20.434230547870573,
        "shiftMinutes": 600.0
      }
    }
  },
  "bevCartMetrics": null,
  "hasRunners": true,
  "hasBevCart": false
}