{
  "simulation_id": "delivery_dynamic_09",
  "runner_id": "3_runners",
  "revenue_per_round": 40.90909090909091,
  "orders_per_runner_hour": 4.2045175523071805,
  "on_time_rate": 1.0,
  "delivery_cycle_time_p90": 18.179005217098325,
  "delivery_cycle_time_avg": 14.655324844742337,
  "failed_rate": 0.0,
  "second_runner_break_even_orders": 7.135182485690384,
  "queue_wait_avg": 0.4351851851851852,
  "runner_utilization_driving_pct": 73.81380552664129,
  "runner_utilization_prep_pct": 0.0,
  "runner_utilization_idle_pct": 26.18619447335871,
  "distance_per_delivery_avg": 1432.5891478334254,
  "zone_service_times": {
    "hole_6": 18.052390034821702,
    "hole_17": 15.079581023356559,
    "hole_7": 17.011047053366838,
    "hole_9": 12.109627410428129,
    "hole_16": 16.96051737388548,
    "hole_18": 12.252342545467986,
    "hole_15": 17.955815326214967,
    "hole_10": 11.878733624102217,
    "hole_8": 15.154401390633454,
    "hole_11": 13.292312637540212
  },
  "total_revenue": 900.0,
  "total_orders": 30,
  "successful_orders": 30,
  "failed_orders": 0,
  "total_rounds": 22,
  "active_runner_hours": 7.135182485690384
}