{
  "simulation_id": "delivery_dynamic_04",
  "runner_id": "3_runners",
  "revenue_per_round": 37.5,
  "orders_per_runner_hour": 2.8986666400835075,
  "on_time_rate": 1.0,
  "delivery_cycle_time_p90": 22.157993111140843,
  "delivery_cycle_time_avg": 16.294839977845555,
  "failed_rate": 0.0,
  "second_runner_break_even_orders": 6.899724074315708,
  "queue_wait_avg": 0.6025641025641025,
  "runner_utilization_driving_pct": 59.86359462016145,
  "runner_utilization_prep_pct": 0.0,
  "runner_utilization_idle_pct": 40.13640537983855,
  "distance_per_delivery_avg": 1983.466232556108,
  "zone_service_times": {
    "hole_17": 14.093605905446081,
    "hole_9": 12.066559952374114,
    "hole_2": 22.005097026244222,
    "hole_18": 12.7162182290576,
    "hole_5": 28.075510143165108,
    "hole_4": 21.70647415594263,
    "hole_3": 21.600836570986818,
    "hole_14": 14.640613468578763,
    "hole_8": 13.938619617324488,
    "hole_10": 11.44967041575237,
    "hole_-1": 10.397730173228169,
    "hole_13": 15.90013678506851
  },
  "total_revenue": 600.0,
  "total_orders": 20,
  "successful_orders": 20,
  "failed_orders": 0,
  "total_rounds": 16,
  "active_runner_hours": 6.899724074315707
}