{
  "variantKey": "mid_back",
  "blockedHoles": [
    4,
    5,
    6,
    10,
    11,
    12
  ],
  "deliveryMetrics": {
    "totalOrders": 20,
    "successfulDeliveries": 20,
    "failedDeliveries": 0,
    "avgOrderTime": 16.294839977845555,
    "onTimePercentage": 100.0,
    "revenue": 600.0,
    "ordersPerRunnerHour": 2.0,
    "lateOrders": 0,
    "runnerUtilizationPct": 13.76807616586014,
    "totalRunnerDriveMinutes": 247.82537098548252,
    "totalRunnerShiftMinutes": 1800.0,
    "runnerUtilizationByRunner": {
      "runner_3": {
        "driveMinutes": 51.37360325526304,
        "utilizationPct": 8.562267209210507,
        "shiftMinutes": 600.0
      },
      "runner_1": {
        "driveMinutes": 116.62381599336669,
        "utilizationPct": 19.437302665561116,
        "shiftMinutes": 600.0
      },
      "runner_2": {
        "driveMinutes": 79.82795173685281,
        "utilizationPct": 13.304658622808802,
        "shiftMinutes": 600.0
      }
    }
  },
  "bevCartMetrics": null,
  "hasRunners": true,
  "hasBevCart": false
}