{
  "simulation_id": "delivery_dynamic_09",
  "runner_id": "runner_1",
  "revenue_per_round": 30.0,
  "orders_per_runner_hour": 2.1164021164021163,
  "on_time_rate": 0.4666666666666667,
  "delivery_cycle_time_p90": 54.667730173228165,
  "delivery_cycle_time_avg": 33.12832027123008,
  "failed_rate": 0.15,
  "second_runner_break_even_orders": 7.0875,
  "queue_wait_avg": 18.606666666666666,
  "runner_utilization_driving_pct": 34.42592184359313,
  "runner_utilization_prep_pct": 0.0,
  "runner_utilization_idle_pct": 65.57407815640687,
  "distance_per_delivery_avg": 1519.275611133304,
  "zone_service_times": {
    "hole_4": 35.7775614335808,
    "hole_15": 23.46426383644466,
    "hole_17": 31.200962975739124,
    "hole_16": 23.57204305919992,
    "hole_-1": 53.56995239545039,
    "hole_12": 52.564456011420894,
    "hole_3": 20.80612581012174,
    "hole_10": 11.242659391428484
  },
  "total_revenue": 450.0,
  "total_orders": 20,
  "successful_orders": 15,
  "failed_orders": 3,
  "total_rounds": 15,
  "active_runner_hours": 7.0875
}