{
  "simulation_id": "delivery_dynamic_07",
  "runner_id": "runner_1",
  "revenue_per_round": 14.117647058823529,
  "orders_per_runner_hour": 2.181818181818182,
  "on_time_rate": 0.0625,
  "delivery_cycle_time_p90": 67.57461070683513,
  "delivery_cycle_time_avg": 49.73763386924842,
  "failed_rate": 0.56,
  "second_runner_break_even_orders": 7.333333333333332,
  "queue_wait_avg": 36.07395833333333,
  "runner_utilization_driving_pct": 28.744534416314593,
  "runner_utilization_prep_pct": 0.0,
  "runner_utilization_idle_pct": 71.2554655836854,
  "distance_per_delivery_avg": 1230.9949800674704,
  "zone_service_times": {
    "hole_8": 14.02044110832782,
    "hole_13": 45.12192102530898,
    "hole_17": 33.30980077609317,
    "hole_7": 49.57538511718813,
    "hole_18": 52.62782817392409,
    "hole_6": 60.082091620142904,
    "hole_15": 67.46586422406908
  },
  "total_revenue": 480.0,
  "total_orders": 50,
  "successful_orders": 16,
  "failed_orders": 28,
  "total_rounds": 34,
  "active_runner_hours": 7.333333333333333
}