{
  "simulation_id": "delivery_dynamic_07",
  "runner_id": "2_runners",
  "revenue_per_round": 33.333333333333336,
  "orders_per_runner_hour": 2.820503669169092,
  "on_time_rate": 1.0,
  "delivery_cycle_time_p90": 14.823209012815497,
  "delivery_cycle_time_avg": 12.797011074415757,
  "failed_rate": 0.0,
  "second_runner_break_even_orders": 7.090932097915657,
  "queue_wait_avg": 0.425,
  "runner_utilization_driving_pct": 24.607901941562204,
  "runner_utilization_prep_pct": 0.0,
  "runner_utilization_idle_pct": 75.3920980584378,
  "distance_per_delivery_avg": 1769.0479735793474,
  "zone_service_times": {
    "hole_15": 13.755866731651016,
    "hole_18": 10.657754891465487,
    "hole_9": 11.367272240258748,
    "hole_4": 14.760754888337761,
    "hole_17": 13.392264417375797,
    "hole_7": 13.360935364903526,
    "hole_10": 11.224993200893309,
    "hole_6": 13.559705992555791,
    "hole_16": 13.299807358511861,
    "hole_-1": 14.78566147667231,
    "hole_8": 12.144220084469028
  },
  "total_revenue": 600.0,
  "total_orders": 20,
  "successful_orders": 20,
  "failed_orders": 0,
  "total_rounds": 18,
  "active_runner_hours": 7.090932097915657
}