{
  "simulation_id": "delivery_dynamic_06",
  "runner_id": "3_runners",
  "revenue_per_round": 40.0,
  "orders_per_runner_hour": 2.8155842824624737,
  "on_time_rate": 1.0,
  "delivery_cycle_time_p90": 21.951252651244452,
  "delivery_cycle_time_avg": 15.088624255011874,
  "failed_rate": 0.0,
  "second_runner_break_even_orders": 7.103321369058168,
  "queue_wait_avg": 0.37916666666666665,
  "runner_utilization_driving_pct": 57.6504533742617,
  "runner_utilization_prep_pct": 0.0,
  "runner_utilization_idle_pct": 42.3495466257383,
  "distance_per_delivery_avg": 1607.8577496839885,
  "zone_service_times": {
    "hole_16": 12.690743310787518,
    "hole_9": 12.139892086159247,
    "hole_5": 22.011337116189498,
    "hole_3": 21.018692417295462,
    "hole_-1": 12.210497594267386,
    "hole_8": 13.703842143499696,
    "hole_14": 14.961260172201703,
    "hole_2": 23.665150926159427
  },
  "total_revenue": 600.0,
  "total_orders": 20,
  "successful_orders": 20,
  "failed_orders": 0,
  "total_rounds": 15,
  "active_runner_hours": 7.103321369058168
}