{
  "simulation_id": "delivery_dynamic_06",
  "runner_id": "runner_1",
  "revenue_per_round": 37.5,
  "orders_per_runner_hour": 2.7721533144674138,
  "on_time_rate": 0.85,
  "delivery_cycle_time_p90": 33.52019270807725,
  "delivery_cycle_time_avg": 20.207882745598866,
  "failed_rate": 0.0,
  "second_runner_break_even_orders": 7.2146081876580475,
  "queue_wait_avg": 8.41842105263158,
  "runner_utilization_driving_pct": 24.971682681670277,
  "runner_utilization_prep_pct": 0.0,
  "runner_utilization_idle_pct": 75.02831731832973,
  "distance_per_delivery_avg": 1591.4755768311825,
  "zone_service_times": {
    "hole_13": 17.07959641519672,
    "hole_6": 17.19115636728287,
    "hole_12": 12.767739890981222,
    "hole_18": 20.340290061017733,
    "hole_10": 26.811977205938454,
    "hole_14": 23.702590441179716,
    "hole_17": 28.2529761559452,
    "hole_16": 19.59980735851186,
    "hole_9": 11.843789461879654,
    "hole_8": 28.710886751135757,
    "hole_11": 11.725312599627554
  },
  "total_revenue": 600.0,
  "total_orders": 20,
  "successful_orders": 20,
  "failed_orders": 0,
  "total_rounds": 16,
  "active_runner_hours": 7.214608187658048
}