{
  "simulation_id": "delivery_dynamic_05",
  "runner_id": "3_runners",
  "revenue_per_round": 35.294117647058826,
  "orders_per_runner_hour": 2.9059667046236433,
  "on_time_rate": 1.0,
  "delivery_cycle_time_p90": 19.483232553760452,
  "delivery_cycle_time_avg": 14.340657895038422,
  "failed_rate": 0.0,
  "second_runner_break_even_orders": 6.882391311703014,
  "queue_wait_avg": 0.04888888888888889,
  "runner_utilization_driving_pct": 54.86368637074911,
  "runner_utilization_prep_pct": 0.0,
  "runner_utilization_idle_pct": 45.13631362925089,
  "distance_per_delivery_avg": 1446.1410527329097,
  "zone_service_times": {
    "hole_9": 12.779599368438372,
    "hole_10": 12.039701637724628,
    "hole_6": 19.072813714878297,
    "hole_8": 14.954485702850949,
    "hole_18": 11.282026545971325,
    "hole_17": 13.304292552762854,
    "hole_11": 13.026373219765325,
    "hole_16": 17.121015768239644
  },
  "total_revenue": 600.0,
  "total_orders": 20,
  "successful_orders": 20,
  "failed_orders": 0,
  "total_rounds": 17,
  "active_runner_hours": 6.882391311703014
}