{
  "variantKey": "front_mid_back",
  "blockedHoles": [
    1,
    2,
    3,
    4,
    5,
    6,
    10,
    11,
    12
  ],
  "deliveryMetrics": {
    "totalOrders": 50,
    "successfulDeliveries": 48,
    "failedDeliveries": 0,
    "avgOrderTime": 17.28102403766628,
    "onTimePercentage": 97.91666666666666,
    "revenue": 1500.0,
    "ordersPerRunnerHour": 4.8,
    "lateOrders": 1,
    "runnerUtilizationPct": 21.264212248591562,
    "totalRunnerDriveMinutes": 382.75582047464815,
    "totalRunnerShiftMinutes": 1800.0,
    "runnerUtilizationByRunner": {
      "runner_1": {
        "driveMinutes": 156.49385194840627,
        "utilizationPct": 26.08230865806771,
        "shiftMinutes": 600.0
      },
      "runner_3": {
        "driveMinutes": 81.58398304593639,
        "utilizationPct": 13.597330507656066,
        "shiftMinutes": 600.0
      },
      "runner_2": {
        "driveMinutes": 144.67798548030567,
        "utilizationPct": 24.112997580050944,
        "shiftMinutes": 600.0
      }
    }
  },
  "bevCartMetrics": null,
  "hasRunners": true,
  "hasBevCart": false
}