{
  "simulation_id": "delivery_dynamic_08",
  "runner_id": "runner_1",
  "revenue_per_round": 35.625,
  "orders_per_runner_hour": 2.3529411764705883,
  "on_time_rate": 0.7368421052631579,
  "delivery_cycle_time_p90": 44.66006392540391,
  "delivery_cycle_time_avg": 21.40586416165552,
  "failed_rate": 0.0,
  "second_runner_break_even_orders": 8.075,
  "queue_wait_avg": 9.647222222222222,
  "runner_utilization_driving_pct": 38.92386776956948,
  "runner_utilization_prep_pct": 0.0,
  "runner_utilization_idle_pct": 61.07613223043052,
  "distance_per_delivery_avg": 1631.8011437603998,
  "zone_service_times": {
    "hole_4": 14.07544766599182,
    "hole_2": 16.63726983989445,
    "hole_9": 14.392323476804762,
    "hole_7": 17.57400019184594,
    "hole_16": 22.393630803498006,
    "hole_18": 27.422283727252825,
    "hole_5": 47.754466247535944,
    "hole_6": 38.09219886955149,
    "hole_12": 10.236670032111457,
    "hole_8": 11.96555203529048,
    "hole_14": 12.462561104000633
  },
  "total_revenue": 570.0,
  "total_orders": 20,
  "successful_orders": 19,
  "failed_orders": 0,
  "total_rounds": 16,
  "active_runner_hours": 8.075
}