{
  "simulation_id": "delivery_dynamic_10",
  "runner_id": "3_runners",
  "revenue_per_round": 33.333333333333336,
  "orders_per_runner_hour": 2.7260123021924287,
  "on_time_rate": 1.0,
  "delivery_cycle_time_p90": 22.10921006806156,
  "delivery_cycle_time_avg": 16.636621253448595,
  "failed_rate": 0.0,
  "second_runner_break_even_orders": 7.336724043363543,
  "queue_wait_avg": 0.6270833333333333,
  "runner_utilization_driving_pct": 61.94842323900438,
  "runner_utilization_prep_pct": 0.0,
  "runner_utilization_idle_pct": 38.05157676099562,
  "distance_per_delivery_avg": 2061.3447411587276,
  "zone_service_times": {
    "hole_16": 12.08184367286279,
    "hole_8": 13.869874484741377,
    "hole_6": 19.769608548370392,
    "hole_14": 24.205899904124028,
    "hole_-1": 10.397730173228167,
    "hole_9": 11.935092907193939,
    "hole_5": 21.303678339974553,
    "hole_13": 15.693125655308299,
    "hole_18": 13.19207940452252,
    "hole_12": 17.191209240242582,
    "hole_2": 22.16608734174139,
    "hole_10": 10.722490220860225
  },
  "total_revenue": 600.0,
  "total_orders": 20,
  "successful_orders": 20,
  "failed_orders": 0,
  "total_rounds": 18,
  "active_runner_hours": 7.336724043363544
}