{
  "simulation_id": "delivery_dynamic_01",
  "runner_id": "3_runners",
  "revenue_per_round": 42.857142857142854,
  "orders_per_runner_hour": 5.593089469047747,
  "on_time_rate": 0.9,
  "delivery_cycle_time_p90": 30.5614425842422,
  "delivery_cycle_time_avg": 18.20499902407186,
  "failed_rate": 0.0,
  "second_runner_break_even_orders": 7.1516824862825255,
  "queue_wait_avg": 2.9814814814814814,
  "runner_utilization_driving_pct": 100.0,
  "runner_utilization_prep_pct": 0.0,
  "runner_utilization_idle_pct": 0.0,
  "distance_per_delivery_avg": 1855.2796720881443,
  "zone_service_times": {
    "hole_17": 16.677375349414085,
    "hole_8": 14.640556830416081,
    "hole_12": 17.618682439103132,
    "hole_10": 16.794003844840653,
    "hole_15": 18.315955515962255,
    "hole_14": 25.119110833964967,
    "hole_11": 13.425020341069022,
    "hole_18": 10.403002511704592,
    "hole_4": 19.207019077720663,
    "hole_16": 30.73992160924172,
    "hole_2": 17.349303908630404,
    "hole_7": 31.21249070452856,
    "hole_6": 20.557214761273304
  },
  "total_revenue": 1200.0,
  "total_orders": 40,
  "successful_orders": 40,
  "failed_orders": 0,
  "total_rounds": 28,
  "active_runner_hours": 7.151682486282525
}