{
  "simulation_id": "delivery_dynamic_02",
  "runner_id": "runner_1",
  "revenue_per_round": 13.235294117647058,
  "orders_per_runner_hour": 2.0630372492836675,
  "on_time_rate": 0.06666666666666667,
  "delivery_cycle_time_p90": 64.82502864525331,
  "delivery_cycle_time_avg": 49.39575592122255,
  "failed_rate": 0.58,
  "second_runner_break_even_orders": 7.270833333333332,
  "queue_wait_avg": 35.327777777777776,
  "runner_utilization_driving_pct": 33.63529120136559,
  "runner_utilization_prep_pct": 0.0,
  "runner_utilization_idle_pct": 66.36470879863441,
  "distance_per_delivery_avg": 1366.8406561974455,
  "zone_service_times": {
    "hole_7": 35.74366528531047,
    "hole_16": 32.32899483422546,
    "hole_18": 49.900412737855916,
    "hole_-1": 51.1560635065615,
    "hole_13": 59.78082618294253,
    "hole_6": 65.34993649808945,
    "hole_17": 41.22335165861678,
    "hole_12": 59.76753141517911
  },
  "total_revenue": 450.0,
  "total_orders": 50,
  "successful_orders": 15,
  "failed_orders": 29,
  "total_rounds": 34,
  "active_runner_hours": 7.270833333333333
}