{
  "simulation_id": "delivery_dynamic_10",
  "runner_id": "runner_1",
  "revenue_per_round": 20.526315789473685,
  "orders_per_runner_hour": 1.834934326602627,
  "on_time_rate": 0.3076923076923077,
  "delivery_cycle_time_p90": 62.63155465497242,
  "delivery_cycle_time_avg": 40.97961277803102,
  "failed_rate": 0.25,
  "second_runner_break_even_orders": 7.084722222222222,
  "queue_wait_avg": 26.866666666666667,
  "runner_utilization_driving_pct": 31.90225208953391,
  "runner_utilization_prep_pct": 0.0,
  "runner_utilization_idle_pct": 68.0977479104661,
  "distance_per_delivery_avg": 1381.9498934184203,
  "zone_service_times": {
    "hole_12": 43.86719124201853,
    "hole_14": 53.12792683886837,
    "hole_-1": 52.46995239545039,
    "hole_11": 55.72681441483012,
    "hole_13": 53.007148072059316,
    "hole_17": 14.54360590544602,
    "hole_18": 11.664842797627959,
    "hole_15": 11.786005931146185
  },
  "total_revenue": 390.0,
  "total_orders": 20,
  "successful_orders": 13,
  "failed_orders": 5,
  "total_rounds": 19,
  "active_runner_hours": 7.084722222222222
}