{
  "simulation_id": "delivery_dynamic_05",
  "runner_id": "runner_1",
  "revenue_per_round": 13.0,
  "orders_per_runner_hour": 1.780483165303405,
  "on_time_rate": 0.23076923076923078,
  "delivery_cycle_time_p90": 60.80362974912,
  "delivery_cycle_time_avg": 41.40899165073041,
  "failed_rate": 0.6,
  "second_runner_break_even_orders": 7.301388888888889,
  "queue_wait_avg": 29.70277777777778,
  "runner_utilization_driving_pct": 28.691591843793596,
  "runner_utilization_prep_pct": 0.0,
  "runner_utilization_idle_pct": 71.30840815620641,
  "distance_per_delivery_avg": 1340.9904254146468,
  "zone_service_times": {
    "hole_2": 14.78841280637189,
    "hole_18": 40.41517811701401,
    "hole_13": 51.76769319287517,
    "hole_8": 50.68804826670112,
    "hole_9": 30.324229969187762,
    "hole_17": 33.97276049533757,
    "hole_10": 26.174445735026286,
    "hole_14": 59.12627012961917
  },
  "total_revenue": 390.0,
  "total_orders": 50,
  "successful_orders": 13,
  "failed_orders": 30,
  "total_rounds": 30,
  "active_runner_hours": 7.301388888888889
}