{
  "simulation_id": "delivery_dynamic_04",
  "runner_id": "3_runners",
  "revenue_per_round": 37.5,
  "orders_per_runner_hour": 2.9545662716941443,
  "on_time_rate": 1.0,
  "delivery_cycle_time_p90": 14.649639673959573,
  "delivery_cycle_time_avg": 12.44330288596533,
  "failed_rate": 0.0,
  "second_runner_break_even_orders": 6.769183074892419,
  "queue_wait_avg": 0.043859649122807015,
  "runner_utilization_driving_pct": 22.769160327343098,
  "runner_utilization_prep_pct": 0.0,
  "runner_utilization_idle_pct": 77.2308396726569,
  "distance_per_delivery_avg": 1729.1780778950338,
  "zone_service_times": {
    "hole_18": 10.750725939505772,
    "hole_17": 11.908931100379595,
    "hole_6": 14.107823033949535,
    "hole_15": 13.375872155229308,
    "hole_-1": 14.812301694854705,
    "hole_9": 11.057173164397197,
    "hole_16": 13.521816765551527,
    "hole_8": 11.833534655291503
  },
  "total_revenue": 600.0,
  "total_orders": 20,
  "successful_orders": 20,
  "failed_orders": 0,
  "total_rounds": 16,
  "active_runner_hours": 6.769183074892419
}