{
  "simulation_id": "delivery_dynamic_03",
  "runner_id": "2_runners",
  "revenue_per_round": 41.785714285714285,
  "orders_per_runner_hour": 5.292307902149658,
  "on_time_rate": 0.5641025641025641,
  "delivery_cycle_time_p90": 47.30409808638457,
  "delivery_cycle_time_avg": 28.63832502116092,
  "failed_rate": 0.0,
  "second_runner_break_even_orders": 7.369185754320675,
  "queue_wait_avg": 16.13809523809524,
  "runner_utilization_driving_pct": 89.15598293965094,
  "runner_utilization_prep_pct": 0.0,
  "runner_utilization_idle_pct": 10.84401706034906,
  "distance_per_delivery_avg": 1396.2207968536607,
  "zone_service_times": {
    "hole_11": 20.722570761773607,
    "hole_14": 33.069141142773994,
    "hole_17": 27.855949228001677,
    "hole_9": 16.44217983823752,
    "hole_18": 34.21995890370143,
    "hole_15": 25.81270654376628,
    "hole_12": 25.037136995693583,
    "hole_16": 41.53864488344473,
    "hole_10": 34.48127026871619,
    "hole_-1": 20.404136823072744
  },
  "total_revenue": 1170.0,
  "total_orders": 40,
  "successful_orders": 39,
  "failed_orders": 0,
  "total_rounds": 28,
  "active_runner_hours": 7.369185754320675
}