{
  "simulation_id": "delivery_dynamic_08",
  "runner_id": "runner_1",
  "revenue_per_round": 26.666666666666668,
  "orders_per_runner_hour": 2.2690565294465235,
  "on_time_rate": 0.375,
  "delivery_cycle_time_p90": 53.99664408613653,
  "delivery_cycle_time_avg": 34.60613378760832,
  "failed_rate": 0.15,
  "second_runner_break_even_orders": 7.051388888888889,
  "queue_wait_avg": 23.252222222222223,
  "runner_utilization_driving_pct": 37.065882018474305,
  "runner_utilization_prep_pct": 0.0,
  "runner_utilization_idle_pct": 62.934117981525695,
  "distance_per_delivery_avg": 943.2109526363921,
  "zone_service_times": {
    "hole_9": 11.52107131276204,
    "hole_13": 23.907148072059318,
    "hole_7": 44.7443369181312,
    "hole_-1": 42.785938398795686,
    "hole_16": 37.58812703874143,
    "hole_14": 31.403810244398848,
    "hole_10": 39.12333778978538,
    "hole_11": 15.72137481483369,
    "hole_18": 36.50437931318168
  },
  "total_revenue": 480.0,
  "total_orders": 20,
  "successful_orders": 16,
  "failed_orders": 3,
  "total_rounds": 18,
  "active_runner_hours": 7.051388888888889
}