{
  "simulation_id": "delivery_dynamic_05",
  "runner_id": "2_runners",
  "revenue_per_round": 42.0,
  "orders_per_runner_hour": 4.794429904141418,
  "on_time_rate": 0.4857142857142857,
  "delivery_cycle_time_p90": 53.984930795047205,
  "delivery_cycle_time_avg": 33.09000899377734,
  "failed_rate": 0.1,
  "second_runner_break_even_orders": 7.300138014275081,
  "queue_wait_avg": 22.64516129032258,
  "runner_utilization_driving_pct": 76.9626307236473,
  "runner_utilization_prep_pct": 0.0,
  "runner_utilization_idle_pct": 23.037369276352706,
  "distance_per_delivery_avg": 1019.0430219091852,
  "zone_service_times": {
    "hole_15": 16.922787936103525,
    "hole_12": 30.576627504013974,
    "hole_18": 25.48852067675592,
    "hole_-1": 36.258841284339276,
    "hole_17": 38.432679361198005,
    "hole_9": 27.49677648070765,
    "hole_11": 47.10079466380985,
    "hole_14": 49.01444729374468,
    "hole_10": 24.8176597574755,
    "hole_16": 49.937889490881695,
    "hole_13": 20.06291107778137
  },
  "total_revenue": 1050.0,
  "total_orders": 40,
  "successful_orders": 35,
  "failed_orders": 4,
  "total_rounds": 25,
  "active_runner_hours": 7.300138014275081
}