{
  "simulation_id": "delivery_dynamic_08",
  "runner_id": "3_runners",
  "revenue_per_round": 40.0,
  "orders_per_runner_hour": 5.72498446764498,
  "on_time_rate": 0.975,
  "delivery_cycle_time_p90": 26.879159214478893,
  "delivery_cycle_time_avg": 17.03372466019151,
  "failed_rate": 0.0,
  "second_runner_break_even_orders": 6.986918519353527,
  "queue_wait_avg": 3.3142857142857145,
  "runner_utilization_driving_pct": 100.0,
  "runner_utilization_prep_pct": 0.0,
  "runner_utilization_idle_pct": 0.0,
  "distance_per_delivery_avg": 1388.931485824347,
  "zone_service_times": {
    "hole_7": 14.473982729311087,
    "hole_13": 16.073814738725954,
    "hole_18": 15.890454789218795,
    "hole_11": 15.246814935956657,
    "hole_6": 19.047311866010386,
    "hole_16": 20.228935307647067,
    "hole_14": 16.73446343391394,
    "hole_15": 18.60216038953149,
    "hole_-1": 16.425320863022737,
    "hole_9": 13.040708399978252,
    "hole_5": 21.4403032844888,
    "hole_4": 26.111488042000868,
    "hole_8": 13.784152667087831,
    "hole_12": 22.111062112369535,
    "hole_10": 10.434525092190476
  },
  "total_revenue": 1200.0,
  "total_orders": 40,
  "successful_orders": 40,
  "failed_orders": 0,
  "total_rounds": 30,
  "active_runner_hours": 6.986918519353527
}