{
  "simulation_id": "delivery_dynamic_10",
  "runner_id": "3_runners",
  "revenue_per_round": 44.54545454545455,
  "orders_per_runner_hour": 6.700113801125617,
  "on_time_rate": 0.7142857142857143,
  "delivery_cycle_time_p90": 36.85102652620851,
  "delivery_cycle_time_avg": 22.285058071776305,
  "failed_rate": 0.0,
  "second_runner_break_even_orders": 7.313308617499604,
  "queue_wait_avg": 8.153191489361703,
  "runner_utilization_driving_pct": 100.0,
  "runner_utilization_prep_pct": 0.0,
  "runner_utilization_idle_pct": 0.0,
  "distance_per_delivery_avg": 1500.1223692596955,
  "zone_service_times": {
    "hole_15": 22.0724124427204,
    "hole_14": 25.615327573466423,
    "hole_6": 25.006828595189823,
    "hole_18": 22.770822161997426,
    "hole_13": 30.529250706696683,
    "hole_8": 23.92228199743302,
    "hole_17": 21.35040650942896,
    "hole_9": 18.610248020392007,
    "hole_10": 15.772906135610796,
    "hole_11": 14.484354964132187,
    "hole_12": 14.220764753051238,
    "hole_16": 18.056588275908386
  },
  "total_revenue": 1470.0,
  "total_orders": 50,
  "successful_orders": 49,
  "failed_orders": 0,
  "total_rounds": 33,
  "active_runner_hours": 7.313308617499604
}