{
  "simulation_id": "delivery_dynamic_08",
  "runner_id": "3_runners",
  "revenue_per_round": 40.90909090909091,
  "orders_per_runner_hour": 4.292463072646159,
  "on_time_rate": 1.0,
  "delivery_cycle_time_p90": 19.697912349666844,
  "delivery_cycle_time_avg": 14.601307330110746,
  "failed_rate": 0.0,
  "second_runner_break_even_orders": 6.988994312187759,
  "queue_wait_avg": 1.291358024691358,
  "runner_utilization_driving_pct": 81.38218845420384,
  "runner_utilization_prep_pct": 0.0,
  "runner_utilization_idle_pct": 18.617811545796158,
  "distance_per_delivery_avg": 1155.5325962505422,
  "zone_service_times": {
    "hole_10": 12.154069360538507,
    "hole_7": 15.608216383807221,
    "hole_13": 16.04048140539265,
    "hole_14": 16.741090939396585,
    "hole_11": 15.057427878612877,
    "hole_16": 11.796326926602948,
    "hole_18": 12.50920709926216,
    "hole_9": 12.880331049654439,
    "hole_-1": 10.372730173228167,
    "hole_15": 16.951887676088333,
    "hole_12": 17.286277849080427,
    "hole_8": 16.50337461893634,
    "hole_17": 13.8384194836166
  },
  "total_revenue": 900.0,
  "total_orders": 30,
  "successful_orders": 30,
  "failed_orders": 0,
  "total_rounds": 22,
  "active_runner_hours": 6.988994312187759
}