{
  "simulation_id": "delivery_dynamic_06",
  "runner_id": "2_runners",
  "revenue_per_round": 37.82608695652174,
  "orders_per_runner_hour": 4.030596825147882,
  "on_time_rate": 0.6551724137931034,
  "delivery_cycle_time_p90": 41.26580782985723,
  "delivery_cycle_time_avg": 23.72442477326972,
  "failed_rate": 0.0,
  "second_runner_break_even_orders": 7.194964234344128,
  "queue_wait_avg": 10.162345679012345,
  "runner_utilization_driving_pct": 71.38066397986017,
  "runner_utilization_prep_pct": 0.0,
  "runner_utilization_idle_pct": 28.619336020139826,
  "distance_per_delivery_avg": 1432.3446548531117,
  "zone_service_times": {
    "hole_2": 17.376003336975625,
    "hole_18": 25.79058461220413,
    "hole_8": 27.058826954732083,
    "hole_7": 16.943937910858345,
    "hole_12": 35.38816115457242,
    "hole_10": 23.062548155573495,
    "hole_17": 24.907570105173363,
    "hole_9": 19.280413578938305,
    "hole_13": 41.26580782985723,
    "hole_4": 19.820797853785006,
    "hole_6": 30.262457761495472,
    "hole_15": 18.224217421515036
  },
  "total_revenue": 870.0,
  "total_orders": 30,
  "successful_orders": 29,
  "failed_orders": 0,
  "total_rounds": 23,
  "active_runner_hours": 7.194964234344128
}