{
  "simulation_id": "delivery_dynamic_09",
  "runner_id": "3_runners",
  "revenue_per_round": 50.0,
  "orders_per_runner_hour": 6.81233176429624,
  "on_time_rate": 0.66,
  "delivery_cycle_time_p90": 44.89717876386009,
  "delivery_cycle_time_avg": 26.869203501385883,
  "failed_rate": 0.0,
  "second_runner_break_even_orders": 7.339630794561771,
  "queue_wait_avg": 12.776388888888889,
  "runner_utilization_driving_pct": 100.0,
  "runner_utilization_prep_pct": 0.0,
  "runner_utilization_idle_pct": 0.0,
  "distance_per_delivery_avg": 1546.9003764656566,
  "zone_service_times": {
    "hole_3": 19.05555524568173,
    "hole_18": 26.149128144586964,
    "hole_11": 15.513551950067955,
    "hole_15": 18.6877998464491,
    "hole_2": 16.792219857133627,
    "hole_6": 35.990278884404454,
    "hole_-1": 31.174489714699607,
    "hole_8": 36.50835271237203,
    "hole_17": 22.711366496302883,
    "hole_7": 26.65712099522572,
    "hole_12": 37.84010368829122,
    "hole_13": 34.61136755409401,
    "hole_10": 25.926679620027567,
    "hole_9": 24.978637174690842,
    "hole_16": 16.903386668217234
  },
  "total_revenue": 1500.0,
  "total_orders": 50,
  "successful_orders": 50,
  "failed_orders": 0,
  "total_rounds": 30,
  "active_runner_hours": 7.339630794561771
}