{
  "simulation_id": "delivery_dynamic_01",
  "runner_id": "3_runners",
  "revenue_per_round": 40.54054054054054,
  "orders_per_runner_hour": 7.071585029198892,
  "on_time_rate": 0.78,
  "delivery_cycle_time_p90": 41.51501203028316,
  "delivery_cycle_time_avg": 25.236006747672654,
  "failed_rate": 0.0,
  "second_runner_break_even_orders": 7.070550632361452,
  "queue_wait_avg": 11.536111111111111,
  "runner_utilization_driving_pct": 100.0,
  "runner_utilization_prep_pct": 0.0,
  "runner_utilization_idle_pct": 0.0,
  "distance_per_delivery_avg": 1398.210267218012,
  "zone_service_times": {
    "hole_17": 26.31025206173966,
    "hole_12": 27.47486216769574,
    "hole_6": 21.266865044434446,
    "hole_18": 23.518531417462437,
    "hole_14": 21.34478840349482,
    "hole_15": 31.84833489845108,
    "hole_11": 17.54268829746552,
    "hole_13": 32.39769761413357,
    "hole_9": 35.547125729992956,
    "hole_8": 30.415216082812034,
    "hole_10": 17.504795451880312,
    "hole_16": 17.472940680491593
  },
  "total_revenue": 1500.0,
  "total_orders": 50,
  "successful_orders": 50,
  "failed_orders": 0,
  "total_rounds": 37,
  "active_runner_hours": 7.070550632361452
}