{
  "simulation_id": "delivery_dynamic_10",
  "runner_id": "3_runners",
  "revenue_per_round": 31.57894736842105,
  "orders_per_runner_hour": 2.853495264650767,
  "on_time_rate": 1.0,
  "delivery_cycle_time_p90": 14.929416979781127,
  "delivery_cycle_time_avg": 11.984847459501943,
  "failed_rate": 0.0,
  "second_runner_break_even_orders": 7.008948025167918,
  "queue_wait_avg": 0.03958333333333333,
  "runner_utilization_driving_pct": 23.820675753362362,
  "runner_utilization_prep_pct": 0.0,
  "runner_utilization_idle_pct": 76.17932424663763,
  "distance_per_delivery_avg": 1406.2901708413974,
  "zone_service_times": {
    "hole_15": 13.89252184329677,
    "hole_18": 10.522099632458024,
    "hole_7": 13.499611565055298,
    "hole_-1": 14.958795252052308,
    "hole_17": 11.863119860146496,
    "hole_9": 11.276476638814913,
    "hole_8": 11.860015226929349,
    "hole_11": 11.462307502557147,
    "hole_10": 11.14798349958128,
    "hole_4": 14.742752522975934
  },
  "total_revenue": 600.0,
  "total_orders": 20,
  "successful_orders": 20,
  "failed_orders": 0,
  "total_rounds": 19,
  "active_runner_hours": 7.008948025167918
}