{
  "simulation_id": "delivery_dynamic_03",
  "runner_id": "runner_1",
  "revenue_per_round": 31.57894736842105,
  "orders_per_runner_hour": 2.86469357359002,
  "on_time_rate": 1.0,
  "delivery_cycle_time_p90": 25.346691175654595,
  "delivery_cycle_time_avg": 18.085100527319476,
  "failed_rate": 0.0,
  "second_runner_break_even_orders": 6.9815495047646925,
  "queue_wait_avg": 6.912037037037037,
  "runner_utilization_driving_pct": 20.439272865960024,
  "runner_utilization_prep_pct": 0.0,
  "runner_utilization_idle_pct": 79.56072713403998,
  "distance_per_delivery_avg": 1342.2723796700159,
  "zone_service_times": {
    "hole_-1": 14.9668241416484,
    "hole_9": 11.306035220066587,
    "hole_17": 19.814642357429403,
    "hole_16": 13.471816762007196,
    "hole_3": 20.833360788645646,
    "hole_8": 17.881153300022074,
    "hole_12": 17.45864605746586,
    "hole_10": 15.180300430243673,
    "hole_18": 19.993433389739817,
    "hole_7": 18.19159734010015
  },
  "total_revenue": 600.0,
  "total_orders": 20,
  "successful_orders": 20,
  "failed_orders": 0,
  "total_rounds": 19,
  "active_runner_hours": 6.9815495047646925
}