{
  "simulation_id": "delivery_dynamic_02",
  "runner_id": "2_runners",
  "revenue_per_round": 37.5,
  "orders_per_runner_hour": 2.7661427533893383,
  "on_time_rate": 0.9,
  "delivery_cycle_time_p90": 30.973283180055677,
  "delivery_cycle_time_avg": 16.678984438874213,
  "failed_rate": 0.0,
  "second_runner_break_even_orders": 7.23028483453868,
  "queue_wait_avg": 2.3685185185185187,
  "runner_utilization_driving_pct": 52.796812016143924,
  "runner_utilization_prep_pct": 0.0,
  "runner_utilization_idle_pct": 47.203187983856076,
  "distance_per_delivery_avg": 1527.8987714617358,
  "zone_service_times": {
    "hole_10": 11.863692863710245,
    "hole_7": 17.040670710930296,
    "hole_14": 34.13923323745736,
    "hole_13": 21.410170500866336,
    "hole_18": 11.855187467007788,
    "hole_-1": 14.211469909380199,
    "hole_4": 20.618499152022924,
    "hole_9": 12.296160199951979,
    "hole_8": 13.768320247583143,
    "hole_12": 16.620582341897414,
    "hole_15": 14.229147460467903,
    "hole_11": 14.600492254955194,
    "hole_17": 14.345394463713335,
    "hole_16": 13.612328167558855
  },
  "total_revenue": 600.0,
  "total_orders": 20,
  "successful_orders": 20,
  "failed_orders": 0,
  "total_rounds": 16,
  "active_runner_hours": 7.23028483453868
}