{
  "simulation_id": "delivery_dynamic_09",
  "runner_id": "3_runners",
  "revenue_per_round": 40.0,
  "orders_per_runner_hour": 2.6938574103262085,
  "on_time_rate": 1.0,
  "delivery_cycle_time_p90": 23.106865008463608,
  "delivery_cycle_time_avg": 18.30477261036483,
  "failed_rate": 0.0,
  "second_runner_break_even_orders": 7.424297931781821,
  "queue_wait_avg": 1.34,
  "runner_utilization_driving_pct": 62.43874547820959,
  "runner_utilization_prep_pct": 0.0,
  "runner_utilization_idle_pct": 37.56125452179041,
  "distance_per_delivery_avg": 2452.7235970825836,
  "zone_service_times": {
    "hole_15": 14.279147460467932,
    "hole_3": 20.649114365512347,
    "hole_2": 23.005970902146238,
    "hole_9": 12.97903263424302,
    "hole_4": 21.243538455062566,
    "hole_7": 23.249168342870718,
    "hole_11": 16.655223814623454,
    "hole_16": 12.992779219560665,
    "hole_18": 13.920124300146805,
    "hole_13": 16.073814738725922,
    "hole_12": 17.191209240242582
  },
  "total_revenue": 600.0,
  "total_orders": 20,
  "successful_orders": 20,
  "failed_orders": 0,
  "total_rounds": 15,
  "active_runner_hours": 7.424297931781821
}