{
  "simulation_id": "delivery_dynamic_03",
  "runner_id": "3_runners",
  "revenue_per_round": 48.38709677419355,
  "orders_per_runner_hour": 6.930404422129813,
  "on_time_rate": 0.74,
  "delivery_cycle_time_p90": 39.03885803331597,
  "delivery_cycle_time_avg": 23.08515138464445,
  "failed_rate": 0.0,
  "second_runner_break_even_orders": 7.214586184947959,
  "queue_wait_avg": 9.6354609929078,
  "runner_utilization_driving_pct": 100.0,
  "runner_utilization_prep_pct": 0.0,
  "runner_utilization_idle_pct": 0.0,
  "distance_per_delivery_avg": 1353.3468652405327,
  "zone_service_times": {
    "hole_6": 20.92836175131034,
    "hole_8": 13.787464049708008,
    "hole_17": 26.373172218072938,
    "hole_9": 24.747085100643424,
    "hole_14": 16.67715322665134,
    "hole_15": 18.776729778819586,
    "hole_18": 22.7958745808533,
    "hole_12": 28.385208372429023,
    "hole_11": 35.55532000155932,
    "hole_16": 22.913400105166037,
    "hole_-1": 21.54001398149314,
    "hole_7": 32.66365510944464,
    "hole_4": 25.64220753810987,
    "hole_10": 19.476753462870327,
    "hole_13": 15.09624441111476
  },
  "total_revenue": 1500.0,
  "total_orders": 50,
  "successful_orders": 50,
  "failed_orders": 0,
  "total_rounds": 31,
  "active_runner_hours": 7.21458618494796
}