{
  "simulation_id": "delivery_dynamic_02",
  "runner_id": "3_runners",
  "revenue_per_round": 42.857142857142854,
  "orders_per_runner_hour": 2.841468923572442,
  "on_time_rate": 1.0,
  "delivery_cycle_time_p90": 21.74897695105498,
  "delivery_cycle_time_avg": 16.113533555618293,
  "failed_rate": 0.0,
  "second_runner_break_even_orders": 7.038612963204596,
  "queue_wait_avg": 0.4941176470588235,
  "runner_utilization_driving_pct": 55.99818220997492,
  "runner_utilization_prep_pct": 0.0,
  "runner_utilization_idle_pct": 44.00181779002508,
  "distance_per_delivery_avg": 1913.0272746877467,
  "zone_service_times": {
    "hole_6": 18.902580646913975,
    "hole_4": 20.63516581868959,
    "hole_18": 12.549055696972776,
    "hole_14": 14.57558103100752,
    "hole_3": 21.550836570986817,
    "hole_5": 21.770992548840333,
    "hole_-1": 12.992174617672612,
    "hole_7": 15.960571800016224,
    "hole_2": 22.737120284205897,
    "hole_16": 12.19368258978296
  },
  "total_revenue": 600.0,
  "total_orders": 20,
  "successful_orders": 20,
  "failed_orders": 0,
  "total_rounds": 14,
  "active_runner_hours": 7.038612963204596
}