{
  "variantKey": "back",
  "blockedHoles": [
    10,
    11,
    12
  ],
  "deliveryMetrics": {
    "totalOrders": 20,
    "successfulDeliveries": 20,
    "failedDeliveries": 0,
    "avgOrderTime": 16.113533555618293,
    "onTimePercentage": 100.0,
    "revenue": 600.0,
    "ordersPerRunnerHour": 2.0,
    "lateOrders": 0,
    "runnerUtilizationPct": 13.138317707300743,
    "totalRunnerDriveMinutes": 236.48971873141338,
    "totalRunnerShiftMinutes": 1800.0,
    "runnerUtilizationByRunner": {
      "runner_1": {
        "driveMinutes": 124.34534695213388,
        "utilizationPct": 20.724224492022316,
        "shiftMinutes": 600.0
      },
      "runner_2": {
        "driveMinutes": 82.02159808182948,
        "utilizationPct": 13.67026634697158,
        "shiftMinutes": 600.0
      },
      "runner_3": {
        "driveMinutes": 30.122773697450153,
        "utilizationPct": 5.020462282908359,
        "shiftMinutes": 600.0
      }
    }
  },
  "bevCartMetrics": null,
  "hasRunners": true,
  "hasBevCart": false
}