{
  "variantKey": "mid_back",
  "blockedHoles": [
    4,
    5,
    6,
    10,
    11,
    12
  ],
  "deliveryMetrics": {
    "totalOrders": 30,
    "successfulDeliveries": 30,
    "failedDeliveries": 0,
    "avgOrderTime": 11.923391081057352,
    "onTimePercentage": 100.0,
    "revenue": 900.0,
    "ordersPerRunnerHour": 3.0,
    "lateOrders": 0,
    "runnerUtilizationPct": 13.715338870175636,
    "totalRunnerDriveMinutes": 246.87609966316145,
    "totalRunnerShiftMinutes": 1800.0,
    "runnerUtilizationByRunner": {
      "runner_1": {
        "driveMinutes": 127.71778787553689,
        "utilizationPct": 21.286297979256148,
        "shiftMinutes": 600.0
      },
      "runner_2": {
        "driveMinutes": 84.91642536316718,
        "utilizationPct": 14.152737560527864,
        "shiftMinutes": 600.0
      },
      "runner_3": {
        "driveMinutes": 34.24188642445747,
        "utilizationPct": 5.706981070742911,
        "shiftMinutes": 600.0
      }
    }
  },
  "bevCartMetrics": null,
  "hasRunners": true,
  "hasBevCart": false
}