{
  "simulation_id": "delivery_dynamic_02",
  "runner_id": "runner_1",
  "revenue_per_round": 11.612903225806452,
  "orders_per_runner_hour": 1.7122473246135552,
  "on_time_rate": 0.08333333333333333,
  "delivery_cycle_time_p90": 61.16006750653677,
  "delivery_cycle_time_avg": 46.90059211372451,
  "failed_rate": 0.55,
  "second_runner_break_even_orders": 7.008333333333334,
  "queue_wait_avg": 32.84027777777778,
  "runner_utilization_driving_pct": 30.55545226950428,
  "runner_utilization_prep_pct": 0.0,
  "runner_utilization_idle_pct": 69.44454773049571,
  "distance_per_delivery_avg": 1364.265616878103,
  "zone_service_times": {
    "hole_2": 21.960773377413684,
    "hole_11": 34.855780902548275,
    "hole_7": 56.35290917235543,
    "hole_-1": 47.2784396938906,
    "hole_13": 50.14048140539265,
    "hole_10": 33.64530440877594,
    "hole_18": 52.875412737855854,
    "hole_8": 62.39464239405352,
    "hole_15": 46.79659966830623
  },
  "total_revenue": 360.0,
  "total_orders": 40,
  "successful_orders": 12,
  "failed_orders": 22,
  "total_rounds": 31,
  "active_runner_hours": 7.008333333333334
}