{
  "simulation_id": "delivery_dynamic_02",
  "runner_id": "3_runners",
  "revenue_per_round": 42.857142857142854,
  "orders_per_runner_hour": 5.423972511162782,
  "on_time_rate": 0.975,
  "delivery_cycle_time_p90": 24.30675024906146,
  "delivery_cycle_time_avg": 17.10540132268868,
  "failed_rate": 0.0,
  "second_runner_break_even_orders": 7.374668643264356,
  "queue_wait_avg": 2.9635135135135133,
  "runner_utilization_driving_pct": 93.53002537301627,
  "runner_utilization_prep_pct": 0.0,
  "runner_utilization_idle_pct": 6.469974626983728,
  "distance_per_delivery_avg": 1466.3548444233968,
  "zone_service_times": {
    "hole_17": 18.386135994908976,
    "hole_12": 15.41883982157022,
    "hole_10": 14.109441642190639,
    "hole_14": 17.485375285741863,
    "hole_11": 13.485453350335492,
    "hole_18": 14.414179095128151,
    "hole_16": 22.849384406438247,
    "hole_9": 14.377054192836315,
    "hole_15": 23.041619391708608,
    "hole_13": 16.362144142918595
  },
  "total_revenue": 1200.0,
  "total_orders": 40,
  "successful_orders": 40,
  "failed_orders": 0,
  "total_rounds": 28,
  "active_runner_hours": 7.374668643264356
}