{
  "simulation_id": "delivery_dynamic_05",
  "runner_id": "3_runners",
  "revenue_per_round": 35.294117647058826,
  "orders_per_runner_hour": 2.805532392668338,
  "on_time_rate": 1.0,
  "delivery_cycle_time_p90": 14.833735559167021,
  "delivery_cycle_time_avg": 12.34065421737657,
  "failed_rate": 0.0,
  "second_runner_break_even_orders": 7.128771726986915,
  "queue_wait_avg": 0.039285714285714285,
  "runner_utilization_driving_pct": 25.1034819579936,
  "runner_utilization_prep_pct": 0.0,
  "runner_utilization_idle_pct": 74.89651804200639,
  "distance_per_delivery_avg": 1665.4710365111298,
  "zone_service_times": {
    "hole_13": 13.37893743791974,
    "hole_-1": 14.90776411465804,
    "hole_18": 10.984173074129043,
    "hole_15": 13.881301463373712,
    "hole_9": 11.172908881859849,
    "hole_4": 14.167932555974646,
    "hole_6": 14.19386497828891,
    "hole_2": 11.846261150012833,
    "hole_10": 10.664293943456839,
    "hole_17": 12.258194883801782
  },
  "total_revenue": 600.0,
  "total_orders": 20,
  "successful_orders": 20,
  "failed_orders": 0,
  "total_rounds": 17,
  "active_runner_hours": 7.128771726986915
}