{
  "simulation_id": "delivery_dynamic_10",
  "runner_id": "2_runners",
  "revenue_per_round": 39.23076923076923,
  "orders_per_runner_hour": 4.815308729096796,
  "on_time_rate": 0.5,
  "delivery_cycle_time_p90": 59.00472889633495,
  "delivery_cycle_time_avg": 34.911676621416106,
  "failed_rate": 0.125,
  "second_runner_break_even_orders": 7.060814147710391,
  "queue_wait_avg": 22.747311827956988,
  "runner_utilization_driving_pct": 90.80338170430537,
  "runner_utilization_prep_pct": 0.0,
  "runner_utilization_idle_pct": 9.196618295694634,
  "distance_per_delivery_avg": 1401.6174624428697,
  "zone_service_times": {
    "hole_9": 17.94029737129704,
    "hole_10": 30.05782420763218,
    "hole_12": 37.11304512512271,
    "hole_-1": 34.77151523734385,
    "hole_18": 18.311337314987668,
    "hole_17": 19.477833517913012,
    "hole_4": 47.768499152022926,
    "hole_5": 49.2267087416727,
    "hole_16": 57.63444597735267,
    "hole_6": 53.80344166082365,
    "hole_14": 57.29768259475853,
    "hole_13": 56.209792321974966,
    "hole_7": 14.509653103053642,
    "hole_11": 16.56608624960366,
    "hole_15": 21.42027743405209
  },
  "total_revenue": 1020.0,
  "total_orders": 40,
  "successful_orders": 34,
  "failed_orders": 5,
  "total_rounds": 26,
  "active_runner_hours": 7.060814147710391
}