{
  "simulation_id": "delivery_dynamic_05",
  "runner_id": "3_runners",
  "revenue_per_round": 34.61538461538461,
  "orders_per_runner_hour": 4.095381848077007,
  "on_time_rate": 1.0,
  "delivery_cycle_time_p90": 20.52354460441291,
  "delivery_cycle_time_avg": 15.282252904094436,
  "failed_rate": 0.0,
  "second_runner_break_even_orders": 7.325324258612551,
  "queue_wait_avg": 0.7014492753623188,
  "runner_utilization_driving_pct": 64.34537554957232,
  "runner_utilization_prep_pct": 0.0,
  "runner_utilization_idle_pct": 35.654624450427676,
  "distance_per_delivery_avg": 1594.1436424423991,
  "zone_service_times": {
    "hole_18": 12.365989843369128,
    "hole_16": 18.207858815525324,
    "hole_4": 18.281787901403156,
    "hole_17": 13.748170291684982,
    "hole_3": 16.96051992965413,
    "hole_10": 11.694437524284755,
    "hole_2": 13.637872289676569,
    "hole_8": 13.55199015995704,
    "hole_15": 17.21407581150571,
    "hole_6": 18.228352499955932,
    "hole_-1": 20.772628682525102,
    "hole_11": 13.275645970873544
  },
  "total_revenue": 900.0,
  "total_orders": 30,
  "successful_orders": 30,
  "failed_orders": 0,
  "total_rounds": 26,
  "active_runner_hours": 7.325324258612551
}