{
  "simulation_id": "delivery_dynamic_04",
  "runner_id": "2_runners",
  "revenue_per_round": 31.57894736842105,
  "orders_per_runner_hour": 2.8933062129368516,
  "on_time_rate": 0.9,
  "delivery_cycle_time_p90": 33.10482823699461,
  "delivery_cycle_time_avg": 18.95159985959087,
  "failed_rate": 0.0,
  "second_runner_break_even_orders": 6.912507190069935,
  "queue_wait_avg": 5.0809523809523816,
  "runner_utilization_driving_pct": 53.283585795321834,
  "runner_utilization_prep_pct": 0.0,
  "runner_utilization_idle_pct": 46.716414204678166,
  "distance_per_delivery_avg": 1812.6975528225344,
  "zone_service_times": {
    "hole_15": 17.601754739378734,
    "hole_16": 35.974865653481295,
    "hole_3": 27.829913508051582,
    "hole_-1": 28.355962015858434,
    "hole_8": 19.37469877797252,
    "hole_18": 11.015671971116697,
    "hole_12": 13.807503211904743,
    "hole_17": 15.524361220286544,
    "hole_10": 12.388536070531275
  },
  "total_revenue": 600.0,
  "total_orders": 20,
  "successful_orders": 20,
  "failed_orders": 0,
  "total_rounds": 19,
  "active_runner_hours": 6.912507190069935
}