{
  "simulation_id": "delivery_dynamic_04",
  "runner_id": "2_runners",
  "revenue_per_round": 32.8125,
  "orders_per_runner_hour": 4.925723221266614,
  "on_time_rate": 0.5714285714285714,
  "delivery_cycle_time_p90": 53.29356056926241,
  "delivery_cycle_time_avg": 29.83168122708629,
  "failed_rate": 0.22,
  "second_runner_break_even_orders": 7.105555555555555,
  "queue_wait_avg": 16.51818181818182,
  "runner_utilization_driving_pct": 82.9798469999824,
  "runner_utilization_prep_pct": 0.0,
  "runner_utilization_idle_pct": 17.0201530000176,
  "distance_per_delivery_avg": 1430.4848923009943,
  "zone_service_times": {
    "hole_14": 17.560566052700537,
    "hole_11": 22.183873706299362,
    "hole_2": 24.67078295088995,
    "hole_18": 28.606776687550695,
    "hole_13": 23.7824744965239,
    "hole_8": 26.890093433659757,
    "hole_17": 24.779055483679407,
    "hole_9": 36.28892066284859,
    "hole_16": 46.538601502450334,
    "hole_6": 56.32403395253377,
    "hole_7": 30.996786687023267,
    "hole_12": 20.772457123301137,
    "hole_-1": 31.340225865279017,
    "hole_3": 25.15363024240584,
    "hole_10": 11.192031533594127
  },
  "total_revenue": 1050.0,
  "total_orders": 50,
  "successful_orders": 35,
  "failed_orders": 11,
  "total_rounds": 32,
  "active_runner_hours": 7.105555555555555
}