{
  "simulation_id": "delivery_dynamic_01",
  "runner_id": "2_runners",
  "revenue_per_round": 33.333333333333336,
  "orders_per_runner_hour": 2.7869130815969925,
  "on_time_rate": 1.0,
  "delivery_cycle_time_p90": 14.043531911593735,
  "delivery_cycle_time_avg": 12.661864587451475,
  "failed_rate": 0.0,
  "second_runner_break_even_orders": 7.176398909627761,
  "queue_wait_avg": 0.6991666666666667,
  "runner_utilization_driving_pct": 18.664205297309252,
  "runner_utilization_prep_pct": 0.0,
  "runner_utilization_idle_pct": 81.33579470269075,
  "distance_per_delivery_avg": 1413.1425029650661,
  "zone_service_times": {
    "hole_16": 19.788345022249374,
    "hole_17": 12.053612342070563,
    "hole_15": 13.847968130040378,
    "hole_2": 12.336360283525533,
    "hole_10": 11.206990877006684,
    "hole_11": 11.589809195728261,
    "hole_1": 11.081532254209439,
    "hole_3": 13.36669412197898,
    "hole_18": 10.40376635364822,
    "hole_4": 14.065261220655218,
    "hole_8": 12.127553417802362
  },
  "total_revenue": 600.0,
  "total_orders": 20,
  "successful_orders": 20,
  "failed_orders": 0,
  "total_rounds": 18,
  "active_runner_hours": 7.176398909627761
}