{
  "simulation_id": "delivery_dynamic_07",
  "runner_id": "3_runners",
  "revenue_per_round": 37.5,
  "orders_per_runner_hour": 2.8384797032605467,
  "on_time_rate": 1.0,
  "delivery_cycle_time_p90": 17.30098838104002,
  "delivery_cycle_time_avg": 12.967667088243934,
  "failed_rate": 0.0,
  "second_runner_break_even_orders": 7.04602536950541,
  "queue_wait_avg": 0.03214285714285714,
  "runner_utilization_driving_pct": 46.59803920867445,
  "runner_utilization_prep_pct": 0.0,
  "runner_utilization_idle_pct": 53.40196079132555,
  "distance_per_delivery_avg": 989.5761416499588,
  "zone_service_times": {
    "hole_9": 12.104255642670699,
    "hole_18": 12.851123176886157,
    "hole_15": 12.803701668165964,
    "hole_-1": 10.428539368849549,
    "hole_8": 13.485007705516667,
    "hole_16": 11.98667142485962,
    "hole_12": 17.697789344754224,
    "hole_4": 21.94082330431338
  },
  "total_revenue": 600.0,
  "total_orders": 20,
  "successful_orders": 20,
  "failed_orders": 0,
  "total_rounds": 16,
  "active_runner_hours": 7.04602536950541
}