{
  "simulation_id": "delivery_dynamic_08",
  "runner_id": "2_runners",
  "revenue_per_round": 33.0,
  "orders_per_runner_hour": 4.503368834648176,
  "on_time_rate": 0.48484848484848486,
  "delivery_cycle_time_p90": 57.50987998056655,
  "delivery_cycle_time_avg": 33.123746016395366,
  "failed_rate": 0.175,
  "second_runner_break_even_orders": 7.327847487441723,
  "queue_wait_avg": 18.427272727272726,
  "runner_utilization_driving_pct": 88.0491568516202,
  "runner_utilization_prep_pct": 0.0,
  "runner_utilization_idle_pct": 11.950843148379803,
  "distance_per_delivery_avg": 1578.0150251452085,
  "zone_service_times": {
    "hole_14": 15.509865695649792,
    "hole_9": 21.42767131553325,
    "hole_13": 32.778679586257944,
    "hole_6": 49.838733515486595,
    "hole_-1": 40.23661906211706,
    "hole_16": 31.57203456066998,
    "hole_15": 56.46863069445226,
    "hole_4": 42.167736913530675,
    "hole_10": 23.63913398833839,
    "hole_11": 27.565244000269438,
    "hole_5": 42.716515887958664,
    "hole_18": 35.79817613096123,
    "hole_12": 48.99673019622272,
    "hole_8": 14.970964437398168,
    "hole_17": 23.426939238779354,
    "hole_2": 24.549420675074725
  },
  "total_revenue": 990.0,
  "total_orders": 40,
  "successful_orders": 33,
  "failed_orders": 7,
  "total_rounds": 30,
  "active_runner_hours": 7.327847487441723
}