{
  "simulation_id": "delivery_dynamic_10",
  "runner_id": "3_runners",
  "revenue_per_round": 37.5,
  "orders_per_runner_hour": 2.978713383537917,
  "on_time_rate": 1.0,
  "delivery_cycle_time_p90": 17.045825673482007,
  "delivery_cycle_time_avg": 13.660474429256467,
  "failed_rate": 0.0,
  "second_runner_break_even_orders": 6.714308301876744,
  "queue_wait_avg": 0.37604166666666666,
  "runner_utilization_driving_pct": 49.77582853316058,
  "runner_utilization_prep_pct": 0.0,
  "runner_utilization_idle_pct": 50.22417146683942,
  "distance_per_delivery_avg": 1128.8394082301706,
  "zone_service_times": {
    "hole_8": 13.577975675823987,
    "hole_15": 12.469876504466143,
    "hole_18": 13.726708453866209,
    "hole_14": 14.90113011036001,
    "hole_6": 19.3701082869063,
    "hole_9": 11.754880245620573,
    "hole_7": 16.42370734556304,
    "hole_13": 15.146244411114761,
    "hole_-1": 10.625955228998432,
    "hole_16": 12.524371604358505
  },
  "total_revenue": 600.0,
  "total_orders": 20,
  "successful_orders": 20,
  "failed_orders": 0,
  "total_rounds": 16,
  "active_runner_hours": 6.714308301876744
}