{
  "variantKey": "mid_back",
  "blockedHoles": [
    4,
    5,
    6,
    10,
    11,
    12
  ],
  "deliveryMetrics": {
    "totalOrders": 40,
    "successfulDeliveries": 39,
    "failedDeliveries": 0,
    "avgOrderTime": 15.881624351504694,
    "onTimePercentage": 97.43589743589743,
    "revenue": 1200.0,
    "ordersPerRunnerHour": 3.9,
    "lateOrders": 1,
    "runnerUtilizationPct": 18.365212549953295,
    "totalRunnerDriveMinutes": 330.5738258991593,
    "totalRunnerShiftMinutes": 1800.0,
    "runnerUtilizationByRunner": {
      "runner_1": {
        "driveMinutes": 145.16736706763064,
        "utilizationPct": 24.19456117793844,
        "shiftMinutes": 600.0
      },
      "runner_2": {
        "driveMinutes": 111.07039442042051,
        "utilizationPct": 18.511732403403418,
        "shiftMinutes": 600.0
      },
      "runner_3": {
        "driveMinutes": 74.3360644111082,
        "utilizationPct": 12.389344068518032,
        "shiftMinutes": 600.0
      }
    }
  },
  "bevCartMetrics": null,
  "hasRunners": true,
  "hasBevCart": false
}