{
  "simulation_id": "delivery_dynamic_07",
  "runner_id": "2_runners",
  "revenue_per_round": 39.130434782608695,
  "orders_per_runner_hour": 4.17380152753136,
  "on_time_rate": 0.8666666666666667,
  "delivery_cycle_time_p90": 36.14637119049961,
  "delivery_cycle_time_avg": 21.217552233088384,
  "failed_rate": 0.0,
  "second_runner_break_even_orders": 7.187692036172076,
  "queue_wait_avg": 5.810344827586207,
  "runner_utilization_driving_pct": 78.98817703406495,
  "runner_utilization_prep_pct": 0.0,
  "runner_utilization_idle_pct": 21.011822965935053,
  "distance_per_delivery_avg": 1881.8975503176937,
  "zone_service_times": {
    "hole_14": 15.064736536654225,
    "hole_9": 11.078542894391012,
    "hole_3": 21.405964967282287,
    "hole_4": 29.980691913114384,
    "hole_18": 19.44251209361963,
    "hole_-1": 16.89180631459691,
    "hole_17": 21.801308827996642,
    "hole_2": 23.317789961830385,
    "hole_7": 26.736878037371632,
    "hole_5": 35.17754275614382
  },
  "total_revenue": 900.0,
  "total_orders": 30,
  "successful_orders": 30,
  "failed_orders": 0,
  "total_rounds": 23,
  "active_runner_hours": 7.187692036172076
}