{
  "simulation_id": "delivery_dynamic_09",
  "runner_id": "runner_1",
  "revenue_per_round": 15.0,
  "orders_per_runner_hour": 1.8327785392598392,
  "on_time_rate": 0.07692307692307693,
  "delivery_cycle_time_p90": 64.33219858005873,
  "delivery_cycle_time_avg": 47.44685365257746,
  "failed_rate": 0.55,
  "second_runner_break_even_orders": 7.093055555555555,
  "queue_wait_avg": 36.6625,
  "runner_utilization_driving_pct": 31.150980974613528,
  "runner_utilization_prep_pct": 0.0,
  "runner_utilization_idle_pct": 68.84901902538647,
  "distance_per_delivery_avg": 1211.1274426506382,
  "zone_service_times": {
    "hole_-1": 37.47799887028894,
    "hole_12": 48.999542573575916,
    "hole_7": 48.595201769799466,
    "hole_16": 61.04368258978296,
    "hole_13": 48.72381473872592,
    "hole_11": 52.472447569215,
    "hole_15": 51.338802948155596,
    "hole_18": 58.12886546972101
  },
  "total_revenue": 390.0,
  "total_orders": 40,
  "successful_orders": 13,
  "failed_orders": 22,
  "total_rounds": 26,
  "active_runner_hours": 7.093055555555556
}