{
  "simulation_id": "delivery_dynamic_05",
  "runner_id": "2_runners",
  "revenue_per_round": 28.333333333333332,
  "orders_per_runner_hour": 4.614514608859567,
  "on_time_rate": 0.35294117647058826,
  "delivery_cycle_time_p90": 59.508475499058044,
  "delivery_cycle_time_avg": 37.265839794330056,
  "failed_rate": 0.26,
  "second_runner_break_even_orders": 7.368055555555555,
  "queue_wait_avg": 22.201960784313727,
  "runner_utilization_driving_pct": 97.65029878176016,
  "runner_utilization_prep_pct": 0.0,
  "runner_utilization_idle_pct": 2.3497012182398436,
  "distance_per_delivery_avg": 1701.4633473654856,
  "zone_service_times": {
    "hole_11": 35.315750945369814,
    "hole_9": 19.41962110711622,
    "hole_18": 27.663573892562876,
    "hole_12": 40.81960842183305,
    "hole_15": 27.008276239807856,
    "hole_5": 47.38555613124649,
    "hole_3": 36.53244769884568,
    "hole_-1": 40.081063506561506,
    "hole_10": 37.780809457292484,
    "hole_6": 53.14535989881058,
    "hole_13": 47.44690444189806
  },
  "total_revenue": 1020.0,
  "total_orders": 50,
  "successful_orders": 34,
  "failed_orders": 13,
  "total_rounds": 36,
  "active_runner_hours": 7.368055555555555
}