{
  "simulation_id": "delivery_dynamic_04",
  "runner_id": "3_runners",
  "revenue_per_round": 35.294117647058826,
  "orders_per_runner_hour": 2.740646439933438,
  "on_time_rate": 1.0,
  "delivery_cycle_time_p90": 18.34844276963299,
  "delivery_cycle_time_avg": 14.841061140608511,
  "failed_rate": 0.0,
  "second_runner_break_even_orders": 7.29754838441902,
  "queue_wait_avg": 0.31666666666666665,
  "runner_utilization_driving_pct": 43.93893203220684,
  "runner_utilization_prep_pct": 0.0,
  "runner_utilization_idle_pct": 56.06106796779316,
  "distance_per_delivery_avg": 1552.1165432444593,
  "zone_service_times": {
    "hole_15": 17.383156072664576,
    "hole_17": 14.40974061194965,
    "hole_18": 14.353002511704593,
    "hole_2": 14.218678943389774,
    "hole_12": 15.062680094221164,
    "hole_4": 20.256860781737245,
    "hole_9": 12.210045771182498,
    "hole_10": 10.940149995526008,
    "hole_11": 13.644237568886698
  },
  "total_revenue": 600.0,
  "total_orders": 20,
  "successful_orders": 20,
  "failed_orders": 0,
  "total_rounds": 17,
  "active_runner_hours": 7.29754838441902
}