{
  "simulation_id": "delivery_dynamic_08",
  "runner_id": "3_runners",
  "revenue_per_round": 37.5,
  "orders_per_runner_hour": 2.7623508418537024,
  "on_time_rate": 1.0,
  "delivery_cycle_time_p90": 18.795362705324187,
  "delivery_cycle_time_avg": 14.865651119206095,
  "failed_rate": 0.0,
  "second_runner_break_even_orders": 7.240209931689489,
  "queue_wait_avg": 0.11203703703703703,
  "runner_utilization_driving_pct": 41.11982266079257,
  "runner_utilization_prep_pct": 0.0,
  "runner_utilization_idle_pct": 58.88017733920743,
  "distance_per_delivery_avg": 1600.978776053252,
  "zone_service_times": {
    "hole_2": 13.803979733796117,
    "hole_15": 18.3534912298525,
    "hole_16": 17.841532320147962,
    "hole_18": 11.779316037267321,
    "hole_4": 19.47216258458987,
    "hole_10": 11.2503868643775,
    "hole_13": 17.736284868530795,
    "hole_17": 15.108885161748246,
    "hole_1": 12.593716143823986
  },
  "total_revenue": 600.0,
  "total_orders": 20,
  "successful_orders": 20,
  "failed_orders": 0,
  "total_rounds": 16,
  "active_runner_hours": 7.24020993168949
}