{
  "simulation_id": "delivery_dynamic_09",
  "runner_id": "3_runners",
  "revenue_per_round": 40.90909090909091,
  "orders_per_runner_hour": 4.126591471538062,
  "on_time_rate": 1.0,
  "delivery_cycle_time_p90": 20.60702219430219,
  "delivery_cycle_time_avg": 16.515754650875646,
  "failed_rate": 0.0,
  "second_runner_break_even_orders": 7.269922454625345,
  "queue_wait_avg": 0.9604938271604938,
  "runner_utilization_driving_pct": 68.88924630233049,
  "runner_utilization_prep_pct": 0.0,
  "runner_utilization_idle_pct": 31.11075369766951,
  "distance_per_delivery_avg": 1898.8402293608835,
  "zone_service_times": {
    "hole_16": 19.960016335045452,
    "hole_9": 11.858525675761364,
    "hole_17": 16.755581999409554,
    "hole_18": 12.169038333345405,
    "hole_3": 17.446580188440162,
    "hole_15": 18.48349336321565,
    "hole_-1": 20.53330405521956,
    "hole_10": 11.325408191333736,
    "hole_2": 15.164508417595304,
    "hole_4": 19.610864534678573
  },
  "total_revenue": 900.0,
  "total_orders": 30,
  "successful_orders": 30,
  "failed_orders": 0,
  "total_rounds": 22,
  "active_runner_hours": 7.269922454625345
}