{
  "simulation_id": "delivery_dynamic_01",
  "runner_id": "runner_1",
  "revenue_per_round": 18.214285714285715,
  "orders_per_runner_hour": 2.418016594231529,
  "on_time_rate": 0.11764705882352941,
  "delivery_cycle_time_p90": 60.029772742128955,
  "delivery_cycle_time_avg": 45.126341770534445,
  "failed_rate": 0.52,
  "second_runner_break_even_orders": 7.030555555555555,
  "queue_wait_avg": 34.84791666666666,
  "runner_utilization_driving_pct": 30.26702051228535,
  "runner_utilization_prep_pct": 0.0,
  "runner_utilization_idle_pct": 69.73297948771466,
  "distance_per_delivery_avg": 782.309658428985,
  "zone_service_times": {
    "hole_10": 11.416337082419037,
    "hole_17": 31.44360590544608,
    "hole_16": 41.215177010706824,
    "hole_18": 53.34817972268876,
    "hole_-1": 45.81143197413384,
    "hole_12": 67.13134645791827,
    "hole_11": 43.23242794816524
  },
  "total_revenue": 510.0,
  "total_orders": 50,
  "successful_orders": 17,
  "failed_orders": 26,
  "total_rounds": 28,
  "active_runner_hours": 7.030555555555556
}