{
  "simulation_id": "delivery_dynamic_03",
  "runner_id": "3_runners",
  "revenue_per_round": 35.294117647058826,
  "orders_per_runner_hour": 2.9287677547772715,
  "on_time_rate": 1.0,
  "delivery_cycle_time_p90": 13.916053645658474,
  "delivery_cycle_time_avg": 12.414144714843252,
  "failed_rate": 0.0,
  "second_runner_break_even_orders": 6.828810501405213,
  "queue_wait_avg": 0.25416666666666665,
  "runner_utilization_driving_pct": 23.130378554764913,
  "runner_utilization_prep_pct": 0.0,
  "runner_utilization_idle_pct": 76.86962144523508,
  "distance_per_delivery_avg": 1591.78419468713,
  "zone_service_times": {
    "hole_17": 11.871453193479859,
    "hole_12": 12.158366299711572,
    "hole_15": 13.361848051087904,
    "hole_4": 13.929256666337581,
    "hole_18": 11.364938213214131,
    "hole_6": 13.96085808008135,
    "hole_2": 12.009927410844254,
    "hole_11": 11.545301453074353,
    "hole_3": 13.641374868358435,
    "hole_8": 12.279068039710303,
    "hole_10": 10.800972515805611,
    "hole_16": 13.565554403849092
  },
  "total_revenue": 600.0,
  "total_orders": 20,
  "successful_orders": 20,
  "failed_orders": 0,
  "total_rounds": 17,
  "active_runner_hours": 6.828810501405213
}