{
  "simulation_id": "delivery_dynamic_07",
  "runner_id": "3_runners",
  "revenue_per_round": 42.35294117647059,
  "orders_per_runner_hour": 6.5959290087691835,
  "on_time_rate": 0.7083333333333334,
  "delivery_cycle_time_p90": 41.04455824478305,
  "delivery_cycle_time_avg": 23.869515205926515,
  "failed_rate": 0.0,
  "second_runner_break_even_orders": 7.277215982189128,
  "queue_wait_avg": 10.116666666666667,
  "runner_utilization_driving_pct": 100.0,
  "runner_utilization_prep_pct": 0.0,
  "runner_utilization_idle_pct": 0.0,
  "distance_per_delivery_avg": 1473.40710919131,
  "zone_service_times": {
    "hole_8": 14.479775171063064,
    "hole_11": 15.541600056736176,
    "hole_4": 30.93391778874702,
    "hole_16": 27.782704939947145,
    "hole_12": 31.941209256129028,
    "hole_15": 20.276174806225814,
    "hole_14": 26.024391962122497,
    "hole_18": 19.893804092490306,
    "hole_2": 22.16608734174139,
    "hole_-1": 25.706888573171916,
    "hole_9": 24.164535019524436,
    "hole_10": 24.251184996518592,
    "hole_6": 42.051719673588316,
    "hole_13": 34.07295365961463,
    "hole_17": 14.138383271201382,
    "hole_7": 14.33597531515928
  },
  "total_revenue": 1440.0,
  "total_orders": 50,
  "successful_orders": 48,
  "failed_orders": 0,
  "total_rounds": 34,
  "active_runner_hours": 7.277215982189128
}