{
  "simulation_id": "delivery_dynamic_06",
  "runner_id": "runner_1",
  "revenue_per_round": 19.615384615384617,
  "orders_per_runner_hour": 2.3448275862068964,
  "on_time_rate": 0.058823529411764705,
  "delivery_cycle_time_p90": 60.68332844081755,
  "delivery_cycle_time_avg": 46.54159951808832,
  "failed_rate": 0.3333333333333333,
  "second_runner_break_even_orders": 7.25,
  "queue_wait_avg": 31.76372549019608,
  "runner_utilization_driving_pct": 44.67105668262212,
  "runner_utilization_prep_pct": 0.0,
  "runner_utilization_idle_pct": 55.32894331737788,
  "distance_per_delivery_avg": 1605.365673371789,
  "zone_service_times": {
    "hole_11": 13.615436401161606,
    "hole_14": 33.164765847512896,
    "hole_-1": 48.231063506561505,
    "hole_5": 53.628864963514964,
    "hole_13": 36.51415951627587,
    "hole_12": 60.5120357630162,
    "hole_18": 60.28587717653124,
    "hole_15": 50.18708041111943,
    "hole_9": 36.5044046460954,
    "hole_6": 57.477119586415576,
    "hole_4": 61.36849915202292
  },
  "total_revenue": 510.0,
  "total_orders": 30,
  "successful_orders": 17,
  "failed_orders": 10,
  "total_rounds": 26,
  "active_runner_hours": 7.25
}