{
  "simulation_id": "delivery_dynamic_06",
  "runner_id": "2_runners",
  "revenue_per_round": 39.23076923076923,
  "orders_per_runner_hour": 4.634364944463193,
  "on_time_rate": 0.4117647058823529,
  "delivery_cycle_time_p90": 56.385147748834356,
  "delivery_cycle_time_avg": 35.05899830252635,
  "failed_rate": 0.125,
  "second_runner_break_even_orders": 7.336496026412587,
  "queue_wait_avg": 20.863235294117647,
  "runner_utilization_driving_pct": 86.76750117870927,
  "runner_utilization_prep_pct": 0.0,
  "runner_utilization_idle_pct": 13.232498821290733,
  "distance_per_delivery_avg": 1409.7763708253244,
  "zone_service_times": {
    "hole_10": 21.235257282009357,
    "hole_6": 18.43505300692162,
    "hole_7": 27.224165126514933,
    "hole_11": 41.82844501418247,
    "hole_18": 38.852931688500334,
    "hole_8": 39.5612534103102,
    "hole_-1": 40.162445552885075,
    "hole_17": 55.22171660453478,
    "hole_14": 53.235490522427305,
    "hole_16": 38.80944597735267,
    "hole_15": 25.30056551764571,
    "hole_13": 30.638004154696077
  },
  "total_revenue": 1020.0,
  "total_orders": 40,
  "successful_orders": 34,
  "failed_orders": 5,
  "total_rounds": 26,
  "active_runner_hours": 7.336496026412587
}