{
  "simulation_id": "delivery_dynamic_08",
  "runner_id": "3_runners",
  "revenue_per_round": 33.333333333333336,
  "orders_per_runner_hour": 2.871498708020468,
  "on_time_rate": 1.0,
  "delivery_cycle_time_p90": 14.900816494952142,
  "delivery_cycle_time_avg": 12.863811009616896,
  "failed_rate": 0.0,
  "second_runner_break_even_orders": 6.965004004402791,
  "queue_wait_avg": 0.03229166666666666,
  "runner_utilization_driving_pct": 26.47723828649055,
  "runner_utilization_prep_pct": 0.0,
  "runner_utilization_idle_pct": 73.52276171350945,
  "distance_per_delivery_avg": 2043.3439269241685,
  "zone_service_times": {
    "hole_4": 14.448344955477872,
    "hole_6": 14.091156367282869,
    "hole_2": 12.362253743070323,
    "hole_15": 13.509475963942107,
    "hole_18": 10.36914134110193,
    "hole_9": 10.79092026493951,
    "hole_8": 12.75909154128464,
    "hole_-1": 14.289089242354384,
    "hole_17": 12.334670336828154,
    "hole_7": 13.24159734010015,
    "hole_3": 13.178018041945203
  },
  "total_revenue": 600.0,
  "total_orders": 20,
  "successful_orders": 20,
  "failed_orders": 0,
  "total_rounds": 18,
  "active_runner_hours": 6.965004004402791
}