{
  "simulation_id": "delivery_dynamic_08",
  "runner_id": "2_runners",
  "revenue_per_round": 26.666666666666668,
  "orders_per_runner_hour": 4.405136766995847,
  "on_time_rate": 0.5,
  "delivery_cycle_time_p90": 56.26021135496053,
  "delivery_cycle_time_avg": 33.14049685296779,
  "failed_rate": 0.34,
  "second_runner_break_even_orders": 7.264246649445782,
  "queue_wait_avg": 19.161290322580644,
  "runner_utilization_driving_pct": 87.14581863701846,
  "runner_utilization_prep_pct": 0.0,
  "runner_utilization_idle_pct": 12.854181362981535,
  "distance_per_delivery_avg": 1538.2069425971774,
  "zone_service_times": {
    "hole_2": 23.2511288909334,
    "hole_6": 17.65816220309013,
    "hole_7": 26.40660837459662,
    "hole_5": 47.044238754721036,
    "hole_11": 27.515436401161605,
    "hole_18": 42.64598925533325,
    "hole_17": 30.332755159956676,
    "hole_13": 56.58082618294254,
    "hole_10": 43.23598285012536,
    "hole_-1": 27.07521463812033,
    "hole_12": 45.2620357630162,
    "hole_9": 26.910334496767913,
    "hole_16": 51.848049451750256,
    "hole_15": 11.996599668306226,
    "hole_8": 24.25870635031315
  },
  "total_revenue": 960.0,
  "total_orders": 50,
  "successful_orders": 32,
  "failed_orders": 17,
  "total_rounds": 36,
  "active_runner_hours": 7.264246649445781
}