{
  "simulation_id": "delivery_dynamic_01",
  "runner_id": "3_runners",
  "revenue_per_round": 35.294117647058826,
  "orders_per_runner_hour": 5.5515009611941535,
  "on_time_rate": 0.95,
  "delivery_cycle_time_p90": 28.167227965143518,
  "delivery_cycle_time_avg": 18.65264094501703,
  "failed_rate": 0.0,
  "second_runner_break_even_orders": 7.205258592154835,
  "queue_wait_avg": 5.034848484848485,
  "runner_utilization_driving_pct": 100.0,
  "runner_utilization_prep_pct": 0.0,
  "runner_utilization_idle_pct": 0.0,
  "distance_per_delivery_avg": 1511.6273575257214,
  "zone_service_times": {
    "hole_3": 25.683308801582918,
    "hole_9": 17.09380056116083,
    "hole_6": 19.74524210525843,
    "hole_7": 19.85968152552244,
    "hole_-1": 18.81537831449331,
    "hole_5": 26.028079040720755,
    "hole_15": 17.491709093095274,
    "hole_18": 13.761334071672355,
    "hole_2": 25.77878015721896,
    "hole_14": 20.894023309150906,
    "hole_8": 17.99410423004095,
    "hole_10": 10.36785842552387,
    "hole_16": 12.87553223671548,
    "hole_17": 13.964705443853624
  },
  "total_revenue": 1200.0,
  "total_orders": 40,
  "successful_orders": 40,
  "failed_orders": 0,
  "total_rounds": 34,
  "active_runner_hours": 7.205258592154835
}