{
  "simulation_id": "delivery_dynamic_01",
  "runner_id": "runner_1",
  "revenue_per_round": 60.0,
  "orders_per_runner_hour": 1.0187259060131262,
  "on_time_rate": 1.0,
  "delivery_cycle_time_p90": 16.057493720720444,
  "delivery_cycle_time_avg": 15.816392593654005,
  "failed_rate": 0.0,
  "second_runner_break_even_orders": 1.9632366156537402,
  "queue_wait_avg": 0.0,
  "runner_utilization_driving_pct": 23.60212993387788,
  "runner_utilization_prep_pct": 0.0,
  "runner_utilization_idle_pct": 76.39787006612212,
  "distance_per_delivery_avg": 1870.5518581191313,
  "zone_service_times": {
    "hole_11": 16.057493720720444,
    "hole_14": 15.575291466587563
  },
  "total_revenue": 60.0,
  "total_orders": 2,
  "successful_orders": 2,
  "failed_orders": 0,
  "total_rounds": 1,
  "active_runner_hours": 1.96323661565374
}