{
  "success": true,
  "simulation_type": "multi_golfer_single_runner",
  "orders": [
    {
      "order_id": "001",
      "golfer_group_id": 1,
      "golfer_id": "G1",
      "hole_num": 8,
      "order_time_s": 13320,
      "status": "processed",
      "total_completion_time_s": 963.4496232432266
    },
    {
      "order_id": "002",
      "golfer_group_id": 1,
      "golfer_id": "G1",
      "hole_num": 13,
      "order_time_s": 16560,
      "status": "processed",
      "total_completion_time_s": 934.5174879952538
    }
  ],
  "orders_all": [
    {
      "order_id": "001",
      "golfer_group_id": 1,
      "golfer_id": "G1",
      "hole_num": 8,
      "order_time_s": 13320,
      "status": "processed",
      "total_completion_time_s": 963.4496232432266
    },
    {
      "order_id": "002",
      "golfer_group_id": 1,
      "golfer_id": "G1",
      "hole_num": 13,
      "order_time_s": 16560,
      "status": "processed",
      "total_completion_time_s": 934.5174879952538
    }
  ],
  "delivery_stats": [
    {
      "order_id": "001",
      "golfer_group_id": 1,
      "hole_num": 11,
      "placed_hole_num": 8,
      "order_time_s": 13320,
      "queue_delay_s": 0,
      "prep_time_s": 600,
      "delivery_time_s": 363.4496232432272,
      "return_time_s": 597.0149253731342,
      "total_drive_time_s": 960.4645486163615,
      "delivery_distance_m": 1948.089980583698,
      "total_completion_time_s": 963.4496232432266,
      "delivered_at_time_s": 14283.449623243227,
      "runner_id": "runner_1",
      "trip_to_golfer": {
        "nodes": [
          0,
          [
            -84.5928,
            34.0379
          ],
          120,
          121,
          122,
          123,
          124,
          125,
          126,
          127,
          128,
          129,
          130,
          131,
          132,
          133,
          134,
          135,
          136,
          137,
          138,
          139,
          140,
          141,
          142,
          143,
          144,
          145,
          146,
          147
        ],
        "length_m": 974.044990291849,
        "time_s": 363.4496232432272,
        "efficiency": null,
        "routing_type": "optimal"
      },
      "trip_back": {
        "nodes": [
          147,
          146,
          145,
          144,
          143,
          142,
          141,
          140,
          139,
          138,
          137,
          136,
          135,
          134,
          133,
          132,
          131,
          130,
          129,
          128,
          127,
          126,
          125,
          124,
          123,
          122,
          121,
          120,
          [
            -84.5928,
            34.0379
          ],
          0
        ],
        "length_m": 974.0449902918491,
        "time_s": 363.4496232432273,
        "efficiency": null,
        "routing_type": "optimal"
      }
    },
    {
      "order_id": "002",
      "golfer_group_id": 1,
      "hole_num": 14,
      "placed_hole_num": 13,
      "order_time_s": 16560,
      "queue_delay_s": 0,
      "prep_time_s": 600,
      "delivery_time_s": 334.5174879952546,
      "return_time_s": 373.13432835820896,
      "total_drive_time_s": 707.6518163534636,
      "delivery_distance_m": 1793.0137356545647,
      "total_completion_time_s": 934.5174879952538,
      "delivered_at_time_s": 17494.517487995254,
      "runner_id": "runner_1",
      "trip_to_golfer": {
        "nodes": [
          0,
          239,
          238,
          237,
          236,
          235,
          234,
          233,
          201,
          200,
          199,
          198,
          197,
          196,
          195,
          194,
          193,
          192,
          191,
          190,
          189,
          188,
          187,
          186,
          185,
          184,
          183,
          182
        ],
        "length_m": 896.5068678272823,
        "time_s": 334.5174879952546,
        "efficiency": null,
        "routing_type": "optimal"
      },
      "trip_back": {
        "nodes": [
          182,
          183,
          184,
          185,
          186,
          187,
          188,
          189,
          190,
          191,
          192,
          193,
          194,
          195,
          196,
          197,
          198,
          199,
          200,
          201,
          233,
          234,
          235,
          236,
          237,
          238,
          239,
          0
        ],
        "length_m": 896.5068678272825,
        "time_s": 334.5174879952546,
        "efficiency": null,
        "routing_type": "optimal"
      }
    }
  ],
  "failed_orders": [],
  "activity_log": [
    {
      "timestamp_s": 0,
      "time_str": "07:00",
      "activity_type": "service_closed",
      "description": "runner_1 waiting 180 minutes until opening",
      "runner_id": "runner_1",
      "order_id": null,
      "location": "clubhouse"
    },
    {
      "timestamp_s": 10800,
      "time_str": "10:00",
      "activity_type": "service_opened",
      "description": "runner_1 started shift",
      "runner_id": "runner_1",
      "order_id": null,
      "location": "clubhouse"
    },
    {
      "timestamp_s": 13320,
      "time_str": "10:42",
      "activity_type": "order_received",
      "description": "New order from Group 1 on Hole 8",
      "runner_id": null,
      "order_id": "001",
      "location": "clubhouse",
      "orders_in_queue": 0
    },
    {
      "timestamp_s": 13320,
      "time_str": "10:42",
      "activity_type": "order_assigned",
      "description": "Assigned Order 001 to runner_1",
      "runner_id": "runner_1",
      "order_id": "001",
      "location": "clubhouse"
    },
    {
      "timestamp_s": 13320,
      "time_str": "10:42",
      "activity_type": "prep_start",
      "description": "runner_1 started prep for Order 001 (Hole 8)",
      "runner_id": "runner_1",
      "order_id": "001",
      "location": "clubhouse"
    },
    {
      "timestamp_s": 13920,
      "time_str": "10:52",
      "activity_type": "prep_complete",
      "description": "runner_1 completed prep for Order 001",
      "runner_id": "runner_1",
      "order_id": "001",
      "location": "clubhouse"
    },
    {
      "timestamp_s": 13920,
      "time_str": "10:52",
      "activity_type": "delivery_start",
      "description": "runner_1 departing to Hole 11 (1948m, 6.1 min)",
      "runner_id": "runner_1",
      "order_id": "001",
      "location": "clubhouse"
    },
    {
      "timestamp_s": 14283.449623243227,
      "time_str": "10:58",
      "activity_type": "delivery_complete",
      "description": "runner_1 delivered Order 001 to Hole 11 (Total completion: 16.1 min)",
      "runner_id": "runner_1",
      "order_id": "001",
      "location": "hole_11"
    },
    {
      "timestamp_s": 14283.449623243227,
      "time_str": "10:58",
      "activity_type": "returning",
      "description": "runner_1 returning to clubhouse from hole_11 (10.0 min)",
      "runner_id": "runner_1",
      "order_id": "001",
      "location": "hole_11"
    },
    {
      "timestamp_s": 14880.46454861636,
      "time_str": "11:08",
      "activity_type": "arrived_clubhouse",
      "description": "runner_1 arrived at clubhouse after delivering Order 001",
      "runner_id": "runner_1",
      "order_id": "001",
      "location": "clubhouse"
    },
    {
      "timestamp_s": 16560,
      "time_str": "11:36",
      "activity_type": "order_received",
      "description": "New order from Group 1 on Hole 13",
      "runner_id": null,
      "order_id": "002",
      "location": "clubhouse",
      "orders_in_queue": 0
    },
    {
      "timestamp_s": 16560,
      "time_str": "11:36",
      "activity_type": "order_assigned",
      "description": "Assigned Order 002 to runner_1",
      "runner_id": "runner_1",
      "order_id": "002",
      "location": "clubhouse"
    },
    {
      "timestamp_s": 16560,
      "time_str": "11:36",