{
  "simulation_id": "delivery_dynamic_01",
  "runner_id": "runner_1",
  "revenue_per_round": 37.5,
  "orders_per_runner_hour": 1.3522496129613701,
  "on_time_rate": 1.0,
  "delivery_cycle_time_p90": 14.71174321167885,
  "delivery_cycle_time_avg": 12.946497113336196,
  "failed_rate": 0.0,
  "second_runner_break_even_orders": 7.395084386898374,
  "queue_wait_avg": 0.1131944444444495,
  "runner_utilization_driving_pct": 27.868015398900702,
  "runner_utilization_prep_pct": 0.0,
  "runner_utilization_idle_pct": 72.1319846010993,
  "distance_per_delivery_avg": 2056.2779216020604,
  "zone_service_times": {
    "hole_13": 13.448951205114554,
    "hole_7": 12.652223584172619,
    "hole_6": 14.158865536218157,
    "hole_5": 14.585127023445299,
    "hole_1": 11.382999386267208,
    "hole_15": 10.846485428645973,
    "hole_18": 10.977181284725642,
    "hole_14": 13.37905945621266
  },
  "total_revenue": 300.0,
  "total_orders": 10,
  "successful_orders": 10,
  "failed_orders": 0,
  "total_rounds": 8,
  "active_runner_hours": 7.395084386898375
}