{
  "variantKey": "front_back",
  "blockedHoles": [
    1,
    2,
    3,
    10,
    11,
    12
  ],
  "deliveryMetrics": {
    "totalOrders": 30,
    "successfulDeliveries": 30,
    "failedDeliveries": 0,
    "avgOrderTime": 11.918984575661307,
    "onTimePercentage": 100.0,
    "revenue": 900.0,
    "ordersPerRunnerHour": 3.0,
    "lateOrders": 0,
    "runnerUtilizationPct": 11.677648125440204,
    "totalRunnerDriveMinutes": 210.19766625792366,
    "totalRunnerShiftMinutes": 1800.0,
    "runnerUtilizationByRunner": {
      "runner_1": {
        "driveMinutes": 136.42938500851577,
        "utilizationPct": 22.738230834752628,
        "shiftMinutes": 600.0
      },
      "runner_2": {
        "driveMinutes": 62.03392149897034,
        "utilizationPct": 10.338986916495056,
        "shiftMinutes": 600.0
      },
      "runner_3": {
        "driveMinutes": 11.734359750437642,
        "utilizationPct": 1.9557266250729404,
        "shiftMinutes": 600.0
      }
    }
  },
  "bevCartMetrics": null,
  "hasRunners": true,
  "hasBevCart": false
}