{
  "simulation_id": "delivery_dynamic_08",
  "runner_id": "runner_1",
  "revenue_per_round": 24.545454545454547,
  "orders_per_runner_hour": 2.473754533307883,
  "on_time_rate": 0.2222222222222222,
  "delivery_cycle_time_p90": 58.17591159864484,
  "delivery_cycle_time_avg": 37.28588444149651,
  "failed_rate": 0.3333333333333333,
  "second_runner_break_even_orders": 7.2763888888888895,
  "queue_wait_avg": 22.253703703703703,
  "runner_utilization_driving_pct": 42.289033554775266,
  "runner_utilization_prep_pct": 0.0,
  "runner_utilization_idle_pct": 57.710966445224734,
  "distance_per_delivery_avg": 1690.8127278983832,
  "zone_service_times": {
    "hole_15": 18.20755075484843,
    "hole_17": 33.23203155172826,
    "hole_-1": 37.004136823072805,
    "hole_12": 43.46135258924136,
    "hole_18": 42.0218418553928,
    "hole_6": 61.26823255376045,
    "hole_7": 49.31056572878606,
    "hole_4": 36.60413118711834,
    "hole_10": 36.97825267277213,
    "hole_3": 17.39625941383965,
    "hole_16": 27.962201218228437
  },
  "total_revenue": 540.0,
  "total_orders": 30,
  "successful_orders": 18,
  "failed_orders": 10,
  "total_rounds": 22,
  "active_runner_hours": 7.276388888888889
}