{
  "simulation_id": "delivery_dynamic_07",
  "runner_id": "3_runners",
  "revenue_per_round": 52.5,
  "orders_per_runner_hour": 6.694297504529883,
  "on_time_rate": 1.0,
  "delivery_cycle_time_p90": 23.20110275436382,
  "delivery_cycle_time_avg": 15.724202338900923,
  "failed_rate": 0.0,
  "second_runner_break_even_orders": 7.319662737851548,
  "queue_wait_avg": 3.9583333333333335,
  "runner_utilization_driving_pct": 91.43348028432935,
  "runner_utilization_prep_pct": 0.0,
  "runner_utilization_idle_pct": 8.566519715670651,
  "distance_per_delivery_avg": 729.0462715849956,
  "zone_service_times": {
    "hole_15": 19.859698247982234,
    "hole_-1": 12.554646955601255,
    "hole_17": 16.625626440303147,
    "hole_9": 14.672416874087927,
    "hole_16": 17.755301362995016,
    "hole_18": 15.926956908199765,
    "hole_10": 14.919793860759485,
    "hole_8": 16.255286283991154,
    "hole_13": 15.262437200827359
  },
  "total_revenue": 1470.0,
  "total_orders": 50,
  "successful_orders": 49,
  "failed_orders": 0,
  "total_rounds": 28,
  "active_runner_hours": 7.319662737851549
}