{
  "simulation_id": "delivery_dynamic_02",
  "runner_id": "runner_1",
  "revenue_per_round": 35.294117647058826,
  "orders_per_runner_hour": 2.437057071665343,
  "on_time_rate": 0.9,
  "delivery_cycle_time_p90": 31.694771587748193,
  "delivery_cycle_time_avg": 18.180081515644726,
  "failed_rate": 0.0,
  "second_runner_break_even_orders": 8.206619464325128,
  "queue_wait_avg": 7.118518518518519,
  "runner_utilization_driving_pct": 29.678220149408023,
  "runner_utilization_prep_pct": 0.0,
  "runner_utilization_idle_pct": 70.32177985059198,
  "distance_per_delivery_avg": 1276.8586912642043,
  "zone_service_times": {
    "hole_11": 17.495706547878196,
    "hole_12": 20.698608766190244,
    "hole_15": 11.114432191443939,
    "hole_18": 20.669463134012748,
    "hole_9": 25.95946165927732,
    "hole_8": 12.074095754367985,
    "hole_16": 19.104422222768456,
    "hole_2": 22.44271741629424,
    "hole_14": 12.71243492007064
  },
  "total_revenue": 600.0,
  "total_orders": 20,
  "successful_orders": 20,
  "failed_orders": 0,
  "total_rounds": 17,
  "active_runner_hours": 8.206619464325128
}