{
  "simulation_id": "delivery_dynamic_07",
  "runner_id": "runner_1",
  "revenue_per_round": 31.666666666666668,
  "orders_per_runner_hour": 2.643478260869565,
  "on_time_rate": 0.7894736842105263,
  "delivery_cycle_time_p90": 36.65597462332225,
  "delivery_cycle_time_avg": 20.682396975234795,
  "failed_rate": 0.0,
  "second_runner_break_even_orders": 7.1875,
  "queue_wait_avg": 9.062745098039215,
  "runner_utilization_driving_pct": 24.478966383643154,
  "runner_utilization_prep_pct": 0.0,
  "runner_utilization_idle_pct": 75.52103361635685,
  "distance_per_delivery_avg": 1853.0100326953655,
  "zone_service_times": {
    "hole_17": 12.232882606734165,
    "hole_9": 22.078363892583063,
    "hole_3": 17.106705872409293,
    "hole_2": 11.921235201486889,
    "hole_15": 13.583857524949842,
    "hole_4": 14.520742708836588,
    "hole_12": 30.93293154541476,
    "hole_11": 22.887748065379206,
    "hole_13": 38.60641596968829,
    "hole_-1": 28.55980320785781,
    "hole_18": 10.376855916356483,
    "hole_16": 13.471816762007196
  },
  "total_revenue": 570.0,
  "total_orders": 20,
  "successful_orders": 19,
  "failed_orders": 0,
  "total_rounds": 18,
  "active_runner_hours": 7.1875
}