{
  "simulation_id": "delivery_dynamic_06",
  "runner_id": "runner_1",
  "revenue_per_round": 28.125,
  "orders_per_runner_hour": 2.089378990133488,
  "on_time_rate": 0.4,
  "delivery_cycle_time_p90": 62.15631515622115,
  "delivery_cycle_time_avg": 37.196706294532696,
  "failed_rate": 0.2,
  "second_runner_break_even_orders": 7.179166666666666,
  "queue_wait_avg": 23.47888888888889,
  "runner_utilization_driving_pct": 40.30746464116075,
  "runner_utilization_prep_pct": 0.0,
  "runner_utilization_idle_pct": 59.69253535883925,
  "distance_per_delivery_avg": 1249.1866482963171,
  "zone_service_times": {
    "hole_9": 34.52239335311293,
    "hole_7": 15.315370584484056,
    "hole_-1": 28.989396839894834,
    "hole_15": 32.8458141271346,
    "hole_6": 60.38545296033126,
    "hole_11": 53.09083676310293,
    "hole_8": 61.38045306909771,
    "hole_13": 28.34951288028439
  },
  "total_revenue": 450.0,
  "total_orders": 20,
  "successful_orders": 15,
  "failed_orders": 4,
  "total_rounds": 16,
  "active_runner_hours": 7.179166666666666
}