{
  "simulation_id": "delivery_dynamic_09",
  "runner_id": "2_runners",
  "revenue_per_round": 36.0,
  "orders_per_runner_hour": 4.128023736937716,
  "on_time_rate": 0.9666666666666667,
  "delivery_cycle_time_p90": 27.869882948791094,
  "delivery_cycle_time_avg": 17.382803693712955,
  "failed_rate": 0.0,
  "second_runner_break_even_orders": 7.267400071263845,
  "queue_wait_avg": 4.437931034482759,
  "runner_utilization_driving_pct": 64.96140263595865,
  "runner_utilization_prep_pct": 0.0,
  "runner_utilization_idle_pct": 35.03859736404135,
  "distance_per_delivery_avg": 1039.1820410875519,
  "zone_service_times": {
    "hole_18": 13.928832505023149,
    "hole_8": 14.091911102841285,
    "hole_11": 18.688401442592717,
    "hole_10": 22.009385856666874,
    "hole_17": 24.26707967056231,
    "hole_9": 12.972072849574962,
    "hole_15": 17.7377998464491,
    "hole_16": 20.86268244249768
  },
  "total_revenue": 900.0,
  "total_orders": 30,
  "successful_orders": 30,
  "failed_orders": 0,
  "total_rounds": 25,
  "active_runner_hours": 7.267400071263845
}