{
  "simulation_id": "delivery_dynamic_04",
  "runner_id": "runner_1",
  "revenue_per_round": 10.0,
  "orders_per_runner_hour": 1.5456674473067917,
  "on_time_rate": 0.18181818181818182,
  "delivery_cycle_time_p90": 65.39540253774774,
  "delivery_cycle_time_avg": 45.598025573449995,
  "failed_rate": 0.62,
  "second_runner_break_even_orders": 7.116666666666666,
  "queue_wait_avg": 30.701515151515153,
  "runner_utilization_driving_pct": 28.784363861569627,
  "runner_utilization_prep_pct": 0.0,
  "runner_utilization_idle_pct": 71.21563613843037,
  "distance_per_delivery_avg": 1645.2275017701033,
  "zone_service_times": {
    "hole_4": 21.974156637646654,
    "hole_18": 40.2617944344086,
    "hole_7": 39.67767743726793,
    "hole_6": 64.05079763375622,
    "hole_16": 54.98138278508359,
    "hole_-1": 41.02273017322817,
    "hole_12": 63.2113815019941,
    "hole_10": 31.902454594933808
  },
  "total_revenue": 330.0,
  "total_orders": 50,
  "successful_orders": 11,
  "failed_orders": 31,
  "total_rounds": 33,
  "active_runner_hours": 7.116666666666666
}