{
  "simulation_id": "delivery_dynamic_04",
  "runner_id": "2_runners",
  "revenue_per_round": 37.5,
  "orders_per_runner_hour": 2.9625253684011295,
  "on_time_rate": 1.0,
  "delivery_cycle_time_p90": 21.333892114125,
  "delivery_cycle_time_avg": 16.452076629700983,
  "failed_rate": 0.0,
  "second_runner_break_even_orders": 6.750997042362534,
  "queue_wait_avg": 1.811764705882353,
  "runner_utilization_driving_pct": 58.05223856151361,
  "runner_utilization_prep_pct": 0.0,
  "runner_utilization_idle_pct": 41.94776143848639,
  "distance_per_delivery_avg": 1650.457747579533,
  "zone_service_times": {
    "hole_-1": 12.84383092760072,
    "hole_10": 11.416337082419037,
    "hole_11": 16.5160862496036,
    "hole_14": 14.715555397569794,
    "hole_12": 17.519423163495635,
    "hole_15": 12.46154317113281,
    "hole_18": 20.017487780912052,
    "hole_4": 20.4948213753342,
    "hole_6": 21.82758040339986,
    "hole_5": 20.993375408339368,
    "hole_7": 16.613655111919858,
    "hole_9": 13.090871556464602,
    "hole_17": 14.14360590544602,
    "hole_16": 21.371727303656733
  },
  "total_revenue": 600.0,
  "total_orders": 20,
  "successful_orders": 20,
  "failed_orders": 0,
  "total_rounds": 16,
  "active_runner_hours": 6.750997042362534
}