{
  "simulation_id": "delivery_dynamic_08",
  "runner_id": "3_runners",
  "revenue_per_round": 42.857142857142854,
  "orders_per_runner_hour": 5.5562049266483085,
  "on_time_rate": 0.95,
  "delivery_cycle_time_p90": 25.505357414417418,
  "delivery_cycle_time_avg": 17.344600531578344,
  "failed_rate": 0.0,
  "second_runner_break_even_orders": 7.1991585134224625,
  "queue_wait_avg": 3.151904761904762,
  "runner_utilization_driving_pct": 100.0,
  "runner_utilization_prep_pct": 0.0,
  "runner_utilization_idle_pct": 0.0,
  "distance_per_delivery_avg": 1541.1257786103245,
  "zone_service_times": {
    "hole_15": 13.25842119383627,
    "hole_17": 14.093605905446081,
    "hole_9": 16.125098991013502,
    "hole_10": 13.75116215278245,
    "hole_12": 27.27311659949916,
    "hole_11": 13.82244756921494,
    "hole_18": 17.854701072233464,
    "hole_7": 14.712890566512497,
    "hole_-1": 10.49394396666024,
    "hole_14": 16.367049650541027,
    "hole_3": 21.414592582369128,
    "hole_8": 15.246458694027993,
    "hole_16": 22.10858462365365,
    "hole_4": 21.974156637646654,
    "hole_5": 26.536337116189497,
    "hole_13": 16.04048140539259
  },
  "total_revenue": 1200.0,
  "total_orders": 40,
  "successful_orders": 40,
  "failed_orders": 0,
  "total_rounds": 28,
  "active_runner_hours": 7.1991585134224625
}