{
  "simulation_id": "delivery_dynamic_03",
  "runner_id": "3_runners",
  "revenue_per_round": 34.61538461538461,
  "orders_per_runner_hour": 4.287331077157351,
  "on_time_rate": 1.0,
  "delivery_cycle_time_p90": 22.568374707539213,
  "delivery_cycle_time_avg": 16.697924643979526,
  "failed_rate": 0.0,
  "second_runner_break_even_orders": 6.997360236497304,
  "queue_wait_avg": 2.3185185185185184,
  "runner_utilization_driving_pct": 83.98963839864993,
  "runner_utilization_prep_pct": 0.0,
  "runner_utilization_idle_pct": 16.01036160135007,
  "distance_per_delivery_avg": 1549.3826803771206,
  "zone_service_times": {
    "hole_13": 16.649842934982964,
    "hole_6": 19.32852191456843,
    "hole_10": 14.821234758732741,
    "hole_17": 13.964705443853624,
    "hole_9": 15.578141748655312,
    "hole_7": 19.29584517710218,
    "hole_16": 16.884027094810698,
    "hole_15": 17.019615462528805,
    "hole_14": 16.84049346769366,
    "hole_12": 17.39811688513995,
    "hole_5": 21.630647938276404,
    "hole_-1": 10.381063506561501,
    "hole_18": 11.267487780912052
  },
  "total_revenue": 900.0,
  "total_orders": 30,
  "successful_orders": 30,
  "failed_orders": 0,
  "total_rounds": 26,
  "active_runner_hours": 6.997360236497304
}