{
  "simulation_id": "delivery_dynamic_05",
  "runner_id": "3_runners",
  "revenue_per_round": 42.857142857142854,
  "orders_per_runner_hour": 4.068763495098273,
  "on_time_rate": 1.0,
  "delivery_cycle_time_p90": 19.72612253252835,
  "delivery_cycle_time_avg": 15.290412558336865,
  "failed_rate": 0.0,
  "second_runner_break_even_orders": 7.373247434052543,
  "queue_wait_avg": 0.6993827160493827,
  "runner_utilization_driving_pct": 73.04840452833479,
  "runner_utilization_prep_pct": 0.0,
  "runner_utilization_idle_pct": 26.951595471665215,
  "distance_per_delivery_avg": 1566.0852862678532,
  "zone_service_times": {
    "hole_11": 15.668039886431977,
    "hole_8": 14.548371877570734,
    "hole_17": 14.40311566574253,
    "hole_15": 17.268727161082733,
    "hole_10": 12.729214945648529,
    "hole_13": 20.11080355107979,
    "hole_6": 20.909201139353677,
    "hole_12": 15.901109290197867,
    "hole_9": 13.164858049969432,
    "hole_18": 10.797089369584489,
    "hole_16": 16.722853903327753,
    "hole_14": 16.547565450259327
  },
  "total_revenue": 900.0,
  "total_orders": 30,
  "successful_orders": 30,
  "failed_orders": 0,
  "total_rounds": 21,
  "active_runner_hours": 7.373247434052543
}