{
  "simulation_id": "delivery_dynamic_09",
  "runner_id": "2_runners",
  "revenue_per_round": 30.833333333333332,
  "orders_per_runner_hour": 4.98876404494382,
  "on_time_rate": 0.5405405405405406,
  "delivery_cycle_time_p90": 54.534668781784816,
  "delivery_cycle_time_avg": 31.69301523089203,
  "failed_rate": 0.2,
  "second_runner_break_even_orders": 7.416666666666668,
  "queue_wait_avg": 19.152252252252254,
  "runner_utilization_driving_pct": 70.61715178601506,
  "runner_utilization_prep_pct": 0.0,
  "runner_utilization_idle_pct": 29.382848213984943,
  "distance_per_delivery_avg": 853.6963608229634,
  "zone_service_times": {
    "hole_10": 28.559326124651243,
    "hole_15": 24.286463354401192,
    "hole_18": 30.151873970661352,
    "hole_16": 25.195866029799678,
    "hole_-1": 33.49212128805705,
    "hole_9": 25.95737504542004,
    "hole_17": 32.42874586812698,
    "hole_12": 49.674438446658286,
    "hole_11": 47.91389013297622,
    "hole_14": 14.41953092100254
  },
  "total_revenue": 1110.0,
  "total_orders": 50,
  "successful_orders": 37,
  "failed_orders": 10,
  "total_rounds": 36,
  "active_runner_hours": 7.416666666666667
}