{
  "simulation_id": "delivery_dynamic_10",
  "runner_id": "runner_1",
  "revenue_per_round": 10.0,
  "orders_per_runner_hour": 1.5432579890880747,
  "on_time_rate": 0.18181818181818182,
  "delivery_cycle_time_p90": 64.18312699884045,
  "delivery_cycle_time_avg": 43.268439424163475,
  "failed_rate": 0.64,
  "second_runner_break_even_orders": 7.127777777777778,
  "queue_wait_avg": 28.27121212121212,
  "runner_utilization_driving_pct": 29.555277886446536,
  "runner_utilization_prep_pct": 0.0,
  "runner_utilization_idle_pct": 70.44472211355347,
  "distance_per_delivery_avg": 1679.0683737916556,
  "zone_service_times": {
    "hole_9": 13.597228665532231,
    "hole_17": 36.207466067669856,
    "hole_12": 51.05062081677916,
    "hole_18": 51.566671123970146,
    "hole_13": 66.81769319287517,
    "hole_14": 51.95261274966349
  },
  "total_revenue": 330.0,
  "total_orders": 50,
  "successful_orders": 11,
  "failed_orders": 32,
  "total_rounds": 33,
  "active_runner_hours": 7.127777777777778
}