{
  "simulation_id": "delivery_dynamic_02",
  "runner_id": "2_runners",
  "revenue_per_round": 39.54545454545455,
  "orders_per_runner_hour": 3.991756996070576,
  "on_time_rate": 0.8620689655172413,
  "delivery_cycle_time_p90": 33.7971646510486,
  "delivery_cycle_time_avg": 21.47199846629697,
  "failed_rate": 0.0,
  "second_runner_break_even_orders": 7.2649712967365385,
  "queue_wait_avg": 7.382051282051282,
  "runner_utilization_driving_pct": 75.98809849261664,
  "runner_utilization_prep_pct": 0.0,
  "runner_utilization_idle_pct": 24.011901507383357,
  "distance_per_delivery_avg": 1630.8121743309555,
  "zone_service_times": {
    "hole_5": 22.925820243558366,
    "hole_4": 30.283790950759876,
    "hole_10": 18.253283234700696,
    "hole_9": 13.71293070066347,
    "hole_15": 24.03584081434888,
    "hole_3": 28.553481527400074,
    "hole_-1": 18.135938398795687,
    "hole_16": 26.205497984381932,
    "hole_18": 24.12744507013245,
    "hole_11": 24.165436401161607,
    "hole_2": 23.251128890933373,
    "hole_13": 15.0962444111147,
    "hole_14": 14.72902854660897
  },
  "total_revenue": 870.0,
  "total_orders": 30,
  "successful_orders": 29,
  "failed_orders": 0,
  "total_rounds": 22,
  "active_runner_hours": 7.2649712967365385
}