{
  "simulation_id": "delivery_dynamic_02",
  "runner_id": "runner_1",
  "revenue_per_round": 8.75,
  "orders_per_runner_hour": 0.7,
  "on_time_rate": 0.5714285714285714,
  "delivery_cycle_time_p90": 52.371793090440164,
  "delivery_cycle_time_avg": 30.928342370020257,
  "failed_rate": 0.7083333333333334,
  "second_runner_break_even_orders": 12.5,
  "queue_wait_avg": 0.0,
  "runner_utilization_driving_pct": 22.630337727089913,
  "runner_utilization_waiting_pct": 30.03622806877865,
  "distance_per_delivery_avg": 1204.929268581365,
  "zone_service_times": {
    "hole_7": 13.036400286408329,
    "hole_5": 17.496062726311962,
    "hole_14": 16.452226489736557,
    "hole_12": 26.368027217640822,
    "hole_6": 42.09400837564087,
    "hole_13": 50.525835747201626
  },
  "total_revenue": 175.0,
  "total_orders": 24,
  "successful_orders": 7,
  "failed_orders": 17,
  "total_rounds": 20,
  "active_runner_hours": 10.0
}