{
  "variantKey": "mid_back",
  "blockedHoles": [
    4,
    5,
    6,
    10,
    11,
    12
  ],
  "deliveryMetrics": {
    "totalOrders": 50,
    "successfulDeliveries": 50,
    "failedDeliveries": 0,
    "avgOrderTime": 14.643746227878518,
    "onTimePercentage": 100.0,
    "revenue": 1500.0,
    "ordersPerRunnerHour": 5.0,
    "lateOrders": 0,
    "runnerUtilizationPct": 22.834936792983594,
    "totalRunnerDriveMinutes": 411.02886227370465,
    "totalRunnerShiftMinutes": 1800.0,
    "runnerUtilizationByRunner": {
      "runner_1": {
        "driveMinutes": 194.58914633651037,
        "utilizationPct": 32.43152438941839,
        "shiftMinutes": 600.0
      },
      "runner_2": {
        "driveMinutes": 143.99690646249016,
        "utilizationPct": 23.999484410415025,
        "shiftMinutes": 600.0
      },
      "runner_3": {
        "driveMinutes": 72.4428094747041,
        "utilizationPct": 12.073801579117351,
        "shiftMinutes": 600.0
      }
    }
  },
  "bevCartMetrics": null,
  "hasRunners": true,
  "hasBevCart": false
}