{
  "simulation_id": "delivery_dynamic_02",
  "runner_id": "3_runners",
  "revenue_per_round": 42.857142857142854,
  "orders_per_runner_hour": 5.632243302791544,
  "on_time_rate": 0.95,
  "delivery_cycle_time_p90": 27.894164559038575,
  "delivery_cycle_time_avg": 17.798542688513276,
  "failed_rate": 0.0,
  "second_runner_break_even_orders": 7.101965921851166,
  "queue_wait_avg": 3.873809523809524,
  "runner_utilization_driving_pct": 89.44008911590721,
  "runner_utilization_prep_pct": 0.0,
  "runner_utilization_idle_pct": 10.559910884092787,
  "distance_per_delivery_avg": 1481.4103433404625,
  "zone_service_times": {
    "hole_15": 17.74783924267323,
    "hole_10": 14.221240112087429,
    "hole_2": 17.695789684034754,
    "hole_17": 21.203929832021135,
    "hole_18": 15.726718688378982,
    "hole_8": 13.63549399298378,
    "hole_-1": 20.65878506240618,
    "hole_16": 23.007193111737827,
    "hole_6": 35.76916407366322,
    "hole_9": 14.74965131531353,
    "hole_11": 13.710904235553365,
    "hole_4": 19.81278731567906
  },
  "total_revenue": 1200.0,
  "total_orders": 40,
  "successful_orders": 40,
  "failed_orders": 0,
  "total_rounds": 28,
  "active_runner_hours": 7.101965921851166
}