{
  "variantKey": "mid_back",
  "blockedHoles": [
    4,
    5,
    6,
    10,
    11,
    12
  ],
  "deliveryMetrics": {
    "totalOrders": 40,
    "successfulDeliveries": 40,
    "failedDeliveries": 0,
    "avgOrderTime": 17.79854268851328,
    "onTimePercentage": 95.0,
    "revenue": 1200.0,
    "ordersPerRunnerHour": 4.0,
    "lateOrders": 2,
    "runnerUtilizationPct": 21.1733488316168,
    "totalRunnerDriveMinutes": 381.1202789691024,
    "totalRunnerShiftMinutes": 1800.0,
    "runnerUtilizationByRunner": {
      "runner_1": {
        "driveMinutes": 144.73841265357657,
        "utilizationPct": 24.123068775596096,
        "shiftMinutes": 600.0
      },
      "runner_2": {
        "driveMinutes": 130.82868645934377,
        "utilizationPct": 21.804781076557294,
        "shiftMinutes": 600.0
      },
      "runner_3": {
        "driveMinutes": 105.55317985618227,
        "utilizationPct": 17.592196642697044,
        "shiftMinutes": 600.0
      }
    }
  },
  "bevCartMetrics": null,
  "hasRunners": true,
  "hasBevCart": false
}