{
  "simulation_id": "delivery_dynamic_06",
  "runner_id": "3_runners",
  "revenue_per_round": 42.857142857142854,
  "orders_per_runner_hour": 4.4002595608339545,
  "on_time_rate": 0.9666666666666667,
  "delivery_cycle_time_p90": 22.909002447880233,
  "delivery_cycle_time_avg": 15.778063424393629,
  "failed_rate": 0.0,
  "second_runner_break_even_orders": 6.8177796298712625,
  "queue_wait_avg": 2.2950617283950616,
  "runner_utilization_driving_pct": 74.95434680812329,
  "runner_utilization_prep_pct": 0.0,
  "runner_utilization_idle_pct": 25.04565319187671,
  "distance_per_delivery_avg": 1247.4026439295926,
  "zone_service_times": {
    "hole_10": 11.536509460902668,
    "hole_15": 12.459564326337825,
    "hole_18": 13.316612750931855,
    "hole_11": 16.656385698642225,
    "hole_8": 20.01229748658649,
    "hole_6": 19.52027119330043,
    "hole_16": 28.31471611841692,
    "hole_12": 31.307668213318173,
    "hole_14": 14.889233237457363,
    "hole_-1": 13.566670403277536,
    "hole_5": 21.4403032844888,
    "hole_9": 11.702537434491347,
    "hole_17": 14.251308827996642
  },
  "total_revenue": 900.0,
  "total_orders": 30,
  "successful_orders": 30,
  "failed_orders": 0,
  "total_rounds": 21,
  "active_runner_hours": 6.8177796298712625
}