{
  "variantKey": "front",
  "blockedHoles": [
    1,
    2,
    3
  ],
  "deliveryMetrics": {
    "totalOrders": 30,
    "successfulDeliveries": 30,
    "failedDeliveries": 0,
    "avgOrderTime": 15.778063424393629,
    "onTimePercentage": 96.66666666666667,
    "revenue": 900.0,
    "ordersPerRunnerHour": 3.0,
    "lateOrders": 1,
    "runnerUtilizationPct": 17.03407396129097,
    "totalRunnerDriveMinutes": 306.6133313032375,
    "totalRunnerShiftMinutes": 1800.0,
    "runnerUtilizationByRunner": {
      "runner_1": {
        "driveMinutes": 141.6626531066107,
        "utilizationPct": 23.610442184435115,
        "shiftMinutes": 600.0
      },
      "runner_2": {
        "driveMinutes": 109.88612358790733,
        "utilizationPct": 18.31435393131789,
        "shiftMinutes": 600.0
      },
      "runner_3": {
        "driveMinutes": 55.06455460871941,
        "utilizationPct": 9.177425768119903,
        "shiftMinutes": 600.0
      }
    }
  },
  "bevCartMetrics": null,
  "hasRunners": true,
  "hasBevCart": false
}