{
  "simulation_id": "delivery_dynamic_05",
  "runner_id": "3_runners",
  "revenue_per_round": 35.0,
  "orders_per_runner_hour": 3.900719612693634,
  "on_time_rate": 1.0,
  "delivery_cycle_time_p90": 22.987970649818948,
  "delivery_cycle_time_avg": 16.654201607368826,
  "failed_rate": 0.0,
  "second_runner_break_even_orders": 7.178162693079254,
  "queue_wait_avg": 2.2601449275362318,
  "runner_utilization_driving_pct": 77.07482018392872,
  "runner_utilization_prep_pct": 0.0,
  "runner_utilization_idle_pct": 22.925179816071278,
  "distance_per_delivery_avg": 1612.0117400759254,
  "zone_service_times": {
    "hole_9": 14.588206751659543,
    "hole_12": 17.49328916829606,
    "hole_18": 16.198176130961233,
    "hole_5": 22.883182554625332,
    "hole_4": 22.698364491889333,
    "hole_14": 14.662419875512327,
    "hole_13": 16.19384006487961,
    "hole_16": 14.50003268517559,
    "hole_8": 27.768361622619885,
    "hole_-1": 17.1810635065615,
    "hole_15": 12.860690107820695,
    "hole_11": 14.858750110064618,
    "hole_10": 16.174899530601216,
    "hole_7": 14.88468152552244,
    "hole_6": 19.822824555028696
  },
  "total_revenue": 840.0,
  "total_orders": 30,
  "successful_orders": 28,
  "failed_orders": 0,
  "total_rounds": 24,
  "active_runner_hours": 7.178162693079254
}