{
  "simulation_id": "delivery_dynamic_01",
  "runner_id": "3_runners",
  "revenue_per_round": 40.90909090909091,
  "orders_per_runner_hour": 4.219672566873333,
  "on_time_rate": 1.0,
  "delivery_cycle_time_p90": 18.677446339279243,
  "delivery_cycle_time_avg": 15.16314751836256,
  "failed_rate": 0.0,
  "second_runner_break_even_orders": 7.109556375420193,
  "queue_wait_avg": 0.04513888888888889,
  "runner_utilization_driving_pct": 80.98905675714342,
  "runner_utilization_prep_pct": 0.0,
  "runner_utilization_idle_pct": 19.010943242856584,
  "distance_per_delivery_avg": 1722.6842328364867,
  "zone_service_times": {
    "hole_18": 11.763845164712045,
    "hole_7": 16.927271244191676,
    "hole_6": 18.46303426254296,
    "hole_14": 17.265999426719162,
    "hole_-1": 20.38747015640614,
    "hole_8": 13.80312286047262,
    "hole_10": 11.0244017302437,
    "hole_12": 15.07570831028955,
    "hole_11": 13.675669856344758,
    "hole_17": 15.809138192848334,
    "hole_13": 17.166770700304188,
    "hole_9": 12.134766730599374,
    "hole_16": 17.506274013824925,
    "hole_15": 17.7877998464491
  },
  "total_revenue": 900.0,
  "total_orders": 30,
  "successful_orders": 30,
  "failed_orders": 0,
  "total_rounds": 22,
  "active_runner_hours": 7.109556375420193
}