{
  "variantKey": "front_mid_back",
  "blockedHoles": [
    1,
    2,
    3,
    4,
    5,
    6,
    10,
    11,
    12
  ],
  "deliveryMetrics": {
    "totalOrders": 40,
    "successfulDeliveries": 39,
    "failedDeliveries": 0,
    "avgOrderTime": 16.103614075325698,
    "onTimePercentage": 100.0,
    "revenue": 1200.0,
    "ordersPerRunnerHour": 3.9,
    "lateOrders": 0,
    "runnerUtilizationPct": 19.26365060235912,
    "totalRunnerDriveMinutes": 346.7457108424642,
    "totalRunnerShiftMinutes": 1800.0,
    "runnerUtilizationByRunner": {
      "runner_1": {
        "driveMinutes": 112.99727009872016,
        "utilizationPct": 18.832878349786693,
        "shiftMinutes": 600.0
      },
      "runner_2": {
        "driveMinutes": 128.70450371678186,
        "utilizationPct": 21.450750619463644,
        "shiftMinutes": 600.0
      },
      "runner_3": {
        "driveMinutes": 105.0439370269622,
        "utilizationPct": 17.507322837827033,
        "shiftMinutes": 600.0
      }
    }
  },
  "bevCartMetrics": null,
  "hasRunners": true,
  "hasBevCart": false
}