{
  "simulation_id": "delivery_dynamic_02",
  "runner_id": "3_runners",
  "revenue_per_round": 44.11764705882353,
  "orders_per_runner_hour": 6.944610816401968,
  "on_time_rate": 0.86,
  "delivery_cycle_time_p90": 33.10138987268972,
  "delivery_cycle_time_avg": 19.474225332769368,
  "failed_rate": 0.0,
  "second_runner_break_even_orders": 7.1998275096868865,
  "queue_wait_avg": 6.227891156462585,
  "runner_utilization_driving_pct": 100.0,
  "runner_utilization_prep_pct": 0.0,
  "runner_utilization_idle_pct": 0.0,
  "distance_per_delivery_avg": 1132.6197118105104,
  "zone_service_times": {
    "hole_13": 17.194521819938604,
    "hole_12": 24.633616176009607,
    "hole_14": 17.016012357551652,
    "hole_18": 19.685669954819485,
    "hole_17": 19.50099322819071,
    "hole_10": 18.137516572980942,
    "hole_16": 17.20483034102108,
    "hole_15": 20.74349870192576,
    "hole_9": 21.938746912271625,
    "hole_11": 13.549535255678467,
    "hole_8": 14.749421877738254
  },
  "total_revenue": 1500.0,
  "total_orders": 50,
  "successful_orders": 50,
  "failed_orders": 0,
  "total_rounds": 34,
  "active_runner_hours": 7.1998275096868865
}