{
  "simulation_id": "delivery_dynamic_06",
  "runner_id": "3_runners",
  "revenue_per_round": 40.0,
  "orders_per_runner_hour": 2.761537848858124,
  "on_time_rate": 1.0,
  "delivery_cycle_time_p90": 14.230053882974897,
  "delivery_cycle_time_avg": 12.229811593475501,
  "failed_rate": 0.0,
  "second_runner_break_even_orders": 7.242341439669152,
  "queue_wait_avg": 0.04411764705882353,
  "runner_utilization_driving_pct": 24.537186519833256,
  "runner_utilization_prep_pct": 0.0,
  "runner_utilization_idle_pct": 75.46281348016674,
  "distance_per_delivery_avg": 1578.4643473023568,
  "zone_service_times": {
    "hole_10": 10.821966953337975,
    "hole_17": 12.467423671910183,
    "hole_8": 12.005327326117488,
    "hole_18": 10.561529394653432,
    "hole_13": 13.258254360188737,
    "hole_4": 14.742752522975934,
    "hole_11": 11.563473509248858,
    "hole_6": 14.296499112745611,
    "hole_14": 13.580711042038274
  },
  "total_revenue": 600.0,
  "total_orders": 20,
  "successful_orders": 20,
  "failed_orders": 0,
  "total_rounds": 15,
  "active_runner_hours": 7.242341439669152
}