{
  "simulation_id": "delivery_dynamic_04",
  "runner_id": "3_runners",
  "revenue_per_round": 37.5,
  "orders_per_runner_hour": 5.400011700514422,
  "on_time_rate": 0.8,
  "delivery_cycle_time_p90": 37.22629986359857,
  "delivery_cycle_time_avg": 21.61425079513384,
  "failed_rate": 0.0,
  "second_runner_break_even_orders": 7.407391357353814,
  "queue_wait_avg": 6.599074074074074,
  "runner_utilization_driving_pct": 100.0,
  "runner_utilization_prep_pct": 0.0,
  "runner_utilization_idle_pct": 0.0,
  "distance_per_delivery_avg": 1906.8282671649708,
  "zone_service_times": {
    "hole_17": 16.51347439173954,
    "hole_3": 18.06305509136453,
    "hole_10": 18.16804135600011,
    "hole_18": 16.452242820609456,
    "hole_16": 17.808198986814627,
    "hole_-1": 24.811208741491967,
    "hole_15": 17.938762044014037,
    "hole_8": 18.043986450294717,
    "hole_4": 37.205241096569004,
    "hole_6": 31.023831119043546,
    "hole_2": 21.757945831637304,
    "hole_7": 16.759603402205176,
    "hole_9": 13.164858049969432
  },
  "total_revenue": 1200.0,
  "total_orders": 40,
  "successful_orders": 40,
  "failed_orders": 0,
  "total_rounds": 32,
  "active_runner_hours": 7.407391357353815
}