{
  "simulation_id": "delivery_dynamic_03",
  "runner_id": "2_runners",
  "revenue_per_round": 35.294117647058826,
  "orders_per_runner_hour": 2.927538039325384,
  "on_time_rate": 1.0,
  "delivery_cycle_time_p90": 14.98728933214135,
  "delivery_cycle_time_avg": 12.787909281004554,
  "failed_rate": 0.0,
  "second_runner_break_even_orders": 6.8316789504838535,
  "queue_wait_avg": 0.2688888888888889,
  "runner_utilization_driving_pct": 24.410345379058064,
  "runner_utilization_prep_pct": 0.0,
  "runner_utilization_idle_pct": 75.58965462094193,
  "distance_per_delivery_avg": 1862.0946823232778,
  "zone_service_times": {
    "hole_-1": 15.019448940733946,
    "hole_10": 10.984307486326905,
    "hole_17": 11.849913269528951,
    "hole_15": 13.85118850275241,
    "hole_6": 14.676037450318937,
    "hole_16": 13.79529675097947,
    "hole_18": 10.772968841906408,
    "hole_8": 11.972210487169953
  },
  "total_revenue": 600.0,
  "total_orders": 20,
  "successful_orders": 20,
  "failed_orders": 0,
  "total_rounds": 17,
  "active_runner_hours": 6.831678950483854
}