{
  "simulation_id": "delivery_dynamic_05",
  "runner_id": "2_runners",
  "revenue_per_round": 42.857142857142854,
  "orders_per_runner_hour": 4.210262255669888,
  "on_time_rate": 0.7666666666666667,
  "delivery_cycle_time_p90": 37.22451982347319,
  "delivery_cycle_time_avg": 23.645001665270993,
  "failed_rate": 0.0,
  "second_runner_break_even_orders": 7.125446867258569,
  "queue_wait_avg": 9.258024691358024,
  "runner_utilization_driving_pct": 83.78255983421978,
  "runner_utilization_prep_pct": 0.0,
  "runner_utilization_idle_pct": 16.217440165780218,
  "distance_per_delivery_avg": 1785.093892864388,
  "zone_service_times": {
    "hole_17": 26.28287593847643,
    "hole_9": 17.036970508024176,
    "hole_14": 20.835064087787234,
    "hole_-1": 21.297389166959164,
    "hole_16": 27.43992160924172,
    "hole_18": 26.485345721299836,
    "hole_10": 24.194966275760788,
    "hole_12": 27.214622454787847,
    "hole_8": 27.407156110951913,
    "hole_15": 30.865357990666233,
    "hole_13": 17.377871242326393,
    "hole_6": 18.395886363402134,
    "hole_2": 26.773628532460982
  },
  "total_revenue": 900.0,
  "total_orders": 30,
  "successful_orders": 30,
  "failed_orders": 0,
  "total_rounds": 21,
  "active_runner_hours": 7.125446867258569
}