{
  "simulation_id": "delivery_dynamic_03",
  "runner_id": "3_runners",
  "revenue_per_round": 42.0,
  "orders_per_runner_hour": 6.640717736749084,
  "on_time_rate": 0.4897959183673469,
  "delivery_cycle_time_p90": 46.18679096681347,
  "delivery_cycle_time_avg": 28.592793045763,
  "failed_rate": 0.0,
  "second_runner_break_even_orders": 7.378720485112442,
  "queue_wait_avg": 16.2322695035461,
  "runner_utilization_driving_pct": 100.0,
  "runner_utilization_prep_pct": 0.0,
  "runner_utilization_idle_pct": 0.0,
  "distance_per_delivery_avg": 1015.7498919477941,
  "zone_service_times": {
    "hole_15": 28.644167031127218,
    "hole_16": 22.831225674625422,
    "hole_9": 15.806938232439435,
    "hole_8": 13.449470082392509,
    "hole_13": 34.696502598294884,
    "hole_-1": 35.492775329096915,
    "hole_14": 41.666474630179806,
    "hole_12": 36.8467648063891,
    "hole_11": 31.633021046168732,
    "hole_17": 50.9384194836166,
    "hole_18": 31.62528046886477,
    "hole_10": 20.480301255741036
  },
  "total_revenue": 1470.0,
  "total_orders": 50,
  "successful_orders": 49,
  "failed_orders": 0,
  "total_rounds": 35,
  "active_runner_hours": 7.378720485112442
}