{
  "simulation_id": "delivery_dynamic_04",
  "runner_id": "runner_1",
  "revenue_per_round": 18.620689655172413,
  "orders_per_runner_hour": 2.5297677142299433,
  "on_time_rate": 0.16666666666666666,
  "delivery_cycle_time_p90": 63.11302282848253,
  "delivery_cycle_time_avg": 46.932058521207225,
  "failed_rate": 0.46,
  "second_runner_break_even_orders": 7.115277777777778,
  "queue_wait_avg": 35.27450980392157,
  "runner_utilization_driving_pct": 43.136757156982014,
  "runner_utilization_prep_pct": 0.0,
  "runner_utilization_idle_pct": 56.863242843017986,
  "distance_per_delivery_avg": 1215.3938853478464,
  "zone_service_times": {
    "hole_15": 32.16741126485225,
    "hole_12": 46.85294432186523,
    "hole_14": 42.24900487292107,
    "hole_9": 60.46147506013521,
    "hole_18": 57.12920815717739,
    "hole_13": 49.79657442650644,
    "hole_17": 59.42171660453478,
    "hole_-1": 28.047730173228167,
    "hole_10": 35.19967041575243,
    "hole_7": 37.28561037205569
  },
  "total_revenue": 540.0,
  "total_orders": 50,
  "successful_orders": 18,
  "failed_orders": 23,
  "total_rounds": 29,
  "active_runner_hours": 7.115277777777778
}