{
  "simulation_id": "delivery_dynamic_10",
  "runner_id": "runner_1",
  "revenue_per_round": 21.6,
  "orders_per_runner_hour": 2.559747185463164,
  "on_time_rate": 0.3333333333333333,
  "delivery_cycle_time_p90": 64.00000845802543,
  "delivery_cycle_time_avg": 38.09700605905137,
  "failed_rate": 0.3,
  "second_runner_break_even_orders": 7.031944444444445,
  "queue_wait_avg": 24.392592592592592,
  "runner_utilization_driving_pct": 34.70859502069825,
  "runner_utilization_prep_pct": 0.0,
  "runner_utilization_idle_pct": 65.29140497930175,
  "distance_per_delivery_avg": 1244.6829247301532,
  "zone_service_times": {
    "hole_2": 18.213930127186206,
    "hole_10": 30.811586129504878,
    "hole_18": 37.965448488889706,
    "hole_8": 46.95679352062228,
    "hole_7": 63.745824037861894,
    "hole_14": 66.28766823949731,
    "hole_6": 40.503146956287736,
    "hole_4": 38.57256493018649
  },
  "total_revenue": 540.0,
  "total_orders": 30,
  "successful_orders": 18,
  "failed_orders": 9,
  "total_rounds": 25,
  "active_runner_hours": 7.031944444444444
}