{
  "variantKey": "front_mid_back",
  "blockedHoles": [
    1,
    2,
    3,
    4,
    5,
    6,
    10,
    11,
    12
  ],
  "deliveryMetrics": {
    "totalOrders": 50,
    "successfulDeliveries": 48,
    "failedDeliveries": 0,
    "avgOrderTime": 23.15598565464399,
    "onTimePercentage": 68.75,
    "revenue": 1500.0,
    "ordersPerRunnerHour": 4.8,
    "lateOrders": 15,
    "runnerUtilizationPct": 23.64664957640514,
    "totalRunnerDriveMinutes": 425.6396923752925,
    "totalRunnerShiftMinutes": 1800.0,
    "runnerUtilizationByRunner": {
      "runner_1": {
        "driveMinutes": 166.79911957991058,
        "utilizationPct": 27.79985326331843,
        "shiftMinutes": 600.0
      },
      "runner_3": {
        "driveMinutes": 103.67877176294844,
        "utilizationPct": 17.27979529382474,
        "shiftMinutes": 600.0
      },
      "runner_2": {
        "driveMinutes": 155.16180103243354,
        "utilizationPct": 25.860300172072257,
        "shiftMinutes": 600.0
      }
    }
  },
  "bevCartMetrics": null,
  "hasRunners": true,
  "hasBevCart": false
}