{
  "simulation_id": "delivery_dynamic_10",
  "runner_id": "runner_1",
  "revenue_per_round": 42.857142857142854,
  "orders_per_runner_hour": 2.78819973506551,
  "on_time_rate": 1.0,
  "delivery_cycle_time_p90": 26.85146225755768,
  "delivery_cycle_time_avg": 16.600272999947943,
  "failed_rate": 0.0,
  "second_runner_break_even_orders": 7.173087260741057,
  "queue_wait_avg": 4.571296296296296,
  "runner_utilization_driving_pct": 20.717850828816424,
  "runner_utilization_prep_pct": 0.0,
  "runner_utilization_idle_pct": 79.28214917118358,
  "distance_per_delivery_avg": 1789.9965599625216,
  "zone_service_times": {
    "hole_3": 13.572036892429272,
    "hole_2": 20.540244327893575,
    "hole_16": 14.0316371583628,
    "hole_13": 19.988341120834654,
    "hole_1": 11.184620754270568,
    "hole_18": 15.411317454589,
    "hole_15": 17.652236686966503,
    "hole_14": 20.298583295022915,
    "hole_17": 16.940155040173543,
    "hole_9": 15.367359231766143
  },
  "total_revenue": 600.0,
  "total_orders": 20,
  "successful_orders": 20,
  "failed_orders": 0,
  "total_rounds": 14,
  "active_runner_hours": 7.173087260741057
}