{
  "simulation_id": "delivery_dynamic_05",
  "runner_id": "3_runners",
  "revenue_per_round": 36.0,
  "orders_per_runner_hour": 4.121348854206596,
  "on_time_rate": 1.0,
  "delivery_cycle_time_p90": 22.058779896736613,
  "delivery_cycle_time_avg": 14.972041626105538,
  "failed_rate": 0.0,
  "second_runner_break_even_orders": 7.279170257421782,
  "queue_wait_avg": 0.06666666666666667,
  "runner_utilization_driving_pct": 79.29111278695866,
  "runner_utilization_prep_pct": 0.0,
  "runner_utilization_idle_pct": 20.708887213041336,
  "distance_per_delivery_avg": 1651.939319704793,
  "zone_service_times": {
    "hole_15": 13.215585996520545,
    "hole_13": 15.746631691884946,
    "hole_-1": 11.358058165074787,
    "hole_8": 13.501673522197052,
    "hole_9": 13.074204889797995,
    "hole_18": 11.840014408351635,
    "hole_6": 18.879189671844404,
    "hole_4": 21.769228178645637,
    "hole_7": 15.010328343925751,
    "hole_11": 13.839114235881606,
    "hole_2": 22.356431423504485,
    "hole_16": 12.177015923116294,
    "hole_14": 14.87544287201401,
    "hole_5": 22.151681640316745
  },
  "total_revenue": 900.0,
  "total_orders": 30,
  "successful_orders": 30,
  "failed_orders": 0,
  "total_rounds": 25,
  "active_runner_hours": 7.279170257421782
}