{
  "simulation_id": "delivery_dynamic_05",
  "runner_id": "2_runners",
  "revenue_per_round": 34.83870967741935,
  "orders_per_runner_hour": 4.91033901510479,
  "on_time_rate": 0.4722222222222222,
  "delivery_cycle_time_p90": 57.12782603831729,
  "delivery_cycle_time_avg": 34.604695811979525,
  "failed_rate": 0.1,
  "second_runner_break_even_orders": 7.331469352576208,
  "queue_wait_avg": 20.904285714285713,
  "runner_utilization_driving_pct": 82.9377480830519,
  "runner_utilization_prep_pct": 0.0,
  "runner_utilization_idle_pct": 17.0622519169481,
  "distance_per_delivery_avg": 1438.4444594917888,
  "zone_service_times": {
    "hole_15": 32.570127368662924,
    "hole_17": 40.11705692736036,
    "hole_8": 24.77264338899143,
    "hole_18": 37.99117347542838,
    "hole_9": 49.52559617955476,
    "hole_12": 24.422770951975714,
    "hole_-1": 37.67442261759473,
    "hole_6": 21.836793159114617
  },
  "total_revenue": 1080.0,
  "total_orders": 40,
  "successful_orders": 36,
  "failed_orders": 4,
  "total_rounds": 31,
  "active_runner_hours": 7.331469352576207
}