{
  "simulation_id": "delivery_dynamic_01",
  "runner_id": "runner_1",
  "revenue_per_round": 42.857142857142854,
  "orders_per_runner_hour": 2.779989367294289,
  "on_time_rate": 0.95,
  "delivery_cycle_time_p90": 29.81780842592274,
  "delivery_cycle_time_avg": 20.007303095037567,
  "failed_rate": 0.0,
  "second_runner_break_even_orders": 7.194272120351894,
  "queue_wait_avg": 7.845833333333333,
  "runner_utilization_driving_pct": 22.24157667974674,
  "runner_utilization_prep_pct": 0.0,
  "runner_utilization_idle_pct": 77.75842332025326,
  "distance_per_delivery_avg": 1556.258228427045,
  "zone_service_times": {
    "hole_9": 11.392040003159583,
    "hole_6": 19.507347419175453,
    "hole_14": 30.18881928426017,
    "hole_12": 18.73328989682268,
    "hole_17": 26.49388043198745,
    "hole_18": 18.110290061017732,
    "hole_16": 23.727159527180145,
    "hole_15": 29.445181473475653,
    "hole_10": 11.027971418099666,
    "hole_13": 13.620266271981018
  },
  "total_revenue": 600.0,
  "total_orders": 20,
  "successful_orders": 20,
  "failed_orders": 0,
  "total_rounds": 14,
  "active_runner_hours": 7.194272120351893
}