{
  "simulation_id": "delivery_dynamic_04",
  "runner_id": "runner_1",
  "revenue_per_round": 22.5,
  "orders_per_runner_hour": 2.450368689733409,
  "on_time_rate": 0.4444444444444444,
  "delivery_cycle_time_p90": 57.14147782495428,
  "delivery_cycle_time_avg": 35.02770738182716,
  "failed_rate": 0.3333333333333333,
  "second_runner_break_even_orders": 7.345833333333334,
  "queue_wait_avg": 21.241666666666667,
  "runner_utilization_driving_pct": 38.42069405861942,
  "runner_utilization_prep_pct": 0.0,
  "runner_utilization_idle_pct": 61.57930594138058,
  "distance_per_delivery_avg": 1272.109680293926,
  "zone_service_times": {
    "hole_13": 17.351026526208503,
    "hole_18": 35.909861835958026,
    "hole_7": 36.76249070452856,
    "hole_17": 28.71874492648361,
    "hole_15": 53.38683755346392,
    "hole_6": 53.531049358463314,
    "hole_9": 47.07422996918776,
    "hole_-1": 62.58775564420151,
    "hole_10": 19.68286282233916,
    "hole_12": 35.051210690576895
  },
  "total_revenue": 540.0,
  "total_orders": 30,
  "successful_orders": 18,
  "failed_orders": 10,
  "total_rounds": 24,
  "active_runner_hours": 7.345833333333333
}