{
  "simulation_id": "delivery_dynamic_07",
  "runner_id": "2_runners",
  "revenue_per_round": 35.294117647058826,
  "orders_per_runner_hour": 2.76594701983471,
  "on_time_rate": 1.0,
  "delivery_cycle_time_p90": 21.966633360855376,
  "delivery_cycle_time_avg": 15.976636787579391,
  "failed_rate": 0.0,
  "second_runner_break_even_orders": 7.2307964890792364,
  "queue_wait_avg": 0.8333333333333334,
  "runner_utilization_driving_pct": 54.03132017488856,
  "runner_utilization_prep_pct": 0.0,
  "runner_utilization_idle_pct": 45.96867982511144,
  "distance_per_delivery_avg": 1798.1499606266716,
  "zone_service_times": {
    "hole_13": 16.143987127500928,
    "hole_2": 22.67045361753923,
    "hole_15": 14.786551376338775,
    "hole_9": 11.397393477054841,
    "hole_-1": 10.976756523907428,
    "hole_4": 21.38228850129126,
    "hole_17": 21.228727797046666,
    "hole_11": 15.841547100049866,
    "hole_5": 22.011337116189498,
    "hole_18": 12.57104597984835,
    "hole_12": 17.43616595916507,
    "hole_14": 14.565671539587735
  },
  "total_revenue": 600.0,
  "total_orders": 20,
  "successful_orders": 20,
  "failed_orders": 0,
  "total_rounds": 17,
  "active_runner_hours": 7.230796489079237
}