{
  "simulation_id": "delivery_dynamic_04",
  "runner_id": "3_runners",
  "revenue_per_round": 31.57894736842105,
  "orders_per_runner_hour": 2.7926914384619197,
  "on_time_rate": 1.0,
  "delivery_cycle_time_p90": 14.682548910055544,
  "delivery_cycle_time_avg": 12.730967853282403,
  "failed_rate": 0.0,
  "second_runner_break_even_orders": 7.161550225188873,
  "queue_wait_avg": 0.04,
  "runner_utilization_driving_pct": 44.15562664830944,
  "runner_utilization_prep_pct": 0.0,
  "runner_utilization_idle_pct": 55.84437335169056,
  "distance_per_delivery_avg": 907.5251987028884,
  "zone_service_times": {
    "hole_9": 12.25810842379998,
    "hole_18": 11.840014459268705,
    "hole_10": 10.570174323192047,
    "hole_17": 14.401857254872752,
    "hole_14": 14.658960320565065,
    "hole_15": 14.279147460467902,
    "hole_16": 12.827434707757524,
    "hole_8": 13.572747068472806,
    "hole_-1": 10.381063506561501
  },
  "total_revenue": 600.0,
  "total_orders": 20,
  "successful_orders": 20,
  "failed_orders": 0,
  "total_rounds": 19,
  "active_runner_hours": 7.161550225188874
}