{
  "variantKey": "front_mid_back",
  "blockedHoles": [
    1,
    2,
    3,
    4,
    5,
    6,
    10,
    11,
    12
  ],
  "deliveryMetrics": {
    "totalOrders": 20,
    "successfulDeliveries": 20,
    "failedDeliveries": 0,
    "avgOrderTime": 12.730967853282403,
    "onTimePercentage": 100.0,
    "revenue": 600.0,
    "ordersPerRunnerHour": 2.0,
    "lateOrders": 0,
    "runnerUtilizationPct": 10.540757932218543,
    "totalRunnerDriveMinutes": 189.73364277993377,
    "totalRunnerShiftMinutes": 1800.0,
    "runnerUtilizationByRunner": {
      "runner_1": {
        "driveMinutes": 113.02673780103449,
        "utilizationPct": 18.837789633505746,
        "shiftMinutes": 600.0
      },
      "runner_2": {
        "driveMinutes": 59.41309441043985,
        "utilizationPct": 9.902182401739974,
        "shiftMinutes": 600.0
      },
      "runner_3": {
        "driveMinutes": 17.293810568459474,
        "utilizationPct": 2.882301761409912,
        "shiftMinutes": 600.0
      }
    }
  },
  "bevCartMetrics": null,
  "hasRunners": true,
  "hasBevCart": false
}