{
  "simulation_id": "delivery_dynamic_03",
  "runner_id": "runner_1",
  "revenue_per_round": 16.071428571428573,
  "orders_per_runner_hour": 2.1310181531176005,
  "on_time_rate": 0.2,
  "delivery_cycle_time_p90": 63.538852350637285,
  "delivery_cycle_time_avg": 47.763003794737486,
  "failed_rate": 0.475,
  "second_runner_break_even_orders": 7.038888888888889,
  "queue_wait_avg": 34.44111111111111,
  "runner_utilization_driving_pct": 29.274959920422905,
  "runner_utilization_prep_pct": 0.0,
  "runner_utilization_idle_pct": 70.7250400795771,
  "distance_per_delivery_avg": 1116.1559416984637,
  "zone_service_times": {
    "hole_15": 29.33016336701697,
    "hole_18": 47.45341174028101,
    "hole_17": 58.51005410980057,
    "hole_12": 65.37610929019787,
    "hole_8": 45.22571519989629,
    "hole_9": 54.99089663585437
  },
  "total_revenue": 450.0,
  "total_orders": 40,
  "successful_orders": 15,
  "failed_orders": 19,
  "total_rounds": 28,
  "active_runner_hours": 7.038888888888889
}