{
  "simulation_id": "delivery_dynamic_02",
  "runner_id": "3_runners",
  "revenue_per_round": 37.5,
  "orders_per_runner_hour": 2.901191762189489,
  "on_time_rate": 1.0,
  "delivery_cycle_time_p90": 18.082326834374726,
  "delivery_cycle_time_avg": 13.030067960452662,
  "failed_rate": 0.0,
  "second_runner_break_even_orders": 6.893718733334014,
  "queue_wait_avg": 0.03461538461538462,
  "runner_utilization_driving_pct": 46.7780163428115,
  "runner_utilization_prep_pct": 0.0,
  "runner_utilization_idle_pct": 53.2219836571885,
  "distance_per_delivery_avg": 1010.5428347120936,
  "zone_service_times": {
    "hole_15": 18.19088408818176,
    "hole_9": 11.95202262102486,
    "hole_11": 13.160187810931498,
    "hole_16": 17.2553115501114,
    "hole_10": 11.986370430135185,
    "hole_18": 10.86211294177739,
    "hole_17": 15.289883473594092
  },
  "total_revenue": 600.0,
  "total_orders": 20,
  "successful_orders": 20,
  "failed_orders": 0,
  "total_rounds": 16,
  "active_runner_hours": 6.893718733334014
}