{
  "variantKey": "front_mid_back",
  "blockedHoles": [
    1,
    2,
    3,
    4,
    5,
    6,
    10,
    11,
    12
  ],
  "deliveryMetrics": {
    "totalOrders": 20,
    "successfulDeliveries": 20,
    "failedDeliveries": 0,
    "avgOrderTime": 13.030067960452662,
    "onTimePercentage": 100.0,
    "revenue": 600.0,
    "ordersPerRunnerHour": 2.0,
    "lateOrders": 0,
    "runnerUtilizationPct": 10.74914958568814,
    "totalRunnerDriveMinutes": 193.48469254238654,
    "totalRunnerShiftMinutes": 1800.0,
    "runnerUtilizationByRunner": {
      "runner_1": {
        "driveMinutes": 101.06864428477634,
        "utilizationPct": 16.844774047462725,
        "shiftMinutes": 600.0
      },
      "runner_2": {
        "driveMinutes": 65.18082295850097,
        "utilizationPct": 10.863470493083495,
        "shiftMinutes": 600.0
      },
      "runner_3": {
        "driveMinutes": 27.235225299109274,
        "utilizationPct": 4.539204216518213,
        "shiftMinutes": 600.0
      }
    }
  },
  "bevCartMetrics": null,
  "hasRunners": true,
  "hasBevCart": false
}