{
  "simulation_id": "delivery_dynamic_01",
  "runner_id": "runner_1",
  "revenue_per_round": 25.0,
  "orders_per_runner_hour": 2.582543742539799,
  "on_time_rate": 0.5217391304347826,
  "delivery_cycle_time_p90": 57.25531189576643,
  "delivery_cycle_time_avg": 33.44079710117795,
  "failed_rate": 0.08,
  "second_runner_break_even_orders": 11.132434865062868,
  "queue_wait_avg": 25.180555555555557,
  "runner_utilization_driving_pct": 28.21933833003028,
  "runner_utilization_prep_pct": 0.0,
  "runner_utilization_idle_pct": 71.78066166996972,
  "distance_per_delivery_avg": 1200.942956434482,
  "zone_service_times": {
    "hole_15": 12.897382860167939,
    "hole_17": 32.31018073313338,
    "hole_12": 44.6179217771973,
    "hole_18": 33.41170353960143,
    "hole_11": 16.057493720720473,
    "hole_13": 56.77534253953472,
    "hole_9": 22.761922663093355,
    "hole_14": 57.575291466587565,
    "hole_10": 17.983255768523183
  },
  "total_revenue": 575.0,
  "total_orders": 25,
  "successful_orders": 23,
  "failed_orders": 2,
  "total_rounds": 23,
  "active_runner_hours": 8.905947892050294
}