{
  "simulation_id": "delivery_dynamic_02",
  "runner_id": "3_runners",
  "revenue_per_round": 45.45454545454545,
  "orders_per_runner_hour": 6.965195553414493,
  "on_time_rate": 0.76,
  "delivery_cycle_time_p90": 35.58376463385703,
  "delivery_cycle_time_avg": 22.042335871743916,
  "failed_rate": 0.0,
  "second_runner_break_even_orders": 7.178549348192942,
  "queue_wait_avg": 9.405434782608696,
  "runner_utilization_driving_pct": 100.0,
  "runner_utilization_prep_pct": 0.0,
  "runner_utilization_idle_pct": 0.0,
  "distance_per_delivery_avg": 1138.816852905958,
  "zone_service_times": {
    "hole_9": 21.27257481796443,
    "hole_17": 24.208879120879818,
    "hole_-1": 27.949422617594728,
    "hole_18": 20.480273993211124,
    "hole_8": 24.540696894865533,
    "hole_11": 26.65703564946874,
    "hole_10": 19.988851190174167,
    "hole_7": 30.527232395452724,
    "hole_6": 19.116307622608957,
    "hole_15": 17.419208498398074,
    "hole_16": 19.71182960480902
  },
  "total_revenue": 1500.0,
  "total_orders": 50,
  "successful_orders": 50,
  "failed_orders": 0,
  "total_rounds": 33,
  "active_runner_hours": 7.178549348192943
}