{
  "simulation_id": "delivery_dynamic_01",
  "runner_id": "2_runners",
  "revenue_per_round": 33.333333333333336,
  "orders_per_runner_hour": 2.8051175905295613,
  "on_time_rate": 1.0,
  "delivery_cycle_time_p90": 13.829634796707044,
  "delivery_cycle_time_avg": 12.249918188178823,
  "failed_rate": 0.0,
  "second_runner_break_even_orders": 7.129825882352518,
  "queue_wait_avg": 0.5966666666666667,
  "runner_utilization_driving_pct": 20.504247901142563,
  "runner_utilization_prep_pct": 0.0,
  "runner_utilization_idle_pct": 79.49575209885744,
  "distance_per_delivery_avg": 1297.7410954887544,
  "zone_service_times": {
    "hole_10": 10.55585246192299,
    "hole_18": 10.494361964164431,
    "hole_2": 11.940573134409533,
    "hole_14": 13.204504501199397,
    "hole_17": 12.154327640274309,
    "hole_9": 11.220030518493997,
    "hole_15": 13.822968130040378,
    "hole_16": 21.716474025178528,
    "hole_13": 13.457935188283713,
    "hole_12": 12.31180383345818,
    "hole_8": 11.59514862704891
  },
  "total_revenue": 600.0,
  "total_orders": 20,
  "successful_orders": 20,
  "failed_orders": 0,
  "total_rounds": 18,
  "active_runner_hours": 7.1298258823525185
}