{
  "simulation_id": "delivery_dynamic_10",
  "runner_id": "runner_1",
  "revenue_per_round": 19.615384615384617,
  "orders_per_runner_hour": 2.388292682926829,
  "on_time_rate": 0.11764705882352941,
  "delivery_cycle_time_p90": 62.58195173166939,
  "delivery_cycle_time_avg": 45.929829253121426,
  "failed_rate": 0.45,
  "second_runner_break_even_orders": 7.118055555555555,
  "queue_wait_avg": 32.745098039215684,
  "runner_utilization_driving_pct": 35.812672260508414,
  "runner_utilization_prep_pct": 0.0,
  "runner_utilization_idle_pct": 64.1873277394916,
  "distance_per_delivery_avg": 1070.0696878723315,
  "zone_service_times": {
    "hole_16": 17.506274013824925,
    "hole_12": 46.37028351978879,
    "hole_8": 37.00134605689145,
    "hole_18": 53.90300251170459,
    "hole_13": 65.89721617890828,
    "hole_11": 51.72637321976533,
    "hole_17": 39.656913591197736,
    "hole_7": 37.38508456549556,
    "hole_9": 28.680561911532397,
    "hole_10": 49.40966109014783
  },
  "total_revenue": 510.0,
  "total_orders": 40,
  "successful_orders": 17,
  "failed_orders": 18,
  "total_rounds": 26,
  "active_runner_hours": 7.118055555555555
}