{
  "simulation_id": "delivery_dynamic_05",
  "runner_id": "3_runners",
  "revenue_per_round": 38.70967741935484,
  "orders_per_runner_hour": 5.553437847131169,
  "on_time_rate": 0.925,
  "delivery_cycle_time_p90": 25.389335796148455,
  "delivery_cycle_time_avg": 16.18535571816876,
  "failed_rate": 0.0,
  "second_runner_break_even_orders": 7.202745596705194,
  "queue_wait_avg": 3.9525252525252528,
  "runner_utilization_driving_pct": 78.58113235037543,
  "runner_utilization_prep_pct": 0.0,
  "runner_utilization_idle_pct": 21.418867649624573,
  "distance_per_delivery_avg": 982.6395213047007,
  "zone_service_times": {
    "hole_14": 15.277091351736978,
    "hole_17": 14.200601617424173,
    "hole_15": 12.474661564705194,
    "hole_16": 12.419697498923375,
    "hole_-1": 14.494665536955608,
    "hole_18": 16.82938890201168,
    "hole_9": 20.670146301220182,
    "hole_10": 20.79841855285319,
    "hole_8": 18.042291892736163,
    "hole_11": 35.41873035193009
  },
  "total_revenue": 1200.0,
  "total_orders": 40,
  "successful_orders": 40,
  "failed_orders": 0,
  "total_rounds": 31,
  "active_runner_hours": 7.202745596705194
}