{
  "simulation_id": "delivery_dynamic_08",
  "runner_id": "3_runners",
  "revenue_per_round": 37.5,
  "orders_per_runner_hour": 2.837596171347018,
  "on_time_rate": 1.0,
  "delivery_cycle_time_p90": 21.95426559100713,
  "delivery_cycle_time_avg": 15.594756055778193,
  "failed_rate": 0.0,
  "second_runner_break_even_orders": 7.048219264584756,
  "queue_wait_avg": 0.33508771929824566,
  "runner_utilization_driving_pct": 57.89031232440303,
  "runner_utilization_prep_pct": 0.0,
  "runner_utilization_idle_pct": 42.10968767559697,
  "distance_per_delivery_avg": 1772.8780347414727,
  "zone_service_times": {
    "hole_7": 17.16725010187256,
    "hole_4": 21.992906008813378,
    "hole_-1": 10.389396839894834,
    "hole_6": 18.348791032841532,
    "hole_11": 16.656385698642225,
    "hole_10": 11.388263920776385,
    "hole_16": 13.111506135177317,
    "hole_15": 13.319884709672138,
    "hole_5": 22.01133711618956,
    "hole_17": 14.345394463713335
  },
  "total_revenue": 600.0,
  "total_orders": 20,
  "successful_orders": 20,
  "failed_orders": 0,
  "total_rounds": 16,
  "active_runner_hours": 7.048219264584756
}