{
  "simulation_id": "delivery_dynamic_07",
  "runner_id": "runner_1",
  "revenue_per_round": 12.857142857142858,
  "orders_per_runner_hour": 1.66988790104368,
  "on_time_rate": 0.16666666666666666,
  "delivery_cycle_time_p90": 64.00793711878389,
  "delivery_cycle_time_avg": 43.82057165165976,
  "failed_rate": 0.6,
  "second_runner_break_even_orders": 7.186111111111111,
  "queue_wait_avg": 30.4875,
  "runner_utilization_driving_pct": 27.7755155582115,
  "runner_utilization_prep_pct": 0.0,
  "runner_utilization_idle_pct": 72.2244844417885,
  "distance_per_delivery_avg": 1119.9120749576812,
  "zone_service_times": {
    "hole_8": 13.770797383041343,
    "hole_18": 38.076274089778146,
    "hole_9": 31.84739347705484,
    "hole_13": 65.46680345173523,
    "hole_-1": 42.33643197413382,
    "hole_12": 59.137906997122116,
    "hole_17": 51.488419483616596,
    "hole_10": 41.83578792826714
  },
  "total_revenue": 360.0,
  "total_orders": 50,
  "successful_orders": 12,
  "failed_orders": 30,
  "total_rounds": 28,
  "active_runner_hours": 7.186111111111111
}