{
  "simulation_id": "delivery_dynamic_01",
  "runner_id": "3_runners",
  "revenue_per_round": 45.45454545454545,
  "orders_per_runner_hour": 6.855024233549082,
  "on_time_rate": 0.64,
  "delivery_cycle_time_p90": 43.34194258083137,
  "delivery_cycle_time_avg": 26.140324133145267,
  "failed_rate": 0.0,
  "second_runner_break_even_orders": 7.293920239595314,
  "queue_wait_avg": 12.10744680851064,
  "runner_utilization_driving_pct": 100.0,
  "runner_utilization_prep_pct": 0.0,
  "runner_utilization_idle_pct": 0.0,
  "distance_per_delivery_avg": 1599.1329087368113,
  "zone_service_times": {
    "hole_4": 19.730014914325587,
    "hole_6": 30.916618114014838,
    "hole_7": 27.56104699960206,
    "hole_18": 23.498142014886618,
    "hole_15": 39.262052831512484,
    "hole_17": 20.055642587516985,
    "hole_16": 27.650982844420437,
    "hole_9": 20.431524716636098,
    "hole_3": 28.17174066309399,
    "hole_2": 33.92805496222936,
    "hole_12": 48.55809777247735,
    "hole_8": 27.305531602693492,
    "hole_14": 29.565302517891574,
    "hole_11": 26.316843415186817,
    "hole_10": 12.313055244846389
  },
  "total_revenue": 1500.0,
  "total_orders": 50,
  "successful_orders": 50,
  "failed_orders": 0,
  "total_rounds": 33,
  "active_runner_hours": 7.293920239595314
}