{
  "simulation_id": "delivery_dynamic_08",
  "runner_id": "3_runners",
  "revenue_per_round": 46.15384615384615,
  "orders_per_runner_hour": 5.4480289370024355,
  "on_time_rate": 0.975,
  "delivery_cycle_time_p90": 25.133752670963773,
  "delivery_cycle_time_avg": 17.852969817717533,
  "failed_rate": 0.0,
  "second_runner_break_even_orders": 7.342104908497132,
  "queue_wait_avg": 3.164102564102564,
  "runner_utilization_driving_pct": 100.0,
  "runner_utilization_prep_pct": 0.0,
  "runner_utilization_idle_pct": 0.0,
  "distance_per_delivery_avg": 1602.0378587530893,
  "zone_service_times": {
    "hole_3": 17.12814903757544,
    "hole_12": 14.59936157794202,
    "hole_8": 13.597908743137094,
    "hole_16": 19.85579279715075,
    "hole_6": 28.21916407366322,
    "hole_9": 19.123609102243,
    "hole_11": 15.19943356095996,
    "hole_14": 17.543899386033868,
    "hole_18": 15.70774151783508,
    "hole_10": 21.91356192926772,
    "hole_2": 15.659367877382435,
    "hole_17": 19.768449237847136,
    "hole_4": 24.30121351969313,
    "hole_15": 21.680960883728524,
    "hole_13": 17.34639328387457
  },
  "total_revenue": 1200.0,
  "total_orders": 40,
  "successful_orders": 40,
  "failed_orders": 0,
  "total_rounds": 26,
  "active_runner_hours": 7.342104908497133
}