{
  "simulation_id": "delivery_dynamic_01",
  "runner_id": "2_runners",
  "revenue_per_round": 37.5,
  "orders_per_runner_hour": 4.175650284974343,
  "on_time_rate": 0.8,
  "delivery_cycle_time_p90": 33.529493410729614,
  "delivery_cycle_time_avg": 19.94681932561149,
  "failed_rate": 0.0,
  "second_runner_break_even_orders": 7.18450970569829,
  "queue_wait_avg": 7.5115384615384615,
  "runner_utilization_driving_pct": 71.41904299237697,
  "runner_utilization_prep_pct": 0.0,
  "runner_utilization_idle_pct": 28.580957007623027,
  "distance_per_delivery_avg": 1154.7712934054578,
  "zone_service_times": {
    "hole_16": 18.303756953749115,
    "hole_15": 22.406954058636924,
    "hole_11": 24.87277238338011,
    "hole_18": 17.285190197725896,
    "hole_7": 14.385975315159278,
    "hole_14": 14.402864254335872,
    "hole_10": 17.942182649490526,
    "hole_13": 27.87967776300245,
    "hole_9": 13.96169476472281,
    "hole_12": 31.385215068004374,
    "hole_-1": 12.147730173228169,
    "hole_8": 13.387631104064834
  },
  "total_revenue": 900.0,
  "total_orders": 30,
  "successful_orders": 30,
  "failed_orders": 0,
  "total_rounds": 24,
  "active_runner_hours": 7.18450970569829
}