{
  "simulation_id": "delivery_dynamic_06",
  "runner_id": "runner_1",
  "revenue_per_round": 16.0,
  "orders_per_runner_hour": 2.2451763788735137,
  "on_time_rate": 0.125,
  "delivery_cycle_time_p90": 60.7829838288544,
  "delivery_cycle_time_avg": 46.13639953490215,
  "failed_rate": 0.475,
  "second_runner_break_even_orders": 7.126388888888889,
  "queue_wait_avg": 33.411458333333336,
  "runner_utilization_driving_pct": 34.14071602558256,
  "runner_utilization_prep_pct": 0.0,
  "runner_utilization_idle_pct": 65.85928397441744,
  "distance_per_delivery_avg": 915.5802437271249,
  "zone_service_times": {
    "hole_4": 18.348454568069823,
    "hole_11": 32.24231263754021,
    "hole_18": 40.50192194339807,
    "hole_13": 45.401026526208504,
    "hole_10": 54.43493572229208,
    "hole_12": 59.854098086384575,
    "hole_8": 60.79261309533727
  },
  "total_revenue": 480.0,
  "total_orders": 40,
  "successful_orders": 16,
  "failed_orders": 19,
  "total_rounds": 30,
  "active_runner_hours": 7.126388888888889
}