{
  "simulation_id": "delivery_dynamic_06",
  "runner_id": "2_runners",
  "revenue_per_round": 28.181818181818183,
  "orders_per_runner_hour": 4.312210200927357,
  "on_time_rate": 0.4838709677419355,
  "delivery_cycle_time_p90": 62.93257891792346,
  "delivery_cycle_time_avg": 35.12185703117321,
  "failed_rate": 0.3,
  "second_runner_break_even_orders": 7.188888888888889,
  "queue_wait_avg": 20.573333333333334,
  "runner_utilization_driving_pct": 85.48386980893972,
  "runner_utilization_prep_pct": 0.0,
  "runner_utilization_idle_pct": 14.516130191060284,
  "distance_per_delivery_avg": 1751.2923495709713,
  "zone_service_times": {
    "hole_14": 29.924692073344115,
    "hole_11": 33.428945265471825,
    "hole_17": 18.129814437014403,
    "hole_3": 28.92543608582473,
    "hole_18": 32.42012658061212,
    "hole_15": 38.26326633497283,
    "hole_4": 39.635725673517086,
    "hole_13": 33.50278134945402,
    "hole_9": 43.289415951937876,
    "hole_12": 63.684198081845835,
    "hole_-1": 51.36894396666024,
    "hole_6": 57.62160760500589,
    "hole_5": 23.044670363084876,
    "hole_10": 24.04834830639799,
    "hole_16": 19.66474165012502
  },
  "total_revenue": 930.0,
  "total_orders": 50,
  "successful_orders": 31,
  "failed_orders": 15,
  "total_rounds": 33,
  "active_runner_hours": 7.188888888888889
}