{
  "simulation_id": "delivery_dynamic_03",
  "runner_id": "2_runners",
  "revenue_per_round": 29.09090909090909,
  "orders_per_runner_hour": 4.293701080879613,
  "on_time_rate": 0.40625,
  "delivery_cycle_time_p90": 58.533247824319844,
  "delivery_cycle_time_avg": 35.93916207596914,
  "failed_rate": 0.3,
  "second_runner_break_even_orders": 7.4527777777777775,
  "queue_wait_avg": 20.21875,
  "runner_utilization_driving_pct": 95.51266615250799,
  "runner_utilization_prep_pct": 0.0,
  "runner_utilization_idle_pct": 4.48733384749201,
  "distance_per_delivery_avg": 1922.0584575256319,
  "zone_service_times": {
    "hole_14": 32.59354760694988,
    "hole_11": 29.132331791603185,
    "hole_3": 32.19382580007229,
    "hole_7": 42.66872097515604,
    "hole_9": 24.564535911409457,
    "hole_12": 38.45284049647086,
    "hole_16": 63.3778535720614,
    "hole_10": 52.755823554193555,
    "hole_8": 42.27488076814722,
    "hole_13": 39.23611468278735,
    "hole_6": 43.99746857833155,
    "hole_4": 32.733025313203406,
    "hole_18": 21.80610577272934,
    "hole_5": 33.410014887207396,
    "hole_15": 31.30630015646675
  },
  "total_revenue": 960.0,
  "total_orders": 50,
  "successful_orders": 32,
  "failed_orders": 15,
  "total_rounds": 33,
  "active_runner_hours": 7.4527777777777775
}