{
  "simulation_id": "delivery_dynamic_05",
  "runner_id": "runner_1",
  "revenue_per_round": 27.6,
  "orders_per_runner_hour": 3.2714342157250096,
  "on_time_rate": 0.30434782608695654,
  "delivery_cycle_time_p90": 59.47754063630216,
  "delivery_cycle_time_avg": 39.877990580477785,
  "failed_rate": 0.16666666666666666,
  "second_runner_break_even_orders": 7.030555555555555,
  "queue_wait_avg": 28.820454545454545,
  "runner_utilization_driving_pct": 34.046615684040994,
  "runner_utilization_prep_pct": 0.0,
  "runner_utilization_idle_pct": 65.953384315959,
  "distance_per_delivery_avg": 776.3613567796713,
  "zone_service_times": {
    "hole_16": 18.039921609241688,
    "hole_9": 13.181524716636098,
    "hole_11": 34.09231263754021,
    "hole_18": 48.62734241672505,
    "hole_14": 55.44415184809046,
    "hole_10": 27.899208278907523,
    "hole_17": 24.588662284655666
  },
  "total_revenue": 690.0,
  "total_orders": 30,
  "successful_orders": 23,
  "failed_orders": 5,
  "total_rounds": 25,
  "active_runner_hours": 7.030555555555556
}