{
  "simulation_id": "delivery_dynamic_03",
  "runner_id": "runner_1",
  "revenue_per_round": 20.869565217391305,
  "orders_per_runner_hour": 2.2265172013915735,
  "on_time_rate": 0.1875,
  "delivery_cycle_time_p90": 55.786937476160084,
  "delivery_cycle_time_avg": 44.98248088703785,
  "failed_rate": 0.475,
  "second_runner_break_even_orders": 7.186111111111111,
  "queue_wait_avg": 30.985416666666666,
  "runner_utilization_driving_pct": 30.018372942125126,
  "runner_utilization_prep_pct": 0.0,
  "runner_utilization_idle_pct": 69.98162705787487,
  "distance_per_delivery_avg": 1343.0135780447208,
  "zone_service_times": {
    "hole_17": 34.51717166677499,
    "hole_18": 41.88936230340315,
    "hole_14": 34.79389938603387,
    "hole_13": 55.17192102530898,
    "hole_12": 52.46230528481598,
    "hole_16": 54.791532320147965,
    "hole_15": 42.03298742738904
  },
  "total_revenue": 480.0,
  "total_orders": 40,
  "successful_orders": 16,
  "failed_orders": 19,
  "total_rounds": 23,
  "active_runner_hours": 7.186111111111111
}