{
  "simulation_id": "delivery_dynamic_05",
  "runner_id": "3_runners",
  "revenue_per_round": 50.0,
  "orders_per_runner_hour": 6.852241397888997,
  "on_time_rate": 0.8,
  "delivery_cycle_time_p90": 38.230108505264425,
  "delivery_cycle_time_avg": 22.853503298362767,
  "failed_rate": 0.0,
  "second_runner_break_even_orders": 7.29688245008469,
  "queue_wait_avg": 8.916319444444444,
  "runner_utilization_driving_pct": 100.0,
  "runner_utilization_prep_pct": 0.0,
  "runner_utilization_idle_pct": 0.0,
  "distance_per_delivery_avg": 1442.7291082498903,
  "zone_service_times": {
    "hole_9": 19.440518810523372,
    "hole_-1": 20.571766017817996,
    "hole_16": 28.123181330584522,
    "hole_8": 16.899921889183325,
    "hole_18": 24.94259568669011,
    "hole_17": 23.418415926131047,
    "hole_14": 24.438848012396008,
    "hole_10": 18.138432384714015,
    "hole_12": 40.26787735724362,
    "hole_7": 43.10871845052146,
    "hole_6": 21.695597298047566,
    "hole_11": 13.325645970873545
  },
  "total_revenue": 1500.0,
  "total_orders": 50,
  "successful_orders": 50,
  "failed_orders": 0,
  "total_rounds": 30,
  "active_runner_hours": 7.29688245008469
}