{
  "simulation_id": "delivery_dynamic_05",
  "runner_id": "2_runners",
  "revenue_per_round": 33.333333333333336,
  "orders_per_runner_hour": 2.781700792652702,
  "on_time_rate": 1.0,
  "delivery_cycle_time_p90": 18.778154311004158,
  "delivery_cycle_time_avg": 15.006923964638915,
  "failed_rate": 0.0,
  "second_runner_break_even_orders": 7.189845885950761,
  "queue_wait_avg": 1.1797619047619048,
  "runner_utilization_driving_pct": 43.392965618202176,
  "runner_utilization_prep_pct": 0.0,
  "runner_utilization_idle_pct": 56.607034381797824,
  "distance_per_delivery_avg": 1404.8464521186795,
  "zone_service_times": {
    "hole_14": 17.094151848090466,
    "hole_1": 12.793716143823985,
    "hole_18": 16.91311616758121,
    "hole_9": 12.064908601208906,
    "hole_15": 17.53683755346392,
    "hole_10": 11.426327756814498,
    "hole_2": 14.603153333302544,
    "hole_4": 18.821760238993253,
    "hole_17": 15.204096772352399,
    "hole_11": 13.210669068764279
  },
  "total_revenue": 600.0,
  "total_orders": 20,
  "successful_orders": 20,
  "failed_orders": 0,
  "total_rounds": 18,
  "active_runner_hours": 7.189845885950761
}