{
  "simulation_id": "delivery_dynamic_01",
  "runner_id": "3_runners",
  "revenue_per_round": 35.416666666666664,
  "orders_per_runner_hour": 3.4,
  "on_time_rate": 1.0,
  "delivery_cycle_time_p90": 17.811179250850664,
  "delivery_cycle_time_avg": 15.513393774095215,
  "failed_rate": 0.0,
  "second_runner_break_even_orders": 12.5,
  "queue_wait_avg": 0.0,
  "runner_utilization_driving_pct": 18.791440075587502,
  "runner_utilization_waiting_pct": 24.958457806513838,
  "distance_per_delivery_avg": 1032.4302878828798,
  "zone_service_times": {
    "hole_3": 15.588634211694472,
    "hole_14": 12.731536843034094,
    "hole_9": 10.387938832905942,
    "hole_12": 16.69301656787709,
    "hole_13": 15.764027570476022,
    "hole_7": 14.857424848431018,
    "hole_15": 16.795756734356313,
    "hole_1": 14.109280510539278,
    "hole_11": 16.2927458039464,
    "hole_8": 17.945016792727134,
    "hole_5": 15.631491434328321,
    "hole_10": 15.55694303970349,
    "hole_18": 14.435058978277388,
    "hole_6": 17.6773417089742
  },
  "total_revenue": 850.0,
  "total_orders": 34,
  "successful_orders": 34,
  "failed_orders": 0,
  "total_rounds": 24,
  "active_runner_hours": 10.0
}