{
  "simulation_id": "delivery_dynamic_06",
  "runner_id": "3_runners",
  "revenue_per_round": 46.875,
  "orders_per_runner_hour": 6.899699162488801,
  "on_time_rate": 0.9,
  "delivery_cycle_time_p90": 29.979769030128175,
  "delivery_cycle_time_avg": 18.228259929672543,
  "failed_rate": 0.0,
  "second_runner_break_even_orders": 7.246692764784895,
  "queue_wait_avg": 4.8884920634920634,
  "runner_utilization_driving_pct": 100.0,
  "runner_utilization_prep_pct": 0.0,
  "runner_utilization_idle_pct": 0.0,
  "distance_per_delivery_avg": 1384.9673363699753,
  "zone_service_times": {
    "hole_16": 17.323553407372692,
    "hole_8": 20.490455877850284,
    "hole_17": 17.634414856042397,
    "hole_18": 14.789284466385187,
    "hole_11": 16.231561193794928,
    "hole_7": 28.693309201857158,
    "hole_-1": 20.32142749767642,
    "hole_10": 12.245907380041778,
    "hole_12": 26.472736204833716,
    "hole_9": 20.6831795185291,
    "hole_15": 17.234912681257264,
    "hole_6": 19.534899220427057
  },
  "total_revenue": 1500.0,
  "total_orders": 50,
  "successful_orders": 50,
  "failed_orders": 0,
  "total_rounds": 32,
  "active_runner_hours": 7.246692764784895
}