{
  "simulation_id": "delivery_dynamic_03",
  "runner_id": "3_runners",
  "revenue_per_round": 37.5,
  "orders_per_runner_hour": 3.010321811761191,
  "on_time_rate": 1.0,
  "delivery_cycle_time_p90": 22.802835339456387,
  "delivery_cycle_time_avg": 15.89555780804628,
  "failed_rate": 0.0,
  "second_runner_break_even_orders": 6.6438079549704305,
  "queue_wait_avg": 0.3714285714285714,
  "runner_utilization_driving_pct": 61.12547170858911,
  "runner_utilization_prep_pct": 0.0,
  "runner_utilization_idle_pct": 38.87452829141089,
  "distance_per_delivery_avg": 1893.5474235035501,
  "zone_service_times": {
    "hole_5": 21.79599254884033,
    "hole_2": 22.997637568812873,
    "hole_14": 14.81437036972127,
    "hole_9": 11.770023927136632,
    "hole_15": 13.050241493202794,
    "hole_18": 12.252543843197904,
    "hole_17": 18.834642161329974,
    "hole_13": 15.643125655308298,
    "hole_-1": 10.422730173228167,
    "hole_4": 21.562217057605388
  },
  "total_revenue": 600.0,
  "total_orders": 20,
  "successful_orders": 20,
  "failed_orders": 0,
  "total_rounds": 16,
  "active_runner_hours": 6.6438079549704305
}