{
  "simulation_id": "delivery_dynamic_01",
  "runner_id": "runner_1",
  "revenue_per_round": 50.0,
  "orders_per_runner_hour": 0.7281088414498867,
  "on_time_rate": 1.0,
  "delivery_cycle_time_p90": 20.81052442797342,
  "delivery_cycle_time_avg": 20.256885223974145,
  "failed_rate": 0.0,
  "second_runner_break_even_orders": 3.433552592249446,
  "queue_wait_avg": 8.699196691322687,
  "runner_utilization_driving_pct": 12.446881362187131,
  "runner_utilization_prep_pct": 12.135147357498113,
  "runner_utilization_idle_pct": 75.41797128031476,
  "distance_per_delivery_avg": 1901.3713387782905,
  "zone_service_times": {
    "hole_6": 19.703246019974873,
    "hole_18": 20.81052442797342
  },
  "total_revenue": 50.0,
  "total_orders": 2,
  "successful_orders": 2,
  "failed_orders": 0,
  "total_rounds": 1,
  "active_runner_hours": 2.746842073799557
}