{
  "simulation_id": "delivery_dynamic_02",
  "runner_id": "runner_1",
  "revenue_per_round": 16.666666666666668,
  "orders_per_runner_hour": 2.0777222008464795,
  "on_time_rate": 0.06666666666666667,
  "delivery_cycle_time_p90": 62.34603186824563,
  "delivery_cycle_time_avg": 52.041939586234854,
  "failed_rate": 0.525,
  "second_runner_break_even_orders": 7.219444444444445,
  "queue_wait_avg": 36.64222222222222,
  "runner_utilization_driving_pct": 39.31084449693816,
  "runner_utilization_prep_pct": 0.0,
  "runner_utilization_idle_pct": 60.68915550306184,
  "distance_per_delivery_avg": 1814.3050343082432,
  "zone_service_times": {
    "hole_5": 41.68501495204143,
    "hole_4": 41.971512331463416,
    "hole_12": 55.781553763745556,
    "hole_18": 52.054783328302136,
    "hole_-1": 52.6060635065615,
    "hole_11": 61.62244756921494,
    "hole_14": 52.72398258637668,
    "hole_16": 63.43140831679169,
    "hole_7": 60.55227703872236,
    "hole_15": 44.66340257528621,
    "hole_13": 54.466803451735174
  },
  "total_revenue": 450.0,
  "total_orders": 40,
  "successful_orders": 15,
  "failed_orders": 21,
  "total_rounds": 27,
  "active_runner_hours": 7.219444444444444
}