{
  "simulation_id": "delivery_dynamic_08",
  "runner_id": "3_runners",
  "revenue_per_round": 39.0,
  "orders_per_runner_hour": 5.34631979772281,
  "on_time_rate": 0.9743589743589743,
  "delivery_cycle_time_p90": 27.04566150089213,
  "delivery_cycle_time_avg": 16.962063539096842,
  "failed_rate": 0.0,
  "second_runner_break_even_orders": 7.2947375906341225,
  "queue_wait_avg": 3.816145833333333,
  "runner_utilization_driving_pct": 98.8697078578592,
  "runner_utilization_prep_pct": 0.0,
  "runner_utilization_idle_pct": 1.130292142140803,
  "distance_per_delivery_avg": 1287.171297854488,
  "zone_service_times": {
    "hole_15": 16.978875008018676,
    "hole_9": 12.199802337289062,
    "hole_10": 14.559641590470179,
    "hole_16": 17.13850386878044,
    "hole_-1": 20.56064341861218,
    "hole_8": 15.60469710458395,
    "hole_18": 20.409015724730065,
    "hole_5": 22.042176809831776,
    "hole_7": 18.880895937363373,
    "hole_14": 14.944593505535037,
    "hole_6": 19.43380219952096,
    "hole_4": 20.626832485356257,
    "hole_13": 15.48611468278735,
    "hole_17": 14.110272572112686
  },
  "total_revenue": 1170.0,
  "total_orders": 40,
  "successful_orders": 39,
  "failed_orders": 0,
  "total_rounds": 30,
  "active_runner_hours": 7.2947375906341225
}