{
  "simulation_id": "delivery_dynamic_03",
  "runner_id": "runner_1",
  "revenue_per_round": 31.875,
  "orders_per_runner_hour": 2.314731865756294,
  "on_time_rate": 0.4117647058823529,
  "delivery_cycle_time_p90": 61.598718041837174,
  "delivery_cycle_time_avg": 36.99088115899416,
  "failed_rate": 0.15,
  "second_runner_break_even_orders": 7.344263174277241,
  "queue_wait_avg": 22.970588235294116,
  "runner_utilization_driving_pct": 45.22744622253973,
  "runner_utilization_prep_pct": 0.0,
  "runner_utilization_idle_pct": 54.77255377746027,
  "distance_per_delivery_avg": 1350.8184223632152,
  "zone_service_times": {
    "hole_9": 31.539241498382843,
    "hole_11": 38.841892965970466,
    "hole_12": 40.32850057360571,
    "hole_18": 46.1680974392621,
    "hole_8": 37.79470825376056,
    "hole_14": 66.86152888936824,
    "hole_7": 16.927232395452727,
    "hole_-1": 16.424422617594733,
    "hole_16": 22.73768243490631
  },
  "total_revenue": 510.0,
  "total_orders": 20,
  "successful_orders": 17,
  "failed_orders": 3,
  "total_rounds": 16,
  "active_runner_hours": 7.344263174277241
}