{
  "simulation_id": "delivery_dynamic_08",
  "runner_id": "2_runners",
  "revenue_per_round": 30.0,
  "orders_per_runner_hour": 4.801650220656823,
  "on_time_rate": 0.45714285714285713,
  "delivery_cycle_time_p90": 59.62911154838448,
  "delivery_cycle_time_avg": 35.96848194571684,
  "failed_rate": 0.28,
  "second_runner_break_even_orders": 7.289160682598057,
  "queue_wait_avg": 21.928571428571427,
  "runner_utilization_driving_pct": 82.96004056060491,
  "runner_utilization_prep_pct": 0.0,
  "runner_utilization_idle_pct": 17.03995943939509,
  "distance_per_delivery_avg": 1357.409933760858,
  "zone_service_times": {
    "hole_2": 13.565008813874162,
    "hole_6": 31.89664328489648,
    "hole_4": 20.122564930186492,
    "hole_17": 29.370903930338198,
    "hole_3": 41.86485090838711,
    "hole_18": 35.44670768451208,
    "hole_-1": 49.9226286825251,
    "hole_10": 28.74122962140961,
    "hole_8": 40.27988119771108,
    "hole_11": 56.54083827299853,
    "hole_15": 60.505428710680704,
    "hole_9": 49.111007877594176,
    "hole_12": 24.822689689858088
  },
  "total_revenue": 1050.0,
  "total_orders": 50,
  "successful_orders": 35,
  "failed_orders": 14,
  "total_rounds": 35,
  "active_runner_hours": 7.289160682598057
}