{
  "simulation_id": "delivery_dynamic_05",
  "runner_id": "runner_1",
  "revenue_per_round": 14.0,
  "orders_per_runner_hour": 1.9846426461901951,
  "on_time_rate": 0.14285714285714285,
  "delivery_cycle_time_p90": 63.310712981288155,
  "delivery_cycle_time_avg": 48.002746622677385,
  "failed_rate": 0.525,
  "second_runner_break_even_orders": 7.054166666666666,
  "queue_wait_avg": 33.4202380952381,
  "runner_utilization_driving_pct": 39.06570480203811,
  "runner_utilization_prep_pct": 0.0,
  "runner_utilization_idle_pct": 60.93429519796189,
  "distance_per_delivery_avg": 1539.7228652196,
  "zone_service_times": {
    "hole_-1": 41.90555300907047,
    "hole_4": 20.363911312300175,
    "hole_18": 34.79116516568077,
    "hole_11": 51.312638160848365,
    "hole_13": 56.6974928496092,
    "hole_12": 65.64778934475423,
    "hole_7": 60.691692747641596,
    "hole_5": 60.97363661782207
  },
  "total_revenue": 420.0,
  "total_orders": 40,
  "successful_orders": 14,
  "failed_orders": 21,
  "total_rounds": 30,
  "active_runner_hours": 7.054166666666666
}