{
  "simulation_id": "delivery_dynamic_09",
  "runner_id": "3_runners",
  "revenue_per_round": 54.54545454545455,
  "orders_per_runner_hour": 5.483963343873872,
  "on_time_rate": 0.85,
  "delivery_cycle_time_p90": 34.21691410010808,
  "delivery_cycle_time_avg": 19.839909168123683,
  "failed_rate": 0.0,
  "second_runner_break_even_orders": 7.293994779283845,
  "queue_wait_avg": 5.344444444444444,
  "runner_utilization_driving_pct": 100.0,
  "runner_utilization_prep_pct": 0.0,
  "runner_utilization_idle_pct": 0.0,
  "distance_per_delivery_avg": 1690.0494804895577,
  "zone_service_times": {
    "hole_4": 20.145141790406132,
    "hole_9": 12.132795542549674,
    "hole_-1": 33.352700052883385,
    "hole_17": 21.135701371671207,
    "hole_8": 19.791518168056307,
    "hole_2": 16.65090161668078,
    "hole_18": 17.31516903262493,
    "hole_15": 17.201579347923992,
    "hole_7": 20.559603402205116,
    "hole_11": 18.10408142663717,
    "hole_12": 27.56883982125546,
    "hole_6": 25.711685833289266,
    "hole_16": 17.24553455156177,
    "hole_10": 11.149445760096508,
    "hole_3": 16.474780445468664
  },
  "total_revenue": 1200.0,
  "total_orders": 40,
  "successful_orders": 40,
  "failed_orders": 0,
  "total_rounds": 22,
  "active_runner_hours": 7.293994779283845
}