{
  "variantKey": "back",
  "blockedHoles": [
    10,
    11,
    12
  ],
  "deliveryMetrics": {
    "totalOrders": 40,
    "successfulDeliveries": 40,
    "failedDeliveries": 0,
    "avgOrderTime": 19.839909168123686,
    "onTimePercentage": 85.0,
    "revenue": 1200.0,
    "ordersPerRunnerHour": 4.0,
    "lateOrders": 6,
    "runnerUtilizationPct": 24.868052119639927,
    "totalRunnerDriveMinutes": 447.6249381535187,
    "totalRunnerShiftMinutes": 1800.0,
    "runnerUtilizationByRunner": {
      "runner_1": {
        "driveMinutes": 194.45372675259026,
        "utilizationPct": 32.408954458765045,
        "shiftMinutes": 600.0
      },
      "runner_2": {
        "driveMinutes": 134.74760802459653,
        "utilizationPct": 22.45793467076609,
        "shiftMinutes": 600.0
      },
      "runner_3": {
        "driveMinutes": 118.423603376332,
        "utilizationPct": 19.737267229388667,
        "shiftMinutes": 600.0
      }
    }
  },
  "bevCartMetrics": null,
  "hasRunners": true,
  "hasBevCart": false
}