{
  "simulation_id": "delivery_dynamic_05",
  "runner_id": "runner_1",
  "revenue_per_round": 40.0,
  "orders_per_runner_hour": 2.912886401602858,
  "on_time_rate": 0.85,
  "delivery_cycle_time_p90": 33.289447011282746,
  "delivery_cycle_time_avg": 19.579987032743794,
  "failed_rate": 0.0,
  "second_runner_break_even_orders": 6.866041871387333,
  "queue_wait_avg": 8.278947368421052,
  "runner_utilization_driving_pct": 23.294936908133526,
  "runner_utilization_prep_pct": 0.0,
  "runner_utilization_idle_pct": 76.70506309186648,
  "distance_per_delivery_avg": 1234.7906635755267,
  "zone_service_times": {
    "hole_9": 24.26962050681445,
    "hole_8": 25.93094808740152,
    "hole_12": 25.883289896822678,
    "hole_17": 15.524047054727937,
    "hole_10": 14.747629082657841,
    "hole_15": 13.574513543594701,
    "hole_18": 18.216675249441515,
    "hole_4": 14.795423920366254,
    "hole_6": 13.73055979287983
  },
  "total_revenue": 600.0,
  "total_orders": 20,
  "successful_orders": 20,
  "failed_orders": 0,
  "total_rounds": 15,
  "active_runner_hours": 6.866041871387333
}