{
  "course": "C:\\Main\\GIT\\simulation\\courses\\keswick_hall",
  "tee_scenario": "real_tee_sheet",
  "orders": 50,
  "variant": "mid_back",
  "runners": 1,
  "runs": 10,
  "on_time_mean": 0.12320221445221446,
  "failed_mean": 0.5980000000000001,
  "p90_mean": 64.27370166387063,
  "avg_delivery_time_mean": 47.501336574257024,
  "oph_mean": 1.8328949713474085,
  "on_time_wilson_lo": 0.22537563309481617,
  "on_time_wilson_hi": 0.30225368532589386,
  "total_successful_orders": 131,
  "total_orders": 500,
  "group_dir": "C:\\Main\\GIT\\simulation\\output\\keswick_hall\\20250828_090448_real_tee_sheet\\first_pass\\orders_050\\runners_1\\mid_back"
}