{
  "simulation_id": "delivery_dynamic_02",
  "runner_id": "runner_1",
  "revenue_per_round": 29.6875,
  "orders_per_runner_hour": 2.3881503823051795,
  "on_time_rate": 0.7368421052631579,
  "delivery_cycle_time_p90": 52.840143999419524,
  "delivery_cycle_time_avg": 25.504741522547764,
  "failed_rate": 0.0,
  "second_runner_break_even_orders": 9.94493486506287,
  "queue_wait_avg": 18.525641025641026,
  "runner_utilization_driving_pct": 24.84635054761723,
  "runner_utilization_prep_pct": 0.0,
  "runner_utilization_idle_pct": 75.15364945238277,
  "distance_per_delivery_avg": 909.9038210197842,
  "zone_service_times": {
    "hole_16": 23.820563248404667,
    "hole_10": 24.01103354630096,
    "hole_17": 33.81018073313338,
    "hole_18": 24.154759095156987,
    "hole_12": 52.840143999419524,
    "hole_15": 12.897382860167879
  },
  "total_revenue": 475.0,
  "total_orders": 19,
  "successful_orders": 19,
  "failed_orders": 0,
  "total_rounds": 16,
  "active_runner_hours": 7.955947892050295
}