{
  "simulation_id": "delivery_dynamic_08",
  "runner_id": "2_runners",
  "revenue_per_round": 36.0,
  "orders_per_runner_hour": 4.223688856742504,
  "on_time_rate": 0.4,
  "delivery_cycle_time_p90": 53.50378620805692,
  "delivery_cycle_time_avg": 33.0711049430711,
  "failed_rate": 0.0,
  "second_runner_break_even_orders": 7.102795924967193,
  "queue_wait_avg": 19.89666666666667,
  "runner_utilization_driving_pct": 70.1143089801269,
  "runner_utilization_prep_pct": 0.0,
  "runner_utilization_idle_pct": 29.885691019873093,
  "distance_per_delivery_avg": 1066.6112608718888,
  "zone_service_times": {
    "hole_18": 22.918061694326813,
    "hole_14": 17.077356933221786,
    "hole_13": 15.866179546951024,
    "hole_-1": 39.703285728783726,
    "hole_6": 34.12218453720543,
    "hole_15": 33.621869363518535,
    "hole_11": 28.98804152657337,
    "hole_8": 42.16605322188076,
    "hole_7": 46.412726102331,
    "hole_17": 52.8384194836166,
    "hole_9": 46.35947665355624,
    "hole_10": 48.901854284433824,
    "hole_12": 17.828702429682867,
    "hole_16": 17.296326926602948
  },
  "total_revenue": 900.0,
  "total_orders": 30,
  "successful_orders": 30,
  "failed_orders": 0,
  "total_rounds": 25,
  "active_runner_hours": 7.102795924967193
}