{
  "simulation_id": "delivery_dynamic_06",
  "runner_id": "2_runners",
  "revenue_per_round": 33.333333333333336,
  "orders_per_runner_hour": 2.7560082878339167,
  "on_time_rate": 1.0,
  "delivery_cycle_time_p90": 14.492139999568746,
  "delivery_cycle_time_avg": 12.264638998788882,
  "failed_rate": 0.0,
  "second_runner_break_even_orders": 7.2568722265051635,
  "queue_wait_avg": 0.3666666666666667,
  "runner_utilization_driving_pct": 21.561554788891694,
  "runner_utilization_prep_pct": 0.0,
  "runner_utilization_idle_pct": 78.4384452111083,
  "distance_per_delivery_avg": 1379.7400791279933,
  "zone_service_times": {
    "hole_2": 14.237469860076281,
    "hole_3": 13.694046240582308,
    "hole_17": 11.552558746844898,
    "hole_16": 13.710492860513478,
    "hole_10": 10.933192462881642,
    "hole_4": 14.444404792509127,
    "hole_18": 10.349303613654754,
    "hole_14": 13.271361322413032,
    "hole_9": 11.288032950796211,
    "hole_11": 11.67264128998892,
    "hole_12": 11.814347472141405
  },
  "total_revenue": 600.0,
  "total_orders": 20,
  "successful_orders": 20,
  "failed_orders": 0,
  "total_rounds": 18,
  "active_runner_hours": 7.2568722265051635
}