{
  "simulation_id": "delivery_dynamic_03",
  "runner_id": "2_runners",
  "revenue_per_round": 32.903225806451616,
  "orders_per_runner_hour": 4.699558456517566,
  "on_time_rate": 0.4411764705882353,
  "delivery_cycle_time_p90": 65.97993218911901,
  "delivery_cycle_time_avg": 37.84418894968379,
  "failed_rate": 0.28,
  "second_runner_break_even_orders": 7.2347222222222225,
  "queue_wait_avg": 24.795833333333334,
  "runner_utilization_driving_pct": 75.06733850834242,
  "runner_utilization_prep_pct": 0.0,
  "runner_utilization_idle_pct": 24.932661491657583,
  "distance_per_delivery_avg": 1514.329840034928,
  "zone_service_times": {
    "hole_2": 14.235523953622486,
    "hole_1": 12.945564340563822,
    "hole_17": 39.71861562477302,
    "hole_8": 23.393931909980044,
    "hole_6": 61.19680119442866,
    "hole_13": 48.791466022758364,
    "hole_18": 30.490606414775606,
    "hole_11": 41.715720664512354,
    "hole_16": 67.00819898681463,
    "hole_10": 46.300846065069706,
    "hole_3": 36.48248004533488,
    "hole_15": 18.391118235635926
  },
  "total_revenue": 1020.0,
  "total_orders": 50,
  "successful_orders": 34,
  "failed_orders": 14,
  "total_rounds": 31,
  "active_runner_hours": 7.2347222222222225
}