{
  "simulation_id": "delivery_dynamic_08",
  "runner_id": "runner_1",
  "revenue_per_round": 31.666666666666668,
  "orders_per_runner_hour": 2.6625645069656563,
  "on_time_rate": 0.42105263157894735,
  "delivery_cycle_time_p90": 56.61912126160054,
  "delivery_cycle_time_avg": 33.38521172171644,
  "failed_rate": 0.05,
  "second_runner_break_even_orders": 7.1359773445087376,
  "queue_wait_avg": 20.858771929824563,
  "runner_utilization_driving_pct": 44.85486379366349,
  "runner_utilization_prep_pct": 0.0,
  "runner_utilization_idle_pct": 55.14513620633651,
  "distance_per_delivery_avg": 848.8837700756715,
  "zone_service_times": {
    "hole_14": 14.944593505535037,
    "hole_9": 20.37107131276207,
    "hole_16": 42.86063696581075,
    "hole_11": 49.43044235113872,
    "hole_10": 30.735867913136918,
    "hole_-1": 29.809719675737142,
    "hole_15": 33.138402575286214,
    "hole_8": 13.670964437398167
  },
  "total_revenue": 570.0,
  "total_orders": 20,
  "successful_orders": 19,
  "failed_orders": 1,
  "total_rounds": 18,
  "active_runner_hours": 7.1359773445087376
}