{
  "simulation_id": "delivery_dynamic_08",
  "runner_id": "3_runners",
  "revenue_per_round": 37.5,
  "orders_per_runner_hour": 2.8706803578203046,
  "on_time_rate": 1.0,
  "delivery_cycle_time_p90": 21.306147353381512,
  "delivery_cycle_time_avg": 15.527353320948649,
  "failed_rate": 0.0,
  "second_runner_break_even_orders": 6.96698953107615,
  "queue_wait_avg": 0.19411764705882353,
  "runner_utilization_driving_pct": 56.98287290104977,
  "runner_utilization_prep_pct": 0.0,
  "runner_utilization_idle_pct": 43.01712709895023,
  "distance_per_delivery_avg": 1801.7507158387477,
  "zone_service_times": {
    "hole_15": 13.103747078603948,
    "hole_16": 13.113831317715237,
    "hole_4": 20.901582642779886,
    "hole_2": 23.2677955576001,
    "hole_18": 13.58943513861074,
    "hole_-1": 10.397730173228167,
    "hole_13": 17.13824109317308,
    "hole_17": 14.066906973664967,
    "hole_8": 13.770797383041343,
    "hole_11": 16.32574158903135,
    "hole_7": 14.71100358479786,
    "hole_10": 11.800016738447265,
    "hole_12": 17.116580873869964
  },
  "total_revenue": 600.0,
  "total_orders": 20,
  "successful_orders": 20,
  "failed_orders": 0,
  "total_rounds": 16,
  "active_runner_hours": 6.96698953107615
}