{
  "simulation_id": "delivery_dynamic_06",
  "runner_id": "2_runners",
  "revenue_per_round": 36.25,
  "orders_per_runner_hour": 4.036419981742303,
  "on_time_rate": 0.9655172413793104,
  "delivery_cycle_time_p90": 23.975412737855912,
  "delivery_cycle_time_avg": 15.655668213875337,
  "failed_rate": 0.0,
  "second_runner_break_even_orders": 7.184584391905194,
  "queue_wait_avg": 3.5873333333333335,
  "runner_utilization_driving_pct": 60.324837271572704,
  "runner_utilization_prep_pct": 0.0,
  "runner_utilization_idle_pct": 39.675162728427296,
  "distance_per_delivery_avg": 861.2148646896981,
  "zone_service_times": {
    "hole_14": 19.460528954622593,
    "hole_9": 17.534276831016033,
    "hole_10": 13.462911710843,
    "hole_18": 16.377505505329392,
    "hole_17": 19.073351658616808,
    "hole_8": 21.187631104064835,
    "hole_15": 12.86718275661391,
    "hole_-1": 10.397730173228169,
    "hole_16": 12.367360428143972
  },
  "total_revenue": 870.0,
  "total_orders": 30,
  "successful_orders": 29,
  "failed_orders": 0,
  "total_rounds": 24,
  "active_runner_hours": 7.184584391905194
}