{
  "simulation_id": "delivery_dynamic_01",
  "runner_id": "2_runners",
  "revenue_per_round": 35.294117647058826,
  "orders_per_runner_hour": 2.8202652409658486,
  "on_time_rate": 1.0,
  "delivery_cycle_time_p90": 26.39037805269237,
  "delivery_cycle_time_avg": 18.30929940525108,
  "failed_rate": 0.0,
  "second_runner_break_even_orders": 7.091531572807193,
  "queue_wait_avg": 3.4781250000000004,
  "runner_utilization_driving_pct": 58.713621974292266,
  "runner_utilization_prep_pct": 0.0,
  "runner_utilization_idle_pct": 41.286378025707734,
  "distance_per_delivery_avg": 1857.004600164362,
  "zone_service_times": {
    "hole_15": 18.509516167175303,
    "hole_5": 22.47886500673388,
    "hole_11": 18.643806016523165,
    "hole_16": 26.674371604358505,
    "hole_9": 13.627465714593049,
    "hole_14": 14.748888730903127,
    "hole_8": 13.955286283991153,
    "hole_3": 20.963137086301685,
    "hole_13": 15.833470118401904,
    "hole_18": 13.713113040945549,
    "hole_7": 14.626995087007526,
    "hole_4": 28.995876754527853
  },
  "total_revenue": 600.0,
  "total_orders": 20,
  "successful_orders": 20,
  "failed_orders": 0,
  "total_rounds": 17,
  "active_runner_hours": 7.091531572807193
}