{
  "simulation_id": "delivery_dynamic_06",
  "runner_id": "runner_1",
  "revenue_per_round": 35.625,
  "orders_per_runner_hour": 2.6221966647498562,
  "on_time_rate": 0.6842105263157895,
  "delivery_cycle_time_p90": 40.90300251170459,
  "delivery_cycle_time_avg": 24.966853811567987,
  "failed_rate": 0.0,
  "second_runner_break_even_orders": 7.245833333333334,
  "queue_wait_avg": 13.747058823529413,
  "runner_utilization_driving_pct": 33.287600107512546,
  "runner_utilization_prep_pct": 0.0,
  "runner_utilization_idle_pct": 66.71239989248745,
  "distance_per_delivery_avg": 896.0628806868439,
  "zone_service_times": {
    "hole_18": 28.516860745175528,
    "hole_17": 19.75284191181664,
    "hole_9": 18.483633666821635,
    "hole_10": 23.177321361705193,
    "hole_8": 13.602471357190248,
    "hole_13": 55.88628486853074
  },
  "total_revenue": 570.0,
  "total_orders": 20,
  "successful_orders": 19,
  "failed_orders": 0,
  "total_rounds": 16,
  "active_runner_hours": 7.245833333333334
}