{
  "simulation_id": "delivery_dynamic_02",
  "runner_id": "3_runners",
  "revenue_per_round": 34.8,
  "orders_per_runner_hour": 3.972518790567073,
  "on_time_rate": 1.0,
  "delivery_cycle_time_p90": 20.436486666635876,
  "delivery_cycle_time_avg": 15.801111863355166,
  "failed_rate": 0.0,
  "second_runner_break_even_orders": 7.300154267076551,
  "queue_wait_avg": 1.4455128205128205,
  "runner_utilization_driving_pct": 56.463550477286496,
  "runner_utilization_prep_pct": 0.0,
  "runner_utilization_idle_pct": 43.536449522713504,
  "distance_per_delivery_avg": 1513.7253102252682,
  "zone_service_times": {
    "hole_15": 18.098156399431232,
    "hole_17": 16.23303344973562,
    "hole_16": 17.38972108961804,
    "hole_2": 18.50245901060475,
    "hole_18": 12.951965565868159,
    "hole_10": 11.659226819583333,
    "hole_9": 14.49089663585443,
    "hole_4": 19.56431051036525,
    "hole_8": 13.836145689910335,
    "hole_1": 12.62704947715732
  },
  "total_revenue": 870.0,
  "total_orders": 30,
  "successful_orders": 29,
  "failed_orders": 0,
  "total_rounds": 25,
  "active_runner_hours": 7.300154267076551
}