{
  "variantKey": "mid_back",
  "blockedHoles": [
    4,
    5,
    6,
    10,
    11,
    12
  ],
  "deliveryMetrics": {
    "totalOrders": 30,
    "successfulDeliveries": 29,
    "failedDeliveries": 0,
    "avgOrderTime": 15.801111863355167,
    "onTimePercentage": 100.0,
    "revenue": 900.0,
    "ordersPerRunnerHour": 2.9,
    "lateOrders": 0,
    "runnerUtilizationPct": 13.739754298368508,
    "totalRunnerDriveMinutes": 247.31557737063315,
    "totalRunnerShiftMinutes": 1800.0,
    "runnerUtilizationByRunner": {
      "runner_1": {
        "driveMinutes": 120.93522267675047,
        "utilizationPct": 20.15587044612508,
        "shiftMinutes": 600.0
      },
      "runner_3": {
        "driveMinutes": 55.06708758368864,
        "utilizationPct": 9.177847930614773,
        "shiftMinutes": 600.0
      },
      "runner_2": {
        "driveMinutes": 71.31326711019409,
        "utilizationPct": 11.885544518365682,
        "shiftMinutes": 600.0
      }
    }
  },
  "bevCartMetrics": null,
  "hasRunners": true,
  "hasBevCart": false
}