{
  "simulation_id": "delivery_dynamic_02",
  "runner_id": "runner_1",
  "revenue_per_round": 26.470588235294116,
  "orders_per_runner_hour": 2.1356535495352977,
  "on_time_rate": 0.6,
  "delivery_cycle_time_p90": 55.74149733276063,
  "delivery_cycle_time_avg": 32.26509057363744,
  "failed_rate": 0.2,
  "second_runner_break_even_orders": 7.023611111111111,
  "queue_wait_avg": 20.117948717948718,
  "runner_utilization_driving_pct": 41.202333746103484,
  "runner_utilization_prep_pct": 0.0,
  "runner_utilization_idle_pct": 58.797666253896516,
  "distance_per_delivery_avg": 1622.7237660755102,
  "zone_service_times": {
    "hole_2": 22.099420675074757,
    "hole_11": 22.182103067828272,
    "hole_6": 50.18941926473302,
    "hole_15": 27.68833445512955,
    "hole_-1": 55.06439683989483,
    "hole_13": 56.757148072059316,
    "hole_14": 53.44459350553504,
    "hole_12": 54.121898319013475,
    "hole_18": 19.83857389256285,
    "hole_5": 22.18501497365002,
    "hole_10": 19.298811890140495,
    "hole_8": 13.594642394053517,
    "hole_9": 19.985092907193998
  },
  "total_revenue": 450.0,
  "total_orders": 20,
  "successful_orders": 15,
  "failed_orders": 4,
  "total_rounds": 17,
  "active_runner_hours": 7.023611111111111
}