{
  "variantKey": "front_mid",
  "blockedHoles": [
    1,
    2,
    3,
    4,
    5,
    6
  ],
  "deliveryMetrics": {
    "totalOrders": 40,
    "successfulDeliveries": 40,
    "failedDeliveries": 0,
    "avgOrderTime": 16.907627993054167,
    "onTimePercentage": 92.5,
    "revenue": 1200.0,
    "ordersPerRunnerHour": 4.0,
    "lateOrders": 3,
    "runnerUtilizationPct": 22.916554270279097,
    "totalRunnerDriveMinutes": 412.49797686502376,
    "totalRunnerShiftMinutes": 1800.0,
    "runnerUtilizationByRunner": {
      "runner_1": {
        "driveMinutes": 161.45041067031116,
        "utilizationPct": 26.908401778385194,
        "shiftMinutes": 600.0
      },
      "runner_2": {
        "driveMinutes": 139.06465186297652,
        "utilizationPct": 23.17744197716275,
        "shiftMinutes": 600.0
      },
      "runner_3": {
        "driveMinutes": 111.98291433173613,
        "utilizationPct": 18.663819055289355,
        "shiftMinutes": 600.0
      }
    }
  },
  "bevCartMetrics": null,
  "hasRunners": true,
  "hasBevCart": false
}