{
  "simulation_id": "delivery_dynamic_07",
  "runner_id": "runner_1",
  "revenue_per_round": 28.42105263157895,
  "orders_per_runner_hour": 2.5287466187402767,
  "on_time_rate": 0.4444444444444444,
  "delivery_cycle_time_p90": 67.50256399175524,
  "delivery_cycle_time_avg": 35.76108254980613,
  "failed_rate": 0.1,
  "second_runner_break_even_orders": 7.118150892067984,
  "queue_wait_avg": 22.730208333333334,
  "runner_utilization_driving_pct": 49.062358390595655,
  "runner_utilization_prep_pct": 0.0,
  "runner_utilization_idle_pct": 50.937641609404345,
  "distance_per_delivery_avg": 1866.9681811793037,
  "zone_service_times": {
    "hole_16": 12.905060636990068,
    "hole_15": 26.596599668306165,
    "hole_4": 54.698425703305446,
    "hole_18": 37.63849003106114,
    "hole_3": 32.57279247678841,
    "hole_11": 35.86154657306256,
    "hole_6": 67.48519619030843,
    "hole_5": 41.73371991570251,
    "hole_13": 56.81243720082736,
    "hole_-1": 14.169803242713533,
    "hole_9": 11.207048726797195,
    "hole_17": 14.458320046032167
  },
  "total_revenue": 540.0,
  "total_orders": 20,
  "successful_orders": 18,
  "failed_orders": 2,
  "total_rounds": 19,
  "active_runner_hours": 7.118150892067984
}