{
  "variantKey": "none",
  "blockedHoles": [],
  "deliveryMetrics": {
    "totalOrders": 30,
    "successfulDeliveries": 30,
    "failedDeliveries": 0,
    "avgOrderTime": 18.13803854838037,
    "onTimePercentage": 93.33333333333333,
    "revenue": 900.0,
    "ordersPerRunnerHour": 3.0,
    "lateOrders": 2,
    "runnerUtilizationPct": 22.357842025078387,
    "totalRunnerDriveMinutes": 402.44115645141096,
    "totalRunnerShiftMinutes": 1800.0,
    "runnerUtilizationByRunner": {
      "runner_1": {
        "driveMinutes": 172.49438389932772,
        "utilizationPct": 28.749063983221284,
        "shiftMinutes": 600.0
      },
      "runner_2": {
        "driveMinutes": 142.3745500031883,
        "utilizationPct": 23.72909166719805,
        "shiftMinutes": 600.0
      },
      "runner_3": {
        "driveMinutes": 87.57222254889504,
        "utilizationPct": 14.59537042481584,
        "shiftMinutes": 600.0
      }
    }
  },
  "bevCartMetrics": null,
  "hasRunners": true,
  "hasBevCart": false
}