{
  "simulation_id": "delivery_dynamic_09",
  "runner_id": "2_runners",
  "revenue_per_round": 36.0,
  "orders_per_runner_hour": 4.135217206475233,
  "on_time_rate": 0.9,
  "delivery_cycle_time_p90": 38.760858388728366,
  "delivery_cycle_time_avg": 20.527959077474087,
  "failed_rate": 0.0,
  "second_runner_break_even_orders": 7.254757973299141,
  "queue_wait_avg": 6.857692307692307,
  "runner_utilization_driving_pct": 67.97196790173241,
  "runner_utilization_prep_pct": 0.0,
  "runner_utilization_idle_pct": 32.02803209826759,
  "distance_per_delivery_avg": 1540.434250031292,
  "zone_service_times": {
    "hole_3": 26.014530117351125,
    "hole_17": 18.595744875863772,
    "hole_2": 19.124796953276626,
    "hole_10": 16.47266587547515,
    "hole_13": 17.873267988128827,
    "hole_12": 22.320050877942563,
    "hole_18": 21.901920478530155,
    "hole_14": 29.243716175865757,
    "hole_15": 21.22380134750939,
    "hole_9": 12.7962659477617,
    "hole_8": 14.573328752433735
  },
  "total_revenue": 900.0,
  "total_orders": 30,
  "successful_orders": 30,
  "failed_orders": 0,
  "total_rounds": 25,
  "active_runner_hours": 7.254757973299141
}