{
  "simulation_id": "delivery_dynamic_10",
  "runner_id": "2_runners",
  "revenue_per_round": 33.333333333333336,
  "orders_per_runner_hour": 2.8040271548837294,
  "on_time_rate": 0.95,
  "delivery_cycle_time_p90": 29.01083221116202,
  "delivery_cycle_time_avg": 18.165739861243978,
  "failed_rate": 0.0,
  "second_runner_break_even_orders": 7.1325985431939625,
  "queue_wait_avg": 1.8370370370370372,
  "runner_utilization_driving_pct": 62.425330414326176,
  "runner_utilization_prep_pct": 0.0,
  "runner_utilization_idle_pct": 37.574669585673824,
  "distance_per_delivery_avg": 2188.1685933779754,
  "zone_service_times": {
    "hole_4": 21.78797720183435,
    "hole_6": 21.541194956493516,
    "hole_14": 26.091971367066193,
    "hole_15": 11.996599668306166,
    "hole_13": 15.262437200827359,
    "hole_2": 23.1011434078142,
    "hole_7": 16.803999611647548,
    "hole_18": 12.414034885342698,
    "hole_11": 14.910656615989076,
    "hole_-1": 10.406063506561502,
    "hole_5": 22.866515887958666,
    "hole_16": 13.648074983458354
  },
  "total_revenue": 600.0,
  "total_orders": 20,
  "successful_orders": 20,
  "failed_orders": 0,
  "total_rounds": 18,
  "active_runner_hours": 7.1325985431939625
}