{
  "simulation_id": "delivery_dynamic_08",
  "runner_id": "runner_1",
  "revenue_per_round": 15.882352941176471,
  "orders_per_runner_hour": 2.5572217837411206,
  "on_time_rate": 0.1111111111111111,
  "delivery_cycle_time_p90": 61.655564770836165,
  "delivery_cycle_time_avg": 46.186722392809706,
  "failed_rate": 0.48,
  "second_runner_break_even_orders": 7.038888888888889,
  "queue_wait_avg": 33.80462962962963,
  "runner_utilization_driving_pct": 24.810362661879225,
  "runner_utilization_prep_pct": 0.0,
  "runner_utilization_idle_pct": 75.18963733812078,
  "distance_per_delivery_avg": 800.3831684285032,
  "zone_service_times": {
    "hole_11": 13.076373219765294,
    "hole_18": 48.8793890080571,
    "hole_16": 47.29842193512971,
    "hole_17": 61.58356834636191,
    "hole_12": 55.739123789967806,
    "hole_10": 34.34590737779605
  },
  "total_revenue": 540.0,
  "total_orders": 50,
  "successful_orders": 18,
  "failed_orders": 24,
  "total_rounds": 34,
  "active_runner_hours": 7.038888888888889
}