{
  "simulation_id": "delivery_dynamic_10",
  "runner_id": "3_runners",
  "revenue_per_round": 33.333333333333336,
  "orders_per_runner_hour": 2.7946413124314673,
  "on_time_rate": 1.0,
  "delivery_cycle_time_p90": 13.535301764312981,
  "delivery_cycle_time_avg": 11.700773031477018,
  "failed_rate": 0.0,
  "second_runner_break_even_orders": 7.156553476481414,
  "queue_wait_avg": 0.04814814814814815,
  "runner_utilization_driving_pct": 18.458583761596202,
  "runner_utilization_prep_pct": 0.0,
  "runner_utilization_idle_pct": 81.5414162384038,
  "distance_per_delivery_avg": 1193.3565826634483,
  "zone_service_times": {
    "hole_11": 11.651973693017606,
    "hole_2": 12.525926813213886,
    "hole_17": 11.612198912802189,
    "hole_18": 10.570060168097946,
    "hole_8": 12.34573470637697,
    "hole_10": 11.395666923643208,
    "hole_14": 13.632046815038484,
    "hole_12": 11.759153426829087,
    "hole_15": 13.838065244125513
  },
  "total_revenue": 600.0,
  "total_orders": 20,
  "successful_orders": 20,
  "failed_orders": 0,
  "total_rounds": 18,
  "active_runner_hours": 7.156553476481414
}