{
  "simulation_id": "delivery_dynamic_04",
  "runner_id": "3_runners",
  "revenue_per_round": 36.5625,
  "orders_per_runner_hour": 5.475948526080817,
  "on_time_rate": 0.8974358974358975,
  "delivery_cycle_time_p90": 30.9421027524914,
  "delivery_cycle_time_avg": 18.00548840663618,
  "failed_rate": 0.0,
  "second_runner_break_even_orders": 7.122053798396939,
  "queue_wait_avg": 3.434761904761905,
  "runner_utilization_driving_pct": 99.25513303256913,
  "runner_utilization_prep_pct": 0.0,
  "runner_utilization_idle_pct": 0.7448669674308661,
  "distance_per_delivery_avg": 1654.1312841169345,
  "zone_service_times": {
    "hole_16": 13.84396178255737,
    "hole_15": 15.652510213085042,
    "hole_7": 14.385975315159248,
    "hole_18": 18.490298339222363,
    "hole_2": 22.39822359787866,
    "hole_9": 13.65081848822847,
    "hole_13": 15.20434080597106,
    "hole_-1": 17.694379503222358,
    "hole_6": 37.38519619030843,
    "hole_8": 17.15870635031315,
    "hole_5": 22.529119219363686,
    "hole_3": 26.047792139945734,
    "hole_17": 14.474986712698835
  },
  "total_revenue": 1170.0,
  "total_orders": 40,
  "successful_orders": 39,
  "failed_orders": 0,
  "total_rounds": 32,
  "active_runner_hours": 7.122053798396939
}