{
  "simulation_id": "delivery_dynamic_03",
  "runner_id": "2_runners",
  "revenue_per_round": 36.25,
  "orders_per_runner_hour": 3.9541454177840656,
  "on_time_rate": 0.896551724137931,
  "delivery_cycle_time_p90": 30.503002511704597,
  "delivery_cycle_time_avg": 17.949084323995308,
  "failed_rate": 0.0,
  "second_runner_break_even_orders": 7.334075239006215,
  "queue_wait_avg": 5.529710144927536,
  "runner_utilization_driving_pct": 60.54736315873759,
  "runner_utilization_prep_pct": 0.0,
  "runner_utilization_idle_pct": 39.45263684126241,
  "distance_per_delivery_avg": 1197.31991906932,
  "zone_service_times": {
    "hole_10": 16.467221725286528,
    "hole_17": 18.026376114813846,
    "hole_8": 14.405699306256853,
    "hole_15": 18.276680103177426,
    "hole_18": 20.035234761747788,
    "hole_11": 19.17597475465199,
    "hole_12": 19.055588305531607,
    "hole_9": 11.675781520108437,
    "hole_16": 18.023254942575054
  },
  "total_revenue": 870.0,
  "total_orders": 30,
  "successful_orders": 29,
  "failed_orders": 0,
  "total_rounds": 24,
  "active_runner_hours": 7.334075239006215
}