{
  "variantKey": "back",
  "blockedHoles": [
    10,
    11,
    12
  ],
  "deliveryMetrics": {
    "totalOrders": 40,
    "successfulDeliveries": 40,
    "failedDeliveries": 0,
    "avgOrderTime": 17.96456109908621,
    "onTimePercentage": 87.5,
    "revenue": 1200.0,
    "ordersPerRunnerHour": 4.0,
    "lateOrders": 5,
    "runnerUtilizationPct": 26.33606170167307,
    "totalRunnerDriveMinutes": 474.04911063011525,
    "totalRunnerShiftMinutes": 1800.0,
    "runnerUtilizationByRunner": {
      "runner_1": {
        "driveMinutes": 164.31485597495967,
        "utilizationPct": 27.385809329159944,
        "shiftMinutes": 600.0
      },
      "runner_2": {
        "driveMinutes": 155.9968692011685,
        "utilizationPct": 25.999478200194748,
        "shiftMinutes": 600.0
      },
      "runner_3": {
        "driveMinutes": 153.73738545398697,
        "utilizationPct": 25.622897575664496,
        "shiftMinutes": 600.0
      }
    }
  },
  "bevCartMetrics": null,
  "hasRunners": true,
  "hasBevCart": false
}