{
  "simulation_id": "delivery_dynamic_08",
  "runner_id": "3_runners",
  "revenue_per_round": 35.294117647058826,
  "orders_per_runner_hour": 2.851296387082225,
  "on_time_rate": 1.0,
  "delivery_cycle_time_p90": 22.843430585251046,
  "delivery_cycle_time_avg": 15.726778782301503,
  "failed_rate": 0.0,
  "second_runner_break_even_orders": 7.014353222137775,
  "queue_wait_avg": 0.036904761904761905,
  "runner_utilization_driving_pct": 57.075679339833854,
  "runner_utilization_prep_pct": 0.0,
  "runner_utilization_idle_pct": 42.924320660166146,
  "distance_per_delivery_avg": 1915.5176708533033,
  "zone_service_times": {
    "hole_9": 11.692167841654038,
    "hole_17": 13.901562463735111,
    "hole_2": 22.888208590920385,
    "hole_-1": 16.3373045698836,
    "hole_16": 13.61474165012496,
    "hole_7": 14.509653103053642,
    "hole_14": 14.73222206423646,
    "hole_15": 13.405930503111328,
    "hole_4": 20.645910475590973,
    "hole_18": 13.729779707612215
  },
  "total_revenue": 600.0,
  "total_orders": 20,
  "successful_orders": 20,
  "failed_orders": 0,
  "total_rounds": 17,
  "active_runner_hours": 7.014353222137775
}