{
  "simulation_id": "delivery_dynamic_09",
  "runner_id": "3_runners",
  "revenue_per_round": 44.44444444444444,
  "orders_per_runner_hour": 5.588258653824289,
  "on_time_rate": 1.0,
  "delivery_cycle_time_p90": 22.76035278959326,
  "delivery_cycle_time_avg": 16.893253964015397,
  "failed_rate": 0.0,
  "second_runner_break_even_orders": 7.157864815836012,
  "queue_wait_avg": 2.0064814814814813,
  "runner_utilization_driving_pct": 100.0,
  "runner_utilization_prep_pct": 0.0,
  "runner_utilization_idle_pct": 0.0,
  "distance_per_delivery_avg": 1709.3733319091737,
  "zone_service_times": {
    "hole_15": 17.534847434571322,
    "hole_2": 18.64573607016273,
    "hole_16": 19.43768244249765,
    "hole_4": 21.76620765933685,
    "hole_8": 15.36361731447505,
    "hole_18": 11.027940545266635,
    "hole_10": 16.88757404446266,
    "hole_7": 18.044861532067706,
    "hole_17": 17.743372187842336,
    "hole_12": 16.946664972168655,
    "hole_6": 18.112347486268845,
    "hole_9": 15.206881727232192,
    "hole_1": 12.978897673897155,
    "hole_13": 18.59625406507657,
    "hole_11": 17.626373219765323
  },
  "total_revenue": 1200.0,
  "total_orders": 40,
  "successful_orders": 40,
  "failed_orders": 0,
  "total_rounds": 27,
  "active_runner_hours": 7.157864815836013
}