{
  "variantKey": "mid_back",
  "blockedHoles": [
    4,
    5,
    6,
    10,
    11,
    12
  ],
  "deliveryMetrics": {
    "totalOrders": 20,
    "successfulDeliveries": 20,
    "failedDeliveries": 0,
    "avgOrderTime": 14.927563039636036,
    "onTimePercentage": 100.0,
    "revenue": 600.0,
    "ordersPerRunnerHour": 2.0,
    "lateOrders": 0,
    "runnerUtilizationPct": 10.5875039064739,
    "totalRunnerDriveMinutes": 190.5750703165302,
    "totalRunnerShiftMinutes": 1800.0,
    "runnerUtilizationByRunner": {
      "runner_1": {
        "driveMinutes": 107.1652663712827,
        "utilizationPct": 17.860877728547116,
        "shiftMinutes": 600.0
      },
      "runner_2": {
        "driveMinutes": 60.124859059494085,
        "utilizationPct": 10.020809843249014,
        "shiftMinutes": 600.0
      },
      "runner_3": {
        "driveMinutes": 23.284944885753475,
        "utilizationPct": 3.8808241476255794,
        "shiftMinutes": 600.0
      }
    }
  },
  "bevCartMetrics": null,
  "hasRunners": true,
  "hasBevCart": false
}