{
  "simulation_id": "delivery_dynamic_02",
  "runner_id": "3_runners",
  "revenue_per_round": 33.333333333333336,
  "orders_per_runner_hour": 2.8142706571071128,
  "on_time_rate": 1.0,
  "delivery_cycle_time_p90": 21.196113749956897,
  "delivery_cycle_time_avg": 14.343884223959614,
  "failed_rate": 0.0,
  "second_runner_break_even_orders": 7.106637007173537,
  "queue_wait_avg": 0.043333333333333335,
  "runner_utilization_driving_pct": 51.77120434043374,
  "runner_utilization_prep_pct": 0.0,
  "runner_utilization_idle_pct": 48.22879565956626,
  "distance_per_delivery_avg": 1448.6250992504279,
  "zone_service_times": {
    "hole_9": 11.58909500538556,
    "hole_3": 21.099975973517545,
    "hole_16": 12.479199363133011,
    "hole_11": 14.575492261035864,
    "hole_-1": 10.364396839894834,
    "hole_14": 15.13582149654106,
    "hole_18": 11.730023189842582,
    "hole_5": 22.358692787893354,
    "hole_8": 13.235028289286554,
    "hole_10": 13.151221586754037,
    "hole_15": 13.8484584374785,
    "hole_12": 17.381553763745615
  },
  "total_revenue": 600.0,
  "total_orders": 20,
  "successful_orders": 20,
  "failed_orders": 0,
  "total_rounds": 18,
  "active_runner_hours": 7.106637007173538
}