{
  "simulation_id": "delivery_dynamic_04",
  "runner_id": "3_runners",
  "revenue_per_round": 33.333333333333336,
  "orders_per_runner_hour": 2.7185198848173973,
  "on_time_rate": 1.0,
  "delivery_cycle_time_p90": 16.226791705187544,
  "delivery_cycle_time_avg": 13.848144725452457,
  "failed_rate": 0.0,
  "second_runner_break_even_orders": 7.356944531359718,
  "queue_wait_avg": 0.03666666666666667,
  "runner_utilization_driving_pct": 41.54179712717455,
  "runner_utilization_prep_pct": 0.0,
  "runner_utilization_idle_pct": 58.45820287282545,
  "distance_per_delivery_avg": 1280.6566277520258,
  "zone_service_times": {
    "hole_14": 14.997372545130323,
    "hole_18": 12.714356599657416,
    "hole_7": 14.559653103053643,
    "hole_9": 11.157048726797136,
    "hole_17": 14.418523873650338,
    "hole_-1": 11.730341503122448,
    "hole_12": 16.984198081845836,
    "hole_13": 16.046037013356788,
    "hole_11": 13.531910666936104
  },
  "total_revenue": 600.0,
  "total_orders": 20,
  "successful_orders": 20,
  "failed_orders": 0,
  "total_rounds": 18,
  "active_runner_hours": 7.3569445313597175
}