{
  "simulation_id": "delivery_dynamic_09",
  "runner_id": "runner_1",
  "revenue_per_round": 17.586206896551722,
  "orders_per_runner_hour": 2.4113475177304964,
  "on_time_rate": 0.23529411764705882,
  "delivery_cycle_time_p90": 59.27309781152403,
  "delivery_cycle_time_avg": 42.798775121490486,
  "failed_rate": 0.475,
  "second_runner_break_even_orders": 7.05,
  "queue_wait_avg": 30.059803921568626,
  "runner_utilization_driving_pct": 32.678292450434576,
  "runner_utilization_prep_pct": 0.0,
  "runner_utilization_idle_pct": 67.32170754956542,
  "distance_per_delivery_avg": 920.2943231737418,
  "zone_service_times": {
    "hole_17": 14.251308827996642,
    "hole_18": 39.725845315445255,
    "hole_-1": 41.41761792043824,
    "hole_16": 44.43049798438194,
    "hole_6": 53.208730567242064,
    "hole_10": 54.89881189014056,
    "hole_7": 63.192986436386974,
    "hole_8": 48.613786402431046,
    "hole_13": 58.293125655308295,
    "hole_15": 24.6984584374785
  },
  "total_revenue": 510.0,
  "total_orders": 40,
  "successful_orders": 17,
  "failed_orders": 19,
  "total_rounds": 29,
  "active_runner_hours": 7.05
}