{
  "simulation_id": "delivery_dynamic_08",
  "runner_id": "runner_1",
  "revenue_per_round": 33.333333333333336,
  "orders_per_runner_hour": 2.4791471735786756,
  "on_time_rate": 0.85,
  "delivery_cycle_time_p90": 30.549097411040783,
  "delivery_cycle_time_avg": 18.404362598767353,
  "failed_rate": 0.0,
  "second_runner_break_even_orders": 8.067290321909281,
  "queue_wait_avg": 6.453216374269007,
  "runner_utilization_driving_pct": 40.32170527122088,
  "runner_utilization_prep_pct": 0.0,
  "runner_utilization_idle_pct": 59.67829472877912,
  "distance_per_delivery_avg": 1637.1410711125,
  "zone_service_times": {
    "hole_8": 11.838384094385674,
    "hole_11": 17.27128562788799,
    "hole_7": 22.321382112612657,
    "hole_15": 28.479818761979306,
    "hole_18": 13.210981317332962,
    "hole_10": 17.00768932184601,
    "hole_12": 14.098545587063896,
    "hole_6": 13.993462988264703,
    "hole_9": 21.045488639929136,
    "hole_14": 30.640296785861725
  },
  "total_revenue": 600.0,
  "total_orders": 20,
  "successful_orders": 20,
  "failed_orders": 0,
  "total_rounds": 18,
  "active_runner_hours": 8.067290321909281
}