{
  "simulation_id": "delivery_dynamic_08",
  "runner_id": "2_runners",
  "revenue_per_round": 37.5,
  "orders_per_runner_hour": 4.8856145792943,
  "on_time_rate": 0.5428571428571428,
  "delivery_cycle_time_p90": 50.73214861343623,
  "delivery_cycle_time_avg": 29.666485929448527,
  "failed_rate": 0.075,
  "second_runner_break_even_orders": 7.163888888888889,
  "queue_wait_avg": 14.969047619047618,
  "runner_utilization_driving_pct": 82.56375292909398,
  "runner_utilization_prep_pct": 0.0,
  "runner_utilization_idle_pct": 17.43624707090602,
  "distance_per_delivery_avg": 1578.3392722947056,
  "zone_service_times": {
    "hole_17": 15.330681040981016,
    "hole_3": 18.437638422169613,
    "hole_14": 33.825644804605226,
    "hole_18": 35.92271134646248,
    "hole_13": 31.083447673427326,
    "hole_4": 25.142062907619707,
    "hole_12": 23.45346522258499,
    "hole_15": 48.21657386409646,
    "hole_6": 62.95249740699656,
    "hole_2": 30.161388295562695,
    "hole_9": 16.260045771182497,
    "hole_10": 14.71351018164211,
    "hole_8": 14.07044110832782,
    "hole_11": 13.591374192833367
  },
  "total_revenue": 1050.0,
  "total_orders": 40,
  "successful_orders": 35,
  "failed_orders": 3,
  "total_rounds": 28,
  "active_runner_hours": 7.163888888888889
}