{
  "simulation_id": "delivery_dynamic_04",
  "runner_id": "3_runners",
  "revenue_per_round": 40.0,
  "orders_per_runner_hour": 3.0485703880494937,
  "on_time_rate": 1.0,
  "delivery_cycle_time_p90": 14.72846343378285,
  "delivery_cycle_time_avg": 12.67522189452096,
  "failed_rate": 0.0,
  "second_runner_break_even_orders": 6.5604520985970085,
  "queue_wait_avg": 0.04411764705882353,
  "runner_utilization_driving_pct": 29.774086849880177,
  "runner_utilization_prep_pct": 0.0,
  "runner_utilization_idle_pct": 70.22591315011982,
  "distance_per_delivery_avg": 1899.1597640550922,
  "zone_service_times": {
    "hole_13": 13.319258961047822,
    "hole_11": 11.54680683096182,
    "hole_-1": 14.914152786071675,
    "hole_10": 10.92396469531359,
    "hole_14": 13.069227958485802,
    "hole_12": 12.457665254170468,
    "hole_8": 12.365072604327118,
    "hole_16": 13.728630084312803,
    "hole_7": 13.327602031570192,
    "hole_18": 10.557661670057467,
    "hole_15": 13.705739854102365
  },
  "total_revenue": 600.0,
  "total_orders": 20,
  "successful_orders": 20,
  "failed_orders": 0,
  "total_rounds": 15,
  "active_runner_hours": 6.560452098597009
}