{
  "simulation_id": "delivery_dynamic_10",
  "runner_id": "2_runners",
  "revenue_per_round": 32.0,
  "orders_per_runner_hour": 4.372746251660657,
  "on_time_rate": 0.4375,
  "delivery_cycle_time_p90": 57.62760191339255,
  "delivery_cycle_time_avg": 34.274021291150646,
  "failed_rate": 0.15,
  "second_runner_break_even_orders": 7.3180555555555555,
  "queue_wait_avg": 20.92111111111111,
  "runner_utilization_driving_pct": 82.2258743340101,
  "runner_utilization_prep_pct": 0.0,
  "runner_utilization_idle_pct": 17.7741256659899,
  "distance_per_delivery_avg": 1565.9211538266195,
  "zone_service_times": {
    "hole_4": 21.801774070198206,
    "hole_10": 12.958720197710832,
    "hole_17": 26.388510317253612,
    "hole_8": 31.070005659194916,
    "hole_12": 31.201208933765013,
    "hole_2": 21.07651589763124,
    "hole_9": 42.79888362354684,
    "hole_18": 41.67176016757457,
    "hole_13": 56.79786370681792,
    "hole_6": 42.51534515717343,
    "hole_15": 40.25360242445204,
    "hole_-1": 20.491156381366334
  },
  "total_revenue": 960.0,
  "total_orders": 40,
  "successful_orders": 32,
  "failed_orders": 6,
  "total_rounds": 30,
  "active_runner_hours": 7.3180555555555555
}