{
  "simulation_id": "delivery_dynamic_10",
  "runner_id": "2_runners",
  "revenue_per_round": 37.5,
  "orders_per_runner_hour": 2.9957164175277633,
  "on_time_rate": 1.0,
  "delivery_cycle_time_p90": 25.980779861243597,
  "delivery_cycle_time_avg": 15.319615810754094,
  "failed_rate": 0.0,
  "second_runner_break_even_orders": 6.676199350172519,
  "queue_wait_avg": 2.053508771929825,
  "runner_utilization_driving_pct": 46.53927052852731,
  "runner_utilization_prep_pct": 0.0,
  "runner_utilization_idle_pct": 53.46072947147269,
  "distance_per_delivery_avg": 1131.910912413376,
  "zone_service_times": {
    "hole_16": 12.737524822995905,
    "hole_10": 12.98314360999287,
    "hole_17": 19.793605905446082,
    "hole_14": 28.793716022902238,
    "hole_-1": 10.480876418578292,
    "hole_11": 14.593430795086716,
    "hole_18": 12.8098972094412,
    "hole_9": 10.80970977466756,
    "hole_12": 25.99822043041222,
    "hole_13": 20.94312596977667,
    "hole_15": 14.262480793801236
  },
  "total_revenue": 600.0,
  "total_orders": 20,
  "successful_orders": 20,
  "failed_orders": 0,
  "total_rounds": 16,
  "active_runner_hours": 6.676199350172519
}