{
  "simulation_id": "delivery_dynamic_10",
  "runner_id": "2_runners",
  "revenue_per_round": 34.54545454545455,
  "orders_per_runner_hour": 5.281853281853282,
  "on_time_rate": 0.5,
  "delivery_cycle_time_p90": 55.15557227269592,
  "delivery_cycle_time_avg": 32.2109701811015,
  "failed_rate": 0.0,
  "second_runner_break_even_orders": 7.194444444444445,
  "queue_wait_avg": 18.44864864864865,
  "runner_utilization_driving_pct": 86.48377500848314,
  "runner_utilization_prep_pct": 0.0,
  "runner_utilization_idle_pct": 13.516224991516864,
  "distance_per_delivery_avg": 1427.2649282185241,
  "zone_service_times": {
    "hole_2": 14.989333248289586,
    "hole_16": 17.307193111737842,
    "hole_9": 27.210045771182497,
    "hole_17": 22.82385719474109,
    "hole_-1": 40.50689253194569,
    "hole_12": 34.41522035201231,
    "hole_18": 41.2160725066602,
    "hole_6": 43.69248129142163,
    "hole_14": 56.37870012161784,
    "hole_8": 51.60679352062228,
    "hole_10": 18.622964057349662,
    "hole_3": 21.228149063021707
  },
  "total_revenue": 1140.0,
  "total_orders": 40,
  "successful_orders": 38,
  "failed_orders": 0,
  "total_rounds": 33,
  "active_runner_hours": 7.194444444444445
}