{
  "simulation_id": "delivery_dynamic_02",
  "runner_id": "2_runners",
  "revenue_per_round": 43.333333333333336,
  "orders_per_runner_hour": 5.4517256930289255,
  "on_time_rate": 0.6153846153846154,
  "delivery_cycle_time_p90": 56.715357990666234,
  "delivery_cycle_time_avg": 29.951496520889922,
  "failed_rate": 0.0,
  "second_runner_break_even_orders": 7.1536981491693465,
  "queue_wait_avg": 16.21171171171171,
  "runner_utilization_driving_pct": 79.8097101023812,
  "runner_utilization_prep_pct": 0.0,
  "runner_utilization_idle_pct": 20.190289897618797,
  "distance_per_delivery_avg": 1535.9079592241424,
  "zone_service_times": {
    "hole_10": 12.163510181642112,
    "hole_17": 28.255294603022968,
    "hole_18": 31.62674109249702,
    "hole_12": 28.01267193727116,
    "hole_11": 13.692336523011424,
    "hole_13": 22.891750389288788,
    "hole_16": 52.74452128047912,
    "hole_15": 36.51443603464179,
    "hole_14": 22.45831428183957,
    "hole_8": 13.652471357190189
  },
  "total_revenue": 1170.0,
  "total_orders": 40,
  "successful_orders": 39,
  "failed_orders": 0,
  "total_rounds": 27,
  "active_runner_hours": 7.1536981491693465
}