{
  "simulation_id": "delivery_dynamic_08",
  "runner_id": "3_runners",
  "revenue_per_round": 44.44444444444444,
  "orders_per_runner_hour": 5.538673143993784,
  "on_time_rate": 0.975,
  "delivery_cycle_time_p90": 22.412927906814314,
  "delivery_cycle_time_avg": 14.635492020353993,
  "failed_rate": 0.0,
  "second_runner_break_even_orders": 7.221946296537929,
  "queue_wait_avg": 2.4776190476190476,
  "runner_utilization_driving_pct": 71.13198460528129,
  "runner_utilization_prep_pct": 0.0,
  "runner_utilization_idle_pct": 28.86801539471871,
  "distance_per_delivery_avg": 829.1053188389412,
  "zone_service_times": {
    "hole_15": 13.364538437767866,
    "hole_10": 13.77910409489933,
    "hole_18": 14.359593386532364,
    "hole_-1": 14.504113883747777,
    "hole_8": 15.6950983440185,
    "hole_17": 20.215773439804455,
    "hole_9": 12.989304403312175,
    "hole_16": 12.541918036828914,
    "hole_14": 14.825304864539248
  },
  "total_revenue": 1200.0,
  "total_orders": 40,
  "successful_orders": 40,
  "failed_orders": 0,
  "total_rounds": 27,
  "active_runner_hours": 7.221946296537929
}