{
  "simulation_id": "delivery_dynamic_06",
  "runner_id": "runner_1",
  "revenue_per_round": 12.580645161290322,
  "orders_per_runner_hour": 1.8479763079960514,
  "on_time_rate": 0.07692307692307693,
  "delivery_cycle_time_p90": 65.11960346295244,
  "delivery_cycle_time_avg": 49.514735221072975,
  "failed_rate": 0.6,
  "second_runner_break_even_orders": 7.034722222222223,
  "queue_wait_avg": 35.73076923076923,
  "runner_utilization_driving_pct": 26.038896802740634,
  "runner_utilization_prep_pct": 0.0,
  "runner_utilization_idle_pct": 73.96110319725936,
  "distance_per_delivery_avg": 1271.412572742063,
  "zone_service_times": {
    "hole_13": 17.71961820186413,
    "hole_10": 34.76062373322899,
    "hole_12": 51.41968592257466,
    "hole_18": 54.636208867850804,
    "hole_14": 60.5429367962858,
    "hole_17": 33.56208936559487
  },
  "total_revenue": 390.0,
  "total_orders": 50,
  "successful_orders": 13,
  "failed_orders": 30,
  "total_rounds": 31,
  "active_runner_hours": 7.034722222222222
}