{
  "simulation_id": "delivery_dynamic_06",
  "runner_id": "runner_1",
  "revenue_per_round": 35.625,
  "orders_per_runner_hour": 2.7132090440301466,
  "on_time_rate": 0.9473684210526315,
  "delivery_cycle_time_p90": 29.97362339435107,
  "delivery_cycle_time_avg": 16.662484007865263,
  "failed_rate": 0.0,
  "second_runner_break_even_orders": 7.002777777777778,
  "queue_wait_avg": 4.685964912280702,
  "runner_utilization_driving_pct": 21.36677946172049,
  "runner_utilization_prep_pct": 0.0,
  "runner_utilization_idle_pct": 78.63322053827952,
  "distance_per_delivery_avg": 1423.0937488208835,
  "zone_service_times": {
    "hole_17": 15.466524439836576,
    "hole_15": 13.636528817231799,
    "hole_7": 17.713606773224456,
    "hole_18": 21.11984900985638,
    "hole_10": 17.98196689180375,
    "hole_8": 12.449741587226223,
    "hole_4": 14.537409375503254
  },
  "total_revenue": 570.0,
  "total_orders": 20,
  "successful_orders": 19,
  "failed_orders": 0,
  "total_rounds": 16,
  "active_runner_hours": 7.002777777777778
}