{
  "simulation_id": "delivery_dynamic_05",
  "runner_id": "3_runners",
  "revenue_per_round": 31.57894736842105,
  "orders_per_runner_hour": 2.733062245391481,
  "on_time_rate": 1.0,
  "delivery_cycle_time_p90": 22.537089741858647,
  "delivery_cycle_time_avg": 15.537953410598453,
  "failed_rate": 0.0,
  "second_runner_break_even_orders": 7.317798939165845,
  "queue_wait_avg": 0.15222222222222223,
  "runner_utilization_driving_pct": 52.63303542928119,
  "runner_utilization_prep_pct": 0.0,
  "runner_utilization_idle_pct": 47.36696457071881,
  "distance_per_delivery_avg": 1822.392345961085,
  "zone_service_times": {
    "hole_9": 12.685182544874987,
    "hole_2": 22.703786950872562,
    "hole_3": 20.7894588066124,
    "hole_18": 15.18943513861074,
    "hole_15": 12.77911672759972,
    "hole_7": 14.744336918131193,
    "hole_8": 13.35388767887968,
    "hole_13": 15.519448016120684,
    "hole_4": 20.645910475590973,
    "hole_17": 14.188383271201443,
    "hole_14": 14.73222206423646
  },
  "total_revenue": 600.0,
  "total_orders": 20,
  "successful_orders": 20,
  "failed_orders": 0,
  "total_rounds": 19,
  "active_runner_hours": 7.317798939165845
}