{
  "simulation_id": "delivery_dynamic_08",
  "runner_id": "2_runners",
  "revenue_per_round": 37.82608695652174,
  "orders_per_runner_hour": 3.932128415872124,
  "on_time_rate": 0.7586206896551724,
  "delivery_cycle_time_p90": 43.76980228652634,
  "delivery_cycle_time_avg": 23.036451540729924,
  "failed_rate": 0.0,
  "second_runner_break_even_orders": 7.37514061924856,
  "queue_wait_avg": 8.762345679012345,
  "runner_utilization_driving_pct": 69.3658981504499,
  "runner_utilization_prep_pct": 0.0,
  "runner_utilization_idle_pct": 30.634101849550106,
  "distance_per_delivery_avg": 1639.144269409393,
  "zone_service_times": {
    "hole_16": 26.067273811753825,
    "hole_8": 28.011404034148395,
    "hole_15": 18.16733833983438,
    "hole_18": 18.54453716650512,
    "hole_12": 28.365818099692326,
    "hole_4": 24.53153764012671,
    "hole_14": 19.82411714609895,
    "hole_6": 31.21390145930612,
    "hole_17": 19.25732304142435,
    "hole_2": 14.10122814516332,
    "hole_9": 12.276712437849165
  },
  "total_revenue": 870.0,
  "total_orders": 30,
  "successful_orders": 29,
  "failed_orders": 0,
  "total_rounds": 23,
  "active_runner_hours": 7.375140619248561
}