{
  "simulation_id": "delivery_dynamic_06",
  "runner_id": "runner_1",
  "revenue_per_round": 23.47826086956522,
  "orders_per_runner_hour": 2.5009648784253184,
  "on_time_rate": 0.1111111111111111,
  "delivery_cycle_time_p90": 63.19329814309451,
  "delivery_cycle_time_avg": 43.19129981840091,
  "failed_rate": 0.3,
  "second_runner_break_even_orders": 7.197222222222222,
  "queue_wait_avg": 28.07777777777778,
  "runner_utilization_driving_pct": 44.47164725539551,
  "runner_utilization_prep_pct": 0.0,
  "runner_utilization_idle_pct": 55.52835274460449,
  "distance_per_delivery_avg": 1718.143405649369,
  "zone_service_times": {
    "hole_14": 14.944593505535007,
    "hole_15": 35.85850670637947,
    "hole_16": 39.82570653636712,
    "hole_6": 51.71413521582678,
    "hole_18": 38.65725523905023,
    "hole_12": 60.17189831901348,
    "hole_11": 52.84589135861949,
    "hole_-1": 49.22273017322817,
    "hole_5": 64.2755101431651,
    "hole_3": 21.203481527400072,
    "hole_4": 41.94220753810987
  },
  "total_revenue": 540.0,
  "total_orders": 30,
  "successful_orders": 18,
  "failed_orders": 9,
  "total_rounds": 23,
  "active_runner_hours": 7.197222222222222
}