{
  "simulation_id": "delivery_dynamic_05",
  "runner_id": "2_runners",
  "revenue_per_round": 31.57894736842105,
  "orders_per_runner_hour": 2.8992590902283233,
  "on_time_rate": 1.0,
  "delivery_cycle_time_p90": 20.089440025504523,
  "delivery_cycle_time_avg": 14.13557262726032,
  "failed_rate": 0.0,
  "second_runner_break_even_orders": 6.8983141477103915,
  "queue_wait_avg": 0.34411764705882353,
  "runner_utilization_driving_pct": 45.89447184074985,
  "runner_utilization_prep_pct": 0.0,
  "runner_utilization_idle_pct": 54.10552815925015,
  "distance_per_delivery_avg": 1291.272402759467,
  "zone_service_times": {
    "hole_2": 22.099420675074757,
    "hole_15": 12.915968175205727,
    "hole_16": 12.55770493769184,
    "hole_-1": 10.569365769679159,
    "hole_18": 13.682627814877378,
    "hole_8": 13.4042977707315,
    "hole_17": 14.251308827996642,
    "hole_10": 12.776132435046444,
    "hole_9": 13.133131574429594,
    "hole_11": 14.426814414830126,
    "hole_12": 16.58724900856408,
    "hole_4": 20.46254342119452
  },
  "total_revenue": 600.0,
  "total_orders": 20,
  "successful_orders": 20,
  "failed_orders": 0,
  "total_rounds": 19,
  "active_runner_hours": 6.8983141477103915
}