{
  "simulation_id": "delivery_dynamic_01",
  "runner_id": "3_runners",
  "revenue_per_round": 41.470588235294116,
  "orders_per_runner_hour": 6.497695852534562,
  "on_time_rate": 0.7021276595744681,
  "delivery_cycle_time_p90": 43.55782822466498,
  "delivery_cycle_time_avg": 24.256100817799005,
  "failed_rate": 0.0,
  "second_runner_break_even_orders": 7.233333333333333,
  "queue_wait_avg": 11.312403100775194,
  "runner_utilization_driving_pct": 100.0,
  "runner_utilization_prep_pct": 0.0,
  "runner_utilization_idle_pct": 0.0,
  "distance_per_delivery_avg": 1312.569023716634,
  "zone_service_times": {
    "hole_15": 25.824291724605313,
    "hole_11": 27.070198097964063,
    "hole_16": 15.175251290320315,
    "hole_8": 13.552582496077761,
    "hole_14": 25.016037795685747,
    "hole_12": 23.42903362186727,
    "hole_18": 25.488909278468586,
    "hole_17": 25.876939238779414,
    "hole_10": 25.616337082419037,
    "hole_-1": 31.3210635065615,
    "hole_9": 18.862609938075607,
    "hole_13": 26.393125969776673
  },
  "total_revenue": 1410.0,
  "total_orders": 50,
  "successful_orders": 47,
  "failed_orders": 0,
  "total_rounds": 34,
  "active_runner_hours": 7.233333333333333
}