{
  "simulation_id": "delivery_dynamic_08",
  "runner_id": "runner_1",
  "revenue_per_round": 13.125,
  "orders_per_runner_hour": 1.9834710743801651,
  "on_time_rate": 0.07142857142857142,
  "delivery_cycle_time_p90": 65.7560504349745,
  "delivery_cycle_time_avg": 51.70772135695204,
  "failed_rate": 0.525,
  "second_runner_break_even_orders": 7.058333333333334,
  "queue_wait_avg": 36.878571428571426,
  "runner_utilization_driving_pct": 37.60915363966831,
  "runner_utilization_prep_pct": 0.0,
  "runner_utilization_idle_pct": 62.39084636033169,
  "distance_per_delivery_avg": 1622.594375935888,
  "zone_service_times": {
    "hole_6": 42.051550414215484,
    "hole_8": 35.585804690523524,
    "hole_13": 51.092231946589706,
    "hole_7": 62.20367610037519,
    "hole_14": 66.70960346295244,
    "hole_11": 55.3442375688867,
    "hole_10": 41.3811910268545,
    "hole_18": 53.54808633143766
  },
  "total_revenue": 420.0,
  "total_orders": 40,
  "successful_orders": 14,
  "failed_orders": 21,
  "total_rounds": 32,
  "active_runner_hours": 7.058333333333334
}