{
  "simulation_id": "delivery_dynamic_10",
  "runner_id": "3_runners",
  "revenue_per_round": 33.333333333333336,
  "orders_per_runner_hour": 2.937383703216232,
  "on_time_rate": 1.0,
  "delivery_cycle_time_p90": 18.29235683408539,
  "delivery_cycle_time_avg": 13.572246920143824,
  "failed_rate": 0.0,
  "second_runner_break_even_orders": 6.808780200591901,
  "queue_wait_avg": 0.041176470588235294,
  "runner_utilization_driving_pct": 41.7952832892724,
  "runner_utilization_prep_pct": 0.0,
  "runner_utilization_idle_pct": 58.2047167107276,
  "distance_per_delivery_avg": 1188.5149651683275,
  "zone_service_times": {
    "hole_17": 15.230360203425143,
    "hole_18": 10.754885486155374,
    "hole_15": 17.953497746011728,
    "hole_9": 12.880080770990176,
    "hole_8": 14.305218032239068,
    "hole_11": 13.277335735431006,
    "hole_10": 11.007735063577032
  },
  "total_revenue": 600.0,
  "total_orders": 20,
  "successful_orders": 20,
  "failed_orders": 0,
  "total_rounds": 18,
  "active_runner_hours": 6.808780200591902
}