{
  "simulation_id": "delivery_dynamic_06",
  "runner_id": "runner_1",
  "revenue_per_round": 10.0,
  "orders_per_runner_hour": 1.5517241379310345,
  "on_time_rate": 0.09090909090909091,
  "delivery_cycle_time_p90": 68.89712004398675,
  "delivery_cycle_time_avg": 50.95548710725645,
  "failed_rate": 0.62,
  "second_runner_break_even_orders": 7.0888888888888895,
  "queue_wait_avg": 36.21666666666667,
  "runner_utilization_driving_pct": 28.48933633873983,
  "runner_utilization_prep_pct": 0.0,
  "runner_utilization_idle_pct": 71.51066366126017,
  "distance_per_delivery_avg": 1592.2436680381663,
  "zone_service_times": {
    "hole_14": 14.532338206254401,
    "hole_6": 49.42598312890134,
    "hole_17": 56.874986712698835,
    "hole_-1": 49.65328572878372,
    "hole_18": 58.96575725980304,
    "hole_4": 70.10887420477654,
    "hole_11": 56.10828917606717
  },
  "total_revenue": 330.0,
  "total_orders": 50,
  "successful_orders": 11,
  "failed_orders": 31,
  "total_rounds": 33,
  "active_runner_hours": 7.088888888888889
}