{
  "simulation_id": "delivery_dynamic_01",
  "runner_id": "runner_1",
  "revenue_per_round": 17.708333333333332,
  "orders_per_runner_hour": 1.7,
  "on_time_rate": 0.29411764705882354,
  "delivery_cycle_time_p90": 56.14824641084117,
  "delivery_cycle_time_avg": 37.35199858538421,
  "failed_rate": 0.39285714285714285,
  "second_runner_break_even_orders": 12.5,
  "queue_wait_avg": 0.0,
  "runner_utilization_driving_pct": 21.456063691047337,
  "runner_utilization_waiting_pct": 36.3711996256988,
  "distance_per_delivery_avg": 939.4404475698905,
  "zone_service_times": {
    "hole_1": 31.963581669521922,
    "hole_6": 16.779824127568553,
    "hole_17": 30.63683215986348,
    "hole_9": 41.80560430774679,
    "hole_16": 38.51131413351001,
    "hole_12": 40.08611816693113,
    "hole_15": 52.38457348678988,
    "hole_5": 32.478051248599996,
    "hole_13": 59.834672821723146,
    "hole_7": 33.084672821723146,
    "hole_11": 20.189487994453764
  },
  "total_revenue": 425.0,
  "total_orders": 28,
  "successful_orders": 17,
  "failed_orders": 11,
  "total_rounds": 24,
  "active_runner_hours": 10.0
}