{
  "simulation_id": "delivery_dynamic_03",
  "runner_id": "2_runners",
  "revenue_per_round": 32.64705882352941,
  "orders_per_runner_hour": 5.092716497801568,
  "on_time_rate": 0.4594594594594595,
  "delivery_cycle_time_p90": 57.626630658459774,
  "delivery_cycle_time_avg": 35.437072204239634,
  "failed_rate": 0.22,
  "second_runner_break_even_orders": 7.2652777777777775,
  "queue_wait_avg": 24.513809523809524,
  "runner_utilization_driving_pct": 71.2451058545943,
  "runner_utilization_prep_pct": 0.0,
  "runner_utilization_idle_pct": 28.7548941454057,
  "distance_per_delivery_avg": 755.4400444083011,
  "zone_service_times": {
    "hole_9": 11.72808223391909,
    "hole_14": 14.944593505535007,
    "hole_16": 28.49863592056093,
    "hole_10": 26.732242657047088,
    "hole_15": 25.981254804384584,
    "hole_-1": 43.68271470500488,
    "hole_13": 30.42106154930615,
    "hole_12": 64.6508647485125,
    "hole_18": 35.3236600054031,
    "hole_11": 39.69120146094568
  },
  "total_revenue": 1110.0,
  "total_orders": 50,
  "successful_orders": 37,
  "failed_orders": 11,
  "total_rounds": 34,
  "active_runner_hours": 7.2652777777777775
}