{
  "simulation_id": "delivery_dynamic_09",
  "runner_id": "runner_1",
  "revenue_per_round": 18.214285714285715,
  "orders_per_runner_hour": 2.384105960264901,
  "on_time_rate": 0.17647058823529413,
  "delivery_cycle_time_p90": 64.72536300767452,
  "delivery_cycle_time_avg": 48.70628760191526,
  "failed_rate": 0.45,
  "second_runner_break_even_orders": 7.1305555555555555,
  "queue_wait_avg": 34.561764705882354,
  "runner_utilization_driving_pct": 45.4070307071484,
  "runner_utilization_prep_pct": 0.0,
  "runner_utilization_idle_pct": 54.5929692928516,
  "distance_per_delivery_avg": 1392.5596930670588,
  "zone_service_times": {
    "hole_18": 38.58187994871029,
    "hole_9": 28.64310006393268,
    "hole_6": 60.43018216078917,
    "hole_8": 63.86480961820689,
    "hole_7": 51.6877536463016,
    "hole_11": 61.05946053713893,
    "hole_12": 52.0391237899678
  },
  "total_revenue": 510.0,
  "total_orders": 40,
  "successful_orders": 17,
  "failed_orders": 18,
  "total_rounds": 28,
  "active_runner_hours": 7.1305555555555555
}