{
  "simulation_id": "delivery_dynamic_01",
  "runner_id": "3_runners",
  "revenue_per_round": 31.818181818181817,
  "orders_per_runner_hour": 3.9755284364095496,
  "on_time_rate": 1.0,
  "delivery_cycle_time_p90": 18.471598013109944,
  "delivery_cycle_time_avg": 15.613546058969852,
  "failed_rate": 0.0,
  "second_runner_break_even_orders": 8.803861061451702,
  "queue_wait_avg": 3.158031865028354,
  "runner_utilization_driving_pct": 26.74557445298758,
  "runner_utilization_prep_pct": 27.57809465716001,
  "runner_utilization_idle_pct": 45.67633088985241,
  "distance_per_delivery_avg": 1005.7949103271757,
  "zone_service_times": {
    "hole_13": 14.649806011852373,
    "hole_6": 17.28079257034746,
    "hole_9": 14.445829376774782,
    "hole_8": 13.457120106919698,
    "hole_5": 17.32853776388798,
    "hole_16": 12.744965787034364,
    "hole_18": 15.01925825037312,
    "hole_12": 17.671097322083824,
    "hole_4": 17.749816346978513,
    "hole_7": 16.91186345421623,
    "hole_14": 13.87174421360481,
    "hole_11": 13.451097720789525,
    "hole_10": 15.849042675751358,
    "hole_17": 13.73319153188877,
    "hole_1": 16.71813280819424,
    "hole_15": 14.58533094968164
  },
  "total_revenue": 700.0,
  "total_orders": 28,
  "successful_orders": 28,
  "failed_orders": 0,
  "total_rounds": 22,
  "active_runner_hours": 7.043088849161361
}