{
  "course": "C:\\Main\\GIT\\simulation\\courses\\pinetree_country_club",
  "tee_scenario": "real_tee_sheet",
  "orders": 30,
  "variant": "mid",
  "runners": 1,
  "runs": 10,
  "on_time_mean": 0.21640135878912967,
  "failed_mean": 0.32999999999999996,
  "p90_mean": 60.77727904127786,
  "avg_delivery_time_mean": 42.37944753682548,
  "oph_mean": 2.4139113276033033,
  "on_time_wilson_lo": 0.5234821059002049,
  "on_time_wilson_hi": 0.6344949453001573,
  "total_successful_orders": 174,
  "total_orders": 300,
  "group_dir": "C:\\Main\\GIT\\simulation\\output\\pinetree_country_club\\20250828_082152_real_tee_sheet\\first_pass\\orders_030\\runners_1\\mid"
}