{
  "simulation_id": "delivery_dynamic_07",
  "runner_id": "runner_1",
  "revenue_per_round": 19.2,
  "orders_per_runner_hour": 2.266824085005903,
  "on_time_rate": 0.3125,
  "delivery_cycle_time_p90": 62.810265648126475,
  "delivery_cycle_time_avg": 38.75511238176054,
  "failed_rate": 0.36666666666666664,
  "second_runner_break_even_orders": 7.058333333333334,
  "queue_wait_avg": 23.602083333333333,
  "runner_utilization_driving_pct": 39.98895553237244,
  "runner_utilization_prep_pct": 0.0,
  "runner_utilization_idle_pct": 60.01104446762756,
  "distance_per_delivery_avg": 1731.417760271544,
  "zone_service_times": {
    "hole_13": 16.79817854494871,
    "hole_18": 27.73078028948237,
    "hole_12": 37.76313901708442,
    "hole_6": 53.63008689325143,
    "hole_14": 63.01056605270053,
    "hole_17": 45.93510063905251,
    "hole_16": 55.88768243490631,
    "hole_-1": 62.72442261759473,
    "hole_4": 24.27352744840391,
    "hole_3": 42.60010918228266,
    "hole_11": 39.34303988643199,
    "hole_10": 11.22536486692746
  },
  "total_revenue": 480.0,
  "total_orders": 30,
  "successful_orders": 16,
  "failed_orders": 11,
  "total_rounds": 25,
  "active_runner_hours": 7.058333333333334
}