{
  "simulation_id": "delivery_dynamic_06",
  "runner_id": "3_runners",
  "revenue_per_round": 42.857142857142854,
  "orders_per_runner_hour": 5.384853955250228,
  "on_time_rate": 0.775,
  "delivery_cycle_time_p90": 38.725555203814274,
  "delivery_cycle_time_avg": 22.531802012448168,
  "failed_rate": 0.0,
  "second_runner_break_even_orders": 7.428242313052898,
  "queue_wait_avg": 8.908333333333333,
  "runner_utilization_driving_pct": 98.47673140208329,
  "runner_utilization_prep_pct": 0.0,
  "runner_utilization_idle_pct": 1.5232685979167115,
  "distance_per_delivery_avg": 1516.8054761825838,
  "zone_service_times": {
    "hole_17": 16.325445192696073,
    "hole_13": 15.978642428563914,
    "hole_11": 22.67690586950066,
    "hole_16": 12.938393970323402,
    "hole_6": 27.477165923089565,
    "hole_-1": 17.096190484788774,
    "hole_12": 23.271036994377543,
    "hole_15": 27.530862347911018,
    "hole_18": 27.4346973194479,
    "hole_7": 38.99233959201429,
    "hole_5": 30.489195190994725,
    "hole_10": 21.866407012872607,
    "hole_14": 26.220419046807365,
    "hole_8": 13.218361622619886,
    "hole_4": 20.428154708667535,
    "hole_2": 22.89413172981161
  },
  "total_revenue": 1200.0,
  "total_orders": 40,
  "successful_orders": 40,
  "failed_orders": 0,
  "total_rounds": 28,
  "active_runner_hours": 7.428242313052898
}