{
  "simulation_id": "delivery_blocked_01",
  "runner_id": "3_runners",
  "revenue_per_round": 25.0,
  "orders_per_runner_hour": 1.4,
  "on_time_rate": 0.6428571428571429,
  "delivery_cycle_time_p90": 40.915455506427286,
  "delivery_cycle_time_avg": 25.155294594762754,
  "failed_rate": 0.0,
  "second_runner_break_even_orders": 12.5,
  "queue_wait_avg": 0.0,
  "runner_utilization_driving_pct": 14.269580326685743,
  "runner_utilization_waiting_pct": 11.962570752534763,
  "distance_per_delivery_avg": 965.5750520116538,
  "zone_service_times": {
    "hole_1": 13.308833402393217,
    "hole_2": 16.84758750149437,
    "hole_7": 33.440077824700346,
    "hole_5": 39.454357807656834,
    "hole_15": 30.558767374700135,
    "hole_4": 32.382747998820925,
    "hole_9": 17.26626216281117,
    "hole_12": 19.544929852344467,
    "hole_10": 23.094871662129844,
    "hole_13": 25.68746799206589
  },
  "total_revenue": 350.0,
  "total_orders": 16,
  "successful_orders": 14,
  "failed_orders": 0,
  "total_rounds": 14,
  "active_runner_hours": 10.0
}