{
  "simulation_id": "delivery_dynamic_05",
  "runner_id": "3_runners",
  "revenue_per_round": 36.0,
  "orders_per_runner_hour": 4.117780119358452,
  "on_time_rate": 1.0,
  "delivery_cycle_time_p90": 17.3839566786432,
  "delivery_cycle_time_avg": 14.58221782865296,
  "failed_rate": 0.0,
  "second_runner_break_even_orders": 7.285478857640894,
  "queue_wait_avg": 0.37976190476190474,
  "runner_utilization_driving_pct": 66.87032239385712,
  "runner_utilization_prep_pct": 0.0,
  "runner_utilization_idle_pct": 33.12967760614288,
  "distance_per_delivery_avg": 1420.5318570940624,
  "zone_service_times": {
    "hole_14": 16.94501062995741,
    "hole_16": 17.874865653481297,
    "hole_12": 16.010715991732933,
    "hole_15": 17.38906912274617,
    "hole_18": 11.504777293609475,
    "hole_8": 13.886880801893717,
    "hole_2": 14.729438816721874,
    "hole_13": 17.05795593174738,
    "hole_9": 12.422074305889844,
    "hole_17": 16.001197376161084,
    "hole_11": 13.493275103404327
  },
  "total_revenue": 900.0,
  "total_orders": 30,
  "successful_orders": 30,
  "failed_orders": 0,
  "total_rounds": 25,
  "active_runner_hours": 7.285478857640895
}