{
  "simulation_id": "delivery_dynamic_05",
  "runner_id": "3_runners",
  "revenue_per_round": 44.11764705882353,
  "orders_per_runner_hour": 6.9884976683804885,
  "on_time_rate": 0.94,
  "delivery_cycle_time_p90": 27.81242511835405,
  "delivery_cycle_time_avg": 19.668024014123823,
  "failed_rate": 0.0,
  "second_runner_break_even_orders": 7.154613533925236,
  "queue_wait_avg": 5.870454545454545,
  "runner_utilization_driving_pct": 100.0,
  "runner_utilization_prep_pct": 0.0,
  "runner_utilization_idle_pct": 0.0,
  "distance_per_delivery_avg": 1512.6800687456077,
  "zone_service_times": {
    "hole_15": 17.689687170102843,
    "hole_8": 18.514693948086848,
    "hole_6": 21.85123474999127,
    "hole_16": 21.533997000098303,
    "hole_17": 19.551956864362754,
    "hole_18": 18.73339532347387,
    "hole_13": 39.083437366970855,
    "hole_7": 28.283718450521455,
    "hole_9": 15.881461382374209,
    "hole_10": 17.905422464535192,
    "hole_11": 18.901490853152275,
    "hole_-1": 20.42080348973941
  },
  "total_revenue": 1500.0,
  "total_orders": 50,
  "successful_orders": 50,
  "failed_orders": 0,
  "total_rounds": 34,
  "active_runner_hours": 7.154613533925236
}