{
  "simulation_id": "delivery_dynamic_10",
  "runner_id": "2_runners",
  "revenue_per_round": 31.818181818181817,
  "orders_per_runner_hour": 4.7972587093089665,
  "on_time_rate": 0.4857142857142857,
  "delivery_cycle_time_p90": 64.77961762028255,
  "delivery_cycle_time_avg": 32.41797486607091,
  "failed_rate": 0.24,
  "second_runner_break_even_orders": 7.295833333333333,
  "queue_wait_avg": 18.576470588235296,
  "runner_utilization_driving_pct": 67.86447501087396,
  "runner_utilization_prep_pct": 0.0,
  "runner_utilization_idle_pct": 32.13552498912604,
  "distance_per_delivery_avg": 1469.0795549998259,
  "zone_service_times": {
    "hole_17": 22.363078492902925,
    "hole_16": 17.3053115501114,
    "hole_10": 12.680228626087107,
    "hole_18": 29.758741218930126,
    "hole_12": 46.592511058534306,
    "hole_3": 32.89722181702997,
    "hole_-1": 40.04085670876585,
    "hole_6": 45.043094236354165,
    "hole_15": 67.11364421016516,
    "hole_8": 14.405699306256913,
    "hole_9": 11.908525675761362
  },
  "total_revenue": 1050.0,
  "total_orders": 50,
  "successful_orders": 35,
  "failed_orders": 12,
  "total_rounds": 33,
  "active_runner_hours": 7.295833333333333
}