{
  "simulation_id": "delivery_dynamic_10",
  "runner_id": "3_runners",
  "revenue_per_round": 44.44444444444444,
  "orders_per_runner_hour": 5.647751029263378,
  "on_time_rate": 1.0,
  "delivery_cycle_time_p90": 26.006457807304862,
  "delivery_cycle_time_avg": 15.82285082745804,
  "failed_rate": 0.0,
  "second_runner_break_even_orders": 7.0824651782175145,
  "queue_wait_avg": 3.8914285714285715,
  "runner_utilization_driving_pct": 81.30962600670948,
  "runner_utilization_prep_pct": 0.0,
  "runner_utilization_idle_pct": 18.69037399329052,
  "distance_per_delivery_avg": 812.3978780259007,
  "zone_service_times": {
    "hole_9": 17.299165726649925,
    "hole_16": 16.05674031557914,
    "hole_18": 16.45520277481247,
    "hole_15": 15.187527271995895,
    "hole_-1": 16.094858851458785,
    "hole_10": 11.586817793778513,
    "hole_14": 15.016879042926242,
    "hole_13": 15.41594260847402,
    "hole_8": 17.741136749059176
  },
  "total_revenue": 1200.0,
  "total_orders": 40,
  "successful_orders": 40,
  "failed_orders": 0,
  "total_rounds": 27,
  "active_runner_hours": 7.0824651782175145
}