{
  "variantKey": "front_mid_back",
  "blockedHoles": [
    1,
    2,
    3,
    4,
    5,
    6,
    10,
    11,
    12
  ],
  "deliveryMetrics": {
    "totalOrders": 40,
    "successfulDeliveries": 40,
    "failedDeliveries": 0,
    "avgOrderTime": 15.822850827458042,
    "onTimePercentage": 100.0,
    "revenue": 1200.0,
    "ordersPerRunnerHour": 4.0,
    "lateOrders": 0,
    "runnerUtilizationPct": 19.19575316154697,
    "totalRunnerDriveMinutes": 345.5235569078455,
    "totalRunnerShiftMinutes": 1800.0,
    "runnerUtilizationByRunner": {
      "runner_1": {
        "driveMinutes": 140.5076629250792,
        "utilizationPct": 23.41794382084653,
        "shiftMinutes": 600.0
      },
      "runner_2": {
        "driveMinutes": 103.27690287222143,
        "utilizationPct": 17.212817145370238,
        "shiftMinutes": 600.0
      },
      "runner_3": {
        "driveMinutes": 101.73899111054487,
        "utilizationPct": 16.956498518424144,
        "shiftMinutes": 600.0
      }
    }
  },
  "bevCartMetrics": null,
  "hasRunners": true,
  "hasBevCart": false
}