{
  "simulation_id": "delivery_dynamic_03",
  "runner_id": "runner_1",
  "revenue_per_round": 12.0,
  "orders_per_runner_hour": 1.6914643696162883,
  "on_time_rate": 0.08333333333333333,
  "delivery_cycle_time_p90": 66.18622037970866,
  "delivery_cycle_time_avg": 51.71637197595775,
  "failed_rate": 0.575,
  "second_runner_break_even_orders": 7.094444444444445,
  "queue_wait_avg": 36.77638888888889,
  "runner_utilization_driving_pct": 38.53759635240353,
  "runner_utilization_prep_pct": 0.0,
  "runner_utilization_idle_pct": 61.46240364759647,
  "distance_per_delivery_avg": 1659.8343172551322,
  "zone_service_times": {
    "hole_14": 15.343716022902239,
    "hole_7": 53.00970964982579,
    "hole_8": 54.73904504893257,
    "hole_6": 57.05097416174728,
    "hole_-1": 51.7810635065615,
    "hole_11": 64.34240825569807
  },
  "total_revenue": 360.0,
  "total_orders": 40,
  "successful_orders": 12,
  "failed_orders": 23,
  "total_rounds": 30,
  "active_runner_hours": 7.094444444444444
}