{
  "simulation_id": "delivery_dynamic_04",
  "runner_id": "2_runners",
  "revenue_per_round": 40.90909090909091,
  "orders_per_runner_hour": 4.266722514353366,
  "on_time_rate": 0.8666666666666667,
  "delivery_cycle_time_p90": 31.762485410842668,
  "delivery_cycle_time_avg": 19.75106535024853,
  "failed_rate": 0.0,
  "second_runner_break_even_orders": 7.031157967052982,
  "queue_wait_avg": 8.848076923076922,
  "runner_utilization_driving_pct": 64.19409508120656,
  "runner_utilization_prep_pct": 0.0,
  "runner_utilization_idle_pct": 35.805904918793445,
  "distance_per_delivery_avg": 699.7979576835087,
  "zone_service_times": {
    "hole_9": 22.37350725356735,
    "hole_10": 15.305199216870387,
    "hole_15": 23.15110276744487,
    "hole_14": 14.963026983262656,
    "hole_16": 19.72638842880259,
    "hole_-1": 21.372730173228167,
    "hole_18": 19.788690955105874,
    "hole_13": 15.643125655308298
  },
  "total_revenue": 900.0,
  "total_orders": 30,
  "successful_orders": 30,
  "failed_orders": 0,
  "total_rounds": 22,
  "active_runner_hours": 7.031157967052982
}