{
  "simulation_id": "delivery_dynamic_04",
  "runner_id": "2_runners",
  "revenue_per_round": 34.6875,
  "orders_per_runner_hour": 5.2430623892934465,
  "on_time_rate": 0.32432432432432434,
  "delivery_cycle_time_p90": 59.37861557640133,
  "delivery_cycle_time_avg": 39.58947641946404,
  "failed_rate": 0.2,
  "second_runner_break_even_orders": 7.0569444444444445,
  "queue_wait_avg": 27.756190476190476,
  "runner_utilization_driving_pct": 85.08137518400272,
  "runner_utilization_prep_pct": 0.0,
  "runner_utilization_idle_pct": 14.918624815997276,
  "distance_per_delivery_avg": 1120.0965093723516,
  "zone_service_times": {
    "hole_13": 16.060029574920343,
    "hole_6": 19.73413096708955,
    "hole_12": 33.78385352869853,
    "hole_18": 47.82675410504839,
    "hole_15": 49.731092805403875,
    "hole_14": 63.074784182462686,
    "hole_16": 38.31970600046174,
    "hole_10": 27.24270600055467,
    "hole_-1": 51.453285728783726,
    "hole_9": 25.05354591251283,
    "hole_11": 17.859074922364744,
    "hole_17": 27.05832004603217
  },
  "total_revenue": 1110.0,
  "total_orders": 50,
  "successful_orders": 37,
  "failed_orders": 10,
  "total_rounds": 32,
  "active_runner_hours": 7.0569444444444445
}