{
  "simulation_id": "delivery_dynamic_08",
  "runner_id": "runner_1",
  "revenue_per_round": 24.545454545454547,
  "orders_per_runner_hour": 2.4374647357532444,
  "on_time_rate": 0.3888888888888889,
  "delivery_cycle_time_p90": 63.00136823996727,
  "delivery_cycle_time_avg": 39.28769676008949,
  "failed_rate": 0.3333333333333333,
  "second_runner_break_even_orders": 7.384722222222222,
  "queue_wait_avg": 26.629411764705882,
  "runner_utilization_driving_pct": 43.94582740335663,
  "runner_utilization_prep_pct": 0.0,
  "runner_utilization_idle_pct": 56.05417259664337,
  "distance_per_delivery_avg": 1390.2661113900633,
  "zone_service_times": {
    "hole_6": 24.195970031346526,
    "hole_13": 48.71243720082736,
    "hole_7": 63.201355255461685,
    "hole_15": 62.9791474604679,
    "hole_-1": 40.39954902393433,
    "hole_11": 46.300741634100206,
    "hole_18": 30.509150192184066,
    "hole_10": 30.198811890140558,
    "hole_12": 25.664456011420892,
    "hole_14": 36.20643251417957
  },
  "total_revenue": 540.0,
  "total_orders": 30,
  "successful_orders": 18,
  "failed_orders": 10,
  "total_rounds": 22,
  "active_runner_hours": 7.384722222222222
}