{
  "simulation_id": "delivery_dynamic_04",
  "runner_id": "2_runners",
  "revenue_per_round": 40.90909090909091,
  "orders_per_runner_hour": 4.175429333721889,
  "on_time_rate": 0.6,
  "delivery_cycle_time_p90": 40.76543785178612,
  "delivery_cycle_time_avg": 26.323365910381472,
  "failed_rate": 0.0,
  "second_runner_break_even_orders": 7.184889888498876,
  "queue_wait_avg": 12.426436781609196,
  "runner_utilization_driving_pct": 74.18589708959928,
  "runner_utilization_prep_pct": 0.0,
  "runner_utilization_idle_pct": 25.81410291040072,
  "distance_per_delivery_avg": 1448.5442792215104,
  "zone_service_times": {
    "hole_15": 17.9810086339821,
    "hole_18": 25.676547398211977,
    "hole_6": 17.8764275696875,
    "hole_16": 28.89230863914066,
    "hole_8": 26.974432145775125,
    "hole_14": 35.95816007217157,
    "hole_11": 33.86018420296876,
    "hole_13": 27.113587691975653,
    "hole_10": 22.78448091105454,
    "hole_17": 35.22179802591321,
    "hole_7": 16.910565728786,
    "hole_9": 11.858525675761364,
    "hole_12": 25.24233678980769
  },
  "total_revenue": 900.0,
  "total_orders": 30,
  "successful_orders": 30,
  "failed_orders": 0,
  "total_rounds": 22,
  "active_runner_hours": 7.184889888498876
}