{
  "simulation_id": "delivery_dynamic_07",
  "runner_id": "runner_1",
  "revenue_per_round": 17.419354838709676,
  "orders_per_runner_hour": 2.5233644859813085,
  "on_time_rate": 0.1111111111111111,
  "delivery_cycle_time_p90": 63.086986853354276,
  "delivery_cycle_time_avg": 51.19417646892874,
  "failed_rate": 0.45,
  "second_runner_break_even_orders": 7.133333333333334,
  "queue_wait_avg": 37.388888888888886,
  "runner_utilization_driving_pct": 39.64618052130688,
  "runner_utilization_prep_pct": 0.0,
  "runner_utilization_idle_pct": 60.35381947869312,
  "distance_per_delivery_avg": 1278.5766268933905,
  "zone_service_times": {
    "hole_18": 46.34203727182948,
    "hole_14": 45.48016502033006,
    "hole_9": 45.31583657942832,
    "hole_12": 58.32717315521832,
    "hole_11": 42.50804085950009,
    "hole_13": 59.97462259841407,
    "hole_17": 53.65722846620592,
    "hole_10": 58.9263277568145,
    "hole_16": 62.84056982606186
  },
  "total_revenue": 540.0,
  "total_orders": 40,
  "successful_orders": 18,
  "failed_orders": 18,
  "total_rounds": 31,
  "active_runner_hours": 7.133333333333334
}