{
  "simulation_id": "delivery_dynamic_01",
  "runner_id": "2_runners",
  "revenue_per_round": 44.21052631578947,
  "orders_per_runner_hour": 3.8392803054174554,
  "on_time_rate": 0.6785714285714286,
  "delivery_cycle_time_p90": 52.411335845037925,
  "delivery_cycle_time_avg": 25.20244049307496,
  "failed_rate": 0.03333333333333333,
  "second_runner_break_even_orders": 7.293033530396391,
  "queue_wait_avg": 11.703205128205129,
  "runner_utilization_driving_pct": 68.54861967337636,
  "runner_utilization_prep_pct": 0.0,
  "runner_utilization_idle_pct": 31.451380326623635,
  "distance_per_delivery_avg": 1456.6200056731846,
  "zone_service_times": {
    "hole_1": 12.277092925686853,
    "hole_3": 28.463567647458248,
    "hole_11": 15.400540372966043,
    "hole_10": 15.552130027951737,
    "hole_-1": 39.97108897753484,
    "hole_9": 12.980561911532458,
    "hole_8": 24.876791610196637,
    "hole_12": 38.08213522238515,
    "hole_18": 33.92716354202243,
    "hole_16": 39.472853903327696,
    "hole_6": 18.304976618201543,
    "hole_13": 17.023826211312368,
    "hole_17": 13.103330129332365
  },
  "total_revenue": 840.0,
  "total_orders": 30,
  "successful_orders": 28,
  "failed_orders": 1,
  "total_rounds": 19,
  "active_runner_hours": 7.293033530396391
}