{
  "simulation_id": "delivery_dynamic_06",
  "runner_id": "3_runners",
  "revenue_per_round": 45.45454545454545,
  "orders_per_runner_hour": 7.049257436257519,
  "on_time_rate": 0.88,
  "delivery_cycle_time_p90": 32.85531318955392,
  "delivery_cycle_time_avg": 19.18454818629021,
  "failed_rate": 0.0,
  "second_runner_break_even_orders": 7.092945668692335,
  "queue_wait_avg": 5.1372340425531915,
  "runner_utilization_driving_pct": 100.0,
  "runner_utilization_prep_pct": 0.0,
  "runner_utilization_idle_pct": 0.0,
  "distance_per_delivery_avg": 1463.4641905935105,
  "zone_service_times": {
    "hole_16": 19.487513179966996,
    "hole_9": 13.349710955376102,
    "hole_8": 13.8907933991191,
    "hole_18": 19.758360605251138,
    "hole_13": 23.46961820186413,
    "hole_14": 25.401546529374897,
    "hole_17": 18.244386765697687,
    "hole_12": 20.345668082688235,
    "hole_10": 18.053157066166307,
    "hole_15": 19.320040822792087
  },
  "total_revenue": 1500.0,
  "total_orders": 50,
  "successful_orders": 50,
  "failed_orders": 0,
  "total_rounds": 33,
  "active_runner_hours": 7.092945668692335
}