{
  "simulation_id": "delivery_dynamic_09",
  "runner_id": "3_runners",
  "revenue_per_round": 39.130434782608695,
  "orders_per_runner_hour": 4.107389027725285,
  "on_time_rate": 0.9666666666666667,
  "delivery_cycle_time_p90": 22.405515154327514,
  "delivery_cycle_time_avg": 17.070987660340396,
  "failed_rate": 0.0,
  "second_runner_break_even_orders": 7.303910050276957,
  "queue_wait_avg": 1.5474358974358975,
  "runner_utilization_driving_pct": 85.13402869129615,
  "runner_utilization_prep_pct": 0.0,
  "runner_utilization_idle_pct": 14.865971308703848,
  "distance_per_delivery_avg": 1925.2385205410385,
  "zone_service_times": {
    "hole_15": 12.988490593383398,
    "hole_14": 15.871561926335653,
    "hole_13": 19.129577744448095,
    "hole_3": 20.966521839635348,
    "hole_2": 23.080963331910546,
    "hole_6": 21.575429347963023,
    "hole_9": 13.665857141362281,
    "hole_-1": 12.947730173228168,
    "hole_7": 16.465374012229674,
    "hole_17": 14.126939238779414,
    "hole_18": 12.078865469721011
  },
  "total_revenue": 900.0,
  "total_orders": 30,
  "successful_orders": 30,
  "failed_orders": 0,
  "total_rounds": 23,
  "active_runner_hours": 7.303910050276956
}