{
  "simulation_id": "delivery_dynamic_03",
  "runner_id": "3_runners",
  "revenue_per_round": 37.5,
  "orders_per_runner_hour": 4.235058830011496,
  "on_time_rate": 1.0,
  "delivery_cycle_time_p90": 25.44647757115279,
  "delivery_cycle_time_avg": 17.02420304046148,
  "failed_rate": 0.0,
  "second_runner_break_even_orders": 7.083726862873016,
  "queue_wait_avg": 1.8895833333333334,
  "runner_utilization_driving_pct": 85.96606896501542,
  "runner_utilization_prep_pct": 0.0,
  "runner_utilization_idle_pct": 14.033931034984576,
  "distance_per_delivery_avg": 1852.2122215950571,
  "zone_service_times": {
    "hole_9": 12.045454563357847,
    "hole_4": 24.230703153468756,
    "hole_17": 14.143938824559317,
    "hole_2": 23.105963415226476,
    "hole_15": 13.15589642959864,
    "hole_10": 11.007574806144355,
    "hole_8": 13.572747068472806,
    "hole_7": 21.776338751663328,
    "hole_6": 20.12545051729191,
    "hole_14": 19.43249263448955,
    "hole_5": 21.406969951155467,
    "hole_3": 20.408769419158066,
    "hole_-1": 10.464904120026484
  },
  "total_revenue": 900.0,
  "total_orders": 30,
  "successful_orders": 30,
  "failed_orders": 0,
  "total_rounds": 24,
  "active_runner_hours": 7.083726862873015
}