{
  "simulation_id": "delivery_dynamic_01",
  "runner_id": "2_runners",
  "revenue_per_round": 30.0,
  "orders_per_runner_hour": 2.4,
  "on_time_rate": 1.0,
  "delivery_cycle_time_p90": 22.810021893468793,
  "delivery_cycle_time_avg": 16.917897652683866,
  "failed_rate": 0.0,
  "second_runner_break_even_orders": 12.5,
  "queue_wait_avg": 0.0,
  "runner_utilization_driving_pct": 16.03219799439038,
  "runner_utilization_waiting_pct": 19.383776216427027,
  "distance_per_delivery_avg": 970.5096872722295,
  "zone_service_times": {
    "hole_8": 17.629494661744214,
    "hole_3": 18.162687336737164,
    "hole_14": 18.754785065891298,
    "hole_16": 14.393662331892514,
    "hole_4": 19.5369661013275,
    "hole_7": 18.056818578982224,
    "hole_13": 20.87416991848113,
    "hole_11": 16.36878883130412,
    "hole_9": 13.451097720789525,
    "hole_15": 15.390811319338901,
    "hole_17": 16.298399164899397,
    "hole_6": 15.803498826530147,
    "hole_18": 13.622754698353068,
    "hole_2": 15.642299748318571
  },
  "total_revenue": 600.0,
  "total_orders": 24,
  "successful_orders": 24,
  "failed_orders": 0,
  "total_rounds": 20,
  "active_runner_hours": 10.0
}