{
  "simulation_id": "delivery_dynamic_04",
  "runner_id": "2_runners",
  "revenue_per_round": 35.294117647058826,
  "orders_per_runner_hour": 2.734957657266767,
  "on_time_rate": 1.0,
  "delivery_cycle_time_p90": 22.946578464935538,
  "delivery_cycle_time_avg": 15.649222998044486,
  "failed_rate": 0.0,
  "second_runner_break_even_orders": 7.312727473809371,
  "queue_wait_avg": 1.8018518518518518,
  "runner_utilization_driving_pct": 46.57647714640913,
  "runner_utilization_prep_pct": 0.0,
  "runner_utilization_idle_pct": 53.42352285359087,
  "distance_per_delivery_avg": 1353.2589273429498,
  "zone_service_times": {
    "hole_2": 15.589343038839669,
    "hole_15": 17.938762044014037,
    "hole_9": 12.249204459081112,
    "hole_3": 17.429592747172926,
    "hole_7": 16.592051783854792,
    "hole_8": 18.90985802944502,
    "hole_18": 15.924759833178804,
    "hole_16": 17.472940680491593,
    "hole_10": 12.512599498347603,
    "hole_17": 13.714837043267654
  },
  "total_revenue": 600.0,
  "total_orders": 20,
  "successful_orders": 20,
  "failed_orders": 0,
  "total_rounds": 17,
  "active_runner_hours": 7.312727473809371
}