{
  "simulation_id": "delivery_dynamic_08",
  "runner_id": "3_runners",
  "revenue_per_round": 44.11764705882353,
  "orders_per_runner_hour": 6.850887341191849,
  "on_time_rate": 0.94,
  "delivery_cycle_time_p90": 29.203297367569586,
  "delivery_cycle_time_avg": 18.42521332948814,
  "failed_rate": 0.0,
  "second_runner_break_even_orders": 7.298324656335905,
  "queue_wait_avg": 6.287596899224806,
  "runner_utilization_driving_pct": 100.0,
  "runner_utilization_prep_pct": 0.0,
  "runner_utilization_idle_pct": 0.0,
  "distance_per_delivery_avg": 1014.0076787080158,
  "zone_service_times": {
    "hole_10": 11.480745527664483,
    "hole_9": 16.538779539756334,
    "hole_18": 16.584117710863428,
    "hole_7": 16.575385117188127,
    "hole_17": 25.83425201534332,
    "hole_8": 16.756201408060374,
    "hole_15": 17.9877998464491,
    "hole_11": 22.692336523011424,
    "hole_6": 18.94867849045016,
    "hole_16": 18.868318683179194
  },
  "total_revenue": 1500.0,
  "total_orders": 50,
  "successful_orders": 50,
  "failed_orders": 0,
  "total_rounds": 34,
  "active_runner_hours": 7.298324656335905
}