{
  "simulation_id": "delivery_dynamic_03",
  "runner_id": "runner_1",
  "revenue_per_round": 21.6,
  "orders_per_runner_hour": 2.485139022051774,
  "on_time_rate": 0.16666666666666666,
  "delivery_cycle_time_p90": 64.54705100192118,
  "delivery_cycle_time_avg": 45.891542925491116,
  "failed_rate": 0.3,
  "second_runner_break_even_orders": 7.243055555555555,
  "queue_wait_avg": 33.508823529411764,
  "runner_utilization_driving_pct": 43.05550719995224,
  "runner_utilization_prep_pct": 0.0,
  "runner_utilization_idle_pct": 56.94449280004776,
  "distance_per_delivery_avg": 1426.0917562983466,
  "zone_service_times": {
    "hole_14": 14.515671539587736,
    "hole_2": 22.13275400840806,
    "hole_12": 43.03145021847328,
    "hole_7": 54.968943705388966,
    "hole_16": 51.94817763118475,
    "hole_17": 64.2179754946633,
    "hole_18": 58.01748778091205,
    "hole_6": 67.50873056724207,
    "hole_-1": 44.5310635065615,
    "hole_15": 50.34752900580033,
    "hole_13": 47.59048140539259,
    "hole_11": 44.695052538310485,
    "hole_9": 28.15317138833355
  },
  "total_revenue": 540.0,
  "total_orders": 30,
  "successful_orders": 18,
  "failed_orders": 9,
  "total_rounds": 25,
  "active_runner_hours": 7.243055555555555
}