{
  "simulation_id": "delivery_dynamic_05",
  "runner_id": "runner_1",
  "revenue_per_round": 33.529411764705884,
  "orders_per_runner_hour": 2.6572206998058183,
  "on_time_rate": 0.7368421052631579,
  "delivery_cycle_time_p90": 54.503002511704594,
  "delivery_cycle_time_avg": 25.501040119688444,
  "failed_rate": 0.05,
  "second_runner_break_even_orders": 7.150328161070122,
  "queue_wait_avg": 14.22549019607843,
  "runner_utilization_driving_pct": 35.589608733402045,
  "runner_utilization_prep_pct": 0.0,
  "runner_utilization_idle_pct": 64.41039126659795,
  "distance_per_delivery_avg": 931.7179012679499,
  "zone_service_times": {
    "hole_17": 14.007947360529078,
    "hole_18": 24.498025357548894,
    "hole_8": 36.162818634111744,
    "hole_9": 29.3315247166361,
    "hole_12": 34.6550605541585,
    "hole_13": 52.35198890029551,
    "hole_10": 17.827000561449417,
    "hole_15": 18.37445156896926
  },
  "total_revenue": 570.0,
  "total_orders": 20,
  "successful_orders": 19,
  "failed_orders": 1,
  "total_rounds": 17,
  "active_runner_hours": 7.150328161070122
}