{
  "variantKey": "back",
  "blockedHoles": [
    10,
    11,
    12
  ],
  "deliveryMetrics": {
    "totalOrders": 50,
    "successfulDeliveries": 50,
    "failedDeliveries": 0,
    "avgOrderTime": 19.77368081105702,
    "onTimePercentage": 90.0,
    "revenue": 1500.0,
    "ordersPerRunnerHour": 5.0,
    "lateOrders": 5,
    "runnerUtilizationPct": 28.806653046586934,
    "totalRunnerDriveMinutes": 518.5197548385648,
    "totalRunnerShiftMinutes": 1800.0,
    "runnerUtilizationByRunner": {
      "runner_2": {
        "driveMinutes": 147.00406657234726,
        "utilizationPct": 24.500677762057876,
        "shiftMinutes": 600.0
      },
      "runner_1": {
        "driveMinutes": 209.09569197575817,
        "utilizationPct": 34.8492819959597,
        "shiftMinutes": 600.0
      },
      "runner_3": {
        "driveMinutes": 162.41999629045984,
        "utilizationPct": 27.069999381743305,
        "shiftMinutes": 600.0
      }
    }
  },
  "bevCartMetrics": null,
  "hasRunners": true,
  "hasBevCart": false
}