{
  "simulation_id": "delivery_dynamic_04",
  "runner_id": "3_runners",
  "revenue_per_round": 48.38709677419355,
  "orders_per_runner_hour": 6.723099578703553,
  "on_time_rate": 0.8,
  "delivery_cycle_time_p90": 37.704113661905794,
  "delivery_cycle_time_avg": 21.17889571957701,
  "failed_rate": 0.0,
  "second_runner_break_even_orders": 7.43704587663444,
  "queue_wait_avg": 7.557638888888889,
  "runner_utilization_driving_pct": 100.0,
  "runner_utilization_prep_pct": 0.0,
  "runner_utilization_idle_pct": 0.0,
  "distance_per_delivery_avg": 1318.316961777875,
  "zone_service_times": {
    "hole_10": 20.438613234076886,
    "hole_7": 23.925101511807792,
    "hole_17": 20.481237839621507,
    "hole_6": 23.930682045843984,
    "hole_14": 17.530719342572215,
    "hole_18": 15.414823058809937,
    "hole_-1": 16.86083900098164,
    "hole_15": 19.92739083888244,
    "hole_8": 25.477913043038765,
    "hole_4": 20.29220753810987,
    "hole_9": 23.37600965747926,
    "hole_16": 24.150678048742076,
    "hole_11": 45.68275291627027
  },
  "total_revenue": 1500.0,
  "total_orders": 50,
  "successful_orders": 50,
  "failed_orders": 0,
  "total_rounds": 31,
  "active_runner_hours": 7.43704587663444
}