{
  "simulation_id": "delivery_dynamic_03",
  "runner_id": "runner_1",
  "revenue_per_round": 37.5,
  "orders_per_runner_hour": 2.8492621380358654,
  "on_time_rate": 0.85,
  "delivery_cycle_time_p90": 41.72578266591621,
  "delivery_cycle_time_avg": 18.900664666371473,
  "failed_rate": 0.0,
  "second_runner_break_even_orders": 7.019361164777549,
  "queue_wait_avg": 8.583333333333334,
  "runner_utilization_driving_pct": 20.93072293118287,
  "runner_utilization_prep_pct": 0.0,
  "runner_utilization_idle_pct": 79.06927706881713,
  "distance_per_delivery_avg": 1773.4785597874577,
  "zone_service_times": {
    "hole_16": 13.562086301012885,
    "hole_18": 21.726940424445498,
    "hole_17": 17.652621205289435,
    "hole_12": 27.797808538800442,
    "hole_15": 16.60320088551869,
    "hole_10": 28.465984262021657,
    "hole_6": 14.03848499462844
  },
  "total_revenue": 600.0,
  "total_orders": 20,
  "successful_orders": 20,
  "failed_orders": 0,
  "total_rounds": 16,
  "active_runner_hours": 7.019361164777549
}