{
  "simulation_id": "delivery_dynamic_09",
  "runner_id": "3_runners",
  "revenue_per_round": 48.38709677419355,
  "orders_per_runner_hour": 6.90832068273504,
  "on_time_rate": 0.58,
  "delivery_cycle_time_p90": 45.26016525480137,
  "delivery_cycle_time_avg": 26.45681368895232,
  "failed_rate": 0.0,
  "second_runner_break_even_orders": 7.2376489593133275,
  "queue_wait_avg": 15.026744186046512,
  "runner_utilization_driving_pct": 100.0,
  "runner_utilization_prep_pct": 0.0,
  "runner_utilization_idle_pct": 0.0,
  "distance_per_delivery_avg": 1187.3613994879781,
  "zone_service_times": {
    "hole_9": 11.743270891825887,
    "hole_12": 29.911126399089483,
    "hole_8": 13.666053221880716,
    "hole_13": 23.802781349454015,
    "hole_4": 35.89945170531828,
    "hole_18": 27.056496333014987,
    "hole_15": 29.046504370691142,
    "hole_-1": 32.49009587804697,
    "hole_10": 17.89822342936164,
    "hole_11": 20.612434557446594,
    "hole_14": 37.5112601722017,
    "hole_5": 45.25696995115547,
    "hole_16": 13.391014613049569
  },
  "total_revenue": 1500.0,
  "total_orders": 50,
  "successful_orders": 50,
  "failed_orders": 0,
  "total_rounds": 31,
  "active_runner_hours": 7.2376489593133275
}