{
  "simulation_id": "delivery_dynamic_01",
  "runner_id": "runner_1",
  "revenue_per_round": 33.333333333333336,
  "orders_per_runner_hour": 2.520319279101879,
  "on_time_rate": 0.75,
  "delivery_cycle_time_p90": 48.702154337080586,
  "delivery_cycle_time_avg": 23.2392598349453,
  "failed_rate": 0.0,
  "second_runner_break_even_orders": 7.935502523762404,
  "queue_wait_avg": 11.410233918128656,
  "runner_utilization_driving_pct": 43.35612751815349,
  "runner_utilization_prep_pct": 0.0,
  "runner_utilization_idle_pct": 56.64387248184651,
  "distance_per_delivery_avg": 1727.6670811606134,
  "zone_service_times": {
    "hole_7": 13.203305535992884,
    "hole_11": 32.339140050315294,
    "hole_8": 32.36045915267161,
    "hole_5": 35.3505076308472,
    "hole_2": 12.48621897853706,
    "hole_6": 28.565601130084783,
    "hole_10": 34.83580080008175,
    "hole_18": 14.016578954719101,
    "hole_14": 12.523630188409152,
    "hole_9": 11.20314539271094
  },
  "total_revenue": 600.0,
  "total_orders": 20,
  "successful_orders": 20,
  "failed_orders": 0,
  "total_rounds": 18,
  "active_runner_hours": 7.935502523762403
}