{
  "simulation_id": "delivery_dynamic_04",
  "runner_id": "2_runners",
  "revenue_per_round": 40.38461538461539,
  "orders_per_runner_hour": 4.769252413391398,
  "on_time_rate": 0.45714285714285713,
  "delivery_cycle_time_p90": 55.714706366014845,
  "delivery_cycle_time_avg": 33.81115318996925,
  "failed_rate": 0.1,
  "second_runner_break_even_orders": 7.338676372364957,
  "queue_wait_avg": 22.590860215053763,
  "runner_utilization_driving_pct": 84.29515856455969,
  "runner_utilization_prep_pct": 0.0,
  "runner_utilization_idle_pct": 15.704841435440315,
  "distance_per_delivery_avg": 1277.5074718296662,
  "zone_service_times": {
    "hole_6": 26.44528520591178,
    "hole_12": 27.799105847592653,
    "hole_14": 29.327926838868372,
    "hole_16": 28.294008223595824,
    "hole_13": 25.553663028147355,
    "hole_-1": 51.128033621586184,
    "hole_9": 33.200282064285055,
    "hole_11": 50.083825588288526,
    "hole_8": 21.767690396846028,
    "hole_7": 36.503320796736745,
    "hole_18": 28.0069671372056,
    "hole_17": 31.376939238779414,
    "hole_4": 20.63516581868959
  },
  "total_revenue": 1050.0,
  "total_orders": 40,
  "successful_orders": 35,
  "failed_orders": 4,
  "total_rounds": 26,
  "active_runner_hours": 7.338676372364957
}