{
  "simulation_id": "delivery_dynamic_06",
  "runner_id": "3_runners",
  "revenue_per_round": 41.666666666666664,
  "orders_per_runner_hour": 6.9098536546467555,
  "on_time_rate": 0.68,
  "delivery_cycle_time_p90": 37.74214221682162,
  "delivery_cycle_time_avg": 23.88702606374766,
  "failed_rate": 0.0,
  "second_runner_break_even_orders": 7.236043265022824,
  "queue_wait_avg": 9.180208333333333,
  "runner_utilization_driving_pct": 100.0,
  "runner_utilization_prep_pct": 0.0,
  "runner_utilization_idle_pct": 0.0,
  "distance_per_delivery_avg": 1704.8727574192126,
  "zone_service_times": {
    "hole_16": 21.091620996112695,
    "hole_6": 24.334587275054936,
    "hole_17": 23.096421151966712,
    "hole_18": 19.956861457033916,
    "hole_11": 30.790357040066464,
    "hole_10": 30.054795660626176,
    "hole_14": 24.17760567669852,
    "hole_13": 23.643572400546894,
    "hole_12": 33.33839388749184,
    "hole_9": 36.52615482985651,
    "hole_8": 16.240126853955612
  },
  "total_revenue": 1500.0,
  "total_orders": 50,
  "successful_orders": 50,
  "failed_orders": 0,
  "total_rounds": 36,
  "active_runner_hours": 7.236043265022824
}