{
  "simulation_id": "delivery_dynamic_05",
  "runner_id": "2_runners",
  "revenue_per_round": 43.2,
  "orders_per_runner_hour": 5.0893383074808565,
  "on_time_rate": 0.5277777777777778,
  "delivery_cycle_time_p90": 55.68253610921833,
  "delivery_cycle_time_avg": 31.728690938293944,
  "failed_rate": 0.05,
  "second_runner_break_even_orders": 7.073611111111111,
  "queue_wait_avg": 18.41095238095238,
  "runner_utilization_driving_pct": 73.15183696782948,
  "runner_utilization_prep_pct": 0.0,
  "runner_utilization_idle_pct": 26.84816303217052,
  "distance_per_delivery_avg": 1286.5957108223213,
  "zone_service_times": {
    "hole_8": 14.330422037090992,
    "hole_15": 18.37445156896926,
    "hole_3": 26.205555151968504,
    "hole_-1": 28.041089284261396,
    "hole_17": 19.35712135374966,
    "hole_18": 32.733248393613806,
    "hole_10": 48.01991933943876,
    "hole_4": 40.7060562025327,
    "hole_11": 43.993039886431994,
    "hole_6": 39.004554868157584,
    "hole_14": 52.54486222270158,
    "hole_12": 60.340836545238076,
    "hole_13": 50.85010403363752,
    "hole_7": 16.608718450521458
  },
  "total_revenue": 1080.0,
  "total_orders": 40,
  "successful_orders": 36,
  "failed_orders": 2,
  "total_rounds": 25,
  "active_runner_hours": 7.073611111111111
}