{
  "simulation_id": "delivery_dynamic_08",
  "runner_id": "runner_1",
  "revenue_per_round": 20.0,
  "orders_per_runner_hour": 2.2094361334867667,
  "on_time_rate": 0.5625,
  "delivery_cycle_time_p90": 59.571921222726886,
  "delivery_cycle_time_avg": 35.021097184872076,
  "failed_rate": 0.4,
  "second_runner_break_even_orders": 7.241666666666666,
  "queue_wait_avg": 20.372916666666665,
  "runner_utilization_driving_pct": 33.555686932073186,
  "runner_utilization_prep_pct": 0.0,
  "runner_utilization_idle_pct": 66.44431306792681,
  "distance_per_delivery_avg": 1561.7886541170217,
  "zone_service_times": {
    "hole_17": 27.565900112706196,
    "hole_15": 29.765864224069084,
    "hole_13": 39.83341705595543,
    "hole_14": 53.149455023895946,
    "hole_18": 36.0422124965714,
    "hole_11": 22.750176748520122
  },
  "total_revenue": 480.0,
  "total_orders": 30,
  "successful_orders": 16,
  "failed_orders": 12,
  "total_rounds": 24,
  "active_runner_hours": 7.241666666666666
}