{
  "simulation_id": "delivery_dynamic_02",
  "runner_id": "2_runners",
  "revenue_per_round": 37.5,
  "orders_per_runner_hour": 4.134919883237129,
  "on_time_rate": 0.9666666666666667,
  "delivery_cycle_time_p90": 23.713130646515932,
  "delivery_cycle_time_avg": 15.332443969321593,
  "failed_rate": 0.0,
  "second_runner_break_even_orders": 7.2552796298712625,
  "queue_wait_avg": 3.667283950617284,
  "runner_utilization_driving_pct": 55.2973304625883,
  "runner_utilization_prep_pct": 0.0,
  "runner_utilization_idle_pct": 44.7026695374117,
  "distance_per_delivery_avg": 682.7145070253854,
  "zone_service_times": {
    "hole_9": 12.495576936203594,
    "hole_15": 14.76818597167577,
    "hole_18": 21.21033775537908,
    "hole_8": 13.539413735139473,
    "hole_-1": 14.596783621586185,
    "hole_14": 14.402864254335872,
    "hole_10": 11.037269999351974,
    "hole_7": 16.009653103053644,
    "hole_16": 11.628994834225523,
    "hole_17": 14.458320046032167
  },
  "total_revenue": 900.0,
  "total_orders": 30,
  "successful_orders": 30,
  "failed_orders": 0,
  "total_rounds": 24,
  "active_runner_hours": 7.2552796298712625
}