{
  "simulation_id": "delivery_dynamic_08",
  "runner_id": "2_runners",
  "revenue_per_round": 39.130434782608695,
  "orders_per_runner_hour": 4.266528242089133,
  "on_time_rate": 0.5,
  "delivery_cycle_time_p90": 55.84721363977676,
  "delivery_cycle_time_avg": 31.52340583903453,
  "failed_rate": 0.0,
  "second_runner_break_even_orders": 7.03147812407549,
  "queue_wait_avg": 17.779761904761905,
  "runner_utilization_driving_pct": 75.68285729592021,
  "runner_utilization_prep_pct": 0.0,
  "runner_utilization_idle_pct": 24.317142704079785,
  "distance_per_delivery_avg": 1656.1310285822697,
  "zone_service_times": {
    "hole_1": 13.012231007230488,
    "hole_6": 26.493433426316933,
    "hole_18": 32.6142647686964,
    "hole_-1": 46.7137985557563,
    "hole_17": 26.210282326675966,
    "hole_8": 32.40567760451025,
    "hole_13": 56.63151187828207,
    "hole_7": 41.262490740369,
    "hole_11": 39.02173477592605,
    "hole_10": 33.79157162745538,
    "hole_4": 20.290194115070577,
    "hole_9": 23.9511112473243,
    "hole_2": 14.252190620289184,
    "hole_3": 16.31235076383297
  },
  "total_revenue": 900.0,
  "total_orders": 30,
  "successful_orders": 30,
  "failed_orders": 0,
  "total_rounds": 23,
  "active_runner_hours": 7.031478124075491
}