{
  "simulation_id": "delivery_dynamic_10",
  "runner_id": "runner_1",
  "revenue_per_round": 34.0,
  "orders_per_runner_hour": 2.3907177647486986,
  "on_time_rate": 0.35294117647058826,
  "delivery_cycle_time_p90": 51.54743800026192,
  "delivery_cycle_time_avg": 34.830102074378814,
  "failed_rate": 0.15,
  "second_runner_break_even_orders": 7.110835185426818,
  "queue_wait_avg": 24.092222222222222,
  "runner_utilization_driving_pct": 42.69469727292524,
  "runner_utilization_prep_pct": 0.0,
  "runner_utilization_idle_pct": 57.30530272707476,
  "distance_per_delivery_avg": 1200.279002873633,
  "zone_service_times": {
    "hole_9": 33.67309863096843,
    "hole_18": 36.22744514855862,
    "hole_11": 38.11873035193009,
    "hole_8": 43.08861961732449,
    "hole_-1": 32.84217461767261,
    "hole_10": 50.31104917743917,
    "hole_7": 49.52198488017682,
    "hole_6": 27.09694482695489,
    "hole_14": 14.8892332374573,
    "hole_16": 17.91118690539479
  },
  "total_revenue": 510.0,
  "total_orders": 20,
  "successful_orders": 17,
  "failed_orders": 3,
  "total_rounds": 15,
  "active_runner_hours": 7.110835185426818
}