{
  "simulation_id": "delivery_dynamic_08",
  "runner_id": "runner_1",
  "revenue_per_round": 15.454545454545455,
  "orders_per_runner_hour": 2.385035074045206,
  "on_time_rate": 0.11764705882352941,
  "delivery_cycle_time_p90": 63.193882763592924,
  "delivery_cycle_time_avg": 46.28616605302628,
  "failed_rate": 0.52,
  "second_runner_break_even_orders": 7.127777777777778,
  "queue_wait_avg": 34.01862745098039,
  "runner_utilization_driving_pct": 29.612640918944223,
  "runner_utilization_prep_pct": 0.0,
  "runner_utilization_idle_pct": 70.38735908105578,
  "distance_per_delivery_avg": 761.8929702874138,
  "zone_service_times": {
    "hole_14": 15.151604856157368,
    "hole_10": 15.86785842552387,
    "hole_17": 38.92171660453478,
    "hole_-1": 46.511619062117056,
    "hole_18": 52.45311600555582,
    "hole_11": 55.60700686738219,
    "hole_12": 64.37433487998484
  },
  "total_revenue": 510.0,
  "total_orders": 50,
  "successful_orders": 17,
  "failed_orders": 26,
  "total_rounds": 33,
  "active_runner_hours": 7.127777777777778
}