{
  "simulation_id": "delivery_dynamic_08",
  "runner_id": "runner_1",
  "revenue_per_round": 35.294117647058826,
  "orders_per_runner_hour": 2.8149938875923044,
  "on_time_rate": 0.75,
  "delivery_cycle_time_p90": 38.072666691269006,
  "delivery_cycle_time_avg": 22.45975820398114,
  "failed_rate": 0.0,
  "second_runner_break_even_orders": 7.104811164299266,
  "queue_wait_avg": 11.449074074074074,
  "runner_utilization_driving_pct": 20.5391982901888,
  "runner_utilization_prep_pct": 0.0,
  "runner_utilization_idle_pct": 79.4608017098112,
  "distance_per_delivery_avg": 1552.0259068664195,
  "zone_service_times": {
    "hole_15": 21.796236266245295,
    "hole_12": 18.62668786537435,
    "hole_18": 23.131189361725106,
    "hole_6": 14.133438066737988,
    "hole_8": 19.175639279375083,
    "hole_14": 37.91003717160002,
    "hole_17": 26.1431761528603
  },
  "total_revenue": 600.0,
  "total_orders": 20,
  "successful_orders": 20,
  "failed_orders": 0,
  "total_rounds": 17,
  "active_runner_hours": 7.104811164299266
}