{
  "simulation_id": "delivery_dynamic_05",
  "runner_id": "runner_1",
  "revenue_per_round": 17.307692307692307,
  "orders_per_runner_hour": 2.0901877298238825,
  "on_time_rate": 0.13333333333333333,
  "delivery_cycle_time_p90": 56.99552111918084,
  "delivery_cycle_time_avg": 39.575195066858136,
  "failed_rate": 0.4,
  "second_runner_break_even_orders": 7.176388888888889,
  "queue_wait_avg": 27.40595238095238,
  "runner_utilization_driving_pct": 42.67562217435166,
  "runner_utilization_prep_pct": 0.0,
  "runner_utilization_idle_pct": 57.32437782564834,
  "distance_per_delivery_avg": 1342.758875797666,
  "zone_service_times": {
    "hole_9": 18.88579881443043,
    "hole_4": 53.00685993478665,
    "hole_5": 48.09731460494307,
    "hole_-1": 47.61439683989483,
    "hole_10": 36.47406026084658,
    "hole_11": 41.253385871643815,
    "hole_18": 30.499090593136376
  },
  "total_revenue": 450.0,
  "total_orders": 30,
  "successful_orders": 15,
  "failed_orders": 12,
  "total_rounds": 26,
  "active_runner_hours": 7.176388888888889
}