{
  "simulation_id": "delivery_dynamic_10",
  "runner_id": "2_runners",
  "revenue_per_round": 37.5,
  "orders_per_runner_hour": 2.9625835955589372,
  "on_time_rate": 1.0,
  "delivery_cycle_time_p90": 14.37550617204223,
  "delivery_cycle_time_avg": 12.604287837955674,
  "failed_rate": 0.0,
  "second_runner_break_even_orders": 6.750864357036545,
  "queue_wait_avg": 0.18222222222222223,
  "runner_utilization_driving_pct": 26.997141314652595,
  "runner_utilization_prep_pct": 0.0,
  "runner_utilization_idle_pct": 73.0028586853474,
  "distance_per_delivery_avg": 1776.6872433280873,
  "zone_service_times": {
    "hole_18": 10.915315727876774,
    "hole_6": 13.97119494360978,
    "hole_15": 13.533857524949841,
    "hole_8": 12.193641635759528,
    "hole_11": 11.664639492699825,
    "hole_10": 10.814295749324508,
    "hole_9": 11.245030559249729,
    "hole_17": 13.029657310101417,
    "hole_4": 14.81209058703292,
    "hole_3": 13.039341985663123,
    "hole_16": 13.624488141051067
  },
  "total_revenue": 600.0,
  "total_orders": 20,
  "successful_orders": 20,
  "failed_orders": 0,
  "total_rounds": 16,
  "active_runner_hours": 6.750864357036545
}