{
  "simulation_id": "delivery_dynamic_02",
  "runner_id": "3_runners",
  "revenue_per_round": 29.41176470588235,
  "orders_per_runner_hour": 2.0,
  "on_time_rate": 1.0,
  "delivery_cycle_time_p90": 16.400964794230358,
  "delivery_cycle_time_avg": 14.258934935686344,
  "failed_rate": 0.0,
  "second_runner_break_even_orders": 12.5,
  "queue_wait_avg": 0.0,
  "runner_utilization_driving_pct": 11.889939829217504,
  "runner_utilization_waiting_pct": 20.17139175046271,
  "distance_per_delivery_avg": 835.203869548353,
  "zone_service_times": {
    "hole_12": 15.128249943655828,
    "hole_16": 13.816911747675839,
    "hole_15": 14.672051426343732,
    "hole_7": 13.036400286408329,
    "hole_9": 12.603061137918647,
    "hole_17": 14.466622908484553,
    "hole_4": 15.628126054697896,
    "hole_8": 16.971758468316875,
    "hole_1": 13.082704002865892,
    "hole_13": 15.133226154012057
  },
  "total_revenue": 500.0,
  "total_orders": 20,
  "successful_orders": 20,
  "failed_orders": 0,
  "total_rounds": 17,
  "active_runner_hours": 10.0
}