{
  "simulation_id": "delivery_dynamic_04",
  "runner_id": "2_runners",
  "revenue_per_round": 37.5,
  "orders_per_runner_hour": 2.767856305576673,
  "on_time_rate": 1.0,
  "delivery_cycle_time_p90": 14.414181587329798,
  "delivery_cycle_time_avg": 12.66240466172859,
  "failed_rate": 0.0,
  "second_runner_break_even_orders": 7.225808637429634,
  "queue_wait_avg": 0.40925925925925927,
  "runner_utilization_driving_pct": 25.83160429936652,
  "runner_utilization_prep_pct": 0.0,
  "runner_utilization_idle_pct": 74.16839570063348,
  "distance_per_delivery_avg": 1651.731356444587,
  "zone_service_times": {
    "hole_17": 12.45018713206666,
    "hole_15": 13.722533398317683,
    "hole_8": 12.689753371937513,
    "hole_9": 10.903978666451238,
    "hole_10": 12.77131706734073,
    "hole_3": 13.022675318996455,
    "hole_6": 13.83242882692545,
    "hole_18": 10.514659287852798,
    "hole_16": 13.504549709184872,
    "hole_4": 14.454073801333653
  },
  "total_revenue": 600.0,
  "total_orders": 20,
  "successful_orders": 20,
  "failed_orders": 0,
  "total_rounds": 16,
  "active_runner_hours": 7.225808637429634
}