{
  "simulation_id": "delivery_dynamic_06",
  "runner_id": "2_runners",
  "revenue_per_round": 35.625,
  "orders_per_runner_hour": 5.323554866693739,
  "on_time_rate": 0.47368421052631576,
  "delivery_cycle_time_p90": 52.191616396861534,
  "delivery_cycle_time_avg": 33.49070108726065,
  "failed_rate": 0.05,
  "second_runner_break_even_orders": 7.138087415561921,
  "queue_wait_avg": 20.534234234234233,
  "runner_utilization_driving_pct": 77.16796835236211,
  "runner_utilization_prep_pct": 0.0,
  "runner_utilization_idle_pct": 22.83203164763789,
  "distance_per_delivery_avg": 1174.938723214318,
  "zone_service_times": {
    "hole_17": 29.579240466293616,
    "hole_-1": 20.054422310868176,
    "hole_16": 29.7700533348839,
    "hole_11": 19.725645970873543,
    "hole_8": 37.81386632438589,
    "hole_18": 32.711148937615384,
    "hole_9": 40.63250324609501,
    "hole_14": 52.158641120124834,
    "hole_12": 52.48839388749184,
    "hole_10": 24.142994094409936,
    "hole_13": 47.26292073174318,
    "hole_15": 62.90254183173135,
    "hole_6": 19.484899220427057
  },
  "total_revenue": 1140.0,
  "total_orders": 40,
  "successful_orders": 38,
  "failed_orders": 2,
  "total_rounds": 32,
  "active_runner_hours": 7.138087415561921
}