{
  "simulation_id": "delivery_dynamic_01",
  "runner_id": "3_runners",
  "revenue_per_round": 35.294117647058826,
  "orders_per_runner_hour": 2.6986133928895017,
  "on_time_rate": 1.0,
  "delivery_cycle_time_p90": 22.4807422371911,
  "delivery_cycle_time_avg": 15.898446573788222,
  "failed_rate": 0.0,
  "second_runner_break_even_orders": 7.411213496789656,
  "queue_wait_avg": 0.04487179487179487,
  "runner_utilization_driving_pct": 52.09927553890677,
  "runner_utilization_prep_pct": 0.0,
  "runner_utilization_idle_pct": 47.90072446109323,
  "distance_per_delivery_avg": 1972.078048792842,
  "zone_service_times": {
    "hole_-1": 14.964886765316283,
    "hole_8": 13.615297615397514,
    "hole_18": 11.888520676755919,
    "hole_5": 22.263520504215286,
    "hole_2": 22.700274783004048,
    "hole_15": 13.120942492470446,
    "hole_4": 21.04326628895148,
    "hole_16": 12.817373203033792,
    "hole_17": 14.441653379365501
  },
  "total_revenue": 600.0,
  "total_orders": 20,
  "successful_orders": 20,
  "failed_orders": 0,
  "total_rounds": 17,
  "active_runner_hours": 7.411213496789656
}