{
  "variantKey": "front_mid_back",
  "blockedHoles": [
    1,
    2,
    3,
    4,
    5,
    6,
    10,
    11,
    12
  ],
  "deliveryMetrics": {
    "totalOrders": 50,
    "successfulDeliveries": 50,
    "failedDeliveries": 0,
    "avgOrderTime": 12.689473210843436,
    "onTimePercentage": 100.0,
    "revenue": 1500.0,
    "ordersPerRunnerHour": 5.0,
    "lateOrders": 0,
    "runnerUtilizationPct": 18.35609955098079,
    "totalRunnerDriveMinutes": 330.4097919176542,
    "totalRunnerShiftMinutes": 1800.0,
    "runnerUtilizationByRunner": {
      "runner_1": {
        "driveMinutes": 120.9065152832693,
        "utilizationPct": 20.151085880544883,
        "shiftMinutes": 600.0
      },
      "runner_2": {
        "driveMinutes": 117.32419763477137,
        "utilizationPct": 19.55403293912856,
        "shiftMinutes": 600.0
      },
      "runner_3": {
        "driveMinutes": 92.17907899961355,
        "utilizationPct": 15.363179833268925,
        "shiftMinutes": 600.0
      }
    }
  },
  "bevCartMetrics": null,
  "hasRunners": true,
  "hasBevCart": false
}