{
  "simulation_id": "delivery_dynamic_07",
  "runner_id": "2_runners",
  "revenue_per_round": 39.130434782608695,
  "orders_per_runner_hour": 4.108320767059884,
  "on_time_rate": 0.9,
  "delivery_cycle_time_p90": 30.305642764654188,
  "delivery_cycle_time_avg": 20.85344304003766,
  "failed_rate": 0.0,
  "second_runner_break_even_orders": 7.302253572928647,
  "queue_wait_avg": 5.833928571428571,
  "runner_utilization_driving_pct": 74.25756219114776,
  "runner_utilization_prep_pct": 0.0,
  "runner_utilization_idle_pct": 25.742437808852245,
  "distance_per_delivery_avg": 1817.236861452654,
  "zone_service_times": {
    "hole_12": 13.77935695124085,
    "hole_14": 22.844018595061304,
    "hole_18": 28.828002511704593,
    "hole_10": 18.41067051389003,
    "hole_16": 20.199992363013322,
    "hole_17": 18.8195390655009,
    "hole_9": 13.131524716636099,
    "hole_11": 21.949707526166762,
    "hole_3": 28.596259413839594,
    "hole_2": 21.40650140401176,
    "hole_4": 30.56512123473646,
    "hole_15": 18.733240395302346,
    "hole_13": 16.597216178908276
  },
  "total_revenue": 900.0,
  "total_orders": 30,
  "successful_orders": 30,
  "failed_orders": 0,
  "total_rounds": 23,
  "active_runner_hours": 7.302253572928647
}