{
  "simulation_id": "delivery_dynamic_09",
  "runner_id": "2_runners",
  "revenue_per_round": 36.5625,
  "orders_per_runner_hour": 5.379244940983075,
  "on_time_rate": 0.5641025641025641,
  "delivery_cycle_time_p90": 44.980063529556055,
  "delivery_cycle_time_avg": 27.124401486484096,
  "failed_rate": 0.0,
  "second_runner_break_even_orders": 7.250088149522453,
  "queue_wait_avg": 14.504273504273504,
  "runner_utilization_driving_pct": 81.78209067731002,
  "runner_utilization_prep_pct": 0.0,
  "runner_utilization_idle_pct": 18.217909322689977,
  "distance_per_delivery_avg": 880.363002022761,
  "zone_service_times": {
    "hole_13": 15.519448016120714,
    "hole_8": 16.415726709392946,
    "hole_16": 32.56456539088577,
    "hole_9": 21.653190270020076,
    "hole_18": 36.96474283480126,
    "hole_15": 14.625105217845794,
    "hole_17": 25.36797549466331,
    "hole_14": 19.508588881865478,
    "hole_-1": 28.748697825800914,
    "hole_12": 45.46053253810378,
    "hole_11": 41.28275291627027,
    "hole_10": 11.164153945822605
  },
  "total_revenue": 1170.0,
  "total_orders": 40,
  "successful_orders": 39,
  "failed_orders": 0,
  "total_rounds": 32,
  "active_runner_hours": 7.250088149522453
}