{
  "simulation_id": "delivery_dynamic_02",
  "runner_id": "2_runners",
  "revenue_per_round": 28.125,
  "orders_per_runner_hour": 1.8,
  "on_time_rate": 1.0,
  "delivery_cycle_time_p90": 16.95165369736631,
  "delivery_cycle_time_avg": 14.034578277721064,
  "failed_rate": 0.0,
  "second_runner_break_even_orders": 12.5,
  "queue_wait_avg": 0.0,
  "runner_utilization_driving_pct": 10.415297905377601,
  "runner_utilization_waiting_pct": 19.19595514016816,
  "distance_per_delivery_avg": 719.5649699428136,
  "zone_service_times": {
    "hole_9": 11.681538982617875,
    "hole_17": 12.38955911826979,
    "hole_16": 12.634886495997852,
    "hole_10": 12.787965010550458,
    "hole_15": 14.940523644579784,
    "hole_14": 14.813713923992267,
    "hole_2": 15.05115313383376,
    "hole_4": 22.046234124306284,
    "hole_18": 15.7997830322615,
    "hole_6": 14.361474351635843
  },
  "total_revenue": 450.0,
  "total_orders": 18,
  "successful_orders": 18,
  "failed_orders": 0,
  "total_rounds": 16,
  "active_runner_hours": 10.0
}