{
  "simulation_id": "delivery_dynamic_04",
  "runner_id": "runner_1",
  "revenue_per_round": 15.0,
  "orders_per_runner_hour": 1.940700808625337,
  "on_time_rate": 0.07142857142857142,
  "delivery_cycle_time_p90": 61.541023009350376,
  "delivery_cycle_time_avg": 48.625598420511174,
  "failed_rate": 0.525,
  "second_runner_break_even_orders": 7.2138888888888895,
  "queue_wait_avg": 36.667857142857144,
  "runner_utilization_driving_pct": 28.88581259288503,
  "runner_utilization_prep_pct": 0.0,
  "runner_utilization_idle_pct": 71.11418740711497,
  "distance_per_delivery_avg": 657.8010692917517,
  "zone_service_times": {
    "hole_9": 12.329493533285312,
    "hole_16": 33.79632692660295,
    "hole_10": 38.58525747290945,
    "hole_-1": 54.034365903448254,
    "hole_12": 60.59822043041222,
    "hole_18": 56.13943513861074,
    "hole_11": 62.483825588288525
  },
  "total_revenue": 420.0,
  "total_orders": 40,
  "successful_orders": 14,
  "failed_orders": 21,
  "total_rounds": 28,
  "active_runner_hours": 7.213888888888889
}