{
  "simulation_id": "delivery_dynamic_06",
  "runner_id": "2_runners",
  "revenue_per_round": 34.61538461538461,
  "orders_per_runner_hour": 4.199821007353437,
  "on_time_rate": 1.0,
  "delivery_cycle_time_p90": 22.67776998811221,
  "delivery_cycle_time_avg": 16.40260308374162,
  "failed_rate": 0.0,
  "second_runner_break_even_orders": 7.143161565093658,
  "queue_wait_avg": 2.966666666666667,
  "runner_utilization_driving_pct": 66.82204035676168,
  "runner_utilization_prep_pct": 0.0,
  "runner_utilization_idle_pct": 33.177959643238324,
  "distance_per_delivery_avg": 1220.9279694705226,
  "zone_service_times": {
    "hole_18": 14.683609022273151,
    "hole_16": 17.196496992508855,
    "hole_10": 15.424813251711445,
    "hole_14": 22.080165082467346,
    "hole_9": 22.63056191153246,
    "hole_11": 13.677570902220031,
    "hole_17": 16.190387620745707,
    "hole_8": 15.12021413522705,
    "hole_15": 19.574334495242148,
    "hole_12": 16.514407617799588
  },
  "total_revenue": 900.0,
  "total_orders": 30,
  "successful_orders": 30,
  "failed_orders": 0,
  "total_rounds": 26,
  "active_runner_hours": 7.143161565093657
}