{
  "simulation_id": "delivery_dynamic_03",
  "runner_id": "3_runners",
  "revenue_per_round": 37.5,
  "orders_per_runner_hour": 4.3162765109928065,
  "on_time_rate": 0.9666666666666667,
  "delivery_cycle_time_p90": 28.82392275696704,
  "delivery_cycle_time_avg": 17.467103702845588,
  "failed_rate": 0.0,
  "second_runner_break_even_orders": 6.950435154836629,
  "queue_wait_avg": 3.2557692307692307,
  "runner_utilization_driving_pct": 77.95132955894624,
  "runner_utilization_prep_pct": 0.0,
  "runner_utilization_idle_pct": 22.04867044105376,
  "distance_per_delivery_avg": 1560.8668441561208,
  "zone_service_times": {
    "hole_18": 15.723857445472,
    "hole_7": 17.712009541237997,
    "hole_16": 17.167035388098622,
    "hole_17": 14.711126803079484,
    "hole_-1": 25.19019231672658,
    "hole_13": 17.839934654795496,
    "hole_6": 21.598477772299837,
    "hole_12": 21.933015732612613,
    "hole_10": 11.698916404782763,
    "hole_2": 16.111388295562694,
    "hole_8": 14.003774441661154,
    "hole_9": 12.829599281095033,
    "hole_11": 13.855068109259324
  },
  "total_revenue": 900.0,
  "total_orders": 30,
  "successful_orders": 30,
  "failed_orders": 0,
  "total_rounds": 24,
  "active_runner_hours": 6.95043515483663
}