{
  "variantKey": "none",
  "blockedHoles": [],
  "deliveryMetrics": {
    "totalOrders": 30,
    "successfulDeliveries": 30,
    "failedDeliveries": 0,
    "avgOrderTime": 17.467103702845588,
    "onTimePercentage": 96.66666666666667,
    "revenue": 900.0,
    "ordersPerRunnerHour": 3.0,
    "lateOrders": 1,
    "runnerUtilizationPct": 18.059855377758517,
    "totalRunnerDriveMinutes": 325.0773967996533,
    "totalRunnerShiftMinutes": 1800.0,
    "runnerUtilizationByRunner": {
      "runner_2": {
        "driveMinutes": 104.61097970816645,
        "utilizationPct": 17.435163284694408,
        "shiftMinutes": 600.0
      },
      "runner_1": {
        "driveMinutes": 146.85096308742928,
        "utilizationPct": 24.475160514571545,
        "shiftMinutes": 600.0
      },
      "runner_3": {
        "driveMinutes": 73.6154540040577,
        "utilizationPct": 12.269242334009615,
        "shiftMinutes": 600.0
      }
    }
  },
  "bevCartMetrics": null,
  "hasRunners": true,
  "hasBevCart": false
}