{
  "simulation_id": "delivery_dynamic_08",
  "runner_id": "2_runners",
  "revenue_per_round": 34.83870967741935,
  "orders_per_runner_hour": 4.998346340427701,
  "on_time_rate": 0.4444444444444444,
  "delivery_cycle_time_p90": 55.013827761267564,
  "delivery_cycle_time_avg": 35.064763246699556,
  "failed_rate": 0.075,
  "second_runner_break_even_orders": 7.202382057606584,
  "queue_wait_avg": 21.61574074074074,
  "runner_utilization_driving_pct": 94.29707659877225,
  "runner_utilization_prep_pct": 0.0,
  "runner_utilization_idle_pct": 5.70292340122775,
  "distance_per_delivery_avg": 1158.8715620021592,
  "zone_service_times": {
    "hole_11": 33.34240830076684,
    "hole_9": 24.576374139682002,
    "hole_6": 24.538469572338364,
    "hole_13": 25.704907759839745,
    "hole_15": 49.370061044433534,
    "hole_-1": 42.068076971351616,
    "hole_18": 25.63506823943917,
    "hole_7": 36.67299860513184,
    "hole_8": 38.88498691424981,
    "hole_16": 37.99660234768591,
    "hole_10": 38.629698620819156,
    "hole_12": 23.513396862889326
  },
  "total_revenue": 1080.0,
  "total_orders": 40,
  "successful_orders": 36,
  "failed_orders": 3,
  "total_rounds": 31,
  "active_runner_hours": 7.202382057606584
}