{
  "simulation_id": "delivery_dynamic_06",
  "runner_id": "runner_1",
  "revenue_per_round": 30.0,
  "orders_per_runner_hour": 2.3957721667645333,
  "on_time_rate": 0.5294117647058824,
  "delivery_cycle_time_p90": 60.13485076643384,
  "delivery_cycle_time_avg": 31.493739181319192,
  "failed_rate": 0.1,
  "second_runner_break_even_orders": 7.095833333333334,
  "queue_wait_avg": 18.944791666666667,
  "runner_utilization_driving_pct": 39.234011550831326,
  "runner_utilization_prep_pct": 0.0,
  "runner_utilization_idle_pct": 60.765988449168674,
  "distance_per_delivery_avg": 1230.884600217365,
  "zone_service_times": {
    "hole_12": 30.098220438353472,
    "hole_10": 35.137370954025876,
    "hole_18": 11.82409466646071,
    "hole_-1": 36.47273017322817,
    "hole_11": 30.08068470278258,
    "hole_17": 55.83838328711681,
    "hole_16": 32.90155949434876,
    "hole_9": 12.726849232763682
  },
  "total_revenue": 510.0,
  "total_orders": 20,
  "successful_orders": 17,
  "failed_orders": 2,
  "total_rounds": 17,
  "active_runner_hours": 7.095833333333333
}