{
  "simulation_id": "delivery_dynamic_09",
  "runner_id": "2_runners",
  "revenue_per_round": 32.8125,
  "orders_per_runner_hour": 4.913238448040554,
  "on_time_rate": 0.42857142857142855,
  "delivery_cycle_time_p90": 58.40966917837127,
  "delivery_cycle_time_avg": 37.97230738924343,
  "failed_rate": 0.24,
  "second_runner_break_even_orders": 7.123611111111111,
  "queue_wait_avg": 24.037254901960786,
  "runner_utilization_driving_pct": 81.29733928745702,
  "runner_utilization_prep_pct": 0.0,
  "runner_utilization_idle_pct": 18.70266071254298,
  "distance_per_delivery_avg": 1552.935282785793,
  "zone_service_times": {
    "hole_2": 17.57124329079611,
    "hole_17": 30.283295129588623,
    "hole_10": 26.957275862884867,
    "hole_7": 28.742936735538446,
    "hole_6": 42.65494154571863,
    "hole_14": 53.7452126505754,
    "hole_16": 57.139126115301494,
    "hole_18": 42.63383137510782,
    "hole_8": 54.35919845447958,
    "hole_12": 57.15482782123909,
    "hole_11": 37.027570902220035,
    "hole_-1": 20.789295349191768,
    "hole_13": 16.46292073174324,
    "hole_9": 14.524229969187703
  },
  "total_revenue": 1050.0,
  "total_orders": 50,
  "successful_orders": 35,
  "failed_orders": 12,
  "total_rounds": 32,
  "active_runner_hours": 7.123611111111111
}