{
  "simulation_id": "delivery_dynamic_01",
  "runner_id": "3_runners",
  "revenue_per_round": 45.45454545454545,
  "orders_per_runner_hour": 6.879172165029775,
  "on_time_rate": 0.98,
  "delivery_cycle_time_p90": 24.56499853035062,
  "delivery_cycle_time_avg": 16.688327717827935,
  "failed_rate": 0.0,
  "second_runner_break_even_orders": 7.268316419550401,
  "queue_wait_avg": 4.325531914893617,
  "runner_utilization_driving_pct": 100.0,
  "runner_utilization_prep_pct": 0.0,
  "runner_utilization_idle_pct": 0.0,
  "distance_per_delivery_avg": 881.1021131901837,
  "zone_service_times": {
    "hole_15": 17.29906225783119,
    "hole_9": 13.19471731023655,
    "hole_10": 16.511579633554174,
    "hole_17": 19.44173149409009,
    "hole_18": 12.977981009467385,
    "hole_14": 16.638682935742953,
    "hole_8": 15.667733128736078,
    "hole_-1": 19.9010635065615,
    "hole_16": 28.23927366676938,
    "hole_13": 15.452781349454018
  },
  "total_revenue": 1500.0,
  "total_orders": 50,
  "successful_orders": 50,
  "failed_orders": 0,
  "total_rounds": 33,
  "active_runner_hours": 7.268316419550402
}