{
  "simulation_id": "delivery_dynamic_10",
  "runner_id": "3_runners",
  "revenue_per_round": 33.333333333333336,
  "orders_per_runner_hour": 2.697360179910129,
  "on_time_rate": 1.0,
  "delivery_cycle_time_p90": 21.533468827228695,
  "delivery_cycle_time_avg": 16.20461393329065,
  "failed_rate": 0.0,
  "second_runner_break_even_orders": 7.4146567999926365,
  "queue_wait_avg": 0.04019607843137255,
  "runner_utilization_driving_pct": 58.78091427148669,
  "runner_utilization_prep_pct": 0.0,
  "runner_utilization_idle_pct": 41.21908572851331,
  "distance_per_delivery_avg": 2073.2702815856574,
  "zone_service_times": {
    "hole_13": 15.75723153236194,
    "hole_18": 12.523633362048804,
    "hole_10": 12.323843332708051,
    "hole_3": 21.332423578519652,
    "hole_5": 22.168348306983354,
    "hole_9": 11.935092907193939,
    "hole_15": 11.963266334972833,
    "hole_4": 20.413911312300176,
    "hole_8": 13.57797572738685
  },
  "total_revenue": 600.0,
  "total_orders": 20,
  "successful_orders": 20,
  "failed_orders": 0,
  "total_rounds": 18,
  "active_runner_hours": 7.4146567999926365
}