{
  "simulation_id": "delivery_dynamic_02",
  "runner_id": "runner_1",
  "revenue_per_round": 10.0,
  "orders_per_runner_hour": 1.709537000395726,
  "on_time_rate": 0.16666666666666666,
  "delivery_cycle_time_p90": 63.883872682620506,
  "delivery_cycle_time_avg": 45.334504557493055,
  "failed_rate": 0.62,
  "second_runner_break_even_orders": 7.019444444444445,
  "queue_wait_avg": 30.55,
  "runner_utilization_driving_pct": 30.30917687249986,
  "runner_utilization_prep_pct": 0.0,
  "runner_utilization_idle_pct": 69.69082312750014,
  "distance_per_delivery_avg": 1607.5935313176685,
  "zone_service_times": {
    "hole_17": 13.270959219429491,
    "hole_11": 13.642336523011425,
    "hole_13": 42.24644309499645,
    "hole_15": 59.90157934792399,
    "hole_8": 42.53493149303304,
    "hole_12": 59.55121069057695,
    "hole_16": 58.48960735475333,
    "hole_18": 55.55300251170459
  },
  "total_revenue": 360.0,
  "total_orders": 50,
  "successful_orders": 12,
  "failed_orders": 31,
  "total_rounds": 36,
  "active_runner_hours": 7.019444444444445
}