{
  "simulation_id": "delivery_dynamic_07",
  "runner_id": "2_runners",
  "revenue_per_round": 39.130434782608695,
  "orders_per_runner_hour": 4.188541022504167,
  "on_time_rate": 0.8333333333333334,
  "delivery_cycle_time_p90": 35.887446740892884,
  "delivery_cycle_time_avg": 21.68244054534101,
  "failed_rate": 0.0,
  "second_runner_break_even_orders": 7.162398515095395,
  "queue_wait_avg": 9.218452380952382,
  "runner_utilization_driving_pct": 69.41551074388275,
  "runner_utilization_prep_pct": 0.0,
  "runner_utilization_idle_pct": 30.58448925611725,
  "distance_per_delivery_avg": 1034.3933565679122,
  "zone_service_times": {
    "hole_9": 23.703787749813696,
    "hole_8": 14.973245849275452,
    "hole_10": 18.16166499157035,
    "hole_13": 20.87484289567604,
    "hole_11": 24.565244000269438,
    "hole_16": 24.59323095136465,
    "hole_12": 35.81754402979668,
    "hole_-1": 28.664396839894835,
    "hole_18": 22.18877610919106,
    "hole_15": 14.96631380632595,
    "hole_17": 14.188383271201443,
    "hole_14": 14.759168375031368
  },
  "total_revenue": 900.0,
  "total_orders": 30,
  "successful_orders": 30,
  "failed_orders": 0,
  "total_rounds": 23,
  "active_runner_hours": 7.162398515095396
}