{
  "simulation_id": "delivery_dynamic_05",
  "runner_id": "runner_1",
  "revenue_per_round": 21.153846153846153,
  "orders_per_runner_hour": 2.482163227047878,
  "on_time_rate": 0.13636363636363635,
  "delivery_cycle_time_p90": 58.60329842182506,
  "delivery_cycle_time_avg": 41.43541353197718,
  "failed_rate": 0.26666666666666666,
  "second_runner_break_even_orders": 11.079045769567175,
  "queue_wait_avg": 31.614035087719298,
  "runner_utilization_driving_pct": 28.543351165863047,
  "runner_utilization_prep_pct": 0.0,
  "runner_utilization_idle_pct": 71.45664883413696,
  "distance_per_delivery_avg": 1328.9744464293174,
  "zone_service_times": {
    "hole_13": 35.77534253953472,
    "hole_17": 39.31018073313338,
    "hole_18": 46.226728792126686,
    "hole_12": 36.590143999419524,
    "hole_11": 47.39082705405381,
    "hole_14": 36.71418035547645,
    "hole_15": 47.14738286016794,
    "hole_8": 14.363176198411505
  },
  "total_revenue": 550.0,
  "total_orders": 30,
  "successful_orders": 22,
  "failed_orders": 8,
  "total_rounds": 26,
  "active_runner_hours": 8.86323661565374
}