{
  "simulation_id": "delivery_dynamic_09",
  "runner_id": "runner_1",
  "revenue_per_round": 22.5,
  "orders_per_runner_hour": 2.445283018867925,
  "on_time_rate": 0.3333333333333333,
  "delivery_cycle_time_p90": 63.63942570096524,
  "delivery_cycle_time_avg": 39.5222719741102,
  "failed_rate": 0.3,
  "second_runner_break_even_orders": 7.361111111111111,
  "queue_wait_avg": 25.253703703703703,
  "runner_utilization_driving_pct": 40.03793861146797,
  "runner_utilization_prep_pct": 0.0,
  "runner_utilization_idle_pct": 59.96206138853203,
  "distance_per_delivery_avg": 1434.238938856577,
  "zone_service_times": {
    "hole_14": 16.64440431014709,
    "hole_12": 40.28492385592572,
    "hole_18": 37.59886608564564,
    "hole_15": 30.254466513115766,
    "hole_10": 41.67830364364066,
    "hole_13": 56.18556295755808,
    "hole_17": 51.88846469257987,
    "hole_16": 41.52285390332775,
    "hole_11": 13.043039886431991,
    "hole_9": 23.062932614428426
  },
  "total_revenue": 540.0,
  "total_orders": 30,
  "successful_orders": 18,
  "failed_orders": 9,
  "total_rounds": 24,
  "active_runner_hours": 7.361111111111111
}