{
  "simulation_id": "delivery_dynamic_08",
  "runner_id": "2_runners",
  "revenue_per_round": 45.0,
  "orders_per_runner_hour": 4.187408438285166,
  "on_time_rate": 0.9333333333333333,
  "delivery_cycle_time_p90": 29.611962250627904,
  "delivery_cycle_time_avg": 18.279928186191484,
  "failed_rate": 0.0,
  "second_runner_break_even_orders": 7.164335756147458,
  "queue_wait_avg": 4.171666666666667,
  "runner_utilization_driving_pct": 70.21336530238058,
  "runner_utilization_prep_pct": 0.0,
  "runner_utilization_idle_pct": 29.78663469761942,
  "distance_per_delivery_avg": 1380.3758705603395,
  "zone_service_times": {
    "hole_14": 19.784134558824622,
    "hole_8": 16.1645797467729,
    "hole_12": 23.224179906499586,
    "hole_18": 13.495278007792617,
    "hole_15": 17.56183750575689,
    "hole_17": 17.05812340478919,
    "hole_16": 34.898378531361445,
    "hole_11": 22.1926762619861,
    "hole_6": 29.616307622550146,
    "hole_10": 11.325846065069678,
    "hole_9": 14.422895808028928
  },
  "total_revenue": 900.0,
  "total_orders": 30,
  "successful_orders": 30,
  "failed_orders": 0,
  "total_rounds": 20,
  "active_runner_hours": 7.164335756147458
}