{
  "simulation_id": "delivery_dynamic_01",
  "runner_id": "3_runners",
  "revenue_per_round": 37.5,
  "orders_per_runner_hour": 4.285613098978838,
  "on_time_rate": 1.0,
  "delivery_cycle_time_p90": 15.32230219505677,
  "delivery_cycle_time_avg": 13.342411123654534,
  "failed_rate": 0.0,
  "second_runner_break_even_orders": 7.000165275570094,
  "queue_wait_avg": 0.3388888888888889,
  "runner_utilization_driving_pct": 74.98200521499159,
  "runner_utilization_prep_pct": 0.0,
  "runner_utilization_idle_pct": 25.017994785008412,
  "distance_per_delivery_avg": 1020.5701375479233,
  "zone_service_times": {
    "hole_10": 11.618613100969917,
    "hole_9": 12.092853257632584,
    "hole_15": 15.583463781082578,
    "hole_-1": 11.688421196389957,
    "hole_13": 15.754907759839746,
    "hole_17": 14.188877112659146,
    "hole_18": 13.139742388707035,
    "hole_8": 13.864801310116006,
    "hole_14": 15.133141296846437,
    "hole_7": 14.542986436386975
  },
  "total_revenue": 900.0,
  "total_orders": 30,
  "successful_orders": 30,
  "failed_orders": 0,
  "total_rounds": 24,
  "active_runner_hours": 7.000165275570093
}