{
  "simulation_id": "delivery_dynamic_07",
  "runner_id": "runner_1",
  "revenue_per_round": 37.5,
  "orders_per_runner_hour": 2.7924448200182694,
  "on_time_rate": 0.95,
  "delivery_cycle_time_p90": 29.970732893048165,
  "delivery_cycle_time_avg": 19.258246368773605,
  "failed_rate": 0.0,
  "second_runner_break_even_orders": 7.162182706933185,
  "queue_wait_avg": 7.537719298245614,
  "runner_utilization_driving_pct": 22.301662663283118,
  "runner_utilization_prep_pct": 0.0,
  "runner_utilization_idle_pct": 77.69833733671689,
  "distance_per_delivery_avg": 1510.1373855169995,
  "zone_service_times": {
    "hole_7": 13.224930673433482,
    "hole_18": 18.885817334883555,
    "hole_17": 16.276773136712272,
    "hole_14": 21.75691662835628,
    "hole_10": 23.74029247987924,
    "hole_15": 29.990736637898895,
    "hole_8": 17.3586533865467,
    "hole_13": 17.513671051743465,
    "hole_6": 14.210494406654531
  },
  "total_revenue": 600.0,
  "total_orders": 20,
  "successful_orders": 20,
  "failed_orders": 0,
  "total_rounds": 16,
  "active_runner_hours": 7.162182706933185
}