{
  "course": "C:\\Main\\GIT\\simulation\\courses\\keswick_hall",
  "tee_scenario": "real_tee_sheet",
  "orders": 40,
  "variant": "front_mid_back",
  "runners": 2,
  "runs": 10,
  "on_time_mean": 0.6810147900937374,
  "failed_mean": 0.0075000000000000015,
  "p90_mean": 44.75997389611689,
  "avg_delivery_time_mean": 25.733207952895043,
  "oph_mean": 5.464413574191617,
  "on_time_wilson_lo": 0.9643224844820973,
  "on_time_wilson_hi": 0.9914978173392108,
  "total_successful_orders": 393,
  "total_orders": 400,
  "group_dir": "C:\\Main\\GIT\\simulation\\output\\keswick_hall\\20250828_090448_real_tee_sheet\\first_pass\\orders_040\\runners_2\\front_mid_back"
}