{
  "simulation_id": "delivery_dynamic_03",
  "runner_id": "3_runners",
  "revenue_per_round": 37.5,
  "orders_per_runner_hour": 5.573313977711963,
  "on_time_rate": 0.8,
  "delivery_cycle_time_p90": 33.36997929452089,
  "delivery_cycle_time_avg": 22.030082903284235,
  "failed_rate": 0.0,
  "second_runner_break_even_orders": 7.177058418018891,
  "queue_wait_avg": 7.180555555555555,
  "runner_utilization_driving_pct": 100.0,
  "runner_utilization_prep_pct": 0.0,
  "runner_utilization_idle_pct": 0.0,
  "distance_per_delivery_avg": 1870.707855503502,
  "zone_service_times": {
    "hole_4": 28.254910893945574,
    "hole_9": 22.53167695599092,
    "hole_2": 24.287107647807293,
    "hole_6": 18.323790733911572,
    "hole_-1": 17.59217461767261,
    "hole_16": 24.342226979665064,
    "hole_5": 27.27016132120506,
    "hole_3": 25.05524443868615,
    "hole_7": 22.797506747162195,
    "hole_11": 34.6319106669361,
    "hole_10": 31.745443423002506,
    "hole_18": 18.193401619825696,
    "hole_8": 17.90217474291972,
    "hole_14": 14.963026983262656,
    "hole_15": 14.6167916734943
  },
  "total_revenue": 1200.0,
  "total_orders": 40,
  "successful_orders": 40,
  "failed_orders": 0,
  "total_rounds": 32,
  "active_runner_hours": 7.177058418018892
}