{
  "simulation_id": "delivery_dynamic_03",
  "runner_id": "runner_1",
  "revenue_per_round": 17.142857142857142,
  "orders_per_runner_hour": 2.265041289815179,
  "on_time_rate": 0.125,
  "delivery_cycle_time_p90": 63.98706103423096,
  "delivery_cycle_time_avg": 48.66238655527685,
  "failed_rate": 0.5,
  "second_runner_break_even_orders": 7.063888888888889,
  "queue_wait_avg": 34.75,
  "runner_utilization_driving_pct": 34.43134523423429,
  "runner_utilization_prep_pct": 0.0,
  "runner_utilization_idle_pct": 65.5686547657657,
  "distance_per_delivery_avg": 1314.5618825730235,
  "zone_service_times": {
    "hole_17": 13.639427162004237,
    "hole_16": 29.806274013824925,
    "hole_14": 48.07819555603491,
    "hole_13": 61.52556503174304,
    "hole_9": 55.77863682534426,
    "hole_18": 47.716335845037925,
    "hole_11": 52.743039886431994,
    "hole_12": 50.7428946388259,
    "hole_15": 64.69111823563593
  },
  "total_revenue": 480.0,
  "total_orders": 40,
  "successful_orders": 16,
  "failed_orders": 20,
  "total_rounds": 28,
  "active_runner_hours": 7.063888888888889
}