{
  "simulation_id": "delivery_dynamic_01",
  "runner_id": "runner_1",
  "revenue_per_round": 26.470588235294116,
  "orders_per_runner_hour": 2.0619034053139367,
  "on_time_rate": 0.6,
  "delivery_cycle_time_p90": 56.507419284200026,
  "delivery_cycle_time_avg": 28.958375337763066,
  "failed_rate": 0.25,
  "second_runner_break_even_orders": 7.274831576174717,
  "queue_wait_avg": 16.13,
  "runner_utilization_driving_pct": 32.90250428323066,
  "runner_utilization_prep_pct": 0.0,
  "runner_utilization_idle_pct": 67.09749571676934,
  "distance_per_delivery_avg": 950.3341134883883,
  "zone_service_times": {
    "hole_6": 18.625397233908735,
    "hole_10": 28.742659391428486,
    "hole_-1": 29.789116264496016,
    "hole_8": 37.79996433902234,
    "hole_18": 29.605527625560455,
    "hole_11": 45.53382558828853,
    "hole_9": 29.676376441334227,
    "hole_7": 14.369308648492613,
    "hole_17": 13.855086150283265
  },
  "total_revenue": 450.0,
  "total_orders": 20,
  "successful_orders": 15,
  "failed_orders": 5,
  "total_rounds": 17,
  "active_runner_hours": 7.274831576174717
}