{
  "simulation_id": "delivery_dynamic_09",
  "runner_id": "runner_1",
  "revenue_per_round": 23.68421052631579,
  "orders_per_runner_hour": 2.1360759493670884,
  "on_time_rate": 0.26666666666666666,
  "delivery_cycle_time_p90": 66.58280474219836,
  "delivery_cycle_time_avg": 42.67994735523709,
  "failed_rate": 0.2,
  "second_runner_break_even_orders": 7.022222222222222,
  "queue_wait_avg": 27.355555555555554,
  "runner_utilization_driving_pct": 45.51518328322426,
  "runner_utilization_prep_pct": 0.0,
  "runner_utilization_idle_pct": 54.48481671677574,
  "distance_per_delivery_avg": 1788.9956446929943,
  "zone_service_times": {
    "hole_9": 12.312826866618646,
    "hole_4": 31.813911312300174,
    "hole_12": 54.832888509863466,
    "hole_6": 62.27711962699793,
    "hole_10": 41.60728234230149,
    "hole_18": 55.4184015727725,
    "hole_-1": 48.264396839894836,
    "hole_7": 53.20965310305364,
    "hole_3": 33.13416990432015,
    "hole_13": 15.469448016120683,
    "hole_15": 24.87742491525508
  },
  "total_revenue": 450.0,
  "total_orders": 20,
  "successful_orders": 15,
  "failed_orders": 4,
  "total_rounds": 19,
  "active_runner_hours": 7.022222222222222
}