{
  "simulation_id": "delivery_dynamic_03",
  "runner_id": "3_runners",
  "revenue_per_round": 33.333333333333336,
  "orders_per_runner_hour": 2.821839411219635,
  "on_time_rate": 1.0,
  "delivery_cycle_time_p90": 18.289820672730244,
  "delivery_cycle_time_avg": 13.537115454280407,
  "failed_rate": 0.0,
  "second_runner_break_even_orders": 7.0875755439802814,
  "queue_wait_avg": 0.04803921568627451,
  "runner_utilization_driving_pct": 42.1981279844849,
  "runner_utilization_prep_pct": 0.0,
  "runner_utilization_idle_pct": 57.8018720155151,
  "distance_per_delivery_avg": 1174.7507926382177,
  "zone_service_times": {
    "hole_18": 10.890550812873165,
    "hole_10": 11.498870777795148,
    "hole_15": 17.997424747637556,
    "hole_9": 12.143100063932676,
    "hole_11": 13.160187810931498,
    "hole_17": 14.79916698689458
  },
  "total_revenue": 600.0,
  "total_orders": 20,
  "successful_orders": 20,
  "failed_orders": 0,
  "total_rounds": 18,
  "active_runner_hours": 7.087575543980281
}