{
  "simulation_id": "delivery_dynamic_10",
  "runner_id": "runner_1",
  "revenue_per_round": 30.0,
  "orders_per_runner_hour": 2.6238053820891376,
  "on_time_rate": 0.5263157894736842,
  "delivery_cycle_time_p90": 54.67010828690629,
  "delivery_cycle_time_avg": 32.321664234735906,
  "failed_rate": 0.05,
  "second_runner_break_even_orders": 7.241390740982373,
  "queue_wait_avg": 18.453703703703702,
  "runner_utilization_driving_pct": 50.479692372949245,
  "runner_utilization_prep_pct": 0.0,
  "runner_utilization_idle_pct": 49.520307627050755,
  "distance_per_delivery_avg": 1625.9739197133706,
  "zone_service_times": {
    "hole_9": 17.72637644133421,
    "hole_16": 33.11232816755879,
    "hole_3": 39.9921027524914,
    "hole_18": 37.333189614989834,
    "hole_6": 33.821807487664074,
    "hole_-1": 29.3023414418206,
    "hole_5": 45.86570389224107,
    "hole_8": 52.547119735764376,
    "hole_4": 21.373955197698585
  },
  "total_revenue": 570.0,
  "total_orders": 20,
  "successful_orders": 19,
  "failed_orders": 1,
  "total_rounds": 19,
  "active_runner_hours": 7.241390740982373
}