{
  "simulation_id": "delivery_dynamic_08",
  "runner_id": "runner_1",
  "revenue_per_round": 10.54054054054054,
  "orders_per_runner_hour": 1.8217205138186066,
  "on_time_rate": 0.07692307692307693,
  "delivery_cycle_time_p90": 62.56122749370816,
  "delivery_cycle_time_avg": 50.20839192151644,
  "failed_rate": 0.6,
  "second_runner_break_even_orders": 7.136111111111111,
  "queue_wait_avg": 36.993589743589745,
  "runner_utilization_driving_pct": 29.223611127998517,
  "runner_utilization_prep_pct": 0.0,
  "runner_utilization_idle_pct": 70.77638887200149,
  "distance_per_delivery_avg": 1080.173531783364,
  "zone_service_times": {
    "hole_13": 15.146244411114761,
    "hole_11": 33.550492254955195,
    "hole_-1": 51.271063506561504,
    "hole_18": 58.721854504439335,
    "hole_12": 58.16467437448829,
    "hole_7": 55.719308648492614
  },
  "total_revenue": 390.0,
  "total_orders": 50,
  "successful_orders": 13,
  "failed_orders": 30,
  "total_rounds": 37,
  "active_runner_hours": 7.136111111111111
}