{
  "variantKey": "front_back",
  "blockedHoles": [
    1,
    2,
    3,
    10,
    11,
    12
  ],
  "deliveryMetrics": {
    "totalOrders": 50,
    "successfulDeliveries": 50,
    "failedDeliveries": 0,
    "avgOrderTime": 21.277122338925665,
    "onTimePercentage": 90.0,
    "revenue": 1500.0,
    "ordersPerRunnerHour": 5.0,
    "lateOrders": 5,
    "runnerUtilizationPct": 24.573884803894035,
    "totalRunnerDriveMinutes": 442.32992647009263,
    "totalRunnerShiftMinutes": 1800.0,
    "runnerUtilizationByRunner": {
      "runner_1": {
        "driveMinutes": 170.99468520725517,
        "utilizationPct": 28.499114201209196,
        "shiftMinutes": 600.0
      },
      "runner_2": {
        "driveMinutes": 154.6049793904946,
        "utilizationPct": 25.767496565082432,
        "shiftMinutes": 600.0
      },
      "runner_3": {
        "driveMinutes": 116.73026187234305,
        "utilizationPct": 19.455043645390507,
        "shiftMinutes": 600.0
      }
    }
  },
  "bevCartMetrics": null,
  "hasRunners": true,
  "hasBevCart": false
}