{
  "variantKey": "mid_back",
  "blockedHoles": [
    4,
    5,
    6,
    10,
    11,
    12
  ],
  "deliveryMetrics": {
    "totalOrders": 40,
    "successfulDeliveries": 40,
    "failedDeliveries": 0,
    "avgOrderTime": 16.732573272767677,
    "onTimePercentage": 100.0,
    "revenue": 1200.0,
    "ordersPerRunnerHour": 4.0,
    "lateOrders": 0,
    "runnerUtilizationPct": 20.607570235780013,
    "totalRunnerDriveMinutes": 370.9362642440402,
    "totalRunnerShiftMinutes": 1800.0,
    "runnerUtilizationByRunner": {
      "runner_1": {
        "driveMinutes": 139.42897334734,
        "utilizationPct": 23.238162224556667,
        "shiftMinutes": 600.0
      },
      "runner_2": {
        "driveMinutes": 107.81749229405854,
        "utilizationPct": 17.969582049009755,
        "shiftMinutes": 600.0
      },
      "runner_3": {
        "driveMinutes": 123.68979860264203,
        "utilizationPct": 20.61496643377367,
        "shiftMinutes": 600.0
      }
    }
  },
  "bevCartMetrics": null,
  "hasRunners": true,
  "hasBevCart": false
}