{
  "simulation_id": "delivery_dynamic_01",
  "runner_id": "2_runners",
  "revenue_per_round": 41.42857142857143,
  "orders_per_runner_hour": 3.9615394791598084,
  "on_time_rate": 0.7931034482758621,
  "delivery_cycle_time_p90": 37.077186955206464,
  "delivery_cycle_time_avg": 21.411868300354055,
  "failed_rate": 0.0,
  "second_runner_break_even_orders": 7.320386469088155,
  "queue_wait_avg": 8.33095238095238,
  "runner_utilization_driving_pct": 73.19445933869525,
  "runner_utilization_prep_pct": 0.0,
  "runner_utilization_idle_pct": 26.805540661304747,
  "distance_per_delivery_avg": 1131.711886849996,
  "zone_service_times": {
    "hole_9": 18.10688302615047,
    "hole_18": 19.021206071744068,
    "hole_12": 27.76818138828694,
    "hole_10": 19.83450291319303,
    "hole_15": 22.517701269098627,
    "hole_-1": 24.014396839894836,
    "hole_11": 21.460978836229028,
    "hole_14": 36.663026983262654,
    "hole_17": 14.569072252637367
  },
  "total_revenue": 870.0,
  "total_orders": 30,
  "successful_orders": 29,
  "failed_orders": 0,
  "total_rounds": 21,
  "active_runner_hours": 7.320386469088155
}