{
  "simulation_id": "delivery_dynamic_04",
  "runner_id": "3_runners",
  "revenue_per_round": 31.57894736842105,
  "orders_per_runner_hour": 2.777797515418577,
  "on_time_rate": 1.0,
  "delivery_cycle_time_p90": 14.706128089629965,
  "delivery_cycle_time_avg": 12.99990186506202,
  "failed_rate": 0.0,
  "second_runner_break_even_orders": 7.199948840398566,
  "queue_wait_avg": 0.03854166666666667,
  "runner_utilization_driving_pct": 24.41972947404191,
  "runner_utilization_prep_pct": 0.0,
  "runner_utilization_idle_pct": 75.58027052595808,
  "distance_per_delivery_avg": 2137.7293428446533,
  "zone_service_times": {
    "hole_16": 13.4871927115566,
    "hole_10": 10.744957742173513,
    "hole_-1": 14.813637275986245,
    "hole_8": 12.484410570125329,
    "hole_3": 13.358360772930247,
    "hole_1": 11.167814936215715,
    "hole_15": 13.737297030678626,
    "hole_4": 14.7094191896426,
    "hole_17": 12.241215940067498,
    "hole_18": 11.388882669803328,
    "hole_6": 14.20216107342673
  },
  "total_revenue": 600.0,
  "total_orders": 20,
  "successful_orders": 20,
  "failed_orders": 0,
  "total_rounds": 19,
  "active_runner_hours": 7.199948840398566
}