{
  "simulation_id": "delivery_dynamic_10",
  "runner_id": "2_runners",
  "revenue_per_round": 39.310344827586206,
  "orders_per_runner_hour": 5.16467844516708,
  "on_time_rate": 0.3684210526315789,
  "delivery_cycle_time_p90": 60.874373678268356,
  "delivery_cycle_time_avg": 38.48933376963974,
  "failed_rate": 0.05,
  "second_runner_break_even_orders": 7.357670066673566,
  "queue_wait_avg": 24.080263157894738,
  "runner_utilization_driving_pct": 88.64994024590878,
  "runner_utilization_prep_pct": 0.0,
  "runner_utilization_idle_pct": 11.35005975409122,
  "distance_per_delivery_avg": 1481.4477255463216,
  "zone_service_times": {
    "hole_6": 19.71916407366322,
    "hole_-1": 22.963832104308764,
    "hole_13": 40.97192277776444,
    "hole_14": 35.75767902421837,
    "hole_16": 49.96268243870198,
    "hole_9": 48.76293270177169,
    "hole_18": 39.15582715082176,
    "hole_8": 44.542266541317666,
    "hole_11": 24.874171606331828,
    "hole_15": 40.93491268125732,
    "hole_12": 34.85569015544566,
    "hole_10": 47.89350061429565,
    "hole_2": 15.039333248289646,
    "hole_17": 24.121891159774773
  },
  "total_revenue": 1140.0,
  "total_orders": 40,
  "successful_orders": 38,
  "failed_orders": 2,
  "total_rounds": 29,
  "active_runner_hours": 7.357670066673565
}