{
  "simulation_id": "delivery_dynamic_03",
  "runner_id": "runner_1",
  "revenue_per_round": 33.529411764705884,
  "orders_per_runner_hour": 2.7078384798099764,
  "on_time_rate": 0.5263157894736842,
  "delivery_cycle_time_p90": 46.05300251170459,
  "delivery_cycle_time_avg": 27.362117168243785,
  "failed_rate": 0.0,
  "second_runner_break_even_orders": 7.016666666666667,
  "queue_wait_avg": 14.73421052631579,
  "runner_utilization_driving_pct": 32.50237247063987,
  "runner_utilization_prep_pct": 0.0,
  "runner_utilization_idle_pct": 67.49762752936013,
  "distance_per_delivery_avg": 882.9766316878108,
  "zone_service_times": {
    "hole_15": 18.224217421515096,
    "hole_10": 15.7655687528185,
    "hole_18": 31.105771949300316,
    "hole_12": 51.40574601009169,
    "hole_17": 33.12857423641942,
    "hole_8": 14.539995419100402,
    "hole_16": 17.69056982606186,
    "hole_9": 24.513895244865733
  },
  "total_revenue": 570.0,
  "total_orders": 20,
  "successful_orders": 19,
  "failed_orders": 0,
  "total_rounds": 17,
  "active_runner_hours": 7.016666666666667
}