{
  "simulation_id": "delivery_dynamic_05",
  "runner_id": "2_runners",
  "revenue_per_round": 37.5,
  "orders_per_runner_hour": 4.096011764059427,
  "on_time_rate": 0.7,
  "delivery_cycle_time_p90": 43.161854834241964,
  "delivery_cycle_time_avg": 24.711629006263287,
  "failed_rate": 0.0,
  "second_runner_break_even_orders": 7.32419771428292,
  "queue_wait_avg": 10.92962962962963,
  "runner_utilization_driving_pct": 79.06198055905229,
  "runner_utilization_prep_pct": 0.0,
  "runner_utilization_idle_pct": 20.938019440947713,
  "distance_per_delivery_avg": 1637.987346104461,
  "zone_service_times": {
    "hole_15": 21.491379117463474,
    "hole_5": 29.052142278049267,
    "hole_16": 21.457115049904335,
    "hole_4": 21.597632896181615,
    "hole_7": 24.300293255887798,
    "hole_-1": 33.956063506561506,
    "hole_18": 20.703190586216603,
    "hole_17": 50.060272572112744,
    "hole_11": 45.51436384816959,
    "hole_8": 15.779460384539663,
    "hole_3": 38.0389767833661,
    "hole_6": 19.383518110031822,
    "hole_10": 24.11785842552381,
    "hole_9": 15.950037061984888
  },
  "total_revenue": 900.0,
  "total_orders": 30,
  "successful_orders": 30,
  "failed_orders": 0,
  "total_rounds": 24,
  "active_runner_hours": 7.324197714282919
}