{
  "simulation_id": "delivery_dynamic_03",
  "runner_id": "runner_1",
  "revenue_per_round": 12.727272727272727,
  "orders_per_runner_hour": 1.9672131147540985,
  "on_time_rate": 0.14285714285714285,
  "delivery_cycle_time_p90": 61.54605862080073,
  "delivery_cycle_time_avg": 44.68647679908234,
  "failed_rate": 0.58,
  "second_runner_break_even_orders": 7.116666666666666,
  "queue_wait_avg": 34.42948717948718,
  "runner_utilization_driving_pct": 33.99770468306244,
  "runner_utilization_prep_pct": 0.0,
  "runner_utilization_idle_pct": 66.00229531693756,
  "distance_per_delivery_avg": 912.6562044916676,
  "zone_service_times": {
    "hole_11": 31.814439063299506,
    "hole_10": 43.84416165797328,
    "hole_15": 40.59839029916166,
    "hole_9": 60.52021829252787,
    "hole_-1": 47.24773017322816,
    "hole_18": 46.20437932494466,
    "hole_12": 41.307875906909246
  },
  "total_revenue": 420.0,
  "total_orders": 50,
  "successful_orders": 14,
  "failed_orders": 29,
  "total_rounds": 33,
  "active_runner_hours": 7.116666666666666
}