{
  "simulation_id": "delivery_dynamic_03",
  "runner_id": "2_runners",
  "revenue_per_round": 39.54545454545455,
  "orders_per_runner_hour": 4.021960543993409,
  "on_time_rate": 0.9310344827586207,
  "delivery_cycle_time_p90": 29.45016002988232,
  "delivery_cycle_time_avg": 20.399886320467825,
  "failed_rate": 0.0,
  "second_runner_break_even_orders": 7.210413847373517,
  "queue_wait_avg": 6.626666666666667,
  "runner_utilization_driving_pct": 69.11884233271438,
  "runner_utilization_prep_pct": 0.0,
  "runner_utilization_idle_pct": 30.88115766728562,
  "distance_per_delivery_avg": 1574.91352781512,
  "zone_service_times": {
    "hole_18": 15.911008368540752,
    "hole_3": 19.618481593720208,
    "hole_9": 18.970536181523595,
    "hole_14": 20.459603462952447,
    "hole_17": 19.71318201876768,
    "hole_13": 23.400104033637522,
    "hole_12": 23.74541529791933,
    "hole_15": 30.735165458339786,
    "hole_2": 14.235523953622456,
    "hole_11": 13.493275103404327,
    "hole_8": 13.852812356577003,
    "hole_10": 28.49785769352117
  },
  "total_revenue": 870.0,
  "total_orders": 30,
  "successful_orders": 29,
  "failed_orders": 0,
  "total_rounds": 22,
  "active_runner_hours": 7.210413847373517
}