{
  "simulation_id": "delivery_dynamic_03",
  "runner_id": "runner_1",
  "revenue_per_round": 27.272727272727273,
  "orders_per_runner_hour": 2.8486646884273,
  "on_time_rate": 0.1,
  "delivery_cycle_time_p90": 59.29232766704179,
  "delivery_cycle_time_avg": 44.08766437504782,
  "failed_rate": 0.2,
  "second_runner_break_even_orders": 7.020833333333332,
  "queue_wait_avg": 28.71666666666667,
  "runner_utilization_driving_pct": 46.9783132685611,
  "runner_utilization_prep_pct": 0.0,
  "runner_utilization_idle_pct": 53.0216867314389,
  "distance_per_delivery_avg": 1804.6552300160674,
  "zone_service_times": {
    "hole_9": 12.411007877594209,
    "hole_16": 29.95819898681463,
    "hole_18": 47.508074634935696,
    "hole_17": 38.29024692453107,
    "hole_14": 49.6058987772607,
    "hole_15": 51.60385228927838,
    "hole_4": 36.95589826351982,
    "hole_13": 54.24625406507651,
    "hole_6": 43.18488372416574,
    "hole_3": 32.846259413839654
  },
  "total_revenue": 600.0,
  "total_orders": 30,
  "successful_orders": 20,
  "failed_orders": 6,
  "total_rounds": 22,
  "active_runner_hours": 7.020833333333333
}