{
  "simulation_id": "delivery_dynamic_02",
  "runner_id": "runner_1",
  "revenue_per_round": 30.0,
  "orders_per_runner_hour": 2.638888888888889,
  "on_time_rate": 0.3157894736842105,
  "delivery_cycle_time_p90": 61.719448016120694,
  "delivery_cycle_time_avg": 36.89762194265145,
  "failed_rate": 0.3,
  "second_runner_break_even_orders": 7.2,
  "queue_wait_avg": 23.80648148148148,
  "runner_utilization_driving_pct": 40.87633548410413,
  "runner_utilization_prep_pct": 0.0,
  "runner_utilization_idle_pct": 59.12366451589587,
  "distance_per_delivery_avg": 1459.622025362467,
  "zone_service_times": {
    "hole_3": 20.205643450032735,
    "hole_18": 40.829621019190455,
    "hole_-1": 27.131063506561503,
    "hole_16": 29.992360428144003,
    "hole_11": 49.83103051483625,
    "hole_13": 61.71944801612069,
    "hole_7": 63.73296609018574,
    "hole_12": 51.980063529556055,
    "hole_10": 16.68214522347389,
    "hole_4": 21.026599622284753,
    "hole_6": 34.84114242893678,
    "hole_17": 31.320412534793654
  },
  "total_revenue": 570.0,
  "total_orders": 30,
  "successful_orders": 19,
  "failed_orders": 9,
  "total_rounds": 19,
  "active_runner_hours": 7.2
}