{
  "simulation_id": "delivery_dynamic_07",
  "runner_id": "2_runners",
  "revenue_per_round": 36.0,
  "orders_per_runner_hour": 4.0843792582449785,
  "on_time_rate": 0.8333333333333334,
  "delivery_cycle_time_p90": 33.01911552462993,
  "delivery_cycle_time_avg": 20.97075810785737,
  "failed_rate": 0.0,
  "second_runner_break_even_orders": 7.345057376696877,
  "queue_wait_avg": 8.448214285714286,
  "runner_utilization_driving_pct": 74.22146530747008,
  "runner_utilization_prep_pct": 0.0,
  "runner_utilization_idle_pct": 25.778534692529917,
  "distance_per_delivery_avg": 1036.8147242400746,
  "zone_service_times": {
    "hole_9": 17.641635630948464,
    "hole_15": 16.7418400397128,
    "hole_8": 18.007558582172493,
    "hole_14": 18.901880940283203,
    "hole_7": 23.805500647621376,
    "hole_-1": 20.42044021875376,
    "hole_6": 26.719824418814156,
    "hole_17": 18.5916533793655,
    "hole_16": 28.427877199233716,
    "hole_18": 43.89644637427888,
    "hole_10": 17.231308789541515,
    "hole_5": 20.993375408339368
  },
  "total_revenue": 900.0,
  "total_orders": 30,
  "successful_orders": 30,
  "failed_orders": 0,
  "total_rounds": 25,
  "active_runner_hours": 7.345057376696877
}