{
  "simulation_id": "delivery_dynamic_05",
  "runner_id": "2_runners",
  "revenue_per_round": 42.69230769230769,
  "orders_per_runner_hour": 5.107361963190184,
  "on_time_rate": 0.4864864864864865,
  "delivery_cycle_time_p90": 54.65752874306202,
  "delivery_cycle_time_avg": 32.14437392475231,
  "failed_rate": 0.025,
  "second_runner_break_even_orders": 7.2444444444444445,
  "queue_wait_avg": 19.469117647058823,
  "runner_utilization_driving_pct": 77.01827935508922,
  "runner_utilization_prep_pct": 0.0,
  "runner_utilization_idle_pct": 22.98172064491078,
  "distance_per_delivery_avg": 1429.2880170951541,
  "zone_service_times": {
    "hole_17": 34.68212096386836,
    "hole_13": 31.379587398409846,
    "hole_18": 39.1493002940966,
    "hole_-1": 26.986507827251202,
    "hole_12": 15.70711312537363,
    "hole_4": 29.7314303639206,
    "hole_6": 36.74579109482881,
    "hole_16": 48.30658827590839,
    "hole_15": 32.04455956755864,
    "hole_8": 31.610723223500646,
    "hole_7": 62.41249070452856,
    "hole_3": 25.06581337267641,
    "hole_10": 11.958406487927116,
    "hole_11": 26.825645970873545,
    "hole_14": 17.80072657770773,
    "hole_2": 21.020782950889892
  },
  "total_revenue": 1110.0,
  "total_orders": 40,
  "successful_orders": 37,
  "failed_orders": 1,
  "total_rounds": 26,
  "active_runner_hours": 7.2444444444444445
}