{
  "simulation_id": "delivery_dynamic_08",
  "runner_id": "3_runners",
  "revenue_per_round": 39.130434782608695,
  "orders_per_runner_hour": 4.150583666054799,
  "on_time_rate": 1.0,
  "delivery_cycle_time_p90": 24.36861752895547,
  "delivery_cycle_time_avg": 14.968878984429843,
  "failed_rate": 0.0,
  "second_runner_break_even_orders": 7.2278991134072275,
  "queue_wait_avg": 2.1544871794871794,
  "runner_utilization_driving_pct": 56.8678688805052,
  "runner_utilization_prep_pct": 0.0,
  "runner_utilization_idle_pct": 43.1321311194948,
  "distance_per_delivery_avg": 1042.1566721017607,
  "zone_service_times": {
    "hole_15": 17.310393923161,
    "hole_18": 12.969632941582585,
    "hole_17": 16.283488218960137,
    "hole_9": 13.790736109794075,
    "hole_11": 15.878836479428031,
    "hole_16": 22.62053455156177,
    "hole_10": 11.426327756814498
  },
  "total_revenue": 900.0,
  "total_orders": 30,
  "successful_orders": 30,
  "failed_orders": 0,
  "total_rounds": 23,
  "active_runner_hours": 7.227899113407227
}