{
  "simulation_id": "delivery_dynamic_04",
  "runner_id": "3_runners",
  "revenue_per_round": 45.0,
  "orders_per_runner_hour": 4.135941929967738,
  "on_time_rate": 0.9,
  "delivery_cycle_time_p90": 31.016170815314062,
  "delivery_cycle_time_avg": 17.105351671239895,
  "failed_rate": 0.0,
  "second_runner_break_even_orders": 7.2534867529520675,
  "queue_wait_avg": 3.313768115942029,
  "runner_utilization_driving_pct": 73.86509503251587,
  "runner_utilization_prep_pct": 0.0,
  "runner_utilization_idle_pct": 26.134904967484132,
  "distance_per_delivery_avg": 1533.7714948699372,
  "zone_service_times": {
    "hole_2": 14.561947220204562,
    "hole_3": 18.027427195500742,
    "hole_9": 11.717448186775073,
    "hole_10": 12.389823192108695,
    "hole_16": 22.16180064872256,
    "hole_12": 26.00602302319142,
    "hole_-1": 31.6365078272512,
    "hole_6": 40.415345157116825,
    "hole_17": 18.91822448975181,
    "hole_18": 10.93254219925243,
    "hole_4": 20.122564930186492,
    "hole_11": 13.58542300281218,
    "hole_8": 14.221403424887951
  },
  "total_revenue": 900.0,
  "total_orders": 30,
  "successful_orders": 30,
  "failed_orders": 0,
  "total_rounds": 20,
  "active_runner_hours": 7.2534867529520675
}