{
  "simulation_id": "delivery_dynamic_08",
  "runner_id": "2_runners",
  "revenue_per_round": 34.6875,
  "orders_per_runner_hour": 5.172815533980582,
  "on_time_rate": 0.4594594594594595,
  "delivery_cycle_time_p90": 54.76658774165029,
  "delivery_cycle_time_avg": 34.27863328968054,
  "failed_rate": 0.025,
  "second_runner_break_even_orders": 7.152777777777777,
  "queue_wait_avg": 20.59,
  "runner_utilization_driving_pct": 90.49484678038036,
  "runner_utilization_prep_pct": 0.0,
  "runner_utilization_idle_pct": 9.505153219619643,
  "distance_per_delivery_avg": 1613.3397042515803,
  "zone_service_times": {
    "hole_17": 45.11922399747025,
    "hole_4": 20.494777528458872,
    "hole_12": 24.56231505523086,
    "hole_2": 25.84862865851413,
    "hole_3": 34.2412946108129,
    "hole_16": 28.556588275908386,
    "hole_9": 23.527674544260844,
    "hole_18": 43.79189140059348,
    "hole_10": 35.71919657348458,
    "hole_8": 37.386803880454956,
    "hole_14": 41.027232719367206,
    "hole_-1": 48.85413682307281,
    "hole_7": 32.52538511718812,
    "hole_6": 18.2450191666226,
    "hole_15": 19.88827528287952,
    "hole_11": 15.443039886431992
  },
  "total_revenue": 1110.0,
  "total_orders": 40,
  "successful_orders": 37,
  "failed_orders": 1,
  "total_rounds": 32,
  "active_runner_hours": 7.152777777777778
}