{
  "simulation_id": "delivery_dynamic_04",
  "runner_id": "3_runners",
  "revenue_per_round": 36.0,
  "orders_per_runner_hour": 4.088297103345891,
  "on_time_rate": 1.0,
  "delivery_cycle_time_p90": 22.22848075076439,
  "delivery_cycle_time_avg": 15.717333949220965,
  "failed_rate": 0.0,
  "second_runner_break_even_orders": 7.33801855433838,
  "queue_wait_avg": 1.5155172413793103,
  "runner_utilization_driving_pct": 61.42147668593951,
  "runner_utilization_prep_pct": 0.0,
  "runner_utilization_idle_pct": 38.57852331406049,
  "distance_per_delivery_avg": 1428.7842069382423,
  "zone_service_times": {
    "hole_16": 17.389460363547016,
    "hole_17": 18.145080266742205,
    "hole_18": 13.242714519459675,
    "hole_10": 11.643025567300619,
    "hole_11": 14.742676261986102,
    "hole_9": 12.260045771182497,
    "hole_8": 14.669708648419327,
    "hole_15": 17.98063170476764
  },
  "total_revenue": 900.0,
  "total_orders": 30,
  "successful_orders": 30,
  "failed_orders": 0,
  "total_rounds": 25,
  "active_runner_hours": 7.33801855433838
}