{
  "simulation_id": "delivery_dynamic_03",
  "runner_id": "2_runners",
  "revenue_per_round": 42.857142857142854,
  "orders_per_runner_hour": 4.054269299505701,
  "on_time_rate": 0.6,
  "delivery_cycle_time_p90": 40.51979818247709,
  "delivery_cycle_time_avg": 25.89894062614755,
  "failed_rate": 0.0,
  "second_runner_break_even_orders": 7.399607126161457,
  "queue_wait_avg": 11.966666666666667,
  "runner_utilization_driving_pct": 69.50103645671436,
  "runner_utilization_prep_pct": 0.0,
  "runner_utilization_idle_pct": 30.49896354328564,
  "distance_per_delivery_avg": 1589.29738371891,
  "zone_service_times": {
    "hole_6": 27.75889064900178,
    "hole_18": 26.413560203635118,
    "hole_17": 27.949336603715327,
    "hole_8": 24.565574517019574,
    "hole_12": 33.43839388749184,
    "hole_-1": 31.272131889089632,
    "hole_10": 26.275072931095806,
    "hole_15": 18.1908840881817,
    "hole_4": 21.66564730195926,
    "hole_2": 15.173628532460983,
    "hole_3": 17.748184241720445
  },
  "total_revenue": 900.0,
  "total_orders": 30,
  "successful_orders": 30,
  "failed_orders": 0,
  "total_rounds": 21,
  "active_runner_hours": 7.399607126161457
}