{
  "variantKey": "mid_back",
  "blockedHoles": [
    4,
    5,
    6,
    10,
    11,
    12
  ],
  "deliveryMetrics": {
    "totalOrders": 50,
    "successfulDeliveries": 50,
    "failedDeliveries": 0,
    "avgOrderTime": 24.559996020177206,
    "onTimePercentage": 68.0,
    "revenue": 1500.0,
    "ordersPerRunnerHour": 5.0,
    "lateOrders": 16,
    "runnerUtilizationPct": 30.119697939645683,
    "totalRunnerDriveMinutes": 542.1545629136223,
    "totalRunnerShiftMinutes": 1800.0,
    "runnerUtilizationByRunner": {
      "runner_1": {
        "driveMinutes": 176.52540440299805,
        "utilizationPct": 29.42090073383301,
        "shiftMinutes": 600.0
      },
      "runner_3": {
        "driveMinutes": 156.68001399561848,
        "utilizationPct": 26.113335665936415,
        "shiftMinutes": 600.0
      },
      "runner_2": {
        "driveMinutes": 208.94914451500574,
        "utilizationPct": 34.82485741916763,
        "shiftMinutes": 600.0
      }
    }
  },
  "bevCartMetrics": null,
  "hasRunners": true,
  "hasBevCart": false
}