{
  "simulation_id": "delivery_dynamic_09",
  "runner_id": "3_runners",
  "revenue_per_round": 42.857142857142854,
  "orders_per_runner_hour": 6.92334142999223,
  "on_time_rate": 0.74,
  "delivery_cycle_time_p90": 43.25994493590001,
  "delivery_cycle_time_avg": 23.674141349316013,
  "failed_rate": 0.0,
  "second_runner_break_even_orders": 7.221946296537929,
  "queue_wait_avg": 10.809090909090909,
  "runner_utilization_driving_pct": 100.0,
  "runner_utilization_prep_pct": 0.0,
  "runner_utilization_idle_pct": 0.0,
  "distance_per_delivery_avg": 1398.47949337018,
  "zone_service_times": {
    "hole_16": 12.562311466125053,
    "hole_13": 15.502781349454047,
    "hole_2": 22.860798396478305,
    "hole_15": 19.458045779332497,
    "hole_18": 22.809118453481947,
    "hole_8": 14.287938128176231,
    "hole_14": 18.216536053222516,
    "hole_-1": 25.266800795056056,
    "hole_10": 17.105823554193556,
    "hole_4": 35.48408499459485,
    "hole_9": 19.92995782634771,
    "hole_11": 50.47137481483363,
    "hole_5": 42.31068956560475,
    "hole_6": 40.15171967358832,
    "hole_17": 14.15504993786805
  },
  "total_revenue": 1500.0,
  "total_orders": 50,
  "successful_orders": 50,
  "failed_orders": 0,
  "total_rounds": 35,
  "active_runner_hours": 7.221946296537929
}