{
  "variantKey": "mid_back",
  "blockedHoles": [
    4,
    5,
    6,
    10,
    11,
    12
  ],
  "deliveryMetrics": {
    "totalOrders": 50,
    "successfulDeliveries": 50,
    "failedDeliveries": 0,
    "avgOrderTime": 23.674141349316013,
    "onTimePercentage": 74.0,
    "revenue": 1500.0,
    "ordersPerRunnerHour": 5.0,
    "lateOrders": 13,
    "runnerUtilizationPct": 28.624995811592107,
    "totalRunnerDriveMinutes": 515.2499246086579,
    "totalRunnerShiftMinutes": 1800.0,
    "runnerUtilizationByRunner": {
      "runner_3": {
        "driveMinutes": 155.9868964219208,
        "utilizationPct": 25.99781607032013,
        "shiftMinutes": 600.0
      },
      "runner_2": {
        "driveMinutes": 176.79819165942646,
        "utilizationPct": 29.46636527657108,
        "shiftMinutes": 600.0
      },
      "runner_1": {
        "driveMinutes": 182.46483652731058,
        "utilizationPct": 30.410806087885096,
        "shiftMinutes": 600.0
      }
    }
  },
  "bevCartMetrics": null,
  "hasRunners": true,
  "hasBevCart": false
}