{
  "simulation_id": "delivery_dynamic_08",
  "runner_id": "2_runners",
  "revenue_per_round": 37.77777777777778,
  "orders_per_runner_hour": 4.78689755652531,
  "on_time_rate": 0.5588235294117647,
  "delivery_cycle_time_p90": 60.32779244770434,
  "delivery_cycle_time_avg": 31.267804035761724,
  "failed_rate": 0.15,
  "second_runner_break_even_orders": 7.102721459675388,
  "queue_wait_avg": 17.088383838383837,
  "runner_utilization_driving_pct": 75.90385991984961,
  "runner_utilization_prep_pct": 0.0,
  "runner_utilization_idle_pct": 24.09614008015039,
  "distance_per_delivery_avg": 1573.1586266041752,
  "zone_service_times": {
    "hole_17": 17.515440076997066,
    "hole_18": 23.36624839386907,
    "hole_-1": 35.74904020579898,
    "hole_16": 22.33239363136151,
    "hole_3": 23.527186596320796,
    "hole_6": 51.30429214240111,
    "hole_10": 27.81609039930163,
    "hole_13": 54.39128926508071,
    "hole_7": 59.12723239545273,
    "hole_12": 48.85386535741048,
    "hole_4": 28.88842690565992,
    "hole_9": 14.991859009094696
  },
  "total_revenue": 1020.0,
  "total_orders": 40,
  "successful_orders": 34,
  "failed_orders": 6,
  "total_rounds": 27,
  "active_runner_hours": 7.102721459675388
}