{
  "simulation_id": "delivery_dynamic_09",
  "runner_id": "3_runners",
  "revenue_per_round": 35.294117647058826,
  "orders_per_runner_hour": 2.8527639764168105,
  "on_time_rate": 1.0,
  "delivery_cycle_time_p90": 21.189866833499053,
  "delivery_cycle_time_avg": 15.494227576670376,
  "failed_rate": 0.0,
  "second_runner_break_even_orders": 7.010744725233395,
  "queue_wait_avg": 0.8450000000000001,
  "runner_utilization_driving_pct": 51.82153966915657,
  "runner_utilization_prep_pct": 0.0,
  "runner_utilization_idle_pct": 48.17846033084343,
  "distance_per_delivery_avg": 1562.1404657612475,
  "zone_service_times": {
    "hole_18": 17.217344003589368,
    "hole_9": 12.704118227896652,
    "hole_17": 14.736746986309573,
    "hole_3": 22.796259413839593,
    "hole_8": 14.397742185765688,
    "hole_2": 14.821746139705223,
    "hole_15": 18.30766782857548,
    "hole_10": 12.07136256364532,
    "hole_16": 17.563802022074015
  },
  "total_revenue": 600.0,
  "total_orders": 20,
  "successful_orders": 20,
  "failed_orders": 0,
  "total_rounds": 17,
  "active_runner_hours": 7.010744725233395
}