{
  "simulation_id": "delivery_dynamic_02",
  "runner_id": "3_runners",
  "revenue_per_round": 46.875,
  "orders_per_runner_hour": 6.874199172303492,
  "on_time_rate": 0.52,
  "delivery_cycle_time_p90": 51.702095958397805,
  "delivery_cycle_time_avg": 29.686658150473388,
  "failed_rate": 0.0,
  "second_runner_break_even_orders": 7.273574527990491,
  "queue_wait_avg": 15.003,
  "runner_utilization_driving_pct": 100.0,
  "runner_utilization_prep_pct": 0.0,
  "runner_utilization_idle_pct": 0.0,
  "distance_per_delivery_avg": 1573.7091385590559,
  "zone_service_times": {
    "hole_12": 28.35787469228944,
    "hole_13": 27.053642428563943,
    "hole_4": 24.30728850129129,
    "hole_11": 21.527675688570465,
    "hole_-1": 29.215471858484925,
    "hole_5": 45.158744023949204,
    "hole_15": 24.80339438793233,
    "hole_9": 22.188299681655227,
    "hole_14": 35.08202920328491,
    "hole_6": 50.18298564934682,
    "hole_17": 48.76044849285453,
    "hole_10": 25.14471057068507,
    "hole_18": 17.70962106623836,
    "hole_16": 12.731382785083648
  },
  "total_revenue": 1500.0,
  "total_orders": 50,
  "successful_orders": 50,
  "failed_orders": 0,
  "total_rounds": 32,
  "active_runner_hours": 7.273574527990491
}