{
  "simulation_id": "delivery_dynamic_01",
  "runner_id": "2_runners",
  "revenue_per_round": 37.5,
  "orders_per_runner_hour": 2.768079514329475,
  "on_time_rate": 1.0,
  "delivery_cycle_time_p90": 22.840044731849268,
  "delivery_cycle_time_avg": 16.09752697844969,
  "failed_rate": 0.0,
  "second_runner_break_even_orders": 7.225225972182627,
  "queue_wait_avg": 2.7243589743589745,
  "runner_utilization_driving_pct": 51.26671458034116,
  "runner_utilization_prep_pct": 0.0,
  "runner_utilization_idle_pct": 48.73328541965884,
  "distance_per_delivery_avg": 1453.7690647590944,
  "zone_service_times": {
    "hole_17": 16.703321565866737,
    "hole_11": 13.52453525567853,
    "hole_12": 29.752903065141254,
    "hole_10": 14.740664034002638,
    "hole_15": 18.098156399431264,
    "hole_9": 12.775922141172789
  },
  "total_revenue": 600.0,
  "total_orders": 20,
  "successful_orders": 20,
  "failed_orders": 0,
  "total_rounds": 16,
  "active_runner_hours": 7.225225972182628
}