{
  "simulation_id": "delivery_dynamic_06",
  "runner_id": "runner_1",
  "revenue_per_round": 33.333333333333336,
  "orders_per_runner_hour": 2.795182614181917,
  "on_time_rate": 0.6,
  "delivery_cycle_time_p90": 40.732964089798486,
  "delivery_cycle_time_avg": 25.629317437238925,
  "failed_rate": 0.0,
  "second_runner_break_even_orders": 7.155167572424788,
  "queue_wait_avg": 13.015833333333333,
  "runner_utilization_driving_pct": 26.410001825389294,
  "runner_utilization_prep_pct": 0.0,
  "runner_utilization_idle_pct": 73.58999817461071,
  "distance_per_delivery_avg": 1881.7085548120288,
  "zone_service_times": {
    "hole_18": 10.61733071892883,
    "hole_10": 20.032740967730813,
    "hole_3": 33.34468470861187,
    "hole_8": 30.029208168861473,
    "hole_6": 28.431160911940605,
    "hole_-1": 42.417105403796874,
    "hole_17": 18.387865000807285,
    "hole_11": 34.59197926629422,
    "hole_4": 41.234735783684606,
    "hole_12": 36.21701884482342,
    "hole_2": 12.903092315707,
    "hole_16": 13.17955404377511,
    "hole_15": 13.481186188141267
  },
  "total_revenue": 600.0,
  "total_orders": 20,
  "successful_orders": 20,
  "failed_orders": 0,
  "total_rounds": 18,
  "active_runner_hours": 7.155167572424788
}