{
  "simulation_id": "delivery_blocked_01",
  "runner_id": "runner_1",
  "revenue_per_round": 5.357142857142857,
  "orders_per_runner_hour": 0.3,
  "on_time_rate": 0.6666666666666666,
  "delivery_cycle_time_p90": 55.213524873695256,
  "delivery_cycle_time_avg": 35.147091527198334,
  "failed_rate": 0.7142857142857143,
  "second_runner_break_even_orders": 12.5,
  "queue_wait_avg": 0.0,
  "runner_utilization_driving_pct": 28.883961658237467,
  "runner_utilization_waiting_pct": 20.672745854384125,
  "distance_per_delivery_avg": 1713.870358170021,
  "zone_service_times": {
    "hole_4": 38.472643655271455,
    "hole_6": 28.495987271052098
  },
  "total_revenue": 75.0,
  "total_orders": 14,
  "successful_orders": 3,
  "failed_orders": 10,
  "total_rounds": 14,
  "active_runner_hours": 10.0
}