{
  "simulation_id": "delivery_dynamic_02",
  "runner_id": "2_runners",
  "revenue_per_round": 37.5,
  "orders_per_runner_hour": 2.796323676217381,
  "on_time_rate": 1.0,
  "delivery_cycle_time_p90": 25.822254938535202,
  "delivery_cycle_time_avg": 17.899011116965895,
  "failed_rate": 0.0,
  "second_runner_break_even_orders": 7.152247849595949,
  "queue_wait_avg": 3.4970588235294118,
  "runner_utilization_driving_pct": 52.08857108979748,
  "runner_utilization_prep_pct": 0.0,
  "runner_utilization_idle_pct": 47.91142891020252,
  "distance_per_delivery_avg": 1655.3077353005408,
  "zone_service_times": {
    "hole_10": 16.35833515783221,
    "hole_12": 17.050656462904406,
    "hole_7": 15.861007261291949,
    "hole_18": 24.249360105314636,
    "hole_11": 16.482752916270268,
    "hole_15": 19.333045787666926,
    "hole_-1": 11.10504251157945,
    "hole_8": 13.3542977707315,
    "hole_2": 22.289764873034862,
    "hole_5": 21.94467044952283,
    "hole_17": 14.5524055859707,
    "hole_14": 14.41953092100254,
    "hole_6": 17.533436734160933
  },
  "total_revenue": 600.0,
  "total_orders": 20,
  "successful_orders": 20,
  "failed_orders": 0,
  "total_rounds": 16,
  "active_runner_hours": 7.152247849595949
}