{
  "simulation_id": "delivery_dynamic_05",
  "runner_id": "3_runners",
  "revenue_per_round": 42.857142857142854,
  "orders_per_runner_hour": 5.689371774411297,
  "on_time_rate": 0.875,
  "delivery_cycle_time_p90": 32.15722009282626,
  "delivery_cycle_time_avg": 20.385827416218305,
  "failed_rate": 0.0,
  "second_runner_break_even_orders": 7.030653222541247,
  "queue_wait_avg": 6.1866666666666665,
  "runner_utilization_driving_pct": 100.0,
  "runner_utilization_prep_pct": 0.0,
  "runner_utilization_idle_pct": 0.0,
  "distance_per_delivery_avg": 1670.7580118493493,
  "zone_service_times": {
    "hole_-1": 20.46422264189623,
    "hole_4": 25.465239810734214,
    "hole_18": 17.514335482842167,
    "hole_17": 23.29486415580662,
    "hole_10": 17.390943276822732,
    "hole_5": 38.47800378285616,
    "hole_7": 28.12087002015764,
    "hole_11": 27.95532000155933,
    "hole_8": 17.673602092384463,
    "hole_14": 18.09390122191329,
    "hole_13": 15.866803451735239,
    "hole_9": 11.754874497675134,
    "hole_16": 17.427015923116294,
    "hole_15": 13.336551358852345,
    "hole_3": 21.37715913340568
  },
  "total_revenue": 1200.0,
  "total_orders": 40,
  "successful_orders": 40,
  "failed_orders": 0,
  "total_rounds": 28,
  "active_runner_hours": 7.030653222541247
}