{
  "variantKey": "mid",
  "blockedHoles": [
    4,
    5,
    6
  ],
  "deliveryMetrics": {
    "totalOrders": 30,
    "successfulDeliveries": 30,
    "failedDeliveries": 0,
    "avgOrderTime": 17.19847647446455,
    "onTimePercentage": 93.33333333333333,
    "revenue": 900.0,
    "ordersPerRunnerHour": 3.0,
    "lateOrders": 2,
    "runnerUtilizationPct": 17.529868198181656,
    "totalRunnerDriveMinutes": 315.5376275672698,
    "totalRunnerShiftMinutes": 1800.0,
    "runnerUtilizationByRunner": {
      "runner_1": {
        "driveMinutes": 136.78929469546094,
        "utilizationPct": 22.798215782576822,
        "shiftMinutes": 600.0
      },
      "runner_2": {
        "driveMinutes": 103.3196706529235,
        "utilizationPct": 17.219945108820582,
        "shiftMinutes": 600.0
      },
      "runner_3": {
        "driveMinutes": 75.42866221888538,
        "utilizationPct": 12.571443703147564,
        "shiftMinutes": 600.0
      }
    }
  },
  "bevCartMetrics": null,
  "hasRunners": true,
  "hasBevCart": false
}