{
  "simulation_id": "delivery_dynamic_04",
  "runner_id": "runner_1",
  "revenue_per_round": 12.352941176470589,
  "orders_per_runner_hour": 1.998017839444995,
  "on_time_rate": 0.14285714285714285,
  "delivery_cycle_time_p90": 59.6327837868286,
  "delivery_cycle_time_avg": 46.27701969090707,
  "failed_rate": 0.56,
  "second_runner_break_even_orders": 7.006944444444445,
  "queue_wait_avg": 34.0,
  "runner_utilization_driving_pct": 27.12098302847717,
  "runner_utilization_prep_pct": 0.0,
  "runner_utilization_idle_pct": 72.87901697152283,
  "distance_per_delivery_avg": 765.0786161447742,
  "zone_service_times": {
    "hole_15": 13.137080411119374,
    "hole_13": 32.863571108564734,
    "hole_16": 53.82842420314343,
    "hole_-1": 43.14439683989483,
    "hole_10": 58.29701034423357,
    "hole_18": 56.73679479309473,
    "hole_11": 48.43118127259719
  },
  "total_revenue": 420.0,
  "total_orders": 50,
  "successful_orders": 14,
  "failed_orders": 28,
  "total_rounds": 34,
  "active_runner_hours": 7.006944444444445
}