{
  "simulation_id": "delivery_dynamic_02",
  "runner_id": "2_runners",
  "revenue_per_round": 38.18181818181818,
  "orders_per_runner_hour": 3.836245162204197,
  "on_time_rate": 0.6428571428571429,
  "delivery_cycle_time_p90": 56.14807456997348,
  "delivery_cycle_time_avg": 26.743391178979973,
  "failed_rate": 0.03333333333333333,
  "second_runner_break_even_orders": 7.298803599901316,
  "queue_wait_avg": 13.492948717948718,
  "runner_utilization_driving_pct": 78.86663295757923,
  "runner_utilization_prep_pct": 0.0,
  "runner_utilization_idle_pct": 21.133367042420772,
  "distance_per_delivery_avg": 1415.9794361372744,
  "zone_service_times": {
    "hole_14": 22.701880940283186,
    "hole_9": 19.77154602293514,
    "hole_11": 30.284611335264074,
    "hole_-1": 34.0840949244051,
    "hole_7": 15.979089045283825,
    "hole_4": 20.63516581868959,
    "hole_15": 48.53002380569782,
    "hole_8": 42.193228983037585,
    "hole_6": 17.8818400297551,
    "hole_18": 12.202543843197903,
    "hole_12": 18.30579194427446,
    "hole_13": 19.04312573392793
  },
  "total_revenue": 840.0,
  "total_orders": 30,
  "successful_orders": 28,
  "failed_orders": 1,
  "total_rounds": 22,
  "active_runner_hours": 7.298803599901316
}