{
  "simulation_id": "delivery_dynamic_06",
  "runner_id": "3_runners",
  "revenue_per_round": 33.333333333333336,
  "orders_per_runner_hour": 2.764972710368275,
  "on_time_rate": 1.0,
  "delivery_cycle_time_p90": 18.94191557725147,
  "delivery_cycle_time_avg": 15.424680922138009,
  "failed_rate": 0.0,
  "second_runner_break_even_orders": 7.233344446765313,
  "queue_wait_avg": 0.04074074074074074,
  "runner_utilization_driving_pct": 47.048051340739,
  "runner_utilization_prep_pct": 0.0,
  "runner_utilization_idle_pct": 52.951948659261,
  "distance_per_delivery_avg": 1810.37278983837,
  "zone_service_times": {
    "hole_13": 16.29470088742731,
    "hole_18": 10.947483317149182,
    "hole_16": 17.165781038982825,
    "hole_6": 18.84819725779007,
    "hole_17": 15.620584872860732,
    "hole_15": 17.922095377347404,
    "hole_9": 12.042821496523175,
    "hole_-1": 20.269841160584534,
    "hole_8": 14.917050561284002,
    "hole_11": 13.65900318967809
  },
  "total_revenue": 600.0,
  "total_orders": 20,
  "successful_orders": 20,
  "failed_orders": 0,
  "total_rounds": 18,
  "active_runner_hours": 7.233344446765313
}