{
  "simulation_id": "delivery_dynamic_04",
  "runner_id": "2_runners",
  "revenue_per_round": 31.57894736842105,
  "orders_per_runner_hour": 2.8107547559929555,
  "on_time_rate": 0.95,
  "delivery_cycle_time_p90": 22.353789227082032,
  "delivery_cycle_time_avg": 16.824274345933237,
  "failed_rate": 0.0,
  "second_runner_break_even_orders": 7.1155265173373685,
  "queue_wait_avg": 2.9096491228070174,
  "runner_utilization_driving_pct": 54.71206883452822,
  "runner_utilization_prep_pct": 0.0,
  "runner_utilization_idle_pct": 45.28793116547178,
  "distance_per_delivery_avg": 1364.1961802335627,
  "zone_service_times": {
    "hole_18": 17.813116926050647,
    "hole_3": 21.37715913340562,
    "hole_-1": 14.198941457945436,
    "hole_8": 16.550211706912744,
    "hole_16": 12.905060636990068,
    "hole_9": 13.753082233919121,
    "hole_5": 21.630647938276404,
    "hole_7": 17.184688588795023,
    "hole_11": 14.274413229232273,
    "hole_10": 11.623348239846745,
    "hole_4": 39.36254342119452
  },
  "total_revenue": 600.0,
  "total_orders": 20,
  "successful_orders": 20,
  "failed_orders": 0,
  "total_rounds": 19,
  "active_runner_hours": 7.1155265173373685
}