{
  "variantKey": "front",
  "blockedHoles": [
    1,
    2,
    3
  ],
  "deliveryMetrics": {
    "totalOrders": 30,
    "successfulDeliveries": 30,
    "failedDeliveries": 0,
    "avgOrderTime": 16.420814857297334,
    "onTimePercentage": 96.66666666666667,
    "revenue": 900.0,
    "ordersPerRunnerHour": 3.0,
    "lateOrders": 1,
    "runnerUtilizationPct": 16.36180783094529,
    "totalRunnerDriveMinutes": 294.5125409570152,
    "totalRunnerShiftMinutes": 1800.0,
    "runnerUtilizationByRunner": {
      "runner_2": {
        "driveMinutes": 94.51553677226585,
        "utilizationPct": 15.752589462044309,
        "shiftMinutes": 600.0
      },
      "runner_1": {
        "driveMinutes": 151.488792911589,
        "utilizationPct": 25.2481321519315,
        "shiftMinutes": 600.0
      },
      "runner_3": {
        "driveMinutes": 48.50821127316041,
        "utilizationPct": 8.08470187886007,
        "shiftMinutes": 600.0
      }
    }
  },
  "bevCartMetrics": null,
  "hasRunners": true,
  "hasBevCart": false
}