{
  "course": "C:\\Main\\GIT\\simulation\\courses\\pinetree_country_club",
  "tee_scenario": "real_tee_sheet",
  "orders": 50,
  "variant": "back",
  "runners": 3,
  "runs": 10,
  "on_time_mean": 0.5140478707671783,
  "failed_mean": 0.026000000000000002,
  "p90_mean": 52.3257718448633,
  "avg_delivery_time_mean": 31.016684892979413,
  "oph_mean": 6.659294145485686,
  "on_time_wilson_lo": 0.9462281949738114,
  "on_time_wilson_hi": 0.9786656605553866,
  "total_successful_orders": 483,
  "total_orders": 500,
  "group_dir": "C:\\Main\\GIT\\simulation\\output\\pinetree_country_club\\20250828_082152_real_tee_sheet\\first_pass\\orders_050\\runners_3\\back"
}