{
  "simulation_id": "delivery_dynamic_01",
  "runner_id": "2_runners",
  "revenue_per_round": 34.61538461538461,
  "orders_per_runner_hour": 4.166826352001737,
  "on_time_rate": 0.9,
  "delivery_cycle_time_p90": 35.925984628070786,
  "delivery_cycle_time_avg": 18.78554863089453,
  "failed_rate": 0.0,
  "second_runner_break_even_orders": 7.199724074315707,
  "queue_wait_avg": 6.834482758620689,
  "runner_utilization_driving_pct": 58.67393768748103,
  "runner_utilization_prep_pct": 0.0,
  "runner_utilization_idle_pct": 41.32606231251897,
  "distance_per_delivery_avg": 732.1043399805611,
  "zone_service_times": {
    "hole_9": 15.907297500008438,
    "hole_14": 14.95589990412403,
    "hole_16": 16.635466980692115,
    "hole_13": 15.295770534160692,
    "hole_-1": 23.0914269724395,
    "hole_18": 20.12320286245514,
    "hole_17": 25.71688886745739,
    "hole_8": 13.65771988854743,
    "hole_10": 11.483003749085704,
    "hole_15": 12.662012291780654
  },
  "total_revenue": 900.0,
  "total_orders": 30,
  "successful_orders": 30,
  "failed_orders": 0,
  "total_rounds": 26,
  "active_runner_hours": 7.199724074315707
}