{
  "simulation_id": "delivery_dynamic_05",
  "runner_id": "2_runners",
  "revenue_per_round": 33.63636363636363,
  "orders_per_runner_hour": 5.13393717479283,
  "on_time_rate": 0.5135135135135135,
  "delivery_cycle_time_p90": 59.00439683989483,
  "delivery_cycle_time_avg": 33.87051527935872,
  "failed_rate": 0.22,
  "second_runner_break_even_orders": 7.206944444444445,
  "queue_wait_avg": 20.733333333333334,
  "runner_utilization_driving_pct": 82.84547390977315,
  "runner_utilization_prep_pct": 0.0,
  "runner_utilization_idle_pct": 17.154526090226852,
  "distance_per_delivery_avg": 1242.3742149456095,
  "zone_service_times": {
    "hole_12": 36.16120929106983,
    "hole_10": 21.74706225019564,
    "hole_15": 23.542675465669337,
    "hole_17": 22.048038777186957,
    "hole_18": 38.77594167573843,
    "hole_-1": 45.84217461767261,
    "hole_11": 37.22513826661198,
    "hole_16": 40.40816584127279,
    "hole_14": 35.387547636762974,
    "hole_13": 15.502781349454017
  },
  "total_revenue": 1110.0,
  "total_orders": 50,
  "successful_orders": 37,
  "failed_orders": 11,
  "total_rounds": 33,
  "active_runner_hours": 7.206944444444445
}