{
  "simulation_id": "delivery_dynamic_01",
  "runner_id": "2_runners",
  "revenue_per_round": 37.5,
  "orders_per_runner_hour": 2.8582207181049,
  "on_time_rate": 1.0,
  "delivery_cycle_time_p90": 27.61342800250726,
  "delivery_cycle_time_avg": 16.837400077411466,
  "failed_rate": 0.0,
  "second_runner_break_even_orders": 6.997360236497304,
  "queue_wait_avg": 2.4658333333333333,
  "runner_utilization_driving_pct": 50.0308629257586,
  "runner_utilization_prep_pct": 0.0,
  "runner_utilization_idle_pct": 49.9691370742414,
  "distance_per_delivery_avg": 1468.8464260102508,
  "zone_service_times": {
    "hole_15": 12.994046170122369,
    "hole_13": 16.04048140539265,
    "hole_12": 21.158595074322434,
    "hole_9": 28.744748900585787,
    "hole_8": 19.389413735139474,
    "hole_18": 15.00501010989354,
    "hole_11": 15.871833045366818,
    "hole_17": 14.378727797046668,
    "hole_16": 12.02000475594262,
    "hole_14": 14.922566570790634
  },
  "total_revenue": 600.0,
  "total_orders": 20,
  "successful_orders": 20,
  "failed_orders": 0,
  "total_rounds": 16,
  "active_runner_hours": 6.997360236497304
}