{
  "simulation_id": "delivery_dynamic_09",
  "runner_id": "runner_1",
  "revenue_per_round": 15.6,
  "orders_per_runner_hour": 1.8295543393275997,
  "on_time_rate": 0.15384615384615385,
  "delivery_cycle_time_p90": 61.30539648819597,
  "delivery_cycle_time_avg": 48.019699953700986,
  "failed_rate": 0.55,
  "second_runner_break_even_orders": 7.105555555555555,
  "queue_wait_avg": 37.24305555555556,
  "runner_utilization_driving_pct": 35.95585934726201,
  "runner_utilization_prep_pct": 0.0,
  "runner_utilization_idle_pct": 64.04414065273798,
  "distance_per_delivery_avg": 1223.542261366607,
  "zone_service_times": {
    "hole_9": 43.914601316530394,
    "hole_12": 44.431553763745555,
    "hole_-1": 45.54773017322817,
    "hole_10": 51.16785842552387,
    "hole_11": 48.93275291627033,
    "hole_14": 57.095419046807365,
    "hole_17": 52.648038777186954,
    "hole_18": 47.24736821867603
  },
  "total_revenue": 390.0,
  "total_orders": 40,
  "successful_orders": 13,
  "failed_orders": 22,
  "total_rounds": 25,
  "active_runner_hours": 7.105555555555555
}