{
  "variantKey": "front_mid_back",
  "blockedHoles": [
    1,
    2,
    3,
    4,
    5,
    6,
    10,
    11,
    12
  ],
  "deliveryMetrics": {
    "totalOrders": 20,
    "successfulDeliveries": 20,
    "failedDeliveries": 0,
    "avgOrderTime": 14.273737548638818,
    "onTimePercentage": 100.0,
    "revenue": 600.0,
    "ordersPerRunnerHour": 2.0,
    "lateOrders": 0,
    "runnerUtilizationPct": 11.189338017006097,
    "totalRunnerDriveMinutes": 201.40808430610977,
    "totalRunnerShiftMinutes": 1800.0,
    "runnerUtilizationByRunner": {
      "runner_1": {
        "driveMinutes": 108.38367359140744,
        "utilizationPct": 18.06394559856791,
        "shiftMinutes": 600.0
      },
      "runner_2": {
        "driveMinutes": 77.98812409330431,
        "utilizationPct": 12.998020682217385,
        "shiftMinutes": 600.0
      },
      "runner_3": {
        "driveMinutes": 15.036286621398004,
        "utilizationPct": 2.5060477702330006,
        "shiftMinutes": 600.0
      }
    }
  },
  "bevCartMetrics": null,
  "hasRunners": true,
  "hasBevCart": false
}