{
  "simulation_id": "delivery_dynamic_10",
  "runner_id": "3_runners",
  "revenue_per_round": 45.0,
  "orders_per_runner_hour": 4.3379888247555956,
  "on_time_rate": 0.9333333333333333,
  "delivery_cycle_time_p90": 20.3755095450483,
  "delivery_cycle_time_avg": 16.67351128447881,
  "failed_rate": 0.0,
  "second_runner_break_even_orders": 6.915647137862375,
  "queue_wait_avg": 1.9346666666666668,
  "runner_utilization_driving_pct": 77.62030091213,
  "runner_utilization_prep_pct": 0.0,
  "runner_utilization_idle_pct": 22.379699087869994,
  "distance_per_delivery_avg": 1700.593124918216,
  "zone_service_times": {
    "hole_17": 14.878708618453473,
    "hole_10": 21.06158612950488,
    "hole_-1": 29.580049419465617,
    "hole_6": 18.42912442816214,
    "hole_4": 18.4531690469139,
    "hole_15": 18.182223296655238,
    "hole_9": 13.997165767610346,
    "hole_2": 15.022551372822354,
    "hole_7": 17.128194829555166,
    "hole_18": 11.13778676467763,
    "hole_3": 17.17863026138354,
    "hole_16": 17.48960734715826,
    "hole_8": 14.221403424887951,
    "hole_11": 13.277335735430945
  },
  "total_revenue": 900.0,
  "total_orders": 30,
  "successful_orders": 30,
  "failed_orders": 0,
  "total_rounds": 20,
  "active_runner_hours": 6.915647137862375
}