{
  "simulation_id": "delivery_dynamic_08",
  "runner_id": "2_runners",
  "revenue_per_round": 43.333333333333336,
  "orders_per_runner_hour": 5.370194669153232,
  "on_time_rate": 0.5128205128205128,
  "delivery_cycle_time_p90": 54.59293679628579,
  "delivery_cycle_time_avg": 33.63664317931347,
  "failed_rate": 0.0,
  "second_runner_break_even_orders": 7.262306564791531,
  "queue_wait_avg": 19.323076923076922,
  "runner_utilization_driving_pct": 88.33184223818303,
  "runner_utilization_prep_pct": 0.0,
  "runner_utilization_idle_pct": 11.668157761816971,
  "distance_per_delivery_avg": 1449.3582620954776,
  "zone_service_times": {
    "hole_15": 26.212280628553852,
    "hole_14": 36.94989905374463,
    "hole_17": 40.47995438507287,
    "hole_18": 38.79682617631565,
    "hole_10": 25.796540140014823,
    "hole_12": 30.608872849683255,
    "hole_9": 22.141859009094695,
    "hole_16": 42.1748656534813,
    "hole_13": 32.16626920626856,
    "hole_11": 38.977335735431005,
    "hole_8": 14.355699306256914
  },
  "total_revenue": 1170.0,
  "total_orders": 40,
  "successful_orders": 39,
  "failed_orders": 0,
  "total_rounds": 27,
  "active_runner_hours": 7.262306564791531
}