{
  "simulation_id": "delivery_dynamic_06",
  "runner_id": "2_runners",
  "revenue_per_round": 42.857142857142854,
  "orders_per_runner_hour": 2.8768979067404583,
  "on_time_rate": 1.0,
  "delivery_cycle_time_p90": 25.550260266072705,
  "delivery_cycle_time_avg": 15.986900100442234,
  "failed_rate": 0.0,
  "second_runner_break_even_orders": 6.951932480169279,
  "queue_wait_avg": 3.318627450980392,
  "runner_utilization_driving_pct": 41.723559492968015,
  "runner_utilization_prep_pct": 0.0,
  "runner_utilization_idle_pct": 58.276440507031985,
  "distance_per_delivery_avg": 1063.7984337485893,
  "zone_service_times": {
    "hole_15": 13.80782656987098,
    "hole_-1": 15.31674759441707,
    "hole_18": 17.279783592717287,
    "hole_17": 20.749327921657095,
    "hole_10": 11.673348239846685,
    "hole_8": 26.011309060720183,
    "hole_5": 21.373636617822132,
    "hole_9": 11.330726810388175,
    "hole_12": 17.157875906909247,
    "hole_16": 13.527853572061455
  },
  "total_revenue": 600.0,
  "total_orders": 20,
  "successful_orders": 20,
  "failed_orders": 0,
  "total_rounds": 14,
  "active_runner_hours": 6.951932480169279
}