{
  "simulation_id": "delivery_dynamic_06",
  "runner_id": "runner_1",
  "revenue_per_round": 25.90909090909091,
  "orders_per_runner_hour": 2.645011600928074,
  "on_time_rate": 0.2631578947368421,
  "delivery_cycle_time_p90": 60.264396839894836,
  "delivery_cycle_time_avg": 38.55513351906827,
  "failed_rate": 0.3,
  "second_runner_break_even_orders": 7.183333333333334,
  "queue_wait_avg": 25.499122807017542,
  "runner_utilization_driving_pct": 38.60731713742393,
  "runner_utilization_prep_pct": 0.0,
  "runner_utilization_idle_pct": 61.39268286257607,
  "distance_per_delivery_avg": 1026.8195992490441,
  "zone_service_times": {
    "hole_6": 41.205801882493446,
    "hole_18": 45.17065595570328,
    "hole_8": 31.256080401806138,
    "hole_-1": 48.89773017322817,
    "hole_7": 58.51629942351907,
    "hole_10": 46.24881189014056,
    "hole_13": 15.1462444111147,
    "hole_15": 25.3997042532162,
    "hole_17": 14.188383271201383,
    "hole_9": 12.536504721666885
  },
  "total_revenue": 570.0,
  "total_orders": 30,
  "successful_orders": 19,
  "failed_orders": 9,
  "total_rounds": 22,
  "active_runner_hours": 7.183333333333334
}