{
  "simulation_id": "delivery_dynamic_01",
  "runner_id": "3_runners",
  "revenue_per_round": 30.0,
  "orders_per_runner_hour": 2.8530465412442285,
  "on_time_rate": 1.0,
  "delivery_cycle_time_p90": 20.195113537544728,
  "delivery_cycle_time_avg": 16.19440604706669,
  "failed_rate": 0.0,
  "second_runner_break_even_orders": 7.010050383292343,
  "queue_wait_avg": 0.044444444444444446,
  "runner_utilization_driving_pct": 56.75129081329815,
  "runner_utilization_prep_pct": 0.0,
  "runner_utilization_idle_pct": 43.24870918670185,
  "distance_per_delivery_avg": 2070.1204318144073,
  "zone_service_times": {
    "hole_18": 11.334871619214118,
    "hole_16": 17.305311550111433,
    "hole_8": 13.602471357190188,
    "hole_7": 16.83512330670498,
    "hole_15": 18.324373519817872,
    "hole_4": 19.962718428736704,
    "hole_10": 12.545932831680936,
    "hole_-1": 20.203174493917867,
    "hole_6": 18.98201182378349,
    "hole_9": 13.148191383302764,
    "hole_17": 15.129718561544966,
    "hole_2": 13.12986007297465
  },
  "total_revenue": 600.0,
  "total_orders": 20,
  "successful_orders": 20,
  "failed_orders": 0,
  "total_rounds": 20,
  "active_runner_hours": 7.010050383292344
}