{
  "simulation_id": "delivery_dynamic_01",
  "runner_id": "3_runners",
  "revenue_per_round": 31.57894736842105,
  "orders_per_runner_hour": 2.7117270574870145,
  "on_time_rate": 1.0,
  "delivery_cycle_time_p90": 17.365723634512452,
  "delivery_cycle_time_avg": 14.12337677419312,
  "failed_rate": 0.0,
  "second_runner_break_even_orders": 7.375373544612638,
  "queue_wait_avg": 0.03611111111111111,
  "runner_utilization_driving_pct": 47.0050794526149,
  "runner_utilization_prep_pct": 0.0,
  "runner_utilization_idle_pct": 52.9949205473851,
  "distance_per_delivery_avg": 1374.5345961288879,
  "zone_service_times": {
    "hole_17": 13.723232085925655,
    "hole_8": 13.920270724372418,
    "hole_-1": 20.8226286825251,
    "hole_1": 12.426087088764023,
    "hole_18": 11.26850772563345,
    "hole_16": 17.271978216778066,
    "hole_11": 13.677570902220031,
    "hole_10": 11.76158563589497,
    "hole_9": 12.503358529532065,
    "hole_14": 17.007679024218366,
    "hole_13": 17.334359859541838,
    "hole_2": 13.196526739641376,
    "hole_15": 17.369208498398073,
    "hole_12": 15.739079343424965
  },
  "total_revenue": 600.0,
  "total_orders": 20,
  "successful_orders": 20,
  "failed_orders": 0,
  "total_rounds": 19,
  "active_runner_hours": 7.375373544612638
}