{
  "simulation_id": "delivery_dynamic_02",
  "runner_id": "3_runners",
  "revenue_per_round": 42.857142857142854,
  "orders_per_runner_hour": 4.224816713271849,
  "on_time_rate": 1.0,
  "delivery_cycle_time_p90": 22.373411872525672,
  "delivery_cycle_time_avg": 16.09348994748588,
  "failed_rate": 0.0,
  "second_runner_break_even_orders": 7.100899763475639,
  "queue_wait_avg": 0.9134615384615385,
  "runner_utilization_driving_pct": 76.73014504519344,
  "runner_utilization_prep_pct": 0.0,
  "runner_utilization_idle_pct": 23.26985495480656,
  "distance_per_delivery_avg": 1781.4126223552569,
  "zone_service_times": {
    "hole_7": 18.230450451823316,
    "hole_3": 20.531405540719728,
    "hole_4": 21.290559535939753,
    "hole_16": 11.645661500892128,
    "hole_18": 13.655444582740923,
    "hole_2": 22.530109070995,
    "hole_-1": 10.608467183807504,
    "hole_17": 14.005068044075689,
    "hole_15": 13.34207426227099,
    "hole_10": 11.433003749085705,
    "hole_6": 19.403441620239633,
    "hole_14": 15.118271522824095
  },
  "total_revenue": 900.0,
  "total_orders": 30,
  "successful_orders": 30,
  "failed_orders": 0,
  "total_rounds": 21,
  "active_runner_hours": 7.100899763475639
}