{
  "simulation_id": "delivery_dynamic_01",
  "runner_id": "2_runners",
  "revenue_per_round": 36.42857142857143,
  "orders_per_runner_hour": 4.626380004990039,
  "on_time_rate": 0.6176470588235294,
  "delivery_cycle_time_p90": 56.29058361054892,
  "delivery_cycle_time_avg": 29.190071514260854,
  "failed_rate": 0.125,
  "second_runner_break_even_orders": 7.349158513422463,
  "queue_wait_avg": 16.746236559139785,
  "runner_utilization_driving_pct": 78.833245965591,
  "runner_utilization_prep_pct": 0.0,
  "runner_utilization_idle_pct": 21.166754034408996,
  "distance_per_delivery_avg": 1317.6052052622338,
  "zone_service_times": {
    "hole_14": 19.268836544400802,
    "hole_9": 17.88072631461867,
    "hole_17": 25.20598297335366,
    "hole_16": 15.995994213747537,
    "hole_13": 32.543786992948675,
    "hole_11": 37.19655103312798,
    "hole_-1": 32.27298381329399,
    "hole_12": 31.198519547286036,
    "hole_15": 25.843738895340156,
    "hole_18": 34.89375621961375,
    "hole_10": 30.40932605809515
  },
  "total_revenue": 1020.0,
  "total_orders": 40,
  "successful_orders": 34,
  "failed_orders": 5,
  "total_rounds": 28,
  "active_runner_hours": 7.349158513422463
}