{
  "simulation_id": "delivery_dynamic_01",
  "runner_id": "3_runners",
  "revenue_per_round": 37.5,
  "orders_per_runner_hour": 2.787068579412881,
  "on_time_rate": 1.0,
  "delivery_cycle_time_p90": 13.472614660111878,
  "delivery_cycle_time_avg": 12.209142268223404,
  "failed_rate": 0.0,
  "second_runner_break_even_orders": 7.175998519639286,
  "queue_wait_avg": 0.041666666666666664,
  "runner_utilization_driving_pct": 22.603528969291794,
  "runner_utilization_prep_pct": 0.0,
  "runner_utilization_idle_pct": 77.3964710307082,
  "distance_per_delivery_avg": 1563.582433120848,
  "zone_service_times": {
    "hole_16": 13.4816371583628,
    "hole_10": 10.847629082657841,
    "hole_1": 10.978860544632699,
    "hole_3": 13.15868001083545,
    "hole_12": 11.783276120609823,
    "hole_2": 11.940573189922027,
    "hole_17": 12.576839249868225,
    "hole_18": 10.455146070546348,
    "hole_7": 13.327602031570192,
    "hole_8": 12.217837666304716,
    "hole_14": 13.476703838266682
  },
  "total_revenue": 600.0,
  "total_orders": 20,
  "successful_orders": 20,
  "failed_orders": 0,
  "total_rounds": 16,
  "active_runner_hours": 7.175998519639286
}