{
  "simulation_id": "delivery_dynamic_05",
  "runner_id": "2_runners",
  "revenue_per_round": 32.5,
  "orders_per_runner_hour": 5.4114472923492,
  "on_time_rate": 0.358974358974359,
  "delivery_cycle_time_p90": 60.97012649244796,
  "delivery_cycle_time_avg": 37.69462204347966,
  "failed_rate": 0.18,
  "second_runner_break_even_orders": 7.206944444444445,
  "queue_wait_avg": 23.654273504273505,
  "runner_utilization_driving_pct": 84.61906179125998,
  "runner_utilization_prep_pct": 0.0,
  "runner_utilization_idle_pct": 15.38093820874002,
  "distance_per_delivery_avg": 1357.5571091732695,
  "zone_service_times": {
    "hole_-1": 20.8226286825251,
    "hole_11": 13.277335735431006,
    "hole_10": 23.126679926187535,
    "hole_17": 29.496399168391196,
    "hole_4": 37.30691157330648,
    "hole_18": 44.016476573173826,
    "hole_6": 61.594985308823986,
    "hole_8": 40.13427976200394,
    "hole_12": 39.30290306514125,
    "hole_13": 39.29721617890827,
    "hole_7": 47.021786687023265,
    "hole_9": 19.82030384135748,
    "hole_15": 18.391118235635926
  },
  "total_revenue": 1170.0,
  "total_orders": 50,
  "successful_orders": 39,
  "failed_orders": 9,
  "total_rounds": 36,
  "active_runner_hours": 7.206944444444445
}