{
  "variantKey": "front_back",
  "blockedHoles": [
    1,
    2,
    3,
    10,
    11,
    12
  ],
  "deliveryMetrics": {
    "totalOrders": 30,
    "successfulDeliveries": 30,
    "failedDeliveries": 0,
    "avgOrderTime": 12.814269286573653,
    "onTimePercentage": 100.0,
    "revenue": 900.0,
    "ordersPerRunnerHour": 3.0,
    "lateOrders": 0,
    "runnerUtilizationPct": 18.012937418804754,
    "totalRunnerDriveMinutes": 324.23287353848553,
    "totalRunnerShiftMinutes": 1800.0,
    "runnerUtilizationByRunner": {
      "runner_1": {
        "driveMinutes": 160.8282052428498,
        "utilizationPct": 26.8047008738083,
        "shiftMinutes": 600.0
      },
      "runner_2": {
        "driveMinutes": 115.76135909103346,
        "utilizationPct": 19.293559848505577,
        "shiftMinutes": 600.0
      },
      "runner_3": {
        "driveMinutes": 47.643309204602296,
        "utilizationPct": 7.940551534100384,
        "shiftMinutes": 600.0
      }
    }
  },
  "bevCartMetrics": null,
  "hasRunners": true,
  "hasBevCart": false
}