{
  "simulation_id": "delivery_dynamic_06",
  "runner_id": "2_runners",
  "revenue_per_round": 35.294117647058826,
  "orders_per_runner_hour": 2.8355740041802178,
  "on_time_rate": 1.0,
  "delivery_cycle_time_p90": 26.087838491487638,
  "delivery_cycle_time_avg": 17.75856232465477,
  "failed_rate": 0.0,
  "second_runner_break_even_orders": 7.053245646389724,
  "queue_wait_avg": 2.7,
  "runner_utilization_driving_pct": 55.84501166872249,
  "runner_utilization_prep_pct": 0.0,
  "runner_utilization_idle_pct": 44.15498833127751,
  "distance_per_delivery_avg": 1790.3969410840023,
  "zone_service_times": {
    "hole_10": 12.0427291720098,
    "hole_14": 17.503495001919084,
    "hole_15": 18.634913941121805,
    "hole_3": 21.39382580007229,
    "hole_-1": 26.237095521665104,
    "hole_2": 23.44147321291372,
    "hole_13": 15.425161687892432,
    "hole_5": 22.18501497365002,
    "hole_18": 18.29152294832317,
    "hole_11": 18.778536962310802,
    "hole_8": 13.888041944508768
  },
  "total_revenue": 600.0,
  "total_orders": 20,
  "successful_orders": 20,
  "failed_orders": 0,
  "total_rounds": 17,
  "active_runner_hours": 7.053245646389724
}