{
  "simulation_id": "delivery_dynamic_01",
  "runner_id": "runner_1",
  "revenue_per_round": 30.88235294117647,
  "orders_per_runner_hour": 2.1,
  "on_time_rate": 0.6190476190476191,
  "delivery_cycle_time_p90": 54.02478208040583,
  "delivery_cycle_time_avg": 29.459343145773236,
  "failed_rate": 0.0,
  "second_runner_break_even_orders": 12.5,
  "queue_wait_avg": 0.0,
  "runner_utilization_driving_pct": 13.238700010686747,
  "runner_utilization_waiting_pct": 26.51084869150711,
  "distance_per_delivery_avg": 759.7608866663245,
  "zone_service_times": {
    "hole_16": 13.158978069006631,
    "hole_17": 38.40969747823795,
    "hole_12": 19.710416786505085,
    "hole_1": 13.609646586759208,
    "hole_9": 36.28214977451965,
    "hole_10": 21.783992488916677,
    "hole_18": 11.948976046317208,
    "hole_8": 28.11075141029681,
    "hole_3": 25.773200585917706,
    "hole_11": 43.71627178035178,
    "hole_13": 57.69476475653173,
    "hole_7": 41.09955917429179,
    "hole_14": 21.706009596035194
  },
  "total_revenue": 525.0,
  "total_orders": 21,
  "successful_orders": 21,
  "failed_orders": 0,
  "total_rounds": 17,
  "active_runner_hours": 10.0
}