{
  "simulation_id": "delivery_dynamic_01",
  "runner_id": "runner_1",
  "revenue_per_round": 27.272727272727273,
  "orders_per_runner_hour": 1.2,
  "on_time_rate": 0.6666666666666666,
  "delivery_cycle_time_p90": 39.22045981169684,
  "delivery_cycle_time_avg": 22.224141958295043,
  "failed_rate": 0.0,
  "second_runner_break_even_orders": 12.5,
  "queue_wait_avg": 0.0,
  "runner_utilization_driving_pct": 10.70755849625271,
  "runner_utilization_waiting_pct": 17.92948200231569,
  "distance_per_delivery_avg": 1081.619856773564,
  "zone_service_times": {
    "hole_11": 13.063158887883583,
    "hole_15": 20.73020288553477,
    "hole_3": 24.256111021043097,
    "hole_5": 36.75391924857346,
    "hole_14": 16.452226489736557,
    "hole_16": 16.37174421360481,
    "hole_18": 12.438775974241373,
    "hole_17": 14.429807630366426
  },
  "total_revenue": 300.0,
  "total_orders": 12,
  "successful_orders": 12,
  "failed_orders": 0,
  "total_rounds": 11,
  "active_runner_hours": 10.0
}