{
  "simulation_id": "delivery_dynamic_01",
  "runner_id": "3_runners",
  "revenue_per_round": 48.0,
  "orders_per_runner_hour": 5.681174556648239,
  "on_time_rate": 0.925,
  "delivery_cycle_time_p90": 28.844850861814088,
  "delivery_cycle_time_avg": 18.78247676233119,
  "failed_rate": 0.0,
  "second_runner_break_even_orders": 7.040797567677461,
  "queue_wait_avg": 4.430392156862745,
  "runner_utilization_driving_pct": 100.0,
  "runner_utilization_prep_pct": 0.0,
  "runner_utilization_idle_pct": 0.0,
  "distance_per_delivery_avg": 1685.5921921432773,
  "zone_service_times": {
    "hole_6": 18.602425825546653,
    "hole_14": 16.29976411223415,
    "hole_-1": 25.589279720333767,
    "hole_17": 15.268443658243989,
    "hole_10": 11.538621056787694,
    "hole_11": 20.25126216697146,
    "hole_8": 16.6327303691884,
    "hole_7": 27.94389911588014,
    "hole_18": 21.703002511704593,
    "hole_15": 24.29705763323233,
    "hole_13": 23.006993187402983,
    "hole_16": 17.581755268463013,
    "hole_9": 12.812932614428368
  },
  "total_revenue": 1200.0,
  "total_orders": 40,
  "successful_orders": 40,
  "failed_orders": 0,
  "total_rounds": 25,
  "active_runner_hours": 7.040797567677461
}