{
  "simulation_id": "delivery_dynamic_04",
  "runner_id": "2_runners",
  "revenue_per_round": 37.5,
  "orders_per_runner_hour": 4.1322057428046195,
  "on_time_rate": 0.7333333333333333,
  "delivery_cycle_time_p90": 41.423714399186274,
  "delivery_cycle_time_avg": 22.280355672810728,
  "failed_rate": 0.0,
  "second_runner_break_even_orders": 7.260045086631705,
  "queue_wait_avg": 9.639333333333333,
  "runner_utilization_driving_pct": 75.43980079099086,
  "runner_utilization_prep_pct": 0.0,
  "runner_utilization_idle_pct": 24.56019920900914,
  "distance_per_delivery_avg": 1427.1861727310713,
  "zone_service_times": {
    "hole_6": 21.585319642528056,
    "hole_7": 16.57078212997682,
    "hole_10": 21.05274673166029,
    "hole_16": 22.037090249332202,
    "hole_-1": 21.201896839894836,
    "hole_15": 29.952356774487363,
    "hole_18": 29.619552506919497,
    "hole_9": 28.33072668644627,
    "hole_11": 42.195052538310485,
    "hole_4": 20.65183248535626,
    "hole_8": 13.955286283991153,
    "hole_14": 17.922660439529835,
    "hole_17": 13.830086150283265
  },
  "total_revenue": 900.0,
  "total_orders": 30,
  "successful_orders": 30,
  "failed_orders": 0,
  "total_rounds": 24,
  "active_runner_hours": 7.260045086631706
}