{
  "simulation_id": "delivery_dynamic_03",
  "runner_id": "runner_1",
  "revenue_per_round": 27.142857142857142,
  "orders_per_runner_hour": 2.58356940509915,
  "on_time_rate": 0.21052631578947367,
  "delivery_cycle_time_p90": 64.72390315939519,
  "delivery_cycle_time_avg": 45.954339945088265,
  "failed_rate": 0.26666666666666666,
  "second_runner_break_even_orders": 7.354166666666668,
  "queue_wait_avg": 34.98627450980392,
  "runner_utilization_driving_pct": 41.879742485797586,
  "runner_utilization_prep_pct": 0.0,
  "runner_utilization_idle_pct": 58.120257514202414,
  "distance_per_delivery_avg": 1562.6792741812353,
  "zone_service_times": {
    "hole_9": 12.302395827600428,
    "hole_18": 47.972083435527,
    "hole_12": 44.40301925599964,
    "hole_15": 52.14394635073082,
    "hole_13": 48.309841046585376,
    "hole_14": 61.41963326642432,
    "hole_16": 50.181274021419995,
    "hole_17": 43.60787589079009
  },
  "total_revenue": 570.0,
  "total_orders": 30,
  "successful_orders": 19,
  "failed_orders": 8,
  "total_rounds": 21,
  "active_runner_hours": 7.354166666666667
}