{
  "simulation_id": "delivery_dynamic_07",
  "runner_id": "3_runners",
  "revenue_per_round": 33.333333333333336,
  "orders_per_runner_hour": 2.826021205421576,
  "on_time_rate": 1.0,
  "delivery_cycle_time_p90": 14.895388284642138,
  "delivery_cycle_time_avg": 12.815998428289188,
  "failed_rate": 0.0,
  "second_runner_break_even_orders": 7.07708773084612,
  "queue_wait_avg": 0.045098039215686274,
  "runner_utilization_driving_pct": 26.16633227308901,
  "runner_utilization_prep_pct": 0.0,
  "runner_utilization_idle_pct": 73.83366772691099,
  "distance_per_delivery_avg": 1999.918868368216,
  "zone_service_times": {
    "hole_11": 11.79236511765436,
    "hole_16": 13.45247872338532,
    "hole_3": 13.360248111609042,
    "hole_18": 10.661668711778475,
    "hole_-1": 14.851604556276188,
    "hole_9": 11.376941216955977,
    "hole_4": 14.329005676643797,
    "hole_17": 12.18902994835777,
    "hole_2": 12.129249333318997,
    "hole_13": 12.973082636354956,
    "hole_7": 13.102957499132268,
    "hole_10": 11.120986144810134
  },
  "total_revenue": 600.0,
  "total_orders": 20,
  "successful_orders": 20,
  "failed_orders": 0,
  "total_rounds": 18,
  "active_runner_hours": 7.07708773084612
}