{
  "simulation_id": "delivery_dynamic_03",
  "runner_id": "2_runners",
  "revenue_per_round": 40.0,
  "orders_per_runner_hour": 2.7937781588905697,
  "on_time_rate": 1.0,
  "delivery_cycle_time_p90": 21.78872846709112,
  "delivery_cycle_time_avg": 14.415315764632815,
  "failed_rate": 0.0,
  "second_runner_break_even_orders": 7.158764534096776,
  "queue_wait_avg": 0.26916666666666667,
  "runner_utilization_driving_pct": 52.84212565028839,
  "runner_utilization_prep_pct": 0.0,
  "runner_utilization_idle_pct": 47.15787434971161,
  "distance_per_delivery_avg": 1393.106096916625,
  "zone_service_times": {
    "hole_7": 15.091692747641597,
    "hole_18": 12.031105508151965,
    "hole_12": 19.199463191997488,
    "hole_6": 18.25361863183192,
    "hole_15": 12.186944100718756,
    "hole_16": 11.908165841272785,
    "hole_11": 13.855780902548274,
    "hole_-1": 10.445206035516215,
    "hole_10": 12.395618246633695,
    "hole_9": 13.29788270238896,
    "hole_8": 13.594642394053517,
    "hole_5": 22.168348306983354
  },
  "total_revenue": 600.0,
  "total_orders": 20,
  "successful_orders": 20,
  "failed_orders": 0,
  "total_rounds": 15,
  "active_runner_hours": 7.158764534096776
}