{
  "variantKey": "front_mid_back",
  "blockedHoles": [
    1,
    2,
    3,
    4,
    5,
    6,
    10,
    11,
    12
  ],
  "deliveryMetrics": {
    "totalOrders": 50,
    "successfulDeliveries": 50,
    "failedDeliveries": 0,
    "avgOrderTime": 17.740347358584774,
    "onTimePercentage": 92.0,
    "revenue": 1500.0,
    "ordersPerRunnerHour": 5.0,
    "lateOrders": 4,
    "runnerUtilizationPct": 21.514986048978866,
    "totalRunnerDriveMinutes": 387.2697488816196,
    "totalRunnerShiftMinutes": 1800.0,
    "runnerUtilizationByRunner": {
      "runner_1": {
        "driveMinutes": 135.51724255839224,
        "utilizationPct": 22.586207093065376,
        "shiftMinutes": 600.0
      },
      "runner_3": {
        "driveMinutes": 129.33804322930283,
        "utilizationPct": 21.556340538217135,
        "shiftMinutes": 600.0
      },
      "runner_2": {
        "driveMinutes": 122.4144630939248,
        "utilizationPct": 20.402410515654132,
        "shiftMinutes": 600.0
      }
    }
  },
  "bevCartMetrics": null,
  "hasRunners": true,
  "hasBevCart": false
}