{
  "simulation_id": "delivery_dynamic_02",
  "runner_id": "3_runners",
  "revenue_per_round": 35.294117647058826,
  "orders_per_runner_hour": 2.9607562022765803,
  "on_time_rate": 1.0,
  "delivery_cycle_time_p90": 13.707159527180144,
  "delivery_cycle_time_avg": 12.408292684001806,
  "failed_rate": 0.0,
  "second_runner_break_even_orders": 6.755031023703212,
  "queue_wait_avg": 0.14509803921568626,
  "runner_utilization_driving_pct": 25.94205491405045,
  "runner_utilization_prep_pct": 0.0,
  "runner_utilization_idle_pct": 74.05794508594956,
  "distance_per_delivery_avg": 1645.170732481309,
  "zone_service_times": {
    "hole_16": 13.52709030979663,
    "hole_10": 11.002971418099635,
    "hole_13": 13.06958750137422,
    "hole_17": 11.861784212463832,
    "hole_18": 10.909489618965956,
    "hole_14": 14.258606551785396,
    "hole_9": 11.425373377248373,
    "hole_12": 12.22523745767307,
    "hole_8": 11.681153300022077,
    "hole_11": 11.647972826033099
  },
  "total_revenue": 600.0,
  "total_orders": 20,
  "successful_orders": 20,
  "failed_orders": 0,
  "total_rounds": 17,
  "active_runner_hours": 6.755031023703212
}