{
  "simulation_id": "delivery_dynamic_03",
  "runner_id": "2_runners",
  "revenue_per_round": 33.333333333333336,
  "orders_per_runner_hour": 2.806004752572427,
  "on_time_rate": 1.0,
  "delivery_cycle_time_p90": 16.927117110895757,
  "delivery_cycle_time_avg": 13.187507617519802,
  "failed_rate": 0.0,
  "second_runner_break_even_orders": 7.127571677013319,
  "queue_wait_avg": 0.14166666666666666,
  "runner_utilization_driving_pct": 42.98312906069335,
  "runner_utilization_prep_pct": 0.0,
  "runner_utilization_idle_pct": 57.01687093930665,
  "distance_per_delivery_avg": 1028.1625594866532,
  "zone_service_times": {
    "hole_11": 13.88589573725096,
    "hole_16": 13.088685498045036,
    "hole_-1": 10.903139072340917,
    "hole_14": 14.552157189093972,
    "hole_12": 17.54790080346323,
    "hole_8": 13.594642394053517,
    "hole_18": 12.884609289210978,
    "hole_10": 12.216407004113261
  },
  "total_revenue": 600.0,
  "total_orders": 20,
  "successful_orders": 20,
  "failed_orders": 0,
  "total_rounds": 18,
  "active_runner_hours": 7.12757167701332
}