{
  "simulation_id": "delivery_dynamic_02",
  "runner_id": "3_runners",
  "revenue_per_round": 27.77777777777778,
  "orders_per_runner_hour": 1.0,
  "on_time_rate": 1.0,
  "delivery_cycle_time_p90": 17.35993776741913,
  "delivery_cycle_time_avg": 15.485295265659476,
  "failed_rate": 0.0,
  "second_runner_break_even_orders": 12.5,
  "queue_wait_avg": 0.0,
  "runner_utilization_driving_pct": 8.111607254685193,
  "runner_utilization_waiting_pct": 13.385880318473795,
  "distance_per_delivery_avg": 1078.3561606976004,
  "zone_service_times": {
    "hole_8": 11.731571246524952,
    "hole_15": 14.315281910842774,
    "hole_12": 13.875463167807903,
    "hole_14": 15.222150965895798,
    "hole_11": 16.207830352567818,
    "hole_3": 17.357652865477757,
    "hole_2": 17.355367963536384
  },
  "total_revenue": 250.0,
  "total_orders": 10,
  "successful_orders": 10,
  "failed_orders": 0,
  "total_rounds": 9,
  "active_runner_hours": 10.0
}