{
  "simulation_id": "delivery_dynamic_04",
  "runner_id": "3_runners",
  "revenue_per_round": 37.5,
  "orders_per_runner_hour": 2.778812156173464,
  "on_time_rate": 1.0,
  "delivery_cycle_time_p90": 19.757728699071283,
  "delivery_cycle_time_avg": 14.840143982791894,
  "failed_rate": 0.0,
  "second_runner_break_even_orders": 7.197319889207915,
  "queue_wait_avg": 0.6011904761904763,
  "runner_utilization_driving_pct": 57.132272873881476,
  "runner_utilization_prep_pct": 0.0,
  "runner_utilization_idle_pct": 42.867727126118524,
  "distance_per_delivery_avg": 1484.888378218076,
  "zone_service_times": {
    "hole_6": 22.07244544085368,
    "hole_10": 12.029831904836364,
    "hole_-1": 10.389396839894834,
    "hole_12": 17.087599814248673,
    "hole_17": 14.31206113038,
    "hole_7": 15.662329418913668,
    "hole_14": 14.817854772596668,
    "hole_18": 11.44116516568077,
    "hole_9": 12.389898112997738,
    "hole_11": 15.704708148167022,
    "hole_15": 12.343955257236788
  },
  "total_revenue": 600.0,
  "total_orders": 20,
  "successful_orders": 20,
  "failed_orders": 0,
  "total_rounds": 16,
  "active_runner_hours": 7.197319889207914
}