{
  "simulation_id": "delivery_dynamic_08",
  "runner_id": "3_runners",
  "revenue_per_round": 42.857142857142854,
  "orders_per_runner_hour": 5.589192778056703,
  "on_time_rate": 0.975,
  "delivery_cycle_time_p90": 22.855322538971357,
  "delivery_cycle_time_avg": 16.06066672757066,
  "failed_rate": 0.0,
  "second_runner_break_even_orders": 7.156668518760151,
  "queue_wait_avg": 1.2308823529411765,
  "runner_utilization_driving_pct": 100.0,
  "runner_utilization_prep_pct": 0.0,
  "runner_utilization_idle_pct": 0.0,
  "distance_per_delivery_avg": 1684.84402046374,
  "zone_service_times": {
    "hole_14": 16.858638033732845,
    "hole_6": 18.123787557494285,
    "hole_9": 13.533267052786679,
    "hole_7": 15.665742047376165,
    "hole_18": 13.158265870820756,
    "hole_17": 14.424986712698834,
    "hole_4": 22.86450115959263,
    "hole_16": 13.628750760087112,
    "hole_5": 25.918922398611095,
    "hole_8": 14.65291283616395,
    "hole_15": 13.592108343442229,
    "hole_-1": 12.382305739007581,
    "hole_2": 24.202452553612662,
    "hole_10": 10.68915688752689,
    "hole_3": 21.013137086301747
  },
  "total_revenue": 1200.0,
  "total_orders": 40,
  "successful_orders": 40,
  "failed_orders": 0,
  "total_rounds": 28,
  "active_runner_hours": 7.156668518760151
}