{
  "simulation_id": "delivery_dynamic_09",
  "runner_id": "runner_1",
  "revenue_per_round": 11.818181818181818,
  "orders_per_runner_hour": 1.8516320474777448,
  "on_time_rate": 0.07692307692307693,
  "delivery_cycle_time_p90": 63.9494245241569,
  "delivery_cycle_time_avg": 50.78816854579462,
  "failed_rate": 0.58,
  "second_runner_break_even_orders": 7.020833333333332,
  "queue_wait_avg": 40.6375,
  "runner_utilization_driving_pct": 32.155094113346685,
  "runner_utilization_prep_pct": 0.0,
  "runner_utilization_idle_pct": 67.84490588665332,
  "distance_per_delivery_avg": 1100.9477083100642,
  "zone_service_times": {
    "hole_9": 11.711415567252425,
    "hole_10": 33.013692863710276,
    "hole_14": 56.994593505535036,
    "hole_-1": 56.385230173228166,
    "hole_11": 62.431910666936105,
    "hole_12": 54.05294463927491,
    "hole_13": 34.63023777523146,
    "hole_15": 63.70546961482226,
    "hole_17": 64.11206113038
  },
  "total_revenue": 390.0,
  "total_orders": 50,
  "successful_orders": 13,
  "failed_orders": 29,
  "total_rounds": 33,
  "active_runner_hours": 7.020833333333333
}