{
  "simulation_id": "delivery_dynamic_08",
  "runner_id": "3_runners",
  "revenue_per_round": 46.15384615384615,
  "orders_per_runner_hour": 2.753210479372404,
  "on_time_rate": 1.0,
  "delivery_cycle_time_p90": 17.695987087256295,
  "delivery_cycle_time_avg": 13.63792548978627,
  "failed_rate": 0.0,
  "second_runner_break_even_orders": 7.264246649445782,
  "queue_wait_avg": 0.04736842105263158,
  "runner_utilization_driving_pct": 44.34666812950326,
  "runner_utilization_prep_pct": 0.0,
  "runner_utilization_idle_pct": 55.65333187049674,
  "distance_per_delivery_avg": 1207.222964568186,
  "zone_service_times": {
    "hole_18": 12.154864128810077,
    "hole_-1": 10.414396839894835,
    "hole_15": 12.100105217845794,
    "hole_7": 15.981179487073526,
    "hole_14": 14.639102794269597,
    "hole_9": 11.871776480707648,
    "hole_2": 22.33976475683788,
    "hole_6": 17.83184002975516,
    "hole_8": 13.580179965614782
  },
  "total_revenue": 600.0,
  "total_orders": 20,
  "successful_orders": 20,
  "failed_orders": 0,
  "total_rounds": 13,
  "active_runner_hours": 7.264246649445781
}