{
  "simulation_id": "delivery_dynamic_01",
  "runner_id": "runner_1",
  "revenue_per_round": 17.586206896551722,
  "orders_per_runner_hour": 2.422323372254106,
  "on_time_rate": 0.29411764705882354,
  "delivery_cycle_time_p90": 57.96540543678967,
  "delivery_cycle_time_avg": 38.16925395011762,
  "failed_rate": 0.45,
  "second_runner_break_even_orders": 7.018055555555556,
  "queue_wait_avg": 23.677450980392155,
  "runner_utilization_driving_pct": 38.207273305159504,
  "runner_utilization_prep_pct": 0.0,
  "runner_utilization_idle_pct": 61.792726694840496,
  "distance_per_delivery_avg": 1509.2457978277598,
  "zone_service_times": {
    "hole_16": 17.47294068049156,
    "hole_14": 34.36873395911077,
    "hole_18": 33.17004219925243,
    "hole_13": 43.22803422076068,
    "hole_12": 58.90482790702248,
    "hole_15": 54.15157891855767,
    "hole_11": 20.39231263754021,
    "hole_17": 43.15519977633927,
    "hole_10": 19.574445735026288
  },
  "total_revenue": 510.0,
  "total_orders": 40,
  "successful_orders": 17,
  "failed_orders": 18,
  "total_rounds": 29,
  "active_runner_hours": 7.018055555555556
}