{
  "simulation_id": "delivery_dynamic_07",
  "runner_id": "3_runners",
  "revenue_per_round": 35.294117647058826,
  "orders_per_runner_hour": 2.8648196011797933,
  "on_time_rate": 1.0,
  "delivery_cycle_time_p90": 22.52464761361913,
  "delivery_cycle_time_avg": 15.259120893054991,
  "failed_rate": 0.0,
  "second_runner_break_even_orders": 6.981242376226265,
  "queue_wait_avg": 0.03888888888888889,
  "runner_utilization_driving_pct": 53.392288345167614,
  "runner_utilization_prep_pct": 0.0,
  "runner_utilization_idle_pct": 46.607711654832386,
  "distance_per_delivery_avg": 1757.2646200664776,
  "zone_service_times": {
    "hole_11": 16.698052365308893,
    "hole_18": 12.328181374905686,
    "hole_10": 12.17772585866466,
    "hole_16": 11.796326926602948,
    "hole_2": 22.69545408232601,
    "hole_12": 16.995375487374947,
    "hole_-1": 10.364396839894834,
    "hole_14": 14.756015895264015,
    "hole_4": 22.5451901532615,
    "hole_17": 14.234642161329976,
    "hole_13": 15.866803451735176
  },
  "total_revenue": 600.0,
  "total_orders": 20,
  "successful_orders": 20,
  "failed_orders": 0,
  "total_rounds": 17,
  "active_runner_hours": 6.981242376226265
}