{
  "simulation_id": "delivery_dynamic_10",
  "runner_id": "3_runners",
  "revenue_per_round": 39.130434782608695,
  "orders_per_runner_hour": 4.097816899918415,
  "on_time_rate": 1.0,
  "delivery_cycle_time_p90": 18.609862179777238,
  "delivery_cycle_time_avg": 14.260341380452536,
  "failed_rate": 0.0,
  "second_runner_break_even_orders": 7.320971320265012,
  "queue_wait_avg": 0.268,
  "runner_utilization_driving_pct": 60.63592862202102,
  "runner_utilization_prep_pct": 0.0,
  "runner_utilization_idle_pct": 39.36407137797898,
  "distance_per_delivery_avg": 1356.4347038320518,
  "zone_service_times": {
    "hole_2": 15.709849230964604,
    "hole_17": 15.371761401554346,
    "hole_1": 12.54405148127102,
    "hole_9": 11.943079321831505,
    "hole_10": 12.66356195942044,
    "hole_18": 12.012361857716783,
    "hole_15": 18.44563913275912,
    "hole_16": 18.623903159395194,
    "hole_8": 14.42824245498252,
    "hole_11": 13.871734775926052,
    "hole_4": 20.1730461892952
  },
  "total_revenue": 900.0,
  "total_orders": 30,
  "successful_orders": 30,
  "failed_orders": 0,
  "total_rounds": 23,
  "active_runner_hours": 7.320971320265012
}