{
  "variantKey": "mid_back",
  "blockedHoles": [
    4,
    5,
    6,
    10,
    11,
    12
  ],
  "deliveryMetrics": {
    "totalOrders": 30,
    "successfulDeliveries": 30,
    "failedDeliveries": 0,
    "avgOrderTime": 14.260341380452536,
    "onTimePercentage": 100.0,
    "revenue": 900.0,
    "ordersPerRunnerHour": 3.0,
    "lateOrders": 0,
    "runnerUtilizationPct": 14.797129813981739,
    "totalRunnerDriveMinutes": 266.3483366516713,
    "totalRunnerShiftMinutes": 1800.0,
    "runnerUtilizationByRunner": {
      "runner_1": {
        "driveMinutes": 124.01174347791229,
        "utilizationPct": 20.66862391298538,
        "shiftMinutes": 600.0
      },
      "runner_2": {
        "driveMinutes": 80.29700020961532,
        "utilizationPct": 13.382833368269221,
        "shiftMinutes": 600.0
      },
      "runner_3": {
        "driveMinutes": 62.03959296414374,
        "utilizationPct": 10.339932160690623,
        "shiftMinutes": 600.0
      }
    }
  },
  "bevCartMetrics": null,
  "hasRunners": true,
  "hasBevCart": false
}