{
  "simulation_id": "delivery_dynamic_10",
  "runner_id": "3_runners",
  "revenue_per_round": 39.130434782608695,
  "orders_per_runner_hour": 4.098996687279265,
  "on_time_rate": 1.0,
  "delivery_cycle_time_p90": 16.630268325365492,
  "delivery_cycle_time_avg": 14.78518826852891,
  "failed_rate": 0.0,
  "second_runner_break_even_orders": 7.31886417305516,
  "queue_wait_avg": 0.476,
  "runner_utilization_driving_pct": 74.44090949190395,
  "runner_utilization_prep_pct": 0.0,
  "runner_utilization_idle_pct": 25.559090508096048,
  "distance_per_delivery_avg": 1474.5432582257154,
  "zone_service_times": {
    "hole_17": 17.318394690711873,
    "hole_18": 11.800024735019582,
    "hole_14": 16.634217363386778,
    "hole_15": 16.467393244300485,
    "hole_12": 14.830830354194232,
    "hole_11": 13.338281001882432,
    "hole_9": 12.780578509253367,
    "hole_10": 10.940149995526006,
    "hole_13": 16.630549512241608
  },
  "total_revenue": 900.0,
  "total_orders": 30,
  "successful_orders": 30,
  "failed_orders": 0,
  "total_rounds": 23,
  "active_runner_hours": 7.31886417305516
}