{
  "simulation_id": "delivery_dynamic_05",
  "runner_id": "3_runners",
  "revenue_per_round": 40.0,
  "orders_per_runner_hour": 5.548918172009171,
  "on_time_rate": 0.9,
  "delivery_cycle_time_p90": 30.379155993252862,
  "delivery_cycle_time_avg": 19.395657187502575,
  "failed_rate": 0.0,
  "second_runner_break_even_orders": 7.208612338486993,
  "queue_wait_avg": 5.010648148148148,
  "runner_utilization_driving_pct": 100.0,
  "runner_utilization_prep_pct": 0.0,
  "runner_utilization_idle_pct": 0.0,
  "distance_per_delivery_avg": 1641.7208150008653,
  "zone_service_times": {
    "hole_10": 14.744941867786565,
    "hole_9": 11.381387458735935,
    "hole_4": 20.34724464563351,
    "hole_15": 13.795309459134636,
    "hole_13": 16.446904441898067,
    "hole_-1": 26.55884128433928,
    "hole_7": 15.194336918131194,
    "hole_2": 22.716941449670717,
    "hole_5": 31.344670427911844,
    "hole_12": 20.682495013060148,
    "hole_18": 28.836794793094732,
    "hole_3": 34.37146966173911,
    "hole_14": 18.76340778488575,
    "hole_17": 23.024346027864645,
    "hole_11": 15.328536962310803,
    "hole_8": 13.76663096199233,
    "hole_16": 13.486186905394788
  },
  "total_revenue": 1200.0,
  "total_orders": 40,
  "successful_orders": 40,
  "failed_orders": 0,
  "total_rounds": 30,
  "active_runner_hours": 7.208612338486993
}