{
  "simulation_id": "delivery_dynamic_05",
  "runner_id": "runner_1",
  "revenue_per_round": 14.482758620689655,
  "orders_per_runner_hour": 1.9152574577237318,
  "on_time_rate": 0.14285714285714285,
  "delivery_cycle_time_p90": 66.04511036017286,
  "delivery_cycle_time_avg": 50.71463064436241,
  "failed_rate": 0.525,
  "second_runner_break_even_orders": 7.309722222222222,
  "queue_wait_avg": 35.95357142857143,
  "runner_utilization_driving_pct": 37.998440970033904,
  "runner_utilization_prep_pct": 0.0,
  "runner_utilization_idle_pct": 62.001559029966096,
  "distance_per_delivery_avg": 1599.715896505769,
  "zone_service_times": {
    "hole_6": 49.93207731046198,
    "hole_15": 19.9799330016395,
    "hole_11": 34.465436401161604,
    "hole_10": 55.67613243504645,
    "hole_-1": 57.472730173228165,
    "hole_5": 41.69337540833937,
    "hole_12": 62.52036901010409,
    "hole_17": 53.46206113038
  },
  "total_revenue": 420.0,
  "total_orders": 40,
  "successful_orders": 14,
  "failed_orders": 21,
  "total_rounds": 29,
  "active_runner_hours": 7.309722222222222
}