{
  "variantKey": "none",
  "blockedHoles": [],
  "deliveryMetrics": {
    "totalOrders": 30,
    "successfulDeliveries": 30,
    "failedDeliveries": 0,
    "avgOrderTime": 19.599075434767027,
    "onTimePercentage": 86.66666666666667,
    "revenue": 900.0,
    "ordersPerRunnerHour": 3.0,
    "lateOrders": 4,
    "runnerUtilizationPct": 18.19462307910906,
    "totalRunnerDriveMinutes": 327.50321542396307,
    "totalRunnerShiftMinutes": 1800.0,
    "runnerUtilizationByRunner": {
      "runner_1": {
        "driveMinutes": 143.88493342905844,
        "utilizationPct": 23.980822238176405,
        "shiftMinutes": 600.0
      },
      "runner_2": {
        "driveMinutes": 105.94076962177125,
        "utilizationPct": 17.656794936961877,
        "shiftMinutes": 600.0
      },
      "runner_3": {
        "driveMinutes": 77.67751237313342,
        "utilizationPct": 12.946252062188904,
        "shiftMinutes": 600.0
      }
    }
  },
  "bevCartMetrics": null,
  "hasRunners": true,
  "hasBevCart": false
}