{
  "variantKey": "back",
  "blockedHoles": [
    10,
    11,
    12
  ],
  "deliveryMetrics": {
    "totalOrders": 40,
    "successfulDeliveries": 40,
    "failedDeliveries": 0,
    "avgOrderTime": 23.36728495511762,
    "onTimePercentage": 75.0,
    "revenue": 1200.0,
    "ordersPerRunnerHour": 4.0,
    "lateOrders": 10,
    "runnerUtilizationPct": 28.521612069573543,
    "totalRunnerDriveMinutes": 513.3890172523238,
    "totalRunnerShiftMinutes": 1800.0,
    "runnerUtilizationByRunner": {
      "runner_1": {
        "driveMinutes": 165.46598442386522,
        "utilizationPct": 27.577664070644204,
        "shiftMinutes": 600.0
      },
      "runner_3": {
        "driveMinutes": 172.5410207366406,
        "utilizationPct": 28.7568367894401,
        "shiftMinutes": 600.0
      },
      "runner_2": {
        "driveMinutes": 175.38201209181796,
        "utilizationPct": 29.230335348636327,
        "shiftMinutes": 600.0
      }
    }
  },
  "bevCartMetrics": null,
  "hasRunners": true,
  "hasBevCart": false
}