{
  "simulation_id": "delivery_dynamic_08",
  "runner_id": "3_runners",
  "revenue_per_round": 45.45454545454545,
  "orders_per_runner_hour": 6.98997057046986,
  "on_time_rate": 0.8,
  "delivery_cycle_time_p90": 40.07655980096861,
  "delivery_cycle_time_avg": 21.474344431315952,
  "failed_rate": 0.0,
  "second_runner_break_even_orders": 7.1531059388479,
  "queue_wait_avg": 8.235869565217392,
  "runner_utilization_driving_pct": 100.0,
  "runner_utilization_prep_pct": 0.0,
  "runner_utilization_idle_pct": 0.0,
  "distance_per_delivery_avg": 1309.507728922161,
  "zone_service_times": {
    "hole_12": 14.746561472339726,
    "hole_15": 17.988977894549922,
    "hole_9": 15.070405009628796,
    "hole_18": 23.14660843857802,
    "hole_11": 16.957023706733132,
    "hole_4": 24.75365011701612,
    "hole_17": 23.69050872690591,
    "hole_13": 31.626015951513242,
    "hole_14": 23.614732904557133,
    "hole_8": 14.18807009155468,
    "hole_10": 21.366572209503587,
    "hole_16": 17.071015768239644,
    "hole_2": 17.498823027918903
  },
  "total_revenue": 1500.0,
  "total_orders": 50,
  "successful_orders": 50,
  "failed_orders": 0,
  "total_rounds": 33,
  "active_runner_hours": 7.1531059388479
}