{
  "simulation_id": "delivery_dynamic_01",
  "runner_id": "runner_1",
  "revenue_per_round": 14.117647058823529,
  "orders_per_runner_hour": 2.2408091810931725,
  "on_time_rate": 0.25,
  "delivery_cycle_time_p90": 65.1252008397011,
  "delivery_cycle_time_avg": 42.63790754519245,
  "failed_rate": 0.54,
  "second_runner_break_even_orders": 7.1402777777777775,
  "queue_wait_avg": 29.039583333333333,
  "runner_utilization_driving_pct": 27.332502683576433,
  "runner_utilization_prep_pct": 0.0,
  "runner_utilization_idle_pct": 72.66749731642356,
  "distance_per_delivery_avg": 1209.0369351846641,
  "zone_service_times": {
    "hole_17": 15.129718561544966,
    "hole_18": 42.662187381140136,
    "hole_16": 30.936720001550565,
    "hole_11": 46.526373219765325,
    "hole_15": 65.67586969456688,
    "hole_12": 55.12610929019787,
    "hole_10": 11.442994423481165,
    "hole_14": 50.39536678828445
  },
  "total_revenue": 480.0,
  "total_orders": 50,
  "successful_orders": 16,
  "failed_orders": 27,
  "total_rounds": 34,
  "active_runner_hours": 7.1402777777777775
}