{
  "simulation_id": "delivery_dynamic_02",
  "runner_id": "3_runners",
  "revenue_per_round": 40.0,
  "orders_per_runner_hour": 2.934459590958913,
  "on_time_rate": 1.0,
  "delivery_cycle_time_p90": 13.89017934257121,
  "delivery_cycle_time_avg": 11.969241246593722,
  "failed_rate": 0.0,
  "second_runner_break_even_orders": 6.815564972037822,
  "queue_wait_avg": 0.03611111111111111,
  "runner_utilization_driving_pct": 23.057609279708664,
  "runner_utilization_prep_pct": 0.0,
  "runner_utilization_idle_pct": 76.94239072029134,
  "distance_per_delivery_avg": 1394.4536975474837,
  "zone_service_times": {
    "hole_9": 11.263032950796227,
    "hole_12": 11.915497716443618,
    "hole_15": 13.275843380949603,
    "hole_10": 10.55029689856777,
    "hole_4": 13.988925610163065,
    "hole_8": 11.628481960382244,
    "hole_16": 13.538483428673862,
    "hole_17": 11.871453193479828,
    "hole_2": 12.516251162502158,
    "hole_-1": 12.983619443766413,
    "hole_18": 10.584559078339332
  },
  "total_revenue": 600.0,
  "total_orders": 20,
  "successful_orders": 20,
  "failed_orders": 0,
  "total_rounds": 15,
  "active_runner_hours": 6.815564972037822
}