{
  "simulation_id": "delivery_dynamic_06",
  "runner_id": "2_runners",
  "revenue_per_round": 39.130434782608695,
  "orders_per_runner_hour": 4.056154225773729,
  "on_time_rate": 0.6666666666666666,
  "delivery_cycle_time_p90": 39.06469107977495,
  "delivery_cycle_time_avg": 24.193713861934267,
  "failed_rate": 0.0,
  "second_runner_break_even_orders": 7.396168471448437,
  "queue_wait_avg": 10.021153846153846,
  "runner_utilization_driving_pct": 87.13745699982944,
  "runner_utilization_prep_pct": 0.0,
  "runner_utilization_idle_pct": 12.862543000170561,
  "distance_per_delivery_avg": 1850.9278576099136,
  "zone_service_times": {
    "hole_5": 26.44051731192318,
    "hole_9": 24.14698189347815,
    "hole_7": 22.601967397228247,
    "hole_3": 21.46399785219625,
    "hole_15": 25.461551376338775,
    "hole_6": 19.95387070056693,
    "hole_4": 39.774156637646655,
    "hole_16": 25.640242291919577,
    "hole_-1": 35.3676218956651,
    "hole_18": 28.470127879408572,
    "hole_10": 15.387370954025876,
    "hole_8": 19.783818894670752
  },
  "total_revenue": 900.0,
  "total_orders": 30,
  "successful_orders": 30,
  "failed_orders": 0,
  "total_rounds": 23,
  "active_runner_hours": 7.396168471448438
}