{
  "simulation_id": "delivery_dynamic_01",
  "runner_id": "runner_1",
  "revenue_per_round": 25.0,
  "orders_per_runner_hour": 2.5624270998993044,
  "on_time_rate": 0.4782608695652174,
  "delivery_cycle_time_p90": 58.466106741923184,
  "delivery_cycle_time_avg": 35.16172480951629,
  "failed_rate": 0.17857142857142858,
  "second_runner_break_even_orders": 11.219831386083056,
  "queue_wait_avg": 27.21078431372549,
  "runner_utilization_driving_pct": 40.68388423225083,
  "runner_utilization_prep_pct": 0.0,
  "runner_utilization_idle_pct": 59.31611576774917,
  "distance_per_delivery_avg": 1623.8889596100062,
  "zone_service_times": {
    "hole_13": 17.442009206201387,
    "hole_14": 47.11695813325423,
    "hole_17": 53.226847399800064,
    "hole_9": 59.17858932976005,
    "hole_6": 67.37802286241943,
    "hole_18": 39.42559242849032,
    "hole_12": 24.840143999419524,
    "hole_4": 26.75590085947873,
    "hole_10": 17.52492243518985,
    "hole_16": 18.01500769284911,
    "hole_15": 57.39738286016788,
    "hole_11": 29.89082705405381
  },
  "total_revenue": 575.0,
  "total_orders": 28,
  "successful_orders": 23,
  "failed_orders": 5,
  "total_rounds": 23,
  "active_runner_hours": 8.975865108866445
}