{
  "simulation_id": "delivery_dynamic_09",
  "runner_id": "2_runners",
  "revenue_per_round": 40.0,
  "orders_per_runner_hour": 2.758737310439091,
  "on_time_rate": 0.95,
  "delivery_cycle_time_p90": 22.866499799452235,
  "delivery_cycle_time_avg": 17.45811250482489,
  "failed_rate": 0.0,
  "second_runner_break_even_orders": 7.249693518958761,
  "queue_wait_avg": 2.4675925925925926,
  "runner_utilization_driving_pct": 53.638362180670015,
  "runner_utilization_prep_pct": 0.0,
  "runner_utilization_idle_pct": 46.361637819329985,
  "distance_per_delivery_avg": 1759.7258016211626,
  "zone_service_times": {
    "hole_7": 26.13203714726005,
    "hole_11": 13.665436401161605,
    "hole_14": 18.31236188630058,
    "hole_6": 18.902580484570265,
    "hole_18": 14.234456184407524,
    "hole_5": 20.825510143165108,
    "hole_-1": 12.30876670797085,
    "hole_4": 21.141399357435603,
    "hole_10": 22.97771584410584,
    "hole_15": 12.393955257236849,
    "hole_13": 15.833470118401904,
    "hole_17": 14.4916533793655,
    "hole_9": 12.676849232763683
  },
  "total_revenue": 600.0,
  "total_orders": 20,
  "successful_orders": 20,
  "failed_orders": 0,
  "total_rounds": 15,
  "active_runner_hours": 7.249693518958761
}