{
  "simulation_id": "delivery_dynamic_05",
  "runner_id": "3_runners",
  "revenue_per_round": 40.0,
  "orders_per_runner_hour": 5.586466298910244,
  "on_time_rate": 0.925,
  "delivery_cycle_time_p90": 29.314838104675648,
  "delivery_cycle_time_avg": 18.49836922420822,
  "failed_rate": 0.0,
  "second_runner_break_even_orders": 7.160161336299984,
  "queue_wait_avg": 5.723333333333334,
  "runner_utilization_driving_pct": 93.46224788046257,
  "runner_utilization_prep_pct": 0.0,
  "runner_utilization_idle_pct": 6.53775211953743,
  "distance_per_delivery_avg": 1172.7920593339595,
  "zone_service_times": {
    "hole_18": 21.06658805817354,
    "hole_14": 14.739349228597348,
    "hole_4": 22.642207538109872,
    "hole_8": 24.43420401995473,
    "hole_9": 22.459168706402487,
    "hole_-1": 13.443901769347212,
    "hole_17": 14.219600220009589,
    "hole_6": 22.321376912773502,
    "hole_10": 14.938559615222099,
    "hole_15": 20.970413744452706,
    "hole_7": 22.797223748920775,
    "hole_16": 13.026112552893998
  },
  "total_revenue": 1200.0,
  "total_orders": 40,
  "successful_orders": 40,
  "failed_orders": 0,
  "total_rounds": 30,
  "active_runner_hours": 7.160161336299985
}