{
  "simulation_id": "delivery_dynamic_01",
  "runner_id": "runner_1",
  "revenue_per_round": 27.941176470588236,
  "orders_per_runner_hour": 1.9,
  "on_time_rate": 0.631578947368421,
  "delivery_cycle_time_p90": 52.29298444243384,
  "delivery_cycle_time_avg": 26.720215964519728,
  "failed_rate": 0.0,
  "second_runner_break_even_orders": 12.5,
  "queue_wait_avg": 0.0,
  "runner_utilization_driving_pct": 14.310985511912092,
  "runner_utilization_waiting_pct": 27.16279055848501,
  "distance_per_delivery_avg": 932.1432615190995,
  "zone_service_times": {
    "hole_18": 10.839393715704244,
    "hole_8": 29.094891150585255,
    "hole_16": 23.024260329034767,
    "hole_11": 37.618176428162386,
    "hole_5": 23.856154661120552,
    "hole_2": 20.43491819057114,
    "hole_14": 22.87174421360481,
    "hole_12": 16.403324636666124,
    "hole_15": 20.37584049879242,
    "hole_6": 44.28344978769122,
    "hole_4": 57.37539909629159,
    "hole_10": 23.454163964667565
  },
  "total_revenue": 475.0,
  "total_orders": 19,
  "successful_orders": 19,
  "failed_orders": 0,
  "total_rounds": 17,
  "active_runner_hours": 10.0
}