{
  "simulation_id": "delivery_dynamic_02",
  "runner_id": "runner_1",
  "revenue_per_round": 15.217391304347826,
  "orders_per_runner_hour": 1.4,
  "on_time_rate": 0.2857142857142857,
  "delivery_cycle_time_p90": 54.42385481399551,
  "delivery_cycle_time_avg": 35.43167677190324,
  "failed_rate": 0.4230769230769231,
  "second_runner_break_even_orders": 12.5,
  "queue_wait_avg": 0.0,
  "runner_utilization_driving_pct": 21.61566448410289,
  "runner_utilization_waiting_pct": 31.605398746203296,
  "distance_per_delivery_avg": 1078.6510636208245,
  "zone_service_times": {
    "hole_16": 11.879180163771888,
    "hole_15": 14.462890828089712,
    "hole_9": 12.971649497223796,
    "hole_4": 24.628126054697894,
    "hole_14": 35.89941793829154,
    "hole_2": 44.96781980050043,
    "hole_11": 33.121747971884425,
    "hole_13": 42.36230426918583,
    "hole_3": 44.84505141485045,
    "hole_5": 56.002658213140606,
    "hole_10": 38.60282578204994,
    "hole_7": 49.0924471889226
  },
  "total_revenue": 350.0,
  "total_orders": 26,
  "successful_orders": 14,
  "failed_orders": 11,
  "total_rounds": 23,
  "active_runner_hours": 10.0
}