{
  "simulation_id": "delivery_dynamic_09",
  "runner_id": "3_runners",
  "revenue_per_round": 50.0,
  "orders_per_runner_hour": 4.183374691021818,
  "on_time_rate": 0.9666666666666667,
  "delivery_cycle_time_p90": 20.83369159754835,
  "delivery_cycle_time_avg": 15.005288118478672,
  "failed_rate": 0.0,
  "second_runner_break_even_orders": 7.1712438439675825,
  "queue_wait_avg": 1.4333333333333333,
  "runner_utilization_driving_pct": 86.27636485807594,
  "runner_utilization_prep_pct": 0.0,
  "runner_utilization_idle_pct": 13.723635141924063,
  "distance_per_delivery_avg": 1264.390141142169,
  "zone_service_times": {
    "hole_9": 14.80562296129224,
    "hole_6": 17.533436734160933,
    "hole_-1": 15.462445552885077,
    "hole_11": 15.737554985835827,
    "hole_13": 15.684792636443337,
    "hole_5": 21.200386582369173,
    "hole_15": 14.019799222919412,
    "hole_12": 17.000864748512505,
    "hole_10": 11.895189237140464,
    "hole_7": 14.385975315159278,
    "hole_18": 12.246450259383952
  },
  "total_revenue": 900.0,
  "total_orders": 30,
  "successful_orders": 30,
  "failed_orders": 0,
  "total_rounds": 18,
  "active_runner_hours": 7.1712438439675825
}