{
  "simulation_id": "delivery_dynamic_06",
  "runner_id": "2_runners",
  "revenue_per_round": 40.714285714285715,
  "orders_per_runner_hour": 5.30267224112477,
  "on_time_rate": 0.631578947368421,
  "delivery_cycle_time_p90": 49.39997122951995,
  "delivery_cycle_time_avg": 27.506106264898836,
  "failed_rate": 0.025,
  "second_runner_break_even_orders": 7.166198149169348,
  "queue_wait_avg": 15.306018518518519,
  "runner_utilization_driving_pct": 68.92502420703552,
  "runner_utilization_prep_pct": 0.0,
  "runner_utilization_idle_pct": 31.07497579296448,
  "distance_per_delivery_avg": 1009.9043365849585,
  "zone_service_times": {
    "hole_16": 19.680311557698936,
    "hole_18": 33.98083647156568,
    "hole_17": 19.80415473206441,
    "hole_15": 18.33253089073575,
    "hole_12": 38.43883876782735,
    "hole_10": 21.998566777909176,
    "hole_11": 20.585305394326014
  },
  "total_revenue": 1140.0,
  "total_orders": 40,
  "successful_orders": 38,
  "failed_orders": 1,
  "total_rounds": 28,
  "active_runner_hours": 7.166198149169347
}