{
  "simulation_id": "delivery_dynamic_04",
  "runner_id": "runner_1",
  "revenue_per_round": 17.307692307692307,
  "orders_per_runner_hour": 2.1007586072748494,
  "on_time_rate": 0.2,
  "delivery_cycle_time_p90": 61.600165544146066,
  "delivery_cycle_time_avg": 44.00300900575962,
  "failed_rate": 0.5,
  "second_runner_break_even_orders": 7.1402777777777775,
  "queue_wait_avg": 29.00111111111111,
  "runner_utilization_driving_pct": 38.90958220262075,
  "runner_utilization_prep_pct": 0.0,
  "runner_utilization_idle_pct": 61.09041779737925,
  "distance_per_delivery_avg": 1680.6376926019018,
  "zone_service_times": {
    "hole_10": 11.945881612315224,
    "hole_4": 27.85776715551462,
    "hole_9": 23.61100787759418,
    "hole_18": 49.04744695614904,
    "hole_6": 49.62655041421549,
    "hole_8": 64.8189750312209,
    "hole_-1": 49.071766017818,
    "hole_11": 46.27564597087355,
    "hole_12": 49.10574601009163,
    "hole_16": 30.75338666821723,
    "hole_17": 55.104758522935484
  },
  "total_revenue": 450.0,
  "total_orders": 40,
  "successful_orders": 15,
  "failed_orders": 20,
  "total_rounds": 26,
  "active_runner_hours": 7.1402777777777775
}