{
  "variantKey": "back",
  "blockedHoles": [
    10,
    11,
    12
  ],
  "deliveryMetrics": {
    "totalOrders": 30,
    "successfulDeliveries": 30,
    "failedDeliveries": 0,
    "avgOrderTime": 18.3547144338516,
    "onTimePercentage": 93.33333333333333,
    "revenue": 900.0,
    "ordersPerRunnerHour": 3.0,
    "lateOrders": 2,
    "runnerUtilizationPct": 23.527301834197115,
    "totalRunnerDriveMinutes": 423.49143301554807,
    "totalRunnerShiftMinutes": 1800.0,
    "runnerUtilizationByRunner": {
      "runner_2": {
        "driveMinutes": 162.20234140373992,
        "utilizationPct": 27.033723567289986,
        "shiftMinutes": 600.0
      },
      "runner_1": {
        "driveMinutes": 161.7285477681602,
        "utilizationPct": 26.954757961360038,
        "shiftMinutes": 600.0
      },
      "runner_3": {
        "driveMinutes": 99.560543843648,
        "utilizationPct": 16.593423973941334,
        "shiftMinutes": 600.0
      }
    }
  },
  "bevCartMetrics": null,
  "hasRunners": true,
  "hasBevCart": false
}