{
  "simulation_id": "delivery_dynamic_04",
  "runner_id": "2_runners",
  "revenue_per_round": 37.5,
  "orders_per_runner_hour": 4.094605506731298,
  "on_time_rate": 0.9333333333333333,
  "delivery_cycle_time_p90": 29.523457336018964,
  "delivery_cycle_time_avg": 18.94601116646575,
  "failed_rate": 0.0,
  "second_runner_break_even_orders": 7.32671314750144,
  "queue_wait_avg": 5.156547619047619,
  "runner_utilization_driving_pct": 65.57799978941075,
  "runner_utilization_prep_pct": 0.0,
  "runner_utilization_idle_pct": 34.422000210589246,
  "distance_per_delivery_avg": 1388.7664185991603,
  "zone_service_times": {
    "hole_9": 15.802877170646799,
    "hole_18": 19.078005773882058,
    "hole_17": 16.412171890072994,
    "hole_16": 22.332681402874588,
    "hole_8": 32.03580469052352,
    "hole_12": 22.98839388749184,
    "hole_15": 22.099217421515064,
    "hole_10": 11.71558307303791,
    "hole_11": 24.060904235553366,
    "hole_6": 19.46823255376039
  },
  "total_revenue": 900.0,
  "total_orders": 30,
  "successful_orders": 30,
  "failed_orders": 0,
  "total_rounds": 24,
  "active_runner_hours": 7.32671314750144
}