{
  "simulation_id": "delivery_dynamic_02",
  "runner_id": "3_runners",
  "revenue_per_round": 46.15384615384615,
  "orders_per_runner_hour": 5.513291664278013,
  "on_time_rate": 0.8,
  "delivery_cycle_time_p90": 40.187612890295334,
  "delivery_cycle_time_avg": 21.19423667372353,
  "failed_rate": 0.0,
  "second_runner_break_even_orders": 7.255193890642489,
  "queue_wait_avg": 6.731578947368421,
  "runner_utilization_driving_pct": 100.0,
  "runner_utilization_prep_pct": 0.0,
  "runner_utilization_idle_pct": 0.0,
  "distance_per_delivery_avg": 1612.5435223711047,
  "zone_service_times": {
    "hole_18": 14.156164612585554,
    "hole_-1": 26.406521130775022,
    "hole_10": 13.312258688832339,
    "hole_6": 32.01447795972769,
    "hole_3": 21.179017430499638,
    "hole_8": 22.232767393057276,
    "hole_17": 20.446053714933576,
    "hole_9": 16.960315484459855,
    "hole_12": 22.36883982125546,
    "hole_11": 35.48764910388782,
    "hole_4": 18.331787901403125,
    "hole_2": 15.341257402072006,
    "hole_15": 18.466826696548985
  },
  "total_revenue": 1200.0,
  "total_orders": 40,
  "successful_orders": 40,
  "failed_orders": 0,
  "total_rounds": 26,
  "active_runner_hours": 7.255193890642489
}