{
  "variantKey": "back",
  "blockedHoles": [
    10,
    11,
    12
  ],
  "deliveryMetrics": {
    "totalOrders": 40,
    "successfulDeliveries": 40,
    "failedDeliveries": 0,
    "avgOrderTime": 21.19423667372353,
    "onTimePercentage": 80.0,
    "revenue": 1200.0,
    "ordersPerRunnerHour": 4.0,
    "lateOrders": 8,
    "runnerUtilizationPct": 25.876610597692494,
    "totalRunnerDriveMinutes": 465.77899075846494,
    "totalRunnerShiftMinutes": 1800.0,
    "runnerUtilizationByRunner": {
      "runner_2": {
        "driveMinutes": 139.57331599416526,
        "utilizationPct": 23.262219332360875,
        "shiftMinutes": 600.0
      },
      "runner_1": {
        "driveMinutes": 187.0785092002851,
        "utilizationPct": 31.179751533380852,
        "shiftMinutes": 600.0
      },
      "runner_3": {
        "driveMinutes": 139.12716556401458,
        "utilizationPct": 23.187860927335763,
        "shiftMinutes": 600.0
      }
    }
  },
  "bevCartMetrics": null,
  "hasRunners": true,
  "hasBevCart": false
}