{
  "variantKey": "front",
  "blockedHoles": [
    1,
    2,
    3
  ],
  "deliveryMetrics": {
    "totalOrders": 30,
    "successfulDeliveries": 30,
    "failedDeliveries": 0,
    "avgOrderTime": 17.624397443216097,
    "onTimePercentage": 93.33333333333333,
    "revenue": 900.0,
    "ordersPerRunnerHour": 3.0,
    "lateOrders": 2,
    "runnerUtilizationPct": 21.61500102969878,
    "totalRunnerDriveMinutes": 389.0700185345781,
    "totalRunnerShiftMinutes": 1800.0,
    "runnerUtilizationByRunner": {
      "runner_1": {
        "driveMinutes": 164.73005538440884,
        "utilizationPct": 27.455009230734806,
        "shiftMinutes": 600.0
      },
      "runner_2": {
        "driveMinutes": 126.8978115615505,
        "utilizationPct": 21.149635260258417,
        "shiftMinutes": 600.0
      },
      "runner_3": {
        "driveMinutes": 97.4421515886188,
        "utilizationPct": 16.240358598103132,
        "shiftMinutes": 600.0
      }
    }
  },
  "bevCartMetrics": null,
  "hasRunners": true,
  "hasBevCart": false
}