{
  "simulation_id": "delivery_dynamic_01",
  "runner_id": "2_runners",
  "revenue_per_round": 39.130434782608695,
  "orders_per_runner_hour": 4.191971706713448,
  "on_time_rate": 0.8333333333333334,
  "delivery_cycle_time_p90": 34.79881652716648,
  "delivery_cycle_time_avg": 21.36082432578622,
  "failed_rate": 0.0,
  "second_runner_break_even_orders": 7.1565368516097,
  "queue_wait_avg": 7.617816091954023,
  "runner_utilization_driving_pct": 80.6019602483076,
  "runner_utilization_prep_pct": 0.0,
  "runner_utilization_idle_pct": 19.398039751692394,
  "distance_per_delivery_avg": 1342.970306797503,
  "zone_service_times": {
    "hole_7": 18.605411230896962,
    "hole_16": 12.090177010706824,
    "hole_18": 17.990757306858995,
    "hole_15": 21.002672597812914,
    "hole_17": 24.17303877718696,
    "hole_10": 21.132573568229947,
    "hole_9": 24.852616201960743,
    "hole_6": 28.58430751548572,
    "hole_11": 35.19769718150292,
    "hole_-1": 21.2310635065615,
    "hole_8": 14.387464049708008,
    "hole_5": 21.060042075006034,
    "hole_14": 14.564349648016954
  },
  "total_revenue": 900.0,
  "total_orders": 30,
  "successful_orders": 30,
  "failed_orders": 0,
  "total_rounds": 23,
  "active_runner_hours": 7.1565368516097
}