{
  "variantKey": "none",
  "blockedHoles": [],
  "deliveryMetrics": {
    "totalOrders": 20,
    "successfulDeliveries": 18,
    "failedDeliveries": 1,
    "pendingDeliveries": 1,
    "avgOrderTime": 27.238606111760358,
    "onTimePercentage": 72.22222222222221,
    "revenue": 540.0,
    "ordersPerRunnerHour": 2.5199300019443904,
    "lateOrders": 5,
    "runnerUtilizationPct": 22.104717493825543,
    "totalRunnerDriveMinutes": 132.62830496295325,
    "totalRunnerShiftMinutes": 600.0,
    "queueWaitAvg": 13.714814814814815,
    "deliveryCycleTimeP90": 41.3340270948107,
    "runnerUtilizationByRunner": {
      "runner_1": {
        "driveMinutes": 132.62830496295325,
        "utilizationPct": 22.104717493825543,
        "shiftMinutes": 600.0
      }
    }
  },
  "bevCartMetrics": null,
  "hasRunners": true,
  "hasBevCart": false
}