{
  "simulation_id": "delivery_dynamic_08",
  "runner_id": "3_runners",
  "revenue_per_round": 42.857142857142854,
  "orders_per_runner_hour": 4.136004232082357,
  "on_time_rate": 1.0,
  "delivery_cycle_time_p90": 20.8798213753342,
  "delivery_cycle_time_avg": 14.688072190399295,
  "failed_rate": 0.0,
  "second_runner_break_even_orders": 7.253377491080535,
  "queue_wait_avg": 1.4113333333333333,
  "runner_utilization_driving_pct": 73.44728876476881,
  "runner_utilization_prep_pct": 0.0,
  "runner_utilization_idle_pct": 26.552711235231186,
  "distance_per_delivery_avg": 1180.0189226408302,
  "zone_service_times": {
    "hole_9": 11.861106871506236,
    "hole_15": 15.666837085840214,
    "hole_18": 12.851123113620632,
    "hole_10": 12.542468771085526,
    "hole_16": 13.951213186171675,
    "hole_6": 22.58649098925516,
    "hole_-1": 14.538375844912782,
    "hole_4": 20.686488042000867,
    "hole_11": 14.046125405295667,
    "hole_12": 18.002380156837535,
    "hole_13": 15.643125655308298
  },
  "total_revenue": 900.0,
  "total_orders": 30,
  "successful_orders": 30,
  "failed_orders": 0,
  "total_rounds": 21,
  "active_runner_hours": 7.253377491080535
}