{
  "simulation_id": "delivery_dynamic_01",
  "runner_id": "2_runners",
  "revenue_per_round": 37.241379310344826,
  "orders_per_runner_hour": 4.892412231030577,
  "on_time_rate": 0.4166666666666667,
  "delivery_cycle_time_p90": 58.21217747582502,
  "delivery_cycle_time_avg": 35.155052936640466,
  "failed_rate": 0.24,
  "second_runner_break_even_orders": 7.358333333333333,
  "queue_wait_avg": 22.354761904761904,
  "runner_utilization_driving_pct": 92.34180035701014,
  "runner_utilization_prep_pct": 0.0,
  "runner_utilization_idle_pct": 7.658199642989857,
  "distance_per_delivery_avg": 1149.5422311556413,
  "zone_service_times": {
    "hole_10": 30.46722625913877,
    "hole_9": 21.293045452160257,
    "hole_13": 44.75278146737766,
    "hole_6": 30.28505300692165,
    "hole_11": 32.01880596487217,
    "hole_7": 37.87955721586625,
    "hole_18": 41.11880563494615,
    "hole_15": 40.4394174680535,
    "hole_-1": 35.143517786778986,
    "hole_14": 60.27268256193068,
    "hole_12": 37.5003229357267,
    "hole_8": 13.522747068472745
  },
  "total_revenue": 1080.0,
  "total_orders": 50,
  "successful_orders": 36,
  "failed_orders": 12,
  "total_rounds": 29,
  "active_runner_hours": 7.358333333333333
}