{
  "simulation_id": "delivery_dynamic_02",
  "runner_id": "3_runners",
  "revenue_per_round": 43.23529411764706,
  "orders_per_runner_hour": 6.6621535891415835,
  "on_time_rate": 0.5918367346938775,
  "delivery_cycle_time_p90": 40.96999679599903,
  "delivery_cycle_time_avg": 26.653085818816,
  "failed_rate": 0.0,
  "second_runner_break_even_orders": 7.3549790385894775,
  "queue_wait_avg": 12.555673758865249,
  "runner_utilization_driving_pct": 100.0,
  "runner_utilization_prep_pct": 0.0,
  "runner_utilization_idle_pct": 0.0,
  "distance_per_delivery_avg": 1548.922549407889,
  "zone_service_times": {
    "hole_9": 19.43896027339682,
    "hole_16": 29.047056793682152,
    "hole_6": 19.317254599953603,
    "hole_14": 34.9687339591108,
    "hole_10": 17.342994423481166,
    "hole_18": 27.8727765786777,
    "hole_17": 26.75296714618937,
    "hole_-1": 37.22442261759473,
    "hole_8": 32.11609634409128,
    "hole_7": 27.59438027917058,
    "hole_12": 32.50064004086267,
    "hole_15": 28.497194154156176,
    "hole_11": 13.093039886431992
  },
  "total_revenue": 1470.0,
  "total_orders": 50,
  "successful_orders": 49,
  "failed_orders": 0,
  "total_rounds": 34,
  "active_runner_hours": 7.3549790385894775
}