{
  "simulation_id": "delivery_dynamic_03",
  "runner_id": "2_runners",
  "revenue_per_round": 35.294117647058826,
  "orders_per_runner_hour": 2.893976846811196,
  "on_time_rate": 1.0,
  "delivery_cycle_time_p90": 20.49109617119236,
  "delivery_cycle_time_avg": 13.381120304929205,
  "failed_rate": 0.0,
  "second_runner_break_even_orders": 6.910905324635724,
  "queue_wait_avg": 2.128205128205128,
  "runner_utilization_driving_pct": 22.23007390111087,
  "runner_utilization_prep_pct": 0.0,
  "runner_utilization_idle_pct": 77.76992609888913,
  "distance_per_delivery_avg": 1438.4066195490234,
  "zone_service_times": {
    "hole_12": 12.505102882912448,
    "hole_17": 14.333549348991175,
    "hole_15": 13.61795903078067,
    "hole_18": 12.605929477343635,
    "hole_11": 11.670338674872195,
    "hole_13": 13.169003063181693,
    "hole_8": 12.381739270993785,
    "hole_14": 12.916556585709259,
    "hole_9": 23.28135469321854,
    "hole_10": 11.0876528114768
  },
  "total_revenue": 600.0,
  "total_orders": 20,
  "successful_orders": 20,
  "failed_orders": 0,
  "total_rounds": 17,
  "active_runner_hours": 6.910905324635724
}