{
  "simulation_id": "delivery_dynamic_04",
  "runner_id": "3_runners",
  "revenue_per_round": 36.0,
  "orders_per_runner_hour": 4.077010144368591,
  "on_time_rate": 1.0,
  "delivery_cycle_time_p90": 18.967898939673812,
  "delivery_cycle_time_avg": 14.407190863960965,
  "failed_rate": 0.0,
  "second_runner_break_even_orders": 7.3583334202486075,
  "queue_wait_avg": 0.782051282051282,
  "runner_utilization_driving_pct": 69.29332004972277,
  "runner_utilization_prep_pct": 0.0,
  "runner_utilization_idle_pct": 30.706679950277234,
  "distance_per_delivery_avg": 1253.0827969575485,
  "zone_service_times": {
    "hole_16": 12.56691795698698,
    "hole_14": 14.931269922644727,
    "hole_10": 11.832516625813163,
    "hole_12": 17.70501585631088,
    "hole_15": 15.68989083940008,
    "hole_-1": 11.436431974133848,
    "hole_13": 16.935029574920343,
    "hole_5": 22.53237055890774,
    "hole_18": 13.063689724796758,
    "hole_17": 14.1246738025918,
    "hole_11": 15.547697181502917,
    "hole_9": 12.864281474446368,
    "hole_3": 20.458769419158124
  },
  "total_revenue": 900.0,
  "total_orders": 30,
  "successful_orders": 30,
  "failed_orders": 0,
  "total_rounds": 25,
  "active_runner_hours": 7.358333420248607
}