{
  "simulation_id": "delivery_dynamic_03",
  "runner_id": "runner_1",
  "revenue_per_round": 40.0,
  "orders_per_runner_hour": 2.787120422784343,
  "on_time_rate": 0.85,
  "delivery_cycle_time_p90": 39.226642593095434,
  "delivery_cycle_time_avg": 21.22985067600213,
  "failed_rate": 0.0,
  "second_runner_break_even_orders": 7.175865038518835,
  "queue_wait_avg": 10.25462962962963,
  "runner_utilization_driving_pct": 17.293646650142524,
  "runner_utilization_prep_pct": 0.0,
  "runner_utilization_idle_pct": 82.70635334985748,
  "distance_per_delivery_avg": 1440.4924867215364,
  "zone_service_times": {
    "hole_18": 19.683412843281786,
    "hole_2": 11.768564046249715,
    "hole_4": 29.263745191761338,
    "hole_12": 17.72531272413253,
    "hole_13": 39.74026109875383,
    "hole_3": 20.577698807930425,
    "hole_17": 17.627645081047724,
    "hole_10": 22.209662247729526,
    "hole_15": 25.17585517663004
  },
  "total_revenue": 600.0,
  "total_orders": 20,
  "successful_orders": 20,
  "failed_orders": 0,
  "total_rounds": 15,
  "active_runner_hours": 7.175865038518835
}