{
  "simulation_id": "delivery_dynamic_04",
  "runner_id": "2_runners",
  "revenue_per_round": 31.57894736842105,
  "orders_per_runner_hour": 2.8498527603770523,
  "on_time_rate": 1.0,
  "delivery_cycle_time_p90": 20.585725977528128,
  "delivery_cycle_time_avg": 15.329201679504086,
  "failed_rate": 0.0,
  "second_runner_break_even_orders": 7.017906425928434,
  "queue_wait_avg": 1.8145833333333334,
  "runner_utilization_driving_pct": 52.34415834223961,
  "runner_utilization_prep_pct": 0.0,
  "runner_utilization_idle_pct": 47.65584165776039,
  "distance_per_delivery_avg": 1302.8517643133716,
  "zone_service_times": {
    "hole_14": 14.864331765141731,
    "hole_16": 11.998177631184777,
    "hole_11": 20.074400544566032,
    "hole_12": 17.269714867096326,
    "hole_17": 14.188383271201443,
    "hole_9": 14.937121354909294,
    "hole_13": 15.788298044089998,
    "hole_10": 11.813692863710276,
    "hole_-1": 10.414396839894835,
    "hole_18": 11.061191886557086,
    "hole_15": 14.229147460467964
  },
  "total_revenue": 600.0,
  "total_orders": 20,
  "successful_orders": 20,
  "failed_orders": 0,
  "total_rounds": 19,
  "active_runner_hours": 7.017906425928434
}