{
  "simulation_id": "delivery_dynamic_06",
  "runner_id": "3_runners",
  "revenue_per_round": 36.0,
  "orders_per_runner_hour": 4.20471858490352,
  "on_time_rate": 1.0,
  "delivery_cycle_time_p90": 19.803471865101493,
  "delivery_cycle_time_avg": 15.537950719568173,
  "failed_rate": 0.0,
  "second_runner_break_even_orders": 7.134841344129662,
  "queue_wait_avg": 0.9289855072463769,
  "runner_utilization_driving_pct": 73.02871984082807,
  "runner_utilization_prep_pct": 0.0,
  "runner_utilization_idle_pct": 26.971280159171926,
  "distance_per_delivery_avg": 1621.4447751082373,
  "zone_service_times": {
    "hole_17": 14.304241217884757,
    "hole_13": 16.781197040151255,
    "hole_15": 17.846899471428596,
    "hole_18": 12.586213363045692,
    "hole_6": 19.501545241076,
    "hole_16": 20.18205274802814,
    "hole_10": 11.16393262798952,
    "hole_12": 14.057032005316461,
    "hole_9": 12.524229969187763,
    "hole_11": 13.805068109259386,
    "hole_14": 16.862033454951113,
    "hole_7": 16.575385117188127
  },
  "total_revenue": 900.0,
  "total_orders": 30,
  "successful_orders": 30,
  "failed_orders": 0,
  "total_rounds": 25,
  "active_runner_hours": 7.134841344129662
}