{
  "course": "C:\\Main\\GIT\\simulation\\courses\\keswick_hall",
  "tee_scenario": "real_tee_sheet",
  "orders": 40,
  "variant": "back",
  "runners": 1,
  "runs": 10,
  "on_time_mean": 0.13257273084672466,
  "failed_mean": 0.49000000000000005,
  "p90_mean": 62.76414964040913,
  "avg_delivery_time_mean": 47.23688296668546,
  "oph_mean": 2.2071080172526196,
  "on_time_wilson_lo": 0.3483094055511242,
  "on_time_wilson_hi": 0.44368824897480874,
  "total_successful_orders": 158,
  "total_orders": 400,
  "group_dir": "C:\\Main\\GIT\\simulation\\output\\keswick_hall\\20250828_090448_real_tee_sheet\\first_pass\\orders_040\\runners_1\\back"
}