{
  "simulation_id": "delivery_dynamic_06",
  "runner_id": "2_runners",
  "revenue_per_round": 34.8,
  "orders_per_runner_hour": 4.076318707749811,
  "on_time_rate": 0.5862068965517241,
  "delivery_cycle_time_p90": 51.26882385576064,
  "delivery_cycle_time_avg": 26.837733200541866,
  "failed_rate": 0.0,
  "second_runner_break_even_orders": 7.114262176032951,
  "queue_wait_avg": 13.018518518518519,
  "runner_utilization_driving_pct": 77.50672139923324,
  "runner_utilization_prep_pct": 0.0,
  "runner_utilization_idle_pct": 22.493278600766757,
  "distance_per_delivery_avg": 1584.9266312441353,
  "zone_service_times": {
    "hole_8": 13.3542977707315,
    "hole_7": 14.523489449978555,
    "hole_15": 30.74775918772228,
    "hole_11": 16.9539978504699,
    "hole_10": 11.640015505494649,
    "hole_-1": 25.099880210408344,
    "hole_5": 35.78501497365002,
    "hole_12": 29.735215057418564,
    "hole_4": 50.20685993478664,
    "hole_17": 26.753197489139954,
    "hole_14": 32.90215718909397,
    "hole_13": 49.757148072059316,
    "hole_9": 11.744748900585789,
    "hole_18": 21.701734953158997,
    "hole_3": 30.793825800072348
  },
  "total_revenue": 870.0,
  "total_orders": 30,
  "successful_orders": 29,
  "failed_orders": 0,
  "total_rounds": 25,
  "active_runner_hours": 7.114262176032951
}