{
  "simulation_id": "delivery_dynamic_06",
  "runner_id": "3_runners",
  "revenue_per_round": 37.5,
  "orders_per_runner_hour": 2.935754126130241,
  "on_time_rate": 1.0,
  "delivery_cycle_time_p90": 13.843916313940772,
  "delivery_cycle_time_avg": 12.401770462675373,
  "failed_rate": 0.0,
  "second_runner_break_even_orders": 6.812559615257346,
  "queue_wait_avg": 0.03333333333333333,
  "runner_utilization_driving_pct": 24.277563514517297,
  "runner_utilization_prep_pct": 0.0,
  "runner_utilization_idle_pct": 75.7224364854827,
  "distance_per_delivery_avg": 1712.474733126271,
  "zone_service_times": {
    "hole_15": 13.517738995825143,
    "hole_10": 11.173657529603133,
    "hole_14": 12.916556585709259,
    "hole_12": 12.41447520546711,
    "hole_17": 12.008299664688396,
    "hole_18": 10.156956727684397,
    "hole_13": 13.001585230369043,
    "hole_11": 11.700644198813825,
    "hole_16": 13.660492860513477,
    "hole_9": 11.031354693218479
  },
  "total_revenue": 600.0,
  "total_orders": 20,
  "successful_orders": 20,
  "failed_orders": 0,
  "total_rounds": 16,
  "active_runner_hours": 6.812559615257346
}