{
  "simulation_id": "delivery_dynamic_05",
  "runner_id": "runner_1",
  "revenue_per_round": 14.482758620689655,
  "orders_per_runner_hour": 1.9807427785419531,
  "on_time_rate": 0.07142857142857142,
  "delivery_cycle_time_p90": 58.648703410925826,
  "delivery_cycle_time_avg": 46.679315937620295,
  "failed_rate": 0.58,
  "second_runner_break_even_orders": 7.0680555555555555,
  "queue_wait_avg": 34.59404761904762,
  "runner_utilization_driving_pct": 25.97275788855926,
  "runner_utilization_prep_pct": 0.0,
  "runner_utilization_idle_pct": 74.02724211144074,
  "distance_per_delivery_avg": 700.6501550404212,
  "zone_service_times": {
    "hole_10": 41.00944164219065,
    "hole_3": 38.781517575053776,
    "hole_18": 52.36344437887768,
    "hole_14": 57.8277376434804,
    "hole_9": 37.09722857819913,
    "hole_12": 41.585506487922125
  },
  "total_revenue": 420.0,
  "total_orders": 50,
  "successful_orders": 14,
  "failed_orders": 29,
  "total_rounds": 29,
  "active_runner_hours": 7.0680555555555555
}