{
  "simulation_id": "delivery_dynamic_07",
  "runner_id": "runner_1",
  "revenue_per_round": 17.77777777777778,
  "orders_per_runner_hour": 2.246489859594384,
  "on_time_rate": 0.5,
  "delivery_cycle_time_p90": 60.55090713506936,
  "delivery_cycle_time_avg": 34.65501640784465,
  "failed_rate": 0.5,
  "second_runner_break_even_orders": 7.122222222222222,
  "queue_wait_avg": 23.297777777777778,
  "runner_utilization_driving_pct": 33.37737366877425,
  "runner_utilization_prep_pct": 0.0,
  "runner_utilization_idle_pct": 66.62262633122575,
  "distance_per_delivery_avg": 945.2855130357966,
  "zone_service_times": {
    "hole_8": 13.556080401806138,
    "hole_12": 21.353915675230745,
    "hole_10": 41.35245459493387,
    "hole_-1": 40.4493427011133,
    "hole_15": 47.74845843747856,
    "hole_17": 63.2416533793655,
    "hole_14": 29.02792683886837,
    "hole_16": 30.524790437859068,
    "hole_11": 21.499419582936994,
    "hole_18": 30.28633756216732,
    "hole_9": 33.280726810388174
  },
  "total_revenue": 480.0,
  "total_orders": 40,
  "successful_orders": 16,
  "failed_orders": 20,
  "total_rounds": 27,
  "active_runner_hours": 7.122222222222222
}