{
  "simulation_id": "delivery_dynamic_10",
  "runner_id": "2_runners",
  "revenue_per_round": 33.6,
  "orders_per_runner_hour": 3.8436606291706386,
  "on_time_rate": 0.8214285714285714,
  "delivery_cycle_time_p90": 37.12903614895926,
  "delivery_cycle_time_avg": 22.283117091680147,
  "failed_rate": 0.0,
  "second_runner_break_even_orders": 7.284722222222223,
  "queue_wait_avg": 7.159259259259259,
  "runner_utilization_driving_pct": 67.41847037895059,
  "runner_utilization_prep_pct": 0.0,
  "runner_utilization_idle_pct": 32.58152962104941,
  "distance_per_delivery_avg": 1807.5273428045307,
  "zone_service_times": {
    "hole_3": 17.546900986349243,
    "hole_17": 18.107582876952996,
    "hole_18": 31.64676836825173,
    "hole_4": 26.678154165343486,
    "hole_10": 16.384201400794275,
    "hole_-1": 20.789295349191768,
    "hole_16": 16.903386668217234,
    "hole_12": 26.373560208511936,
    "hole_11": 36.97637321976533,
    "hole_13": 41.052951535197465,
    "hole_2": 18.51459481732165,
    "hole_9": 13.013895244865791,
    "hole_15": 17.9893419673154
  },
  "total_revenue": 840.0,
  "total_orders": 30,
  "successful_orders": 28,
  "failed_orders": 0,
  "total_rounds": 25,
  "active_runner_hours": 7.284722222222222
}