{
  "simulation_id": "delivery_dynamic_10",
  "runner_id": "2_runners",
  "revenue_per_round": 34.0,
  "orders_per_runner_hour": 4.621483858787993,
  "on_time_rate": 0.4411764705882353,
  "delivery_cycle_time_p90": 63.6948901556306,
  "delivery_cycle_time_avg": 37.54514080610796,
  "failed_rate": 0.24,
  "second_runner_break_even_orders": 7.356944444444444,
  "queue_wait_avg": 24.697916666666668,
  "runner_utilization_driving_pct": 80.3174900678129,
  "runner_utilization_prep_pct": 0.0,
  "runner_utilization_idle_pct": 19.682509932187102,
  "distance_per_delivery_avg": 1444.8143696758057,
  "zone_service_times": {
    "hole_8": 38.10761102384042,
    "hole_1": 12.593716143823986,
    "hole_17": 29.62927652705231,
    "hole_6": 47.59492389813613,
    "hole_10": 40.41779980291912,
    "hole_18": 39.976992416556776,
    "hole_13": 58.91088073687652,
    "hole_14": 66.14293679628578,
    "hole_-1": 48.9865078272512,
    "hole_16": 22.782717739771577,
    "hole_2": 14.855079473038616,
    "hole_7": 43.1115281628885,
    "hole_9": 16.718100110011132,
    "hole_11": 19.425669856344758
  },
  "total_revenue": 1020.0,
  "total_orders": 50,
  "successful_orders": 34,
  "failed_orders": 12,
  "total_rounds": 30,
  "active_runner_hours": 7.356944444444444
}