{
  "simulation_id": "delivery_dynamic_09",
  "runner_id": "2_runners",
  "revenue_per_round": 37.82608695652174,
  "orders_per_runner_hour": 3.995108375741364,
  "on_time_rate": 0.5862068965517241,
  "delivery_cycle_time_p90": 57.62838587164381,
  "delivery_cycle_time_avg": 29.02757203282792,
  "failed_rate": 0.03333333333333333,
  "second_runner_break_even_orders": 7.258876924613723,
  "queue_wait_avg": 17.701923076923077,
  "runner_utilization_driving_pct": 67.76094534282768,
  "runner_utilization_prep_pct": 0.0,
  "runner_utilization_idle_pct": 32.23905465717232,
  "distance_per_delivery_avg": 1060.7124788922463,
  "zone_service_times": {
    "hole_7": 33.149815187243405,
    "hole_16": 18.02875076610916,
    "hole_9": 28.300363956729516,
    "hole_8": 39.069447692198175,
    "hole_-1": 34.803886440208025,
    "hole_11": 57.628385871643815,
    "hole_17": 13.940148290893072,
    "hole_4": 20.478154708667535,
    "hole_6": 19.039419264733077,
    "hole_14": 14.532338206254401,
    "hole_15": 13.501102754363819
  },
  "total_revenue": 870.0,
  "total_orders": 30,
  "successful_orders": 29,
  "failed_orders": 1,
  "total_rounds": 23,
  "active_runner_hours": 7.258876924613723
}