{
  "simulation_id": "delivery_dynamic_01",
  "runner_id": "runner_1",
  "revenue_per_round": 40.0,
  "orders_per_runner_hour": 2.808820316224908,
  "on_time_rate": 0.8,
  "delivery_cycle_time_p90": 34.489026203401416,
  "delivery_cycle_time_avg": 20.110224606999292,
  "failed_rate": 0.0,
  "second_runner_break_even_orders": 7.120426993664112,
  "queue_wait_avg": 8.99074074074074,
  "runner_utilization_driving_pct": 20.632876994330736,
  "runner_utilization_prep_pct": 0.0,
  "runner_utilization_idle_pct": 79.36712300566927,
  "distance_per_delivery_avg": 1453.3617170394884,
  "zone_service_times": {
    "hole_15": 13.610193126562823,
    "hole_4": 18.837407134666986,
    "hole_16": 22.376389586932966,
    "hole_17": 23.290791200019036,
    "hole_18": 21.558784011035737,
    "hole_10": 29.925974267121454,
    "hole_2": 11.596606135455598,
    "hole_12": 11.711676100047043,
    "hole_-1": 34.680819406322854,
    "hole_13": 13.567594820137916,
    "hole_11": 11.700644198813825,
    "hole_9": 14.823529541176443
  },
  "total_revenue": 600.0,
  "total_orders": 20,
  "successful_orders": 20,
  "failed_orders": 0,
  "total_rounds": 15,
  "active_runner_hours": 7.120426993664112
}