{
  "simulation_id": "delivery_dynamic_05",
  "runner_id": "2_runners",
  "revenue_per_round": 33.333333333333336,
  "orders_per_runner_hour": 2.856557927129576,
  "on_time_rate": 1.0,
  "delivery_cycle_time_p90": 21.12672796263834,
  "delivery_cycle_time_avg": 14.688824787056932,
  "failed_rate": 0.0,
  "second_runner_break_even_orders": 7.001433371980341,
  "queue_wait_avg": 1.1833333333333333,
  "runner_utilization_driving_pct": 52.38957176175365,
  "runner_utilization_prep_pct": 0.0,
  "runner_utilization_idle_pct": 47.61042823824635,
  "distance_per_delivery_avg": 1257.3651284511259,
  "zone_service_times": {
    "hole_16": 12.152015925376645,
    "hole_9": 11.927567559322911,
    "hole_12": 19.939226041379545,
    "hole_-1": 10.431063506561502,
    "hole_15": 12.446667788462856,
    "hole_18": 21.525412737855913,
    "hole_8": 13.637200324694641,
    "hole_14": 15.310382689568906,
    "hole_11": 13.531910666936104,
    "hole_13": 16.413571108564792,
    "hole_17": 14.121716604534717
  },
  "total_revenue": 600.0,
  "total_orders": 20,
  "successful_orders": 20,
  "failed_orders": 0,
  "total_rounds": 18,
  "active_runner_hours": 7.001433371980341
}