{
  "simulation_id": "delivery_dynamic_10",
  "runner_id": "3_runners",
  "revenue_per_round": 40.0,
  "orders_per_runner_hour": 5.522572711936601,
  "on_time_rate": 0.95,
  "delivery_cycle_time_p90": 26.2657342612713,
  "delivery_cycle_time_avg": 18.425650469732446,
  "failed_rate": 0.0,
  "second_runner_break_even_orders": 7.243001058825934,
  "queue_wait_avg": 4.108333333333333,
  "runner_utilization_driving_pct": 100.0,
  "runner_utilization_prep_pct": 0.0,
  "runner_utilization_idle_pct": 0.0,
  "distance_per_delivery_avg": 1588.6585578301026,
  "zone_service_times": {
    "hole_7": 18.47464365896129,
    "hole_6": 20.81744858183267,
    "hole_5": 21.4403032844888,
    "hole_12": 19.344292468115842,
    "hole_15": 18.44951227384983,
    "hole_17": 24.784642161329977,
    "hole_-1": 16.18203915316824,
    "hole_18": 14.585169922321366,
    "hole_9": 15.950045917398985,
    "hole_13": 26.63611468278735,
    "hole_8": 30.612297486586492,
    "hole_10": 16.152454594933868,
    "hole_11": 14.970070162835771
  },
  "total_revenue": 1200.0,
  "total_orders": 40,
  "successful_orders": 40,
  "failed_orders": 0,
  "total_rounds": 30,
  "active_runner_hours": 7.243001058825933
}