{
  "simulation_id": "delivery_dynamic_01",
  "runner_id": "runner_1",
  "revenue_per_round": 31.666666666666668,
  "orders_per_runner_hour": 2.5629407095759498,
  "on_time_rate": 0.2631578947368421,
  "delivery_cycle_time_p90": 60.33214522347389,
  "delivery_cycle_time_avg": 36.01101178290054,
  "failed_rate": 0.05,
  "second_runner_break_even_orders": 7.413359165512508,
  "queue_wait_avg": 22.828703703703702,
  "runner_utilization_driving_pct": 47.36348369788615,
  "runner_utilization_prep_pct": 0.0,
  "runner_utilization_idle_pct": 52.63651630211385,
  "distance_per_delivery_avg": 1472.9631169493152,
  "zone_service_times": {
    "hole_14": 15.065649154563214,
    "hole_17": 31.22245736672136,
    "hole_4": 34.391515421211594,
    "hole_18": 22.163521171106,
    "hole_9": 33.20970977466756,
    "hole_7": 34.69698483749177,
    "hole_10": 43.19405956678949,
    "hole_-1": 49.21439683989483,
    "hole_6": 66.55186285697509,
    "hole_5": 32.142026121226685
  },
  "total_revenue": 570.0,
  "total_orders": 20,
  "successful_orders": 19,
  "failed_orders": 1,
  "total_rounds": 18,
  "active_runner_hours": 7.413359165512508
}