{
  "simulation_id": "delivery_dynamic_03",
  "runner_id": "3_runners",
  "revenue_per_round": 39.130434782608695,
  "orders_per_runner_hour": 4.14460570287783,
  "on_time_rate": 0.9333333333333333,
  "delivery_cycle_time_p90": 29.7842449846082,
  "delivery_cycle_time_avg": 18.59701377188783,
  "failed_rate": 0.0,
  "second_runner_break_even_orders": 7.238324258244719,
  "queue_wait_avg": 2.9294871794871793,
  "runner_utilization_driving_pct": 86.25405457173022,
  "runner_utilization_prep_pct": 0.0,
  "runner_utilization_idle_pct": 13.745945428269778,
  "distance_per_delivery_avg": 2035.5299606876465,
  "zone_service_times": {
    "hole_13": 17.477430136514673,
    "hole_6": 19.40107690627471,
    "hole_12": 14.415248972190087,
    "hole_15": 17.670867502168736,
    "hole_16": 21.694305198086496,
    "hole_18": 10.835229006676753,
    "hole_17": 23.604536696382546,
    "hole_14": 19.572711207872544,
    "hole_8": 29.787566749389892,
    "hole_9": 19.934192439122288,
    "hole_-1": 20.219841160584473,
    "hole_11": 13.325645970873545
  },
  "total_revenue": 900.0,
  "total_orders": 30,
  "successful_orders": 30,
  "failed_orders": 0,
  "total_rounds": 23,
  "active_runner_hours": 7.2383242582447185
}