{
  "variantKey": "front",
  "blockedHoles": [
    1,
    2,
    3
  ],
  "deliveryMetrics": {
    "totalOrders": 30,
    "successfulDeliveries": 30,
    "failedDeliveries": 0,
    "avgOrderTime": 18.59701377188783,
    "onTimePercentage": 93.33333333333333,
    "revenue": 900.0,
    "ordersPerRunnerHour": 3.0,
    "lateOrders": 2,
    "runnerUtilizationPct": 20.811160519283963,
    "totalRunnerDriveMinutes": 374.6008893471113,
    "totalRunnerShiftMinutes": 1800.0,
    "runnerUtilizationByRunner": {
      "runner_1": {
        "driveMinutes": 170.12459184106572,
        "utilizationPct": 28.35409864017762,
        "shiftMinutes": 600.0
      },
      "runner_2": {
        "driveMinutes": 151.3481473312926,
        "utilizationPct": 25.2246912218821,
        "shiftMinutes": 600.0
      },
      "runner_3": {
        "driveMinutes": 53.12815017475288,
        "utilizationPct": 8.854691695792146,
        "shiftMinutes": 600.0
      }
    }
  },
  "bevCartMetrics": null,
  "hasRunners": true,
  "hasBevCart": false
}