{
  "variantKey": "mid_back",
  "blockedHoles": [
    4,
    5,
    6,
    10,
    11,
    12
  ],
  "deliveryMetrics": {
    "totalOrders": 40,
    "successfulDeliveries": 40,
    "failedDeliveries": 0,
    "avgOrderTime": 16.28464916931591,
    "onTimePercentage": 97.5,
    "revenue": 1200.0,
    "ordersPerRunnerHour": 4.0,
    "lateOrders": 1,
    "runnerUtilizationPct": 24.099749476786688,
    "totalRunnerDriveMinutes": 433.79549058216037,
    "totalRunnerShiftMinutes": 1800.0,
    "runnerUtilizationByRunner": {
      "runner_2": {
        "driveMinutes": 140.20683644781676,
        "utilizationPct": 23.36780607463613,
        "shiftMinutes": 600.0
      },
      "runner_1": {
        "driveMinutes": 168.19770353829713,
        "utilizationPct": 28.032950589716187,
        "shiftMinutes": 600.0
      },
      "runner_3": {
        "driveMinutes": 125.39095059604637,
        "utilizationPct": 20.89849176600773,
        "shiftMinutes": 600.0
      }
    }
  },
  "bevCartMetrics": null,
  "hasRunners": true,
  "hasBevCart": false
}