{
  "simulation_id": "delivery_dynamic_10",
  "runner_id": "runner_1",
  "revenue_per_round": 35.294117647058826,
  "orders_per_runner_hour": 2.397369861292168,
  "on_time_rate": 0.9,
  "delivery_cycle_time_p90": 40.00425245415569,
  "delivery_cycle_time_avg": 19.882662777208157,
  "failed_rate": 0.0,
  "second_runner_break_even_orders": 8.342475778526772,
  "queue_wait_avg": 7.781944444444443,
  "runner_utilization_driving_pct": 36.73926258519493,
  "runner_utilization_prep_pct": 0.0,
  "runner_utilization_idle_pct": 63.26073741480507,
  "distance_per_delivery_avg": 1512.5171995898677,
  "zone_service_times": {
    "hole_10": 13.969434167034352,
    "hole_15": 14.221900055459992,
    "hole_11": 16.58439526975069,
    "hole_17": 25.482847294025273,
    "hole_18": 14.871709818428977,
    "hole_12": 20.91015119797244,
    "hole_16": 41.53771348586882,
    "hole_8": 18.332344817879736
  },
  "total_revenue": 600.0,
  "total_orders": 20,
  "successful_orders": 20,
  "failed_orders": 0,
  "total_rounds": 17,
  "active_runner_hours": 8.342475778526772
}