{
  "simulation_id": "delivery_dynamic_09",
  "runner_id": "3_runners",
  "revenue_per_round": 33.333333333333336,
  "orders_per_runner_hour": 3.01401595956346,
  "on_time_rate": 1.0,
  "delivery_cycle_time_p90": 16.431350659836305,
  "delivery_cycle_time_avg": 13.120491151117655,
  "failed_rate": 0.0,
  "second_runner_break_even_orders": 6.635664929556887,
  "queue_wait_avg": 0.04404761904761905,
  "runner_utilization_driving_pct": 51.70061518287336,
  "runner_utilization_prep_pct": 0.0,
  "runner_utilization_idle_pct": 48.29938481712664,
  "distance_per_delivery_avg": 1038.1250267755283,
  "zone_service_times": {
    "hole_13": 16.073814738725982,
    "hole_11": 15.200186314412637,
    "hole_15": 12.623802830010694,
    "hole_7": 14.71100358479786,
    "hole_18": 12.28970724891153,
    "hole_9": 13.161043796093477,
    "hole_10": 10.817230648151417,
    "hole_-1": 10.36995239545039,
    "hole_12": 17.017323129571075
  },
  "total_revenue": 600.0,
  "total_orders": 20,
  "successful_orders": 20,
  "failed_orders": 0,
  "total_rounds": 18,
  "active_runner_hours": 6.635664929556887
}