{
  "variantKey": "front_mid",
  "blockedHoles": [
    1,
    2,
    3,
    4,
    5,
    6
  ],
  "deliveryMetrics": {
    "totalOrders": 50,
    "successfulDeliveries": 49,
    "failedDeliveries": 0,
    "avgOrderTime": 24.478347230064816,
    "onTimePercentage": 69.38775510204081,
    "revenue": 1500.0,
    "ordersPerRunnerHour": 4.9,
    "lateOrders": 15,
    "runnerUtilizationPct": 28.6415854490389,
    "totalRunnerDriveMinutes": 515.5485380827001,
    "totalRunnerShiftMinutes": 1800.0,
    "runnerUtilizationByRunner": {
      "runner_1": {
        "driveMinutes": 187.77883732833388,
        "utilizationPct": 31.29647288805565,
        "shiftMinutes": 600.0
      },
      "runner_2": {
        "driveMinutes": 164.12438954618995,
        "utilizationPct": 27.35406492436499,
        "shiftMinutes": 600.0
      },
      "runner_3": {
        "driveMinutes": 163.64531120817603,
        "utilizationPct": 27.274218534696004,
        "shiftMinutes": 600.0
      }
    }
  },
  "bevCartMetrics": null,
  "hasRunners": true,
  "hasBevCart": false
}