{
  "simulation_id": "delivery_dynamic_07",
  "runner_id": "runner_1",
  "revenue_per_round": 35.294117647058826,
  "orders_per_runner_hour": 2.4814720057498887,
  "on_time_rate": 0.8,
  "delivery_cycle_time_p90": 38.50410816604788,
  "delivery_cycle_time_avg": 21.065655315759294,
  "failed_rate": 0.0,
  "second_runner_break_even_orders": 8.059732269256891,
  "queue_wait_avg": 9.440643274853803,
  "runner_utilization_driving_pct": 37.960073695531946,
  "runner_utilization_prep_pct": 0.0,
  "runner_utilization_idle_pct": 62.039926304468054,
  "distance_per_delivery_avg": 1509.8718273466914,
  "zone_service_times": {
    "hole_6": 13.89906051984523,
    "hole_11": 13.336827530167163,
    "hole_13": 17.22969515622684,
    "hole_7": 21.013292650177878,
    "hole_15": 27.249509577484513,
    "hole_17": 26.97350531744226,
    "hole_10": 35.04625259074437,
    "hole_14": 19.61996847680075,
    "hole_9": 16.27455158750733,
    "hole_5": 13.991788686443881,
    "hole_18": 21.396709818428945,
    "hole_16": 20.899674244502602
  },
  "total_revenue": 600.0,
  "total_orders": 20,
  "successful_orders": 20,
  "failed_orders": 0,
  "total_rounds": 17,
  "active_runner_hours": 8.059732269256891
}