{
  "variantKey": "mid",
  "blockedHoles": [
    4,
    5,
    6
  ],
  "deliveryMetrics": {
    "totalOrders": 50,
    "successfulDeliveries": 50,
    "failedDeliveries": 0,
    "avgOrderTime": 21.777192592009516,
    "onTimePercentage": 80.0,
    "revenue": 1500.0,
    "ordersPerRunnerHour": 5.0,
    "lateOrders": 10,
    "runnerUtilizationPct": 28.344318046587286,
    "totalRunnerDriveMinutes": 510.19772483857116,
    "totalRunnerShiftMinutes": 1800.0,
    "runnerUtilizationByRunner": {
      "runner_1": {
        "driveMinutes": 181.73451389530612,
        "utilizationPct": 30.28908564921769,
        "shiftMinutes": 600.0
      },
      "runner_2": {
        "driveMinutes": 154.40587955949658,
        "utilizationPct": 25.734313259916096,
        "shiftMinutes": 600.0
      },
      "runner_3": {
        "driveMinutes": 174.05733138376843,
        "utilizationPct": 29.00955523062807,
        "shiftMinutes": 600.0
      }
    }
  },
  "bevCartMetrics": null,
  "hasRunners": true,
  "hasBevCart": false
}