{
  "simulation_id": "delivery_dynamic_10",
  "runner_id": "3_runners",
  "revenue_per_round": 33.333333333333336,
  "orders_per_runner_hour": 2.8072216475271023,
  "on_time_rate": 1.0,
  "delivery_cycle_time_p90": 18.820093572326588,
  "delivery_cycle_time_avg": 15.385359168069684,
  "failed_rate": 0.0,
  "second_runner_break_even_orders": 7.1244819651551605,
  "queue_wait_avg": 0.03333333333333333,
  "runner_utilization_driving_pct": 51.814971420705525,
  "runner_utilization_prep_pct": 0.0,
  "runner_utilization_idle_pct": 48.185028579294475,
  "distance_per_delivery_avg": 1801.080680471416,
  "zone_service_times": {
    "hole_8": 15.402950096852914,
    "hole_6": 18.084028335801424,
    "hole_17": 14.468315877750623,
    "hole_18": 11.40642108694539,
    "hole_-1": 18.189422464231452,
    "hole_4": 18.81342690565992,
    "hole_10": 11.308741524667068,
    "hole_3": 17.02766784557516,
    "hole_2": 13.31415600454772
  },
  "total_revenue": 600.0,
  "total_orders": 20,
  "successful_orders": 20,
  "failed_orders": 0,
  "total_rounds": 18,
  "active_runner_hours": 7.124481965155161
}