{
  "simulation_id": "delivery_dynamic_07",
  "runner_id": "3_runners",
  "revenue_per_round": 35.294117647058826,
  "orders_per_runner_hour": 2.8504851932335686,
  "on_time_rate": 1.0,
  "delivery_cycle_time_p90": 14.662592907406628,
  "delivery_cycle_time_avg": 12.41098730140855,
  "failed_rate": 0.0,
  "second_runner_break_even_orders": 7.016349373599851,
  "queue_wait_avg": 0.4111111111111111,
  "runner_utilization_driving_pct": 25.13646826708651,
  "runner_utilization_prep_pct": 0.0,
  "runner_utilization_idle_pct": 74.86353173291349,
  "distance_per_delivery_avg": 1469.510857014155,
  "zone_service_times": {
    "hole_6": 17.3244897006162,
    "hole_8": 12.651585784627423,
    "hole_18": 10.661746023517503,
    "hole_10": 10.778290960330963,
    "hole_9": 11.342272240258747,
    "hole_15": 13.002561291784696,
    "hole_4": 14.726085856309266,
    "hole_16": 13.453814430618515
  },
  "total_revenue": 600.0,
  "total_orders": 20,
  "successful_orders": 20,
  "failed_orders": 0,
  "total_rounds": 17,
  "active_runner_hours": 7.0163493735998514
}