{
  "variantKey": "front_back",
  "blockedHoles": [
    1,
    2,
    3,
    10,
    11,
    12
  ],
  "deliveryMetrics": {
    "totalOrders": 20,
    "successfulDeliveries": 20,
    "failedDeliveries": 0,
    "avgOrderTime": 12.410987301408548,
    "onTimePercentage": 100.0,
    "revenue": 600.0,
    "ordersPerRunnerHour": 2.0,
    "lateOrders": 0,
    "runnerUtilizationPct": 5.8788747793428335,
    "totalRunnerDriveMinutes": 105.81974602817101,
    "totalRunnerShiftMinutes": 1800.0,
    "runnerUtilizationByRunner": {
      "runner_1": {
        "driveMinutes": 58.63480438521365,
        "utilizationPct": 9.772467397535609,
        "shiftMinutes": 600.0
      },
      "runner_2": {
        "driveMinutes": 31.079064256868534,
        "utilizationPct": 5.179844042811423,
        "shiftMinutes": 600.0
      },
      "runner_3": {
        "driveMinutes": 16.105877386088814,
        "utilizationPct": 2.684312897681469,
        "shiftMinutes": 600.0
      }
    }
  },
  "bevCartMetrics": null,
  "hasRunners": true,
  "hasBevCart": false
}