{
  "simulation_id": "delivery_dynamic_06",
  "runner_id": "3_runners",
  "revenue_per_round": 45.0,
  "orders_per_runner_hour": 6.794453170133359,
  "on_time_rate": 0.9791666666666666,
  "delivery_cycle_time_p90": 26.1704299279954,
  "delivery_cycle_time_avg": 18.030014541313783,
  "failed_rate": 0.0,
  "second_runner_break_even_orders": 7.06458618494796,
  "queue_wait_avg": 6.246124031007752,
  "runner_utilization_driving_pct": 100.0,
  "runner_utilization_prep_pct": 0.0,
  "runner_utilization_idle_pct": 0.0,
  "distance_per_delivery_avg": 818.0015525480954,
  "zone_service_times": {
    "hole_15": 17.567067706420943,
    "hole_10": 19.443004479754702,
    "hole_9": 16.180959782084134,
    "hole_11": 31.832964328058402,
    "hole_18": 15.957994698952632,
    "hole_17": 20.433320046032165,
    "hole_14": 18.194656299315568,
    "hole_-1": 16.72976341648913,
    "hole_7": 14.576319769720309,
    "hole_16": 17.883584623653647,
    "hole_8": 13.784986914249748
  },
  "total_revenue": 1440.0,
  "total_orders": 50,
  "successful_orders": 48,
  "failed_orders": 0,
  "total_rounds": 32,
  "active_runner_hours": 7.06458618494796
}