{
  "variantKey": "front_mid_back",
  "blockedHoles": [
    1,
    2,
    3,
    4,
    5,
    6,
    10,
    11,
    12
  ],
  "deliveryMetrics": {
    "totalOrders": 50,
    "successfulDeliveries": 48,
    "failedDeliveries": 0,
    "avgOrderTime": 18.030014541313783,
    "onTimePercentage": 97.91666666666666,
    "revenue": 1500.0,
    "ordersPerRunnerHour": 4.8,
    "lateOrders": 1,
    "runnerUtilizationPct": 23.952393274191255,
    "totalRunnerDriveMinutes": 431.1430789354426,
    "totalRunnerShiftMinutes": 1800.0,
    "runnerUtilizationByRunner": {
      "runner_3": {
        "driveMinutes": 130.00066975988338,
        "utilizationPct": 21.666778293313897,
        "shiftMinutes": 600.0
      },
      "runner_2": {
        "driveMinutes": 155.448328490515,
        "utilizationPct": 25.90805474841917,
        "shiftMinutes": 600.0
      },
      "runner_1": {
        "driveMinutes": 145.69408068504416,
        "utilizationPct": 24.282346780840694,
        "shiftMinutes": 600.0
      }
    }
  },
  "bevCartMetrics": null,
  "hasRunners": true,
  "hasBevCart": false
}