{
  "simulation_id": "delivery_dynamic_10",
  "runner_id": "2_runners",
  "revenue_per_round": 42.22222222222222,
  "orders_per_runner_hour": 5.331461259296434,
  "on_time_rate": 0.3684210526315789,
  "delivery_cycle_time_p90": 60.11597781472646,
  "delivery_cycle_time_avg": 34.29347104915434,
  "failed_rate": 0.05,
  "second_runner_break_even_orders": 7.127501852093485,
  "queue_wait_avg": 21.99861111111111,
  "runner_utilization_driving_pct": 87.46847784990743,
  "runner_utilization_prep_pct": 0.0,
  "runner_utilization_idle_pct": 12.53152215009257,
  "distance_per_delivery_avg": 1160.1010093579641,
  "zone_service_times": {
    "hole_16": 34.555647076239865,
    "hole_9": 12.155815667628515,
    "hole_10": 23.15135711266373,
    "hole_14": 43.91239947007024,
    "hole_18": 49.35302865014106,
    "hole_15": 29.308041678666356,
    "hole_12": 30.956392436641085,
    "hole_13": 39.040970917096736,
    "hole_-1": 32.08514103391572,
    "hole_11": 43.19723597048072,
    "hole_8": 24.42797572738685
  },
  "total_revenue": 1140.0,
  "total_orders": 40,
  "successful_orders": 38,
  "failed_orders": 2,
  "total_rounds": 27,
  "active_runner_hours": 7.127501852093485
}