{
  "variantKey": "mid_back",
  "blockedHoles": [
    4,
    5,
    6,
    10,
    11,
    12
  ],
  "deliveryMetrics": {
    "totalOrders": 30,
    "successfulDeliveries": 30,
    "failedDeliveries": 0,
    "avgOrderTime": 16.20759493397841,
    "onTimePercentage": 100.0,
    "revenue": 900.0,
    "ordersPerRunnerHour": 3.0,
    "lateOrders": 0,
    "runnerUtilizationPct": 18.510938646577777,
    "totalRunnerDriveMinutes": 333.19689563839995,
    "totalRunnerShiftMinutes": 1800.0,
    "runnerUtilizationByRunner": {
      "runner_1": {
        "driveMinutes": 133.11144351704132,
        "utilizationPct": 22.185240586173556,
        "shiftMinutes": 600.0
      },
      "runner_2": {
        "driveMinutes": 121.47304922885672,
        "utilizationPct": 20.245508204809454,
        "shiftMinutes": 600.0
      },
      "runner_3": {
        "driveMinutes": 78.61240289250195,
        "utilizationPct": 13.102067148750324,
        "shiftMinutes": 600.0
      }
    }
  },
  "bevCartMetrics": null,
  "hasRunners": true,
  "hasBevCart": false
}