{
  "simulation_id": "delivery_dynamic_04",
  "runner_id": "3_runners",
  "revenue_per_round": 39.166666666666664,
  "orders_per_runner_hour": 6.4955557027097,
  "on_time_rate": 0.5957446808510638,
  "delivery_cycle_time_p90": 50.728877155354745,
  "delivery_cycle_time_avg": 28.36162979625871,
  "failed_rate": 0.06,
  "second_runner_break_even_orders": 7.235716565465427,
  "queue_wait_avg": 14.077037037037037,
  "runner_utilization_driving_pct": 100.0,
  "runner_utilization_prep_pct": 0.0,
  "runner_utilization_idle_pct": 0.0,
  "distance_per_delivery_avg": 1640.89484558548,
  "zone_service_times": {
    "hole_10": 21.80461280102545,
    "hole_15": 14.649431135276421,
    "hole_4": 21.423955197698586,
    "hole_9": 22.705540806348687,
    "hole_7": 20.187849723962014,
    "hole_8": 30.045707361468445,
    "hole_6": 30.039419454131007,
    "hole_5": 40.158465131659625,
    "hole_11": 47.581181273272826,
    "hole_-1": 35.840951253771564,
    "hole_17": 30.52604926507661,
    "hole_12": 62.53145021847328,
    "hole_16": 20.167360428144,
    "hole_3": 20.97980375296841,
    "hole_13": 15.90013678506851
  },
  "total_revenue": 1410.0,
  "total_orders": 50,
  "successful_orders": 47,
  "failed_orders": 3,
  "total_rounds": 36,
  "active_runner_hours": 7.235716565465427
}