{
  "simulation_id": "delivery_dynamic_10",
  "runner_id": "2_runners",
  "revenue_per_round": 37.82608695652174,
  "orders_per_runner_hour": 4.058640595095254,
  "on_time_rate": 0.896551724137931,
  "delivery_cycle_time_p90": 32.516770067494264,
  "delivery_cycle_time_avg": 19.8517529503794,
  "failed_rate": 0.0,
  "second_runner_break_even_orders": 7.145249578158172,
  "queue_wait_avg": 5.348214285714286,
  "runner_utilization_driving_pct": 74.75237955402083,
  "runner_utilization_prep_pct": 0.0,
  "runner_utilization_idle_pct": 25.247620445979166,
  "distance_per_delivery_avg": 1575.1545085688583,
  "zone_service_times": {
    "hole_15": 14.131479442671308,
    "hole_14": 15.934636549988722,
    "hole_4": 33.38817899813009,
    "hole_16": 18.762771784699343,
    "hole_8": 23.72896415325316,
    "hole_18": 19.816603380861164,
    "hole_5": 45.433719915702504,
    "hole_9": 13.469485283225444,
    "hole_-1": 14.914396839894835,
    "hole_3": 29.420148194066737,
    "hole_6": 25.080414113049645,
    "hole_11": 22.69857733360277,
    "hole_2": 24.867810074480865,
    "hole_17": 14.234642161329976,
    "hole_7": 17.044344103934538
  },
  "total_revenue": 870.0,
  "total_orders": 30,
  "successful_orders": 29,
  "failed_orders": 0,
  "total_rounds": 23,
  "active_runner_hours": 7.145249578158172
}