{
  "variantKey": "front_mid_back",
  "blockedHoles": [
    1,
    2,
    3,
    4,
    5,
    6,
    10,
    11,
    12
  ],
  "deliveryMetrics": {
    "totalOrders": 40,
    "successfulDeliveries": 40,
    "failedDeliveries": 0,
    "avgOrderTime": 14.196797642880236,
    "onTimePercentage": 100.0,
    "revenue": 1200.0,
    "ordersPerRunnerHour": 4.0,
    "lateOrders": 0,
    "runnerUtilizationPct": 18.614841322802647,
    "totalRunnerDriveMinutes": 335.06714381044765,
    "totalRunnerShiftMinutes": 1800.0,
    "runnerUtilizationByRunner": {
      "runner_1": {
        "driveMinutes": 132.20543817916342,
        "utilizationPct": 22.034239696527237,
        "shiftMinutes": 600.0
      },
      "runner_2": {
        "driveMinutes": 105.36520825551989,
        "utilizationPct": 17.560868042586648,
        "shiftMinutes": 600.0
      },
      "runner_3": {
        "driveMinutes": 97.49649737576438,
        "utilizationPct": 16.249416229294063,
        "shiftMinutes": 600.0
      }
    }
  },
  "bevCartMetrics": null,
  "hasRunners": true,
  "hasBevCart": false
}