{
  "variantKey": "front_mid",
  "blockedHoles": [
    1,
    2,
    3,
    4,
    5,
    6
  ],
  "deliveryMetrics": {
    "totalOrders": 40,
    "successfulDeliveries": 40,
    "failedDeliveries": 0,
    "avgOrderTime": 16.100197187261685,
    "onTimePercentage": 97.5,
    "revenue": 1200.0,
    "ordersPerRunnerHour": 4.0,
    "lateOrders": 1,
    "runnerUtilizationPct": 22.241575760052417,
    "totalRunnerDriveMinutes": 400.34836368094346,
    "totalRunnerShiftMinutes": 1800.0,
    "runnerUtilizationByRunner": {
      "runner_1": {
        "driveMinutes": 157.45479114468964,
        "utilizationPct": 26.242465190781605,
        "shiftMinutes": 600.0
      },
      "runner_2": {
        "driveMinutes": 135.15482162511088,
        "utilizationPct": 22.525803604185146,
        "shiftMinutes": 600.0
      },
      "runner_3": {
        "driveMinutes": 107.73875091114319,
        "utilizationPct": 17.95645848519053,
        "shiftMinutes": 600.0
      }
    }
  },
  "bevCartMetrics": null,
  "hasRunners": true,
  "hasBevCart": false
}