{
  "simulation_id": "delivery_dynamic_03",
  "runner_id": "3_runners",
  "revenue_per_round": 47.41935483870968,
  "orders_per_runner_hour": 6.712816069919847,
  "on_time_rate": 0.5510204081632653,
  "delivery_cycle_time_p90": 53.569046823504195,
  "delivery_cycle_time_avg": 30.846482760387655,
  "failed_rate": 0.0,
  "second_runner_break_even_orders": 7.299470071818172,
  "queue_wait_avg": 17.135925925925925,
  "runner_utilization_driving_pct": 100.0,
  "runner_utilization_prep_pct": 0.0,
  "runner_utilization_idle_pct": 0.0,
  "distance_per_delivery_avg": 1716.7610646331084,
  "zone_service_times": {
    "hole_9": 29.81607773341527,
    "hole_3": 24.300836570986817,
    "hole_15": 22.205393264759103,
    "hole_17": 26.473300482047186,
    "hole_5": 22.404325882173687,
    "hole_-1": 29.358262757976465,
    "hole_4": 36.84530735232121,
    "hole_10": 34.7506945871212,
    "hole_11": 53.49240825569802,
    "hole_12": 53.5690468235042,
    "hole_6": 46.43045610625512,
    "hole_7": 59.80267743726793,
    "hole_8": 24.67791283616392,
    "hole_13": 15.079577744448034,
    "hole_2": 25.85993691391644,
    "hole_18": 16.641161551600575
  },
  "total_revenue": 1470.0,
  "total_orders": 50,
  "successful_orders": 49,
  "failed_orders": 0,
  "total_rounds": 31,
  "active_runner_hours": 7.299470071818171
}