{
  "simulation_id": "delivery_dynamic_10",
  "runner_id": "2_runners",
  "revenue_per_round": 33.75,
  "orders_per_runner_hour": 4.986533282031551,
  "on_time_rate": 0.4166666666666667,
  "delivery_cycle_time_p90": 59.254396839894845,
  "delivery_cycle_time_avg": 35.318196203934114,
  "failed_rate": 0.22,
  "second_runner_break_even_orders": 7.219444444444445,
  "queue_wait_avg": 24.702525252525252,
  "runner_utilization_driving_pct": 78.0157899211146,
  "runner_utilization_prep_pct": 0.0,
  "runner_utilization_idle_pct": 21.984210078885397,
  "distance_per_delivery_avg": 898.5361467440812,
  "zone_service_times": {
    "hole_15": 21.82151120134516,
    "hole_14": 14.725835041698065,
    "hole_17": 38.90962173008589,
    "hole_10": 42.62095435931636,
    "hole_18": 38.740819115664166,
    "hole_8": 30.595136599120483,
    "hole_9": 28.08095790855446,
    "hole_7": 23.462009141721925,
    "hole_-1": 44.84470028825285,
    "hole_11": 64.19083676310292,
    "hole_4": 20.461488042000806,
    "hole_16": 37.57785357206146
  },
  "total_revenue": 1080.0,
  "total_orders": 50,
  "successful_orders": 36,
  "failed_orders": 11,
  "total_rounds": 32,
  "active_runner_hours": 7.219444444444444
}