{
  "simulation_id": "delivery_dynamic_03",
  "runner_id": "2_runners",
  "revenue_per_round": 28.333333333333332,
  "orders_per_runner_hour": 4.8,
  "on_time_rate": 0.23529411764705882,
  "delivery_cycle_time_p90": 58.22325599219312,
  "delivery_cycle_time_avg": 39.653453221303906,
  "failed_rate": 0.24,
  "second_runner_break_even_orders": 7.083333333333332,
  "queue_wait_avg": 25.642156862745097,
  "runner_utilization_driving_pct": 86.71221960796626,
  "runner_utilization_prep_pct": 0.0,
  "runner_utilization_idle_pct": 13.287780392033739,
  "distance_per_delivery_avg": 1347.7955764757564,
  "zone_service_times": {
    "hole_14": 14.929693649929323,
    "hole_9": 20.418897095513742,
    "hole_10": 36.134731953403985,
    "hole_5": 39.73930759235963,
    "hole_18": 37.55169097446107,
    "hole_15": 37.36763313785535,
    "hole_11": 52.736993722640605,
    "hole_-1": 46.493075684809064,
    "hole_7": 62.81365511191986,
    "hole_6": 56.72218453720543,
    "hole_16": 42.93811135267994,
    "hole_4": 30.74687252483072
  },
  "total_revenue": 1020.0,
  "total_orders": 50,
  "successful_orders": 34,
  "failed_orders": 12,
  "total_rounds": 36,
  "active_runner_hours": 7.083333333333333
}