{
  "simulation_id": "delivery_dynamic_09",
  "runner_id": "runner_1",
  "revenue_per_round": 24.444444444444443,
  "orders_per_runner_hour": 3.074534161490683,
  "on_time_rate": 0.36363636363636365,
  "delivery_cycle_time_p90": 59.904669178371265,
  "delivery_cycle_time_avg": 40.221953586637895,
  "failed_rate": 0.375,
  "second_runner_break_even_orders": 7.155555555555555,
  "queue_wait_avg": 28.21060606060606,
  "runner_utilization_driving_pct": 29.716532353889818,
  "runner_utilization_prep_pct": 0.0,
  "runner_utilization_idle_pct": 70.28346764611018,
  "distance_per_delivery_avg": 675.8127687466997,
  "zone_service_times": {
    "hole_10": 21.152315700227565,
    "hole_18": 42.99390015020954,
    "hole_13": 53.85198890029551,
    "hole_11": 35.11828704594906,
    "hole_15": 66.13253089073575,
    "hole_9": 22.11485804996943,
    "hole_17": 28.32779346974615
  },
  "total_revenue": 660.0,
  "total_orders": 40,
  "successful_orders": 22,
  "failed_orders": 15,
  "total_rounds": 27,
  "active_runner_hours": 7.155555555555556
}