{
  "simulation_id": "delivery_dynamic_06",
  "runner_id": "runner_1",
  "revenue_per_round": 18.0,
  "orders_per_runner_hour": 2.5516834022445365,
  "on_time_rate": 0.05555555555555555,
  "delivery_cycle_time_p90": 60.240441263770286,
  "delivery_cycle_time_avg": 47.74591833311524,
  "failed_rate": 0.425,
  "second_runner_break_even_orders": 7.054166666666666,
  "queue_wait_avg": 33.7962962962963,
  "runner_utilization_driving_pct": 35.07953905344203,
  "runner_utilization_prep_pct": 0.0,
  "runner_utilization_idle_pct": 64.92046094655797,
  "distance_per_delivery_avg": 1327.073004371167,
  "zone_service_times": {
    "hole_10": 12.495932831680935,
    "hole_3": 38.00010918228272,
    "hole_12": 50.316079327989364,
    "hole_6": 61.777390032361595,
    "hole_18": 51.813726099803574,
    "hole_14": 55.52870012161784,
    "hole_16": 44.47325494257505,
    "hole_-1": 37.21984116058447
  },
  "total_revenue": 540.0,
  "total_orders": 40,
  "successful_orders": 18,
  "failed_orders": 17,
  "total_rounds": 30,
  "active_runner_hours": 7.054166666666666
}