{
  "simulation_id": "delivery_dynamic_09",
  "runner_id": "3_runners",
  "revenue_per_round": 33.333333333333336,
  "orders_per_runner_hour": 2.735344126833972,
  "on_time_rate": 1.0,
  "delivery_cycle_time_p90": 22.322623111852376,
  "delivery_cycle_time_avg": 15.804631545675019,
  "failed_rate": 0.0,
  "second_runner_break_even_orders": 7.311694277805194,
  "queue_wait_avg": 0.15092592592592594,
  "runner_utilization_driving_pct": 56.23623568093705,
  "runner_utilization_prep_pct": 0.0,
  "runner_utilization_idle_pct": 43.76376431906295,
  "distance_per_delivery_avg": 1904.7161993468067,
  "zone_service_times": {
    "hole_9": 12.132293606096225,
    "hole_11": 15.043108509857808,
    "hole_10": 11.712879310407313,
    "hole_-1": 10.414396839894835,
    "hole_2": 22.711683636746983,
    "hole_3": 20.822792476788404,
    "hole_18": 12.420127767741874,
    "hole_13": 16.396904441898066,
    "hole_17": 14.234642161329976,
    "hole_5": 22.168348306983415,
    "hole_15": 11.836005931146186
  },
  "total_revenue": 600.0,
  "total_orders": 20,
  "successful_orders": 20,
  "failed_orders": 0,
  "total_rounds": 18,
  "active_runner_hours": 7.311694277805194
}