{
  "simulation_id": "delivery_dynamic_03",
  "runner_id": "2_runners",
  "revenue_per_round": 30.0,
  "orders_per_runner_hour": 4.12759730026246,
  "on_time_rate": 0.4666666666666667,
  "delivery_cycle_time_p90": 56.345964080100636,
  "delivery_cycle_time_avg": 32.705881518601906,
  "failed_rate": 0.225,
  "second_runner_break_even_orders": 7.268150892067984,
  "queue_wait_avg": 18.232758620689655,
  "runner_utilization_driving_pct": 84.91008554855976,
  "runner_utilization_prep_pct": 0.0,
  "runner_utilization_idle_pct": 15.089914451440237,
  "distance_per_delivery_avg": 1707.1761902502408,
  "zone_service_times": {
    "hole_8": 13.85085561086295,
    "hole_5": 38.604676809831766,
    "hole_17": 33.35508615028326,
    "hole_4": 39.92184059688023,
    "hole_12": 30.471898319013476,
    "hole_6": 30.945285205911752,
    "hole_-1": 42.40884128433928,
    "hole_9": 27.186448563101234,
    "hole_11": 29.879362540883147,
    "hole_18": 47.73857384550817,
    "hole_15": 45.68006924195288,
    "hole_16": 26.13461355663886,
    "hole_7": 15.141692747641597,
    "hole_10": 23.13915688752689
  },
  "total_revenue": 900.0,
  "total_orders": 40,
  "successful_orders": 30,
  "failed_orders": 9,
  "total_rounds": 30,
  "active_runner_hours": 7.268150892067984
}