{
  "simulation_id": "delivery_dynamic_04",
  "runner_id": "runner_1",
  "revenue_per_round": 33.333333333333336,
  "orders_per_runner_hour": 2.8511745413351153,
  "on_time_rate": 0.95,
  "delivery_cycle_time_p90": 28.02856972544304,
  "delivery_cycle_time_avg": 19.61492751017482,
  "failed_rate": 0.0,
  "second_runner_break_even_orders": 7.014652982498444,
  "queue_wait_avg": 8.064912280701755,
  "runner_utilization_driving_pct": 21.02970775020021,
  "runner_utilization_prep_pct": 0.0,
  "runner_utilization_idle_pct": 78.9702922497998,
  "distance_per_delivery_avg": 1406.347807325873,
  "zone_service_times": {
    "hole_8": 21.099435495251086,
    "hole_17": 19.747172971450386,
    "hole_15": 19.335074680611736,
    "hole_16": 13.643826193846811,
    "hole_18": 19.231307010947248,
    "hole_6": 23.327888421409686,
    "hole_-1": 23.20028611043308,
    "hole_10": 17.214648577772188
  },
  "total_revenue": 600.0,
  "total_orders": 20,
  "successful_orders": 20,
  "failed_orders": 0,
  "total_rounds": 18,
  "active_runner_hours": 7.014652982498444
}