{
  "simulation_id": "delivery_dynamic_09",
  "runner_id": "3_runners",
  "revenue_per_round": 37.5,
  "orders_per_runner_hour": 2.8912192674829114,
  "on_time_rate": 1.0,
  "delivery_cycle_time_p90": 13.908856332132194,
  "delivery_cycle_time_avg": 12.633894903040147,
  "failed_rate": 0.0,
  "second_runner_break_even_orders": 6.91749678930853,
  "queue_wait_avg": 0.04607843137254902,
  "runner_utilization_driving_pct": 26.557751890627973,
  "runner_utilization_prep_pct": 0.0,
  "runner_utilization_idle_pct": 73.44224810937203,
  "distance_per_delivery_avg": 1868.2043301889025,
  "zone_service_times": {
    "hole_18": 10.223623394351048,
    "hole_10": 11.30966223365828,
    "hole_7": 13.301284532093813,
    "hole_16": 13.419145393592832,
    "hole_15": 13.469759145268048,
    "hole_9": 10.945538920599695,
    "hole_-1": 13.889217103797364,
    "hole_11": 11.49831223209003,
    "hole_17": 12.7312207838578,
    "hole_8": 12.398405937660451
  },
  "total_revenue": 600.0,
  "total_orders": 20,
  "successful_orders": 20,
  "failed_orders": 0,
  "total_rounds": 16,
  "active_runner_hours": 6.91749678930853
}