{
  "simulation_id": "delivery_dynamic_01",
  "runner_id": "2_runners",
  "revenue_per_round": 40.0,
  "orders_per_runner_hour": 2.760342080438046,
  "on_time_rate": 1.0,
  "delivery_cycle_time_p90": 14.03462627849687,
  "delivery_cycle_time_avg": 12.37252662149174,
  "failed_rate": 0.0,
  "second_runner_break_even_orders": 7.245478791101915,
  "queue_wait_avg": 0.041176470588235294,
  "runner_utilization_driving_pct": 24.427871949768182,
  "runner_utilization_prep_pct": 0.0,
  "runner_utilization_idle_pct": 75.57212805023181,
  "distance_per_delivery_avg": 1683.0191674740481,
  "zone_service_times": {
    "hole_15": 13.527236686966503,
    "hole_17": 12.169101837237697,
    "hole_8": 12.216947068487551,
    "hole_13": 12.993251897035709,
    "hole_12": 11.839168137778234,
    "hole_18": 10.258034235019537,
    "hole_6": 13.95252474730393,
    "hole_7": 13.069624165798935,
    "hole_-1": 15.000766362456245,
    "hole_9": 10.823529541176503
  },
  "total_revenue": 600.0,
  "total_orders": 20,
  "successful_orders": 20,
  "failed_orders": 0,
  "total_rounds": 15,
  "active_runner_hours": 7.245478791101915
}