{
  "success": true,
  "simulation_type": "multi_golfer_single_runner",
  "orders": [
    {
      "order_id": "001",
      "golfer_group_id": 1,
      "golfer_id": "G1",
      "hole_num": 6,
      "order_time_s": 18566,
      "status": "processed",
      "total_completion_time_s": 816.7607260343466
    },
    {
      "order_id": "002",
      "golfer_group_id": 1,
      "golfer_id": "G1",
      "hole_num": 11,
      "order_time_s": 23646,
      "status": "processed",
      "total_completion_time_s": 834.6479930457936
    }
  ],
  "orders_all": [
    {
      "order_id": "001",
      "golfer_group_id": 1,
      "golfer_id": "G1",
      "hole_num": 6,
      "order_time_s": 18566,
      "status": "processed",
      "total_completion_time_s": 816.7607260343466
    },
    {
      "order_id": "002",
      "golfer_group_id": 1,
      "golfer_id": "G1",
      "hole_num": 11,
      "order_time_s": 23646,
      "status": "processed",
      "total_completion_time_s": 834.6479930457936
    }
  ],
  "delivery_stats": [
    {
      "order_id": "001",
      "golfer_group_id": 1,
      "hole_num": 7,
      "placed_hole_num": 6,
      "order_time_s": 18566,
      "queue_delay_s": 4,
      "prep_time_s": 600,
      "delivery_time_s": 476.32998365898385,
      "return_time_s": 476.32998365898385,
      "total_drive_time_s": 952.6599673179677,
      "delivery_distance_m": 2553.1287124121536,
      "total_completion_time_s": 816.7607260343466,
      "delivered_at_time_s": 19382.760726034347,
      "runner_id": "runner_1",
      "order_node_idx": 60,
      "predicted_delivery_node_idx": 83,
      "actual_delivery_node_idx": 83,
      "trip_to_golfer": {
        "nodes": [
          0,
          [
            -84.5928,
            34.0379
          ],
          120,
          119,
          118,
          117,
          116,
          115,
          114,
          113,
          112,
          111,
          110,
          109,
          108,
          107,
          106,
          105,
          104,
          103,
          102,
          101,
          100,
          99,
          98,
          97,
          96,
          95,
          94,
          93,
          92,
          91,
          90,
          89,
          88,
          87,
          86,
          85,
          84,
          83
        ],
        "length_m": 1276.5643562060768,
        "time_s": 212.76072603434613,
        "efficiency": null,
        "routing_type": "optimal"
      },
      "trip_back": {
        "nodes": [
          83,
          84,
          85,
          86,
          87,
          88,
          89,
          90,
          91,
          92,
          93,
          94,
          95,
          96,
          97,
          98,
          99,
          100,
          101,
          102,
          103,
          104,
          105,
          106,
          107,
          108,
          109,
          110,
          111,
          112,
          113,
          114,
          115,
          116,
          117,
          118,
          119,
          120,
          [
            -84.5928,
            34.0379
          ],
          0
        ],
        "length_m": 1276.5643562060768,
        "time_s": 212.76072603434613,
        "efficiency": null,
        "routing_type": "optimal"
      },
      "predicted_delivery_location": [
        -84.59623644461699,
        34.04663510426321
      ]
    },
    {
      "order_id": "002",
      "golfer_group_id": 1,
      "hole_num": 12,
      "placed_hole_num": 11,
      "order_time_s": 23646,
      "queue_delay_s": 4,
      "prep_time_s": 600,
      "delivery_time_s": 516.3761038338638,
      "return_time_s": 516.3761038338638,
      "total_drive_time_s": 1032.7522076677276,
      "delivery_distance_m": 2767.77591654951,
      "total_completion_time_s": 834.6479930457936,
      "delivered_at_time_s": 24480.647993045794,
      "runner_id": "runner_1",
      "order_node_idx": 120,
      "predicted_delivery_node_idx": 167,
      "actual_delivery_node_idx": 168,
      "trip_to_golfer": {
        "nodes": [
          0,
          239,
          238,
          237,
          236,
          235,
          234,
          233,
          201,
          200,
          199,
          198,
          197,
          196,
          195,
          194,
          193,
          192,
          191,
          190,
          189,
          188,
          187,
          186,
          185,
          184,
          183,
          182,
          181,
          180,
          179,
          178,
          177,
          176,
          175,
          174,
          173,
          172,
          171,
          170,
          169,
          168,
          167
        ],
        "length_m": 1383.887958274755,
        "time_s": 230.6479930457925,
        "efficiency": null,
        "routing_type": "optimal"
      },
      "trip_back": {
        "nodes": [
          167,
          168,
          169,
          170,
          171,
          172,
          173,
          174,
          175,
          176,
          177,
          178,
          179,
          180,
          181,
          182,
          183,
          184,
          185,
          186,
          187,
          188,
          189,
          190,
          191,
          192,
          193,
          194,
          195,
          196,
          197,
          198,
          199,
          200,
          201,
          233,
          234,
          235,
          236,
          237,
          238,
          239,
          0
        ],
        "length_m": 1383.887958274755,
        "time_s": 230.6479930457925,
        "efficiency": null,
        "routing_type": "optimal"
      },
      "predicted_delivery_location": [
        -84.59541199269552,
        34.03100155931991
      ]
    }
  ],
  "failed_orders": [],
  "activity_log": [
    {
      "timestamp_s": 0,
      "time_str": "07:00",
      "activity_type": "service_closed",
      "description": "runner_1 waiting 180 minutes until opening",
      "order_id": null,
      "location": "clubhouse",
      "runner_id": "runner_1"
    },
    {
      "timestamp_s": 10800,
      "time_str": "10:00",
      "activity_type": "service_opened",
      "description": "runner_1 started shift",
      "order_id": null,
      "location": "clubhouse",
      "runner_id": "runner_1"
    },
    {
      "timestamp_s": 18570,
      "time_str": "12:09",
      "activity_type": "order_assigned",
      "description": "Assigned Order 001 to runner_1",
      "order_id": "001",
      "location": "clubhouse",
      "runner_id": "runner_1"
    },
    {
      "timestamp_s": 18570,
      "time_str": "12:09",
      "activity_type": "prep_start",
      "description": "runner_1 started prep for Order 001 (Hole 6)",
      "order_id": "001",
      "location": "clubhouse",
      "runner_id": "runner_1"
    },
    {
      "timestamp_s": 19170,
      "time_str": "12:19",
      "activity_type": "prep_complete",
      "description": "runner_1 completed prep for Order 001",
      "order_id": "001",
      "location": "clubhouse",
      "runner_id": "runner_1"
    },
    {
      "timestamp_s": 19170,
      "time_str": "12:19",
      "activity_type": "delivery_start",
      "description": "runner_1 departing to Hole 7 (2553m, 3.5 min)",
      "order_id": "001",
      "location": "clubhouse",
      "runner_id": "runner_1"
    },
    {
      "timestamp_s": 19382.760726034347,
      "time_str": "12:23",
      "activity_type": "delivery_complete",
      "description": "runner_1 delivered Order 001 to Hole 7 (Total completion: 13.6 min)",
      "order_id": "001",
      "location": "hole_7",
      "runner_id": "runner_1"
    },
    {
      "timestamp_s": 19382.760726034347,
      "time_str": "12:23",
      "activity_type": "returning",
      "description": "runner_1 returning to clubhouse from hole_7 (7.9 min)",
      "order_id": "001",
      "location": "hole_7",