{
  "simulation_id": "delivery_dynamic_04",
  "runner_id": "2_runners",
  "revenue_per_round": 36.206896551724135,
  "orders_per_runner_hour": 4.761378502012394,
  "on_time_rate": 0.4857142857142857,
  "delivery_cycle_time_p90": 62.412957017273925,
  "delivery_cycle_time_avg": 35.553456377153125,
  "failed_rate": 0.125,
  "second_runner_break_even_orders": 7.35081237192281,
  "queue_wait_avg": 22.9484375,
  "runner_utilization_driving_pct": 83.51782267872417,
  "runner_utilization_prep_pct": 0.0,
  "runner_utilization_idle_pct": 16.482177321275827,
  "distance_per_delivery_avg": 1536.2013427234526,
  "zone_service_times": {
    "hole_15": 39.52937083060247,
    "hole_14": 23.625307910252104,
    "hole_6": 19.317254615390024,
    "hole_9": 29.750952256724304,
    "hole_10": 39.182218200216425,
    "hole_18": 34.721002133793405,
    "hole_12": 31.58452289873694,
    "hole_17": 36.91270939779124,
    "hole_16": 62.65723649272853,
    "hole_8": 40.5257696907826,
    "hole_13": 62.25010403363752,
    "hole_-1": 20.269841160584473
  },
  "total_revenue": 1050.0,
  "total_orders": 40,
  "successful_orders": 35,
  "failed_orders": 5,
  "total_rounds": 29,
  "active_runner_hours": 7.35081237192281
}