{
  "simulation_id": "delivery_dynamic_02",
  "runner_id": "2_runners",
  "revenue_per_round": 40.3448275862069,
  "orders_per_runner_hour": 5.339418140330862,
  "on_time_rate": 0.41025641025641024,
  "delivery_cycle_time_p90": 58.89048140539264,
  "delivery_cycle_time_avg": 35.577372083263654,
  "failed_rate": 0.16,
  "second_runner_break_even_orders": 7.304166666666666,
  "queue_wait_avg": 24.483333333333334,
  "runner_utilization_driving_pct": 75.23774466838275,
  "runner_utilization_prep_pct": 0.0,
  "runner_utilization_idle_pct": 24.762255331617254,
  "distance_per_delivery_avg": 789.463686643253,
  "zone_service_times": {
    "hole_17": 32.595317694057094,
    "hole_16": 25.236671422609287,
    "hole_10": 39.25045796526592,
    "hole_18": 45.145719032022974,
    "hole_-1": 34.854913878098124,
    "hole_15": 27.378209837799506,
    "hole_9": 24.34327950371562,
    "hole_13": 46.615922192325606,
    "hole_12": 50.631346457918276,
    "hole_7": 14.52631976972031,
    "hole_14": 20.155899904123967,
    "hole_11": 28.200492254955194
  },
  "total_revenue": 1170.0,
  "total_orders": 50,
  "successful_orders": 39,
  "failed_orders": 8,
  "total_rounds": 29,
  "active_runner_hours": 7.304166666666666
}