{
  "variantKey": "front_mid_back",
  "blockedHoles": [
    1,
    2,
    3,
    4,
    5,
    6,
    10,
    11,
    12
  ],
  "deliveryMetrics": {
    "totalOrders": 50,
    "successfulDeliveries": 39,
    "failedDeliveries": 8,
    "avgOrderTime": 35.577372083263654,
    "onTimePercentage": 41.02564102564102,
    "revenue": 1260.0,
    "ordersPerRunnerHour": 3.9,
    "lateOrders": 23,
    "runnerUtilizationPct": 27.477451334098944,
    "totalRunnerDriveMinutes": 329.72941600918733,
    "totalRunnerShiftMinutes": 1200.0,
    "runnerUtilizationByRunner": {
      "runner_1": {
        "driveMinutes": 167.9679391539514,
        "utilizationPct": 27.994656525658566,
        "shiftMinutes": 600.0
      },
      "runner_2": {
        "driveMinutes": 161.76147685523594,
        "utilizationPct": 26.960246142539322,
        "shiftMinutes": 600.0
      }
    }
  },
  "bevCartMetrics": null,
  "hasRunners": true,
  "hasBevCart": false
}