{
  "simulation_id": "delivery_blocked_01",
  "runner_id": "runner_1",
  "revenue_per_round": 1.7857142857142858,
  "orders_per_runner_hour": 0.2,
  "on_time_rate": 0.5,
  "delivery_cycle_time_p90": 45.49601660500866,
  "delivery_cycle_time_avg": 31.17180205325152,
  "failed_rate": 0.45714285714285713,
  "second_runner_break_even_orders": 12.5,
  "queue_wait_avg": 0.0,
  "runner_utilization_driving_pct": 34.84684849924156,
  "runner_utilization_waiting_pct": 20.72675943480484,
  "distance_per_delivery_avg": 1493.7797350426972,
  "zone_service_times": {
    "hole_2": 16.84758750149437,
    "hole_4": 45.49601660500866
  },
  "total_revenue": 50.0,
  "total_orders": 35,
  "successful_orders": 2,
  "failed_orders": 16,
  "total_rounds": 28,
  "active_runner_hours": 10.0
}