{
  "simulation_id": "delivery_dynamic_04",
  "runner_id": "runner_1",
  "revenue_per_round": 23.47826086956522,
  "orders_per_runner_hour": 2.4899135446685876,
  "on_time_rate": 0.2777777777777778,
  "delivery_cycle_time_p90": 58.53660135249889,
  "delivery_cycle_time_avg": 42.76125192463331,
  "failed_rate": 0.3,
  "second_runner_break_even_orders": 7.229166666666668,
  "queue_wait_avg": 28.682407407407407,
  "runner_utilization_driving_pct": 46.56844492945123,
  "runner_utilization_prep_pct": 0.0,
  "runner_utilization_idle_pct": 53.43155507054877,
  "distance_per_delivery_avg": 1370.4917577879032,
  "zone_service_times": {
    "hole_12": 34.193346222388634,
    "hole_8": 35.651346056891455,
    "hole_17": 58.058838285755094,
    "hole_18": 43.791891400593485,
    "hole_9": 55.677395827600385,
    "hole_11": 51.40702370673313,
    "hole_10": 51.242031533594066,
    "hole_15": 40.32279237437585,
    "hole_7": 25.960565728785998,
    "hole_14": 35.826270129619175
  },
  "total_revenue": 540.0,
  "total_orders": 30,
  "successful_orders": 18,
  "failed_orders": 9,
  "total_rounds": 23,
  "active_runner_hours": 7.229166666666667
}