{
  "course": "C:\\Main\\GIT\\simulation\\courses\\pinetree_country_club",
  "tee_scenario": "real_tee_sheet",
  "orders": 30,
  "variant": "back",
  "runners": 1,
  "runs": 10,
  "on_time_mean": 0.24935500515995873,
  "failed_mean": 0.32999999999999996,
  "p90_mean": 60.91605632927188,
  "avg_delivery_time_mean": 40.63182143604294,
  "oph_mean": 2.3797048507631757,
  "on_time_wilson_lo": 0.5100978801359048,
  "on_time_wilson_hi": 0.6215496625310637,
  "total_successful_orders": 170,
  "total_orders": 300,
  "group_dir": "C:\\Main\\GIT\\simulation\\output\\pinetree_country_club\\20250828_082152_real_tee_sheet\\first_pass\\orders_030\\runners_1\\back"
}