{
  "simulation_id": "delivery_dynamic_07",
  "runner_id": "runner_1",
  "revenue_per_round": 10.0,
  "orders_per_runner_hour": 1.546572934973638,
  "on_time_rate": 0.09090909090909091,
  "delivery_cycle_time_p90": 63.39406612848815,
  "delivery_cycle_time_avg": 47.574154381570565,
  "failed_rate": 0.62,
  "second_runner_break_even_orders": 7.1125,
  "queue_wait_avg": 34.0439393939394,
  "runner_utilization_driving_pct": 30.0218111657076,
  "runner_utilization_prep_pct": 0.0,
  "runner_utilization_idle_pct": 69.9781888342924,
  "distance_per_delivery_avg": 1186.152235844067,
  "zone_service_times": {
    "hole_8": 36.83502828928658,
    "hole_7": 36.05135172382543,
    "hole_11": 59.85127797010931,
    "hole_-1": 54.764396839894836,
    "hole_16": 46.53667142260929,
    "hole_12": 47.0105202885398
  },
  "total_revenue": 330.0,
  "total_orders": 50,
  "successful_orders": 11,
  "failed_orders": 31,
  "total_rounds": 33,
  "active_runner_hours": 7.1125
}