{
  "variantKey": "none",
  "blockedHoles": [],
  "deliveryMetrics": {
    "totalOrders": 40,
    "successfulDeliveries": 38,
    "failedDeliveries": 0,
    "avgOrderTime": 24.840892054405334,
    "onTimePercentage": 71.05263157894737,
    "revenue": 1200.0,
    "ordersPerRunnerHour": 3.8,
    "lateOrders": 11,
    "runnerUtilizationPct": 26.253523437607022,
    "totalRunnerDriveMinutes": 472.56342187692644,
    "totalRunnerShiftMinutes": 1800.0,
    "runnerUtilizationByRunner": {
      "runner_1": {
        "driveMinutes": 173.31720791655965,
        "utilizationPct": 28.886201319426608,
        "shiftMinutes": 600.0
      },
      "runner_2": {
        "driveMinutes": 167.97906482906436,
        "utilizationPct": 27.99651080484406,
        "shiftMinutes": 600.0
      },
      "runner_3": {
        "driveMinutes": 131.26714913130246,
        "utilizationPct": 21.877858188550412,
        "shiftMinutes": 600.0
      }
    }
  },
  "bevCartMetrics": null,
  "hasRunners": true,
  "hasBevCart": false
}