{
  "simulation_id": "delivery_dynamic_04",
  "runner_id": "runner_1",
  "revenue_per_round": 37.5,
  "orders_per_runner_hour": 2.9115184157136986,
  "on_time_rate": 0.65,
  "delivery_cycle_time_p90": 43.00854652718829,
  "delivery_cycle_time_avg": 24.938832575843193,
  "failed_rate": 0.0,
  "second_runner_break_even_orders": 6.869267902294004,
  "queue_wait_avg": 13.219298245614034,
  "runner_utilization_driving_pct": 28.40051054435052,
  "runner_utilization_prep_pct": 0.0,
  "runner_utilization_idle_pct": 71.59948945564948,
  "distance_per_delivery_avg": 1713.9594546071048,
  "zone_service_times": {
    "hole_1": 11.048198920876075,
    "hole_4": 34.78308343216434,
    "hole_10": 19.01696470950129,
    "hole_7": 26.966278231721965,
    "hole_14": 24.617765961090058,
    "hole_17": 44.18453059283317,
    "hole_9": 32.22374722189272,
    "hole_13": 34.651585230369044,
    "hole_16": 29.8578214743844,
    "hole_15": 18.55740330456556,
    "hole_11": 11.758645932960887,
    "hole_18": 11.02963919997043,
    "hole_8": 13.58094808740146
  },
  "total_revenue": 600.0,
  "total_orders": 20,
  "successful_orders": 20,
  "failed_orders": 0,
  "total_rounds": 16,
  "active_runner_hours": 6.869267902294004
}