{
  "simulation_id": "delivery_dynamic_01",
  "runner_id": "runner_1",
  "revenue_per_round": 26.842105263157894,
  "orders_per_runner_hour": 2.3684210526315788,
  "on_time_rate": 0.47058823529411764,
  "delivery_cycle_time_p90": 55.96267365242552,
  "delivery_cycle_time_avg": 32.408349138593906,
  "failed_rate": 0.1,
  "second_runner_break_even_orders": 7.177777777777778,
  "queue_wait_avg": 19.622222222222224,
  "runner_utilization_driving_pct": 48.02941886862037,
  "runner_utilization_prep_pct": 0.0,
  "runner_utilization_idle_pct": 51.97058113137963,
  "distance_per_delivery_avg": 1711.793545861672,
  "zone_service_times": {
    "hole_13": 27.943692923645372,
    "hole_2": 24.787120400403303,
    "hole_11": 30.586713046233125,
    "hole_14": 32.94888873090313,
    "hole_18": 23.82805709787996,
    "hole_10": 35.886971075442645,
    "hole_-1": 52.09773017322817,
    "hole_15": 51.57305807442184,
    "hole_4": 21.58096622951495,
    "hole_9": 12.089149000961818,
    "hole_5": 35.730647938276405
  },
  "total_revenue": 510.0,
  "total_orders": 20,
  "successful_orders": 17,
  "failed_orders": 2,
  "total_rounds": 19,
  "active_runner_hours": 7.177777777777778
}