{
  "simulation_id": "delivery_dynamic_04",
  "runner_id": "2_runners",
  "revenue_per_round": 39.130434782608695,
  "orders_per_runner_hour": 4.135244404438755,
  "on_time_rate": 0.6666666666666666,
  "delivery_cycle_time_p90": 51.74356578066771,
  "delivery_cycle_time_avg": 25.712485219756687,
  "failed_rate": 0.0,
  "second_runner_break_even_orders": 7.254710257947057,
  "queue_wait_avg": 10.803448275862069,
  "runner_utilization_driving_pct": 81.44205980588892,
  "runner_utilization_prep_pct": 0.0,
  "runner_utilization_idle_pct": 18.557940194111083,
  "distance_per_delivery_avg": 1770.4350338382446,
  "zone_service_times": {
    "hole_14": 17.211666771819775,
    "hole_15": 14.2918400397128,
    "hole_9": 14.722115755812876,
    "hole_2": 22.306431423504485,
    "hole_6": 39.33816930962263,
    "hole_4": 44.47131053516769,
    "hole_11": 52.33210306782827,
    "hole_13": 62.646904441898066,
    "hole_12": 46.44673019622272,
    "hole_16": 25.760768080922208,
    "hole_18": 23.816165289270003,
    "hole_5": 48.71834811249482,
    "hole_7": 14.626995010592388,
    "hole_3": 26.522310116699433,
    "hole_17": 14.301308827996642,
    "hole_10": 10.434525092190476
  },
  "total_revenue": 900.0,
  "total_orders": 30,
  "successful_orders": 30,
  "failed_orders": 0,
  "total_rounds": 23,
  "active_runner_hours": 7.254710257947057
}