{
  "simulation_id": "delivery_dynamic_08",
  "runner_id": "3_runners",
  "revenue_per_round": 35.294117647058826,
  "orders_per_runner_hour": 2.720318413516586,
  "on_time_rate": 1.0,
  "delivery_cycle_time_p90": 20.054422310868176,
  "delivery_cycle_time_avg": 16.569302371669043,
  "failed_rate": 0.0,
  "second_runner_break_even_orders": 7.352080514040185,
  "queue_wait_avg": 0.04814814814814815,
  "runner_utilization_driving_pct": 60.89310781915904,
  "runner_utilization_prep_pct": 0.0,
  "runner_utilization_idle_pct": 39.10689218084096,
  "distance_per_delivery_avg": 2192.7255968807954,
  "zone_service_times": {
    "hole_17": 15.514976853750401,
    "hole_18": 11.901287278736618,
    "hole_10": 12.22924055533143,
    "hole_9": 12.411007877594178,
    "hole_-1": 20.054422310868176,
    "hole_6": 18.416719695525536,
    "hole_8": 15.402789591082486,
    "hole_4": 20.097564804222777,
    "hole_16": 17.932393631361506,
    "hole_7": 17.128194829555166,
    "hole_3": 17.429592747172986
  },
  "total_revenue": 600.0,
  "total_orders": 20,
  "successful_orders": 20,
  "failed_orders": 0,
  "total_rounds": 17,
  "active_runner_hours": 7.352080514040184
}