{
  "simulation_id": "delivery_dynamic_03",
  "runner_id": "2_runners",
  "revenue_per_round": 30.88235294117647,
  "orders_per_runner_hour": 4.80824270177447,
  "on_time_rate": 0.6857142857142857,
  "delivery_cycle_time_p90": 51.213281555669894,
  "delivery_cycle_time_avg": 26.139985077260416,
  "failed_rate": 0.075,
  "second_runner_break_even_orders": 7.279166666666666,
  "queue_wait_avg": 14.60952380952381,
  "runner_utilization_driving_pct": 82.01803398246142,
  "runner_utilization_prep_pct": 0.0,
  "runner_utilization_idle_pct": 17.981966017538582,
  "distance_per_delivery_avg": 1495.9949859595,
  "zone_service_times": {
    "hole_11": 25.38545319112893,
    "hole_4": 32.78842702815885,
    "hole_18": 27.2326565100358,
    "hole_10": 16.424098458062918,
    "hole_9": 20.236489192805433,
    "hole_15": 17.377541784027258,
    "hole_2": 18.934877455912254,
    "hole_17": 22.090261721414965,
    "hole_16": 22.391532320147963,
    "hole_6": 59.395019166622596,
    "hole_-1": 47.53747015640614,
    "hole_14": 59.87652290625144,
    "hole_3": 16.26235076383297,
    "hole_8": 14.02044110832782
  },
  "total_revenue": 1050.0,
  "total_orders": 40,
  "successful_orders": 35,
  "failed_orders": 3,
  "total_rounds": 34,
  "active_runner_hours": 7.279166666666667
}