{
  "simulation_id": "delivery_dynamic_08",
  "runner_id": "3_runners",
  "revenue_per_round": 41.37931034482759,
  "orders_per_runner_hour": 5.709979060569648,
  "on_time_rate": 0.875,
  "delivery_cycle_time_p90": 35.95899542486224,
  "delivery_cycle_time_avg": 20.61811545812414,
  "failed_rate": 0.0,
  "second_runner_break_even_orders": 7.0052796298712625,
  "queue_wait_avg": 6.150877192982456,
  "runner_utilization_driving_pct": 100.0,
  "runner_utilization_prep_pct": 0.0,
  "runner_utilization_idle_pct": 0.0,
  "distance_per_delivery_avg": 1604.326793929709,
  "zone_service_times": {
    "hole_10": 25.443787271532063,
    "hole_16": 12.748049451750285,
    "hole_17": 13.964705443853624,
    "hole_9": 14.203090900613315,
    "hole_8": 15.822296850377143,
    "hole_15": 17.520413749360415,
    "hole_18": 20.372768471944074,
    "hole_3": 26.863136328405773,
    "hole_-1": 22.469077791226756,
    "hole_5": 27.941144606423688,
    "hole_12": 23.764077780779218,
    "hole_14": 23.13995680528572,
    "hole_4": 23.127308015930492,
    "hole_11": 13.839114235881668
  },
  "total_revenue": 1200.0,
  "total_orders": 40,
  "successful_orders": 40,
  "failed_orders": 0,
  "total_rounds": 29,
  "active_runner_hours": 7.0052796298712625
}