{
  "course": "C:\\Main\\GIT\\simulation\\courses\\pinetree_country_club",
  "tee_scenario": "real_tee_sheet",
  "orders": 40,
  "variant": "mid",
  "runners": 2,
  "runs": 10,
  "on_time_mean": 0.41189662924957043,
  "failed_mean": 0.11000000000000001,
  "p90_mean": 57.97357274145124,
  "avg_delivery_time_mean": 35.50305408248421,
  "oph_mean": 4.807574252996651,
  "on_time_wilson_lo": 0.8334914191139058,
  "on_time_wilson_hi": 0.8994692268423305,
  "total_successful_orders": 348,
  "total_orders": 400,
  "group_dir": "C:\\Main\\GIT\\simulation\\output\\pinetree_country_club\\20250828_082152_real_tee_sheet\\first_pass\\orders_040\\runners_2\\mid"
}