{
  "simulation_id": "delivery_dynamic_08",
  "runner_id": "runner_1",
  "revenue_per_round": 38.0,
  "orders_per_runner_hour": 2.6744868035190614,
  "on_time_rate": 0.6842105263157895,
  "delivery_cycle_time_p90": 48.5069567276844,
  "delivery_cycle_time_avg": 25.241337852150206,
  "failed_rate": 0.0,
  "second_runner_break_even_orders": 7.104166666666668,
  "queue_wait_avg": 13.452777777777778,
  "runner_utilization_driving_pct": 22.076735685048817,
  "runner_utilization_prep_pct": 0.0,
  "runner_utilization_idle_pct": 77.92326431495118,
  "distance_per_delivery_avg": 1797.5527272323577,
  "zone_service_times": {
    "hole_18": 23.715290061017722,
    "hole_6": 13.780559792879831,
    "hole_4": 25.02767096573895,
    "hole_12": 23.4181578102514,
    "hole_14": 34.06062562072781,
    "hole_16": 21.260400570668793,
    "hole_17": 58.325878087305746,
    "hole_8": 12.177553417802361,
    "hole_-1": 24.809841522849577
  },
  "total_revenue": 570.0,
  "total_orders": 20,
  "successful_orders": 19,
  "failed_orders": 0,
  "total_rounds": 15,
  "active_runner_hours": 7.104166666666667
}