{
  "simulation_id": "delivery_dynamic_04",
  "runner_id": "3_runners",
  "revenue_per_round": 35.294117647058826,
  "orders_per_runner_hour": 2.8701343588075194,
  "on_time_rate": 1.0,
  "delivery_cycle_time_p90": 22.825203123310125,
  "delivery_cycle_time_avg": 15.566777090198475,
  "failed_rate": 0.0,
  "second_runner_break_even_orders": 6.968314893909559,
  "queue_wait_avg": 0.049019607843137254,
  "runner_utilization_driving_pct": 64.86898155295535,
  "runner_utilization_prep_pct": 0.0,
  "runner_utilization_idle_pct": 35.13101844704465,
  "distance_per_delivery_avg": 1856.437102306687,
  "zone_service_times": {
    "hole_5": 21.804325882173664,
    "hole_12": 17.73112267808756,
    "hole_8": 13.65974195671584,
    "hole_4": 21.60388370507241,
    "hole_2": 22.894131729811612,
    "hole_9": 12.167379467416353,
    "hole_-1": 10.431063506561502,
    "hole_15": 13.484436087697153,
    "hole_14": 15.23932710619644,
    "hole_10": 12.317112794348184,
    "hole_17": 14.126939238779414
  },
  "total_revenue": 600.0,
  "total_orders": 20,
  "successful_orders": 20,
  "failed_orders": 0,
  "total_rounds": 17,
  "active_runner_hours": 6.968314893909559
}