{
  "simulation_id": "delivery_dynamic_03",
  "runner_id": "3_runners",
  "revenue_per_round": 35.294117647058826,
  "orders_per_runner_hour": 2.933656490731951,
  "on_time_rate": 1.0,
  "delivery_cycle_time_p90": 14.555602582315425,
  "delivery_cycle_time_avg": 12.443604430546875,
  "failed_rate": 0.0,
  "second_runner_break_even_orders": 6.817430760276222,
  "queue_wait_avg": 0.04259259259259259,
  "runner_utilization_driving_pct": 22.761610450762266,
  "runner_utilization_prep_pct": 0.0,
  "runner_utilization_idle_pct": 77.23838954923774,
  "distance_per_delivery_avg": 1731.7951899937482,
  "zone_service_times": {
    "hole_17": 12.71421132789904,
    "hole_13": 13.43333752438475,
    "hole_4": 14.640081008019418,
    "hole_18": 10.224269898752148,
    "hole_16": 13.564218721412331,
    "hole_-1": 14.864761866859832,
    "hole_6": 13.626372659222458,
    "hole_7": 13.24159734010015,
    "hole_15": 13.550524191616509,
    "hole_12": 12.541687096861612,
    "hole_10": 10.606281382343877
  },
  "total_revenue": 600.0,
  "total_orders": 20,
  "successful_orders": 20,
  "failed_orders": 0,
  "total_rounds": 17,
  "active_runner_hours": 6.817430760276222
}