{
  "simulation_id": "delivery_dynamic_05",
  "runner_id": "3_runners",
  "revenue_per_round": 52.94117647058823,
  "orders_per_runner_hour": 4.17584281339527,
  "on_time_rate": 1.0,
  "delivery_cycle_time_p90": 17.950977927490847,
  "delivery_cycle_time_avg": 14.810830239770825,
  "failed_rate": 0.0,
  "second_runner_break_even_orders": 7.184178461834338,
  "queue_wait_avg": 0.8319444444444445,
  "runner_utilization_driving_pct": 78.28626019764688,
  "runner_utilization_prep_pct": 0.0,
  "runner_utilization_idle_pct": 21.713739802353118,
  "distance_per_delivery_avg": 1392.812293896331,
  "zone_service_times": {
    "hole_11": 16.706521324359983,
    "hole_9": 13.108131574429628,
    "hole_12": 17.286277979306266,
    "hole_8": 13.878469940320004,
    "hole_7": 14.694336918131194,
    "hole_16": 13.461186905394728,
    "hole_17": 14.19541253479365,
    "hole_18": 12.041708680582673,
    "hole_14": 17.23029677213696,
    "hole_-1": 11.930876418578292,
    "hole_10": 11.886855710370856,
    "hole_15": 15.355469614822262
  },
  "total_revenue": 900.0,
  "total_orders": 30,
  "successful_orders": 30,
  "failed_orders": 0,
  "total_rounds": 17,
  "active_runner_hours": 7.184178461834338
}