{
  "simulation_id": "delivery_dynamic_04",
  "runner_id": "3_runners",
  "revenue_per_round": 48.38709677419355,
  "orders_per_runner_hour": 6.792984851911803,
  "on_time_rate": 0.66,
  "delivery_cycle_time_p90": 46.61297076795325,
  "delivery_cycle_time_avg": 26.830492485676448,
  "failed_rate": 0.0,
  "second_runner_break_even_orders": 7.360534594145033,
  "queue_wait_avg": 13.110884353741497,
  "runner_utilization_driving_pct": 100.0,
  "runner_utilization_prep_pct": 0.0,
  "runner_utilization_idle_pct": 0.0,
  "distance_per_delivery_avg": 1337.893475187288,
  "zone_service_times": {
    "hole_17": 19.93918503566321,
    "hole_2": 17.474628536833684,
    "hole_8": 28.634467522971548,
    "hole_10": 20.050642370159732,
    "hole_-1": 24.429279566970493,
    "hole_18": 30.265913995620828,
    "hole_15": 17.33555430532617,
    "hole_3": 17.061001121654286,
    "hole_11": 13.660904235553366,
    "hole_4": 24.070718936811105,
    "hole_7": 41.47034276704186,
    "hole_12": 38.687746906177914,
    "hole_9": 37.50613526912216,
    "hole_16": 17.08768243490631,
    "hole_6": 18.19501916662254
  },
  "total_revenue": 1500.0,
  "total_orders": 50,
  "successful_orders": 50,
  "failed_orders": 0,
  "total_rounds": 31,
  "active_runner_hours": 7.360534594145033
}