{
  "variantKey": "back",
  "blockedHoles": [
    10,
    11,
    12
  ],
  "deliveryMetrics": {
    "totalOrders": 50,
    "successfulDeliveries": 50,
    "failedDeliveries": 0,
    "avgOrderTime": 26.83049248567645,
    "onTimePercentage": 66.0,
    "revenue": 1500.0,
    "ordersPerRunnerHour": 5.0,
    "lateOrders": 17,
    "runnerUtilizationPct": 28.057981772381673,
    "totalRunnerDriveMinutes": 505.04367190287013,
    "totalRunnerShiftMinutes": 1800.0,
    "runnerUtilizationByRunner": {
      "runner_2": {
        "driveMinutes": 159.714520115452,
        "utilizationPct": 26.619086685908666,
        "shiftMinutes": 600.0
      },
      "runner_3": {
        "driveMinutes": 152.76677239889258,
        "utilizationPct": 25.46112873314876,
        "shiftMinutes": 600.0
      },
      "runner_1": {
        "driveMinutes": 192.56237938852556,
        "utilizationPct": 32.093729898087595,
        "shiftMinutes": 600.0
      }
    }
  },
  "bevCartMetrics": null,
  "hasRunners": true,
  "hasBevCart": false
}