{
  "simulation_id": "delivery_dynamic_08",
  "runner_id": "2_runners",
  "revenue_per_round": 37.5,
  "orders_per_runner_hour": 4.169499828931205,
  "on_time_rate": 0.9333333333333333,
  "delivery_cycle_time_p90": 29.0033614341365,
  "delivery_cycle_time_avg": 20.427095354497684,
  "failed_rate": 0.0,
  "second_runner_break_even_orders": 7.195107622222903,
  "queue_wait_avg": 6.8594202898550725,
  "runner_utilization_driving_pct": 77.0030516575081,
  "runner_utilization_prep_pct": 0.0,
  "runner_utilization_idle_pct": 22.996948342491905,
  "distance_per_delivery_avg": 1736.5173724445551,
  "zone_service_times": {
    "hole_6": 20.153094378990573,
    "hole_-1": 20.38747015640614,
    "hole_17": 19.934215586012236,
    "hole_11": 20.591572160743514,
    "hole_10": 22.595595023463606,
    "hole_12": 27.871494487905753,
    "hole_18": 20.10168257923138,
    "hole_16": 18.912575981071537,
    "hole_8": 17.40423341605662
  },
  "total_revenue": 900.0,
  "total_orders": 30,
  "successful_orders": 30,
  "failed_orders": 0,
  "total_rounds": 24,
  "active_runner_hours": 7.195107622222903
}