{
  "simulation_id": "delivery_dynamic_04",
  "runner_id": "3_runners",
  "revenue_per_round": 41.37931034482759,
  "orders_per_runner_hour": 5.489189474753581,
  "on_time_rate": 1.0,
  "delivery_cycle_time_p90": 21.252187257397605,
  "delivery_cycle_time_avg": 15.58437753286769,
  "failed_rate": 0.0,
  "second_runner_break_even_orders": 7.287050334839401,
  "queue_wait_avg": 1.017741935483871,
  "runner_utilization_driving_pct": 91.25044659704953,
  "runner_utilization_prep_pct": 0.0,
  "runner_utilization_idle_pct": 8.749553402950468,
  "distance_per_delivery_avg": 1611.330851043544,
  "zone_service_times": {
    "hole_18": 12.377463628185948,
    "hole_16": 18.923261547282163,
    "hole_8": 13.786145689910366,
    "hole_17": 16.285121838519657,
    "hole_2": 15.144231572502576,
    "hole_12": 14.324392046068988,
    "hole_4": 20.220262015029192,
    "hole_13": 21.418655566962176,
    "hole_15": 16.916802002628444,
    "hole_14": 17.8876682394973,
    "hole_10": 14.663561929267718,
    "hole_3": 16.441447112135272,
    "hole_9": 11.952022621024874,
    "hole_11": 13.449053997845658
  },
  "total_revenue": 1200.0,
  "total_orders": 40,
  "successful_orders": 40,
  "failed_orders": 0,
  "total_rounds": 29,
  "active_runner_hours": 7.287050334839401
}