{
  "simulation_id": "delivery_dynamic_10",
  "runner_id": "2_runners",
  "revenue_per_round": 40.645161290322584,
  "orders_per_runner_hour": 5.8684261595187275,
  "on_time_rate": 0.5714285714285714,
  "delivery_cycle_time_p90": 49.909420371236514,
  "delivery_cycle_time_avg": 29.14196584139004,
  "failed_rate": 0.1,
  "second_runner_break_even_orders": 7.156944444444445,
  "queue_wait_avg": 16.581746031746032,
  "runner_utilization_driving_pct": 82.1503575959193,
  "runner_utilization_prep_pct": 0.0,
  "runner_utilization_idle_pct": 17.849642404080697,
  "distance_per_delivery_avg": 860.2338560403873,
  "zone_service_times": {
    "hole_10": 19.747781966093303,
    "hole_15": 17.310393923161033,
    "hole_17": 20.87264703565303,
    "hole_18": 33.09867989019678,
    "hole_9": 30.925725614319607,
    "hole_16": 17.288644883444736,
    "hole_13": 47.48054951224161,
    "hole_14": 65.19197445345817,
    "hole_12": 38.13695018770699,
    "hole_8": 15.993493877389483,
    "hole_11": 22.908040859500034
  },
  "total_revenue": 1260.0,
  "total_orders": 50,
  "successful_orders": 42,
  "failed_orders": 5,
  "total_rounds": 31,
  "active_runner_hours": 7.156944444444444
}