{
  "simulation_id": "delivery_dynamic_09",
  "runner_id": "runner_1",
  "revenue_per_round": 31.666666666666668,
  "orders_per_runner_hour": 2.3704730549298216,
  "on_time_rate": 0.7368421052631579,
  "delivery_cycle_time_p90": 47.7771812847257,
  "delivery_cycle_time_avg": 23.27397261241352,
  "failed_rate": 0.0,
  "second_runner_break_even_orders": 8.015277777777778,
  "queue_wait_avg": 12.298039215686275,
  "runner_utilization_driving_pct": 37.52839566180029,
  "runner_utilization_prep_pct": 0.0,
  "runner_utilization_idle_pct": 62.47160433819971,
  "distance_per_delivery_avg": 1634.7339651482575,
  "zone_service_times": {
    "hole_8": 17.925147189721233,
    "hole_11": 28.872473383885993,
    "hole_3": 13.299727363575979,
    "hole_4": 17.751810684696707,
    "hole_5": 34.49812747268561,
    "hole_18": 23.249403506947903,
    "hole_12": 25.189087660389205,
    "hole_9": 38.625451540470934,
    "hole_16": 11.387587303731259,
    "hole_15": 11.860578624655561,
    "hole_17": 12.500881140243413
  },
  "total_revenue": 570.0,
  "total_orders": 20,
  "successful_orders": 19,
  "failed_orders": 0,
  "total_rounds": 18,
  "active_runner_hours": 8.015277777777778
}