{
  "variantKey": "front_mid_back",
  "blockedHoles": [
    1,
    2,
    3,
    4,
    5,
    6,
    10,
    11,
    12
  ],
  "deliveryMetrics": {
    "totalOrders": 40,
    "successfulDeliveries": 39,
    "failedDeliveries": 0,
    "avgOrderTime": 16.125147890084627,
    "onTimePercentage": 92.3076923076923,
    "revenue": 1200.0,
    "ordersPerRunnerHour": 3.9,
    "lateOrders": 3,
    "runnerUtilizationPct": 19.136233126929387,
    "totalRunnerDriveMinutes": 344.4521962847289,
    "totalRunnerShiftMinutes": 1800.0,
    "runnerUtilizationByRunner": {
      "runner_1": {
        "driveMinutes": 146.40820198250387,
        "utilizationPct": 24.40136699708398,
        "shiftMinutes": 600.0
      },
      "runner_2": {
        "driveMinutes": 112.74645839184551,
        "utilizationPct": 18.791076398640918,
        "shiftMinutes": 600.0
      },
      "runner_3": {
        "driveMinutes": 85.29753591037964,
        "utilizationPct": 14.216255985063272,
        "shiftMinutes": 600.0
      }
    }
  },
  "bevCartMetrics": null,
  "hasRunners": true,
  "hasBevCart": false
}