{
  "variantKey": "front_mid",
  "blockedHoles": [
    1,
    2,
    3,
    4,
    5,
    6
  ],
  "deliveryMetrics": {
    "totalOrders": 40,
    "successfulDeliveries": 40,
    "failedDeliveries": 0,
    "avgOrderTime": 12.64302599469331,
    "onTimePercentage": 100.0,
    "revenue": 1200.0,
    "ordersPerRunnerHour": 4.0,
    "lateOrders": 0,
    "runnerUtilizationPct": 15.740594984164238,
    "totalRunnerDriveMinutes": 283.3307097149563,
    "totalRunnerShiftMinutes": 1800.0,
    "runnerUtilizationByRunner": {
      "runner_1": {
        "driveMinutes": 114.79232060993697,
        "utilizationPct": 19.132053434989494,
        "shiftMinutes": 600.0
      },
      "runner_2": {
        "driveMinutes": 106.18361131880265,
        "utilizationPct": 17.697268553133775,
        "shiftMinutes": 600.0
      },
      "runner_3": {
        "driveMinutes": 62.354777786216715,
        "utilizationPct": 10.392462964369452,
        "shiftMinutes": 600.0
      }
    }
  },
  "bevCartMetrics": null,
  "hasRunners": true,
  "hasBevCart": false
}