{
  "simulation_id": "delivery_dynamic_08",
  "runner_id": "3_runners",
  "revenue_per_round": 42.857142857142854,
  "orders_per_runner_hour": 5.526950633963653,
  "on_time_rate": 0.85,
  "delivery_cycle_time_p90": 37.12616533739732,
  "delivery_cycle_time_avg": 20.004522716463356,
  "failed_rate": 0.0,
  "second_runner_break_even_orders": 7.237263845672164,
  "queue_wait_avg": 6.108823529411764,
  "runner_utilization_driving_pct": 99.43136710025252,
  "runner_utilization_prep_pct": 0.0,
  "runner_utilization_idle_pct": 0.5686328997474845,
  "distance_per_delivery_avg": 1616.8396327316864,
  "zone_service_times": {
    "hole_9": 13.728016362219751,
    "hole_17": 18.34634299462993,
    "hole_14": 21.509714365111893,
    "hole_7": 17.161528162888498,
    "hole_12": 24.5119944527991,
    "hole_6": 20.83519939622044,
    "hole_18": 16.10199212640525,
    "hole_10": 23.96186278520269,
    "hole_15": 28.114341967315404,
    "hole_13": 27.518094359936036,
    "hole_16": 17.11268243490631,
    "hole_-1": 20.387470156406078
  },
  "total_revenue": 1200.0,
  "total_orders": 40,
  "successful_orders": 40,
  "failed_orders": 0,
  "total_rounds": 28,
  "active_runner_hours": 7.237263845672165
}