{
  "simulation_id": "delivery_dynamic_10",
  "runner_id": "3_runners",
  "revenue_per_round": 35.294117647058826,
  "orders_per_runner_hour": 2.795104043274745,
  "on_time_rate": 1.0,
  "delivery_cycle_time_p90": 22.291308439144643,
  "delivery_cycle_time_avg": 15.535839645145535,
  "failed_rate": 0.0,
  "second_runner_break_even_orders": 7.155368705548431,
  "queue_wait_avg": 0.03854166666666667,
  "runner_utilization_driving_pct": 49.76951889797725,
  "runner_utilization_prep_pct": 0.0,
  "runner_utilization_idle_pct": 50.23048110202275,
  "distance_per_delivery_avg": 1849.6821207689027,
  "zone_service_times": {
    "hole_7": 16.159135519395324,
    "hole_15": 13.104540199812632,
    "hole_14": 14.72268256193068,
    "hole_6": 18.07218453720543,
    "hole_3": 20.417102752491427,
    "hole_18": 13.110039941881677,
    "hole_8": 14.178964153253158,
    "hole_16": 12.860768041090825,
    "hole_2": 22.496775737661665,
    "hole_5": 22.739381620046576,
    "hole_17": 14.378727797046668,
    "hole_-1": 10.445688183264064
  },
  "total_revenue": 600.0,
  "total_orders": 20,
  "successful_orders": 20,
  "failed_orders": 0,
  "total_rounds": 17,
  "active_runner_hours": 7.155368705548432
}