{
  "simulation_id": "delivery_dynamic_03",
  "runner_id": "3_runners",
  "revenue_per_round": 41.37931034482759,
  "orders_per_runner_hour": 5.60666019565687,
  "on_time_rate": 0.975,
  "delivery_cycle_time_p90": 22.78800251170459,
  "delivery_cycle_time_avg": 16.434369577846887,
  "failed_rate": 0.0,
  "second_runner_break_even_orders": 7.13437208678805,
  "queue_wait_avg": 2.3035353535353535,
  "runner_utilization_driving_pct": 96.32020225090689,
  "runner_utilization_prep_pct": 0.0,
  "runner_utilization_idle_pct": 3.6797977490931117,
  "distance_per_delivery_avg": 1523.4081781565528,
  "zone_service_times": {
    "hole_18": 14.591414108963171,
    "hole_10": 11.446941888997367,
    "hole_6": 21.633348293165888,
    "hole_13": 18.06585416748872,
    "hole_17": 15.58857944035483,
    "hole_12": 22.147839511002893,
    "hole_7": 16.592051783854792,
    "hole_14": 19.981665689018445,
    "hole_15": 17.23590249803439,
    "hole_9": 11.88352573285544,
    "hole_11": 13.694237568886699,
    "hole_8": 16.0228257157915
  },
  "total_revenue": 1200.0,
  "total_orders": 40,
  "successful_orders": 40,
  "failed_orders": 0,
  "total_rounds": 29,
  "active_runner_hours": 7.13437208678805
}