{
  "simulation_id": "delivery_dynamic_03",
  "runner_id": "2_runners",
  "revenue_per_round": 34.54545454545455,
  "orders_per_runner_hour": 5.364705882352942,
  "on_time_rate": 0.2894736842105263,
  "delivery_cycle_time_p90": 60.63870797170066,
  "delivery_cycle_time_avg": 41.79496894166107,
  "failed_rate": 0.18,
  "second_runner_break_even_orders": 7.083333333333332,
  "queue_wait_avg": 28.39561403508772,
  "runner_utilization_driving_pct": 90.89843378650458,
  "runner_utilization_prep_pct": 0.0,
  "runner_utilization_idle_pct": 9.101566213495417,
  "distance_per_delivery_avg": 1142.1832486086455,
  "zone_service_times": {
    "hole_14": 14.568823855760638,
    "hole_6": 22.94103034354508,
    "hole_10": 30.82505833827095,
    "hole_15": 31.370345625113956,
    "hole_11": 39.41361561772272,
    "hole_16": 51.36383131771527,
    "hole_18": 44.71927051745497,
    "hole_9": 37.262767119170796,
    "hole_-1": 56.017730173228166,
    "hole_7": 54.592339592014284,
    "hole_8": 61.32888767887968,
    "hole_13": 60.62381473872598
  },
  "total_revenue": 1140.0,
  "total_orders": 50,
  "successful_orders": 38,
  "failed_orders": 9,
  "total_rounds": 33,
  "active_runner_hours": 7.083333333333333
}