{
  "simulation_id": "delivery_dynamic_01",
  "runner_id": "3_runners",
  "revenue_per_round": 37.5,
  "orders_per_runner_hour": 2.8692599906211815,
  "on_time_rate": 1.0,
  "delivery_cycle_time_p90": 14.623527173628196,
  "delivery_cycle_time_avg": 12.66795118640408,
  "failed_rate": 0.0,
  "second_runner_break_even_orders": 6.970438393653581,
  "queue_wait_avg": 0.041666666666666664,
  "runner_utilization_driving_pct": 26.128363866429883,
  "runner_utilization_prep_pct": 0.0,
  "runner_utilization_idle_pct": 73.87163613357012,
  "distance_per_delivery_avg": 1893.9248542109303,
  "zone_service_times": {
    "hole_-1": 14.98409969578958,
    "hole_8": 12.37207038986829,
    "hole_9": 10.79019620784317,
    "hole_17": 12.658126805435995,
    "hole_6": 14.256714945388275,
    "hole_2": 11.9072398010762,
    "hole_10": 11.052971418099636,
    "hole_18": 10.624421482405443,
    "hole_4": 14.470740468000319,
    "hole_15": 13.29251004761627,
    "hole_7": 13.420604402397355
  },
  "total_revenue": 600.0,
  "total_orders": 20,
  "successful_orders": 20,
  "failed_orders": 0,
  "total_rounds": 16,
  "active_runner_hours": 6.970438393653581
}