{
  "variantKey": "back",
  "blockedHoles": [
    10,
    11,
    12
  ],
  "deliveryMetrics": {
    "totalOrders": 20,
    "successfulDeliveries": 20,
    "failedDeliveries": 0,
    "avgOrderTime": 12.66795118640408,
    "onTimePercentage": 100.0,
    "revenue": 600.0,
    "ordersPerRunnerHour": 2.0,
    "lateOrders": 0,
    "runnerUtilizationPct": 6.0708716885971254,
    "totalRunnerDriveMinutes": 109.27569039474825,
    "totalRunnerShiftMinutes": 1800.0,
    "runnerUtilizationByRunner": {
      "runner_1": {
        "driveMinutes": 80.52530854182814,
        "utilizationPct": 13.420884756971358,
        "shiftMinutes": 600.0
      },
      "runner_2": {
        "driveMinutes": 23.72728548138459,
        "utilizationPct": 3.9545475802307655,
        "shiftMinutes": 600.0
      },
      "runner_3": {
        "driveMinutes": 5.0230963715355355,
        "utilizationPct": 0.837182728589256,
        "shiftMinutes": 600.0
      }
    }
  },
  "bevCartMetrics": null,
  "hasRunners": true,
  "hasBevCart": false
}