{
  "simulation_id": "delivery_dynamic_04",
  "runner_id": "runner_1",
  "revenue_per_round": 23.68421052631579,
  "orders_per_runner_hour": 2.1576183926311443,
  "on_time_rate": 0.5555555555555556,
  "delivery_cycle_time_p90": 53.82142576182365,
  "delivery_cycle_time_avg": 27.52802319510231,
  "failed_rate": 0.14285714285714285,
  "second_runner_break_even_orders": 10.42816471941639,
  "queue_wait_avg": 20.770833333333332,
  "runner_utilization_driving_pct": 22.727062453081658,
  "runner_utilization_prep_pct": 0.0,
  "runner_utilization_idle_pct": 77.27293754691834,
  "distance_per_delivery_avg": 1183.745592878235,
  "zone_service_times": {
    "hole_11": 21.279715942942687,
    "hole_17": 22.393514066466736,
    "hole_14": 48.575291466587565,
    "hole_18": 38.56309242849032,
    "hole_9": 22.428589329760023,
    "hole_16": 18.626118803960225
  },
  "total_revenue": 450.0,
  "total_orders": 21,
  "successful_orders": 18,
  "failed_orders": 3,
  "total_rounds": 19,
  "active_runner_hours": 8.342531775533113
}