{
  "simulation_id": "delivery_dynamic_07",
  "runner_id": "2_runners",
  "revenue_per_round": 37.5,
  "orders_per_runner_hour": 2.8017122446032543,
  "on_time_rate": 0.95,
  "delivery_cycle_time_p90": 27.721331497325338,
  "delivery_cycle_time_avg": 18.884016713505464,
  "failed_rate": 0.0,
  "second_runner_break_even_orders": 7.138491841381864,
  "queue_wait_avg": 4.040350877192982,
  "runner_utilization_driving_pct": 52.46747641900241,
  "runner_utilization_prep_pct": 0.0,
  "runner_utilization_idle_pct": 47.53252358099759,
  "distance_per_delivery_avg": 1695.3496157378354,
  "zone_service_times": {
    "hole_18": 16.591679771948282,
    "hole_4": 19.24502144845325,
    "hole_9": 12.503155859472098,
    "hole_11": 18.09231263754021,
    "hole_10": 23.509661090147834,
    "hole_12": 26.696146774767378,
    "hole_14": 20.37821888254915,
    "hole_16": 17.841532320147962,
    "hole_17": 14.367906208421726,
    "hole_13": 16.89470088742734
  },
  "total_revenue": 600.0,
  "total_orders": 20,
  "successful_orders": 20,
  "failed_orders": 0,
  "total_rounds": 16,
  "active_runner_hours": 7.138491841381864
}