{
  "simulation_id": "delivery_dynamic_01",
  "runner_id": "3_runners",
  "revenue_per_round": 45.9375,
  "orders_per_runner_hour": 6.706435816218175,
  "on_time_rate": 0.42857142857142855,
  "delivery_cycle_time_p90": 57.8122974865865,
  "delivery_cycle_time_avg": 33.329918959274146,
  "failed_rate": 0.02,
  "second_runner_break_even_orders": 7.306414516262617,
  "queue_wait_avg": 19.438652482269504,
  "runner_utilization_driving_pct": 100.0,
  "runner_utilization_prep_pct": 0.0,
  "runner_utilization_idle_pct": 0.0,
  "distance_per_delivery_avg": 1574.052770316112,
  "zone_service_times": {
    "hole_8": 44.06180324787191,
    "hole_17": 18.8211517081602,
    "hole_-1": 33.10726990958222,
    "hole_7": 40.99849127598859,
    "hole_4": 28.193599757103584,
    "hole_16": 32.09500475819296,
    "hole_9": 28.126303741129007,
    "hole_11": 52.31669803954343,
    "hole_10": 43.552746858316624,
    "hole_6": 52.09579946862553,
    "hole_12": 60.8690468235042,
    "hole_5": 38.58719834006722,
    "hole_13": 15.09624441111476,
    "hole_15": 13.430930503110357,
    "hole_18": 12.811390431213294,
    "hole_2": 22.51344240432833
  },
  "total_revenue": 1470.0,
  "total_orders": 50,
  "successful_orders": 49,
  "failed_orders": 1,
  "total_rounds": 32,
  "active_runner_hours": 7.306414516262616
}