{
  "simulation_id": "delivery_dynamic_01",
  "runner_id": "runner_1",
  "revenue_per_round": 28.5,
  "orders_per_runner_hour": 2.7078384798099764,
  "on_time_rate": 0.3157894736842105,
  "delivery_cycle_time_p90": 58.531063506561495,
  "delivery_cycle_time_avg": 37.804080563256726,
  "failed_rate": 0.26666666666666666,
  "second_runner_break_even_orders": 7.016666666666667,
  "queue_wait_avg": 28.974509803921567,
  "runner_utilization_driving_pct": 41.001336327784585,
  "runner_utilization_prep_pct": 0.0,
  "runner_utilization_idle_pct": 58.998663672215415,
  "distance_per_delivery_avg": 631.5184376753109,
  "zone_service_times": {
    "hole_9": 16.471732270966633,
    "hole_18": 44.7348398444095,
    "hole_-1": 42.167174617672615,
    "hole_11": 49.78055045239395,
    "hole_10": 21.325992724761818
  },
  "total_revenue": 570.0,
  "total_orders": 30,
  "successful_orders": 19,
  "failed_orders": 8,
  "total_rounds": 20,
  "active_runner_hours": 7.016666666666667
}