{
  "simulation_id": "delivery_dynamic_06",
  "runner_id": "2_runners",
  "revenue_per_round": 42.857142857142854,
  "orders_per_runner_hour": 2.969724682301036,
  "on_time_rate": 1.0,
  "delivery_cycle_time_p90": 14.98022015399267,
  "delivery_cycle_time_avg": 12.770774010196883,
  "failed_rate": 0.0,
  "second_runner_break_even_orders": 6.734631031353173,
  "queue_wait_avg": 0.3464285714285714,
  "runner_utilization_driving_pct": 27.362419631008354,
  "runner_utilization_prep_pct": 0.0,
  "runner_utilization_idle_pct": 72.63758036899165,
  "distance_per_delivery_avg": 1820.3572873417563,
  "zone_service_times": {
    "hole_10": 10.550296898567801,
    "hole_-1": 15.069448940733945,
    "hole_8": 13.389578222476192,
    "hole_14": 13.44337056254814,
    "hole_18": 10.601631297160779,
    "hole_6": 14.177161073321198,
    "hole_17": 12.473687287683681,
    "hole_16": 13.171678355582692,
    "hole_13": 13.636932938647684,
    "hole_9": 10.705639658968115
  },
  "total_revenue": 600.0,
  "total_orders": 20,
  "successful_orders": 20,
  "failed_orders": 0,
  "total_rounds": 14,
  "active_runner_hours": 6.734631031353173
}