{
  "simulation_id": "delivery_dynamic_07",
  "runner_id": "runner_1",
  "revenue_per_round": 30.0,
  "orders_per_runner_hour": 2.7695629798202543,
  "on_time_rate": 0.7,
  "delivery_cycle_time_p90": 40.387063485252995,
  "delivery_cycle_time_avg": 25.46253702272798,
  "failed_rate": 0.0,
  "second_runner_break_even_orders": 7.2213559127288764,
  "queue_wait_avg": 14.975,
  "runner_utilization_driving_pct": 20.189772135484393,
  "runner_utilization_prep_pct": 0.0,
  "runner_utilization_idle_pct": 79.81022786451561,
  "distance_per_delivery_avg": 1429.2266563641363,
  "zone_service_times": {
    "hole_18": 20.76933924490622,
    "hole_16": 24.169145390051987,
    "hole_8": 30.131970648523588,
    "hole_4": 27.768914936341346,
    "hole_2": 23.219758982373666,
    "hole_17": 29.491554060355096,
    "hole_15": 13.29251004761633,
    "hole_12": 39.72579920817698
  },
  "total_revenue": 600.0,
  "total_orders": 20,
  "successful_orders": 20,
  "failed_orders": 0,
  "total_rounds": 20,
  "active_runner_hours": 7.2213559127288764
}