{
  "simulation_id": "delivery_dynamic_07",
  "runner_id": "3_runners",
  "revenue_per_round": 46.875,
  "orders_per_runner_hour": 6.790881858516397,
  "on_time_rate": 0.76,
  "delivery_cycle_time_p90": 37.65353515390812,
  "delivery_cycle_time_avg": 22.990551781128318,
  "failed_rate": 0.0,
  "second_runner_break_even_orders": 7.3628139970209245,
  "queue_wait_avg": 9.388768115942028,
  "runner_utilization_driving_pct": 100.0,
  "runner_utilization_prep_pct": 0.0,
  "runner_utilization_idle_pct": 0.0,
  "distance_per_delivery_avg": 1462.5693984591144,
  "zone_service_times": {
    "hole_17": 22.24894651355397,
    "hole_13": 22.7673177711114,
    "hole_14": 27.355499713535067,
    "hole_16": 22.912896807372736,
    "hole_9": 22.304624921427703,
    "hole_12": 14.422845996911398,
    "hole_15": 27.97442582572906,
    "hole_11": 17.875645970873546,
    "hole_18": 26.296100097061142,
    "hole_8": 19.100318651947678,
    "hole_10": 26.51991933943879,
    "hole_7": 17.31249070452856,
    "hole_-1": 35.30775595092806,
    "hole_6": 21.37414425091265
  },
  "total_revenue": 1500.0,
  "total_orders": 50,
  "successful_orders": 50,
  "failed_orders": 0,
  "total_rounds": 32,
  "active_runner_hours": 7.3628139970209245
}