{
  "simulation_id": "delivery_dynamic_10",
  "runner_id": "2_runners",
  "revenue_per_round": 29.142857142857142,
  "orders_per_runner_hour": 4.684270952927669,
  "on_time_rate": 0.5,
  "delivery_cycle_time_p90": 58.00088389696035,
  "delivery_cycle_time_avg": 35.61893865761719,
  "failed_rate": 0.28,
  "second_runner_break_even_orders": 7.258333333333334,
  "queue_wait_avg": 22.809895833333332,
  "runner_utilization_driving_pct": 90.63115413633675,
  "runner_utilization_prep_pct": 0.0,
  "runner_utilization_idle_pct": 9.368845863663253,
  "distance_per_delivery_avg": 1394.6692713123166,
  "zone_service_times": {
    "hole_-1": 42.48072317490082,
    "hole_5": 26.757445881605825,
    "hole_14": 26.58126992264473,
    "hole_10": 45.03269684907247,
    "hole_4": 27.82703217901902,
    "hole_17": 40.874986712698835,
    "hole_16": 30.468521085551686,
    "hole_6": 44.755854872160874,
    "hole_9": 33.32585001180103,
    "hole_11": 44.112331177047,
    "hole_18": 21.625412843730313,
    "hole_3": 27.425436085824792
  },
  "total_revenue": 1020.0,
  "total_orders": 50,
  "successful_orders": 34,
  "failed_orders": 14,
  "total_rounds": 35,
  "active_runner_hours": 7.258333333333334
}