{
  "simulation_id": "delivery_dynamic_10",
  "runner_id": "runner_1",
  "revenue_per_round": 23.181818181818183,
  "orders_per_runner_hour": 2.3332062523827677,
  "on_time_rate": 0.29411764705882354,
  "delivery_cycle_time_p90": 57.3584995438913,
  "delivery_cycle_time_avg": 37.4625917870892,
  "failed_rate": 0.3333333333333333,
  "second_runner_break_even_orders": 7.2861111111111105,
  "queue_wait_avg": 23.449019607843137,
  "runner_utilization_driving_pct": 42.839118435715314,
  "runner_utilization_prep_pct": 0.0,
  "runner_utilization_idle_pct": 57.160881564284686,
  "distance_per_delivery_avg": 1348.5602522266772,
  "zone_service_times": {
    "hole_3": 21.39382580007229,
    "hole_8": 23.668677375395397,
    "hole_-1": 53.63508985724076,
    "hole_18": 44.899905919825464,
    "hole_5": 26.01705324903584,
    "hole_12": 50.05523165234681,
    "hole_4": 31.628154708667473,
    "hole_10": 36.40456814335636,
    "hole_9": 14.714549369055627
  },
  "total_revenue": 510.0,
  "total_orders": 30,
  "successful_orders": 17,
  "failed_orders": 10,
  "total_rounds": 22,
  "active_runner_hours": 7.286111111111111
}