{
  "simulation_id": "delivery_dynamic_01",
  "runner_id": "3_runners",
  "revenue_per_round": 41.37931034482759,
  "orders_per_runner_hour": 5.433989974538818,
  "on_time_rate": 0.725,
  "delivery_cycle_time_p90": 37.65840740085879,
  "delivery_cycle_time_avg": 23.330420632098992,
  "failed_rate": 0.0,
  "second_runner_break_even_orders": 7.361073573455534,
  "queue_wait_avg": 8.86111111111111,
  "runner_utilization_driving_pct": 100.0,
  "runner_utilization_prep_pct": 0.0,
  "runner_utilization_idle_pct": 0.0,
  "distance_per_delivery_avg": 1799.421332385263,
  "zone_service_times": {
    "hole_17": 20.176729529200717,
    "hole_18": 22.33323501192218,
    "hole_13": 28.42139862561057,
    "hole_6": 19.283247055795968,
    "hole_15": 29.343086000499532,
    "hole_9": 20.21121878772107,
    "hole_8": 22.730064190863537,
    "hole_7": 20.952713666268725,
    "hole_12": 35.220764753051235,
    "hole_16": 31.39024571765179,
    "hole_10": 14.6635619594205,
    "hole_14": 16.795366788284447
  },
  "total_revenue": 1200.0,
  "total_orders": 40,
  "successful_orders": 40,
  "failed_orders": 0,
  "total_rounds": 29,
  "active_runner_hours": 7.361073573455534
}