{
  "simulation_id": "delivery_dynamic_03",
  "runner_id": "3_runners",
  "revenue_per_round": 41.37931034482759,
  "orders_per_runner_hour": 5.668932293825222,
  "on_time_rate": 1.0,
  "delivery_cycle_time_p90": 22.18968248918677,
  "delivery_cycle_time_avg": 15.95970793006568,
  "failed_rate": 0.0,
  "second_runner_break_even_orders": 7.0560024228141245,
  "queue_wait_avg": 1.83989898989899,
  "runner_utilization_driving_pct": 93.98847532693037,
  "runner_utilization_prep_pct": 0.0,
  "runner_utilization_idle_pct": 6.01152467306963,
  "distance_per_delivery_avg": 1492.4418645020694,
  "zone_service_times": {
    "hole_17": 15.246786812084702,
    "hole_12": 16.308456527894542,
    "hole_18": 13.564417130490966,
    "hole_15": 18.45016002988232,
    "hole_14": 19.505405698835723,
    "hole_4": 19.514310618881154,
    "hole_11": 24.094002402097672,
    "hole_10": 12.318522584153834,
    "hole_3": 17.739850975845727,
    "hole_-1": 25.538432684484665,
    "hole_1": 13.62801204096886,
    "hole_9": 11.887202937133143,
    "hole_13": 16.806197040151254,
    "hole_2": 13.163193406308043,
    "hole_8": 13.852812356577003
  },
  "total_revenue": 1200.0,
  "total_orders": 40,
  "successful_orders": 40,
  "failed_orders": 0,
  "total_rounds": 29,
  "active_runner_hours": 7.0560024228141245
}