{
  "simulation_id": "delivery_dynamic_06",
  "runner_id": "runner_1",
  "revenue_per_round": 42.857142857142854,
  "orders_per_runner_hour": 2.4398682845943314,
  "on_time_rate": 0.7,
  "delivery_cycle_time_p90": 46.51646178154547,
  "delivery_cycle_time_avg": 22.36801181047814,
  "failed_rate": 0.0,
  "second_runner_break_even_orders": 8.197163808506708,
  "queue_wait_avg": 11.451234567901233,
  "runner_utilization_driving_pct": 36.68375289749564,
  "runner_utilization_prep_pct": 0.0,
  "runner_utilization_idle_pct": 63.31624710250436,
  "distance_per_delivery_avg": 1484.5685035442627,
  "zone_service_times": {
    "hole_13": 12.250335290584584,
    "hole_4": 28.15467273859284,
    "hole_2": 13.781648444179185,
    "hole_9": 13.420213349232988,
    "hole_10": 11.712793065690555,
    "hole_11": 16.005806716981958,
    "hole_15": 32.3105786246555,
    "hole_14": 27.98096759782917,
    "hole_12": 36.58107223269993,
    "hole_5": 24.04339725873724,
    "hole_18": 27.51954800030329,
    "hole_16": 11.290449205314872
  },
  "total_revenue": 600.0,
  "total_orders": 20,
  "successful_orders": 20,
  "failed_orders": 0,
  "total_rounds": 14,
  "active_runner_hours": 8.197163808506708
}