{
  "variantKey": "mid_back",
  "blockedHoles": [
    4,
    5,
    6,
    10,
    11,
    12
  ],
  "deliveryMetrics": {
    "totalOrders": 40,
    "successfulDeliveries": 40,
    "failedDeliveries": 0,
    "avgOrderTime": 13.22885911252475,
    "onTimePercentage": 100.0,
    "revenue": 1200.0,
    "ordersPerRunnerHour": 4.0,
    "lateOrders": 0,
    "runnerUtilizationPct": 20.900754021805078,
    "totalRunnerDriveMinutes": 376.2135723924914,
    "totalRunnerShiftMinutes": 1800.0,
    "runnerUtilizationByRunner": {
      "runner_1": {
        "driveMinutes": 186.6583426251361,
        "utilizationPct": 31.109723770856018,
        "shiftMinutes": 600.0
      },
      "runner_2": {
        "driveMinutes": 108.80681736360809,
        "utilizationPct": 18.13446956060135,
        "shiftMinutes": 600.0
      },
      "runner_3": {
        "driveMinutes": 80.74841240374708,
        "utilizationPct": 13.458068733957848,
        "shiftMinutes": 600.0
      }
    }
  },
  "bevCartMetrics": null,
  "hasRunners": true,
  "hasBevCart": false
}