{
  "simulation_id": "delivery_dynamic_10",
  "runner_id": "3_runners",
  "revenue_per_round": 40.0,
  "orders_per_runner_hour": 2.8267845340331066,
  "on_time_rate": 1.0,
  "delivery_cycle_time_p90": 15.044203474173093,
  "delivery_cycle_time_avg": 12.892989648246738,
  "failed_rate": 0.0,
  "second_runner_break_even_orders": 7.075176674843717,
  "queue_wait_avg": 0.047435897435897434,
  "runner_utilization_driving_pct": 43.77147582532538,
  "runner_utilization_prep_pct": 0.0,
  "runner_utilization_idle_pct": 56.22852417467462,
  "distance_per_delivery_avg": 961.684521810908,
  "zone_service_times": {
    "hole_14": 14.83714285873085,
    "hole_18": 13.619550010631308,
    "hole_9": 12.134578747701278,
    "hole_10": 11.184767049613159,
    "hole_-1": 10.588095098219068,
    "hole_16": 11.628994834225463,
    "hole_15": 13.501102761449086,
    "hole_13": 15.079577744448095,
    "hole_17": 14.14360590544602
  },
  "total_revenue": 600.0,
  "total_orders": 20,
  "successful_orders": 20,
  "failed_orders": 0,
  "total_rounds": 15,
  "active_runner_hours": 7.075176674843717
}