{
  "simulation_id": "delivery_dynamic_04",
  "runner_id": "3_runners",
  "revenue_per_round": 37.5,
  "orders_per_runner_hour": 2.7854731536591797,
  "on_time_rate": 1.0,
  "delivery_cycle_time_p90": 23.155483046792373,
  "delivery_cycle_time_avg": 14.370219737347588,
  "failed_rate": 0.0,
  "second_runner_break_even_orders": 7.180108691310377,
  "queue_wait_avg": 0.20277777777777778,
  "runner_utilization_driving_pct": 53.70704268168339,
  "runner_utilization_prep_pct": 0.0,
  "runner_utilization_idle_pct": 46.29295731831661,
  "distance_per_delivery_avg": 1407.0738317487885,
  "zone_service_times": {
    "hole_10": 10.483335157832213,
    "hole_2": 23.284462224266765,
    "hole_9": 12.579900192591921,
    "hole_4": 24.257288531031918,
    "hole_16": 13.007717705801163,
    "hole_6": 18.04660760500589,
    "hole_5": 21.994670449522832,
    "hole_18": 12.705644574349996,
    "hole_-1": 10.525320863022717,
    "hole_14": 14.905899904123968
  },
  "total_revenue": 600.0,
  "total_orders": 20,
  "successful_orders": 20,
  "failed_orders": 0,
  "total_rounds": 16,
  "active_runner_hours": 7.180108691310377
}