{
  "variantKey": "back",
  "blockedHoles": [
    10,
    11,
    12
  ],
  "deliveryMetrics": {
    "totalOrders": 20,
    "successfulDeliveries": 20,
    "failedDeliveries": 0,
    "avgOrderTime": 14.370219737347588,
    "onTimePercentage": 100.0,
    "revenue": 600.0,
    "ordersPerRunnerHour": 2.0,
    "lateOrders": 0,
    "runnerUtilizationPct": 12.854080131444409,
    "totalRunnerDriveMinutes": 231.37344236599935,
    "totalRunnerShiftMinutes": 1800.0,
    "runnerUtilizationByRunner": {
      "runner_1": {
        "driveMinutes": 116.17144396246009,
        "utilizationPct": 19.36190732707668,
        "shiftMinutes": 600.0
      },
      "runner_2": {
        "driveMinutes": 79.56829141013567,
        "utilizationPct": 13.261381901689278,
        "shiftMinutes": 600.0
      },
      "runner_3": {
        "driveMinutes": 35.63370699340363,
        "utilizationPct": 5.938951165567271,
        "shiftMinutes": 600.0
      }
    }
  },
  "bevCartMetrics": null,
  "hasRunners": true,
  "hasBevCart": false
}