{
  "simulation_id": "delivery_dynamic_06",
  "runner_id": "runner_1",
  "revenue_per_round": 30.0,
  "orders_per_runner_hour": 2.4500872760795778,
  "on_time_rate": 0.5,
  "delivery_cycle_time_p90": 64.04492423649586,
  "delivery_cycle_time_avg": 32.520807441039636,
  "failed_rate": 0.1,
  "second_runner_break_even_orders": 7.346677065643995,
  "queue_wait_avg": 19.0,
  "runner_utilization_driving_pct": 42.194491445105534,
  "runner_utilization_prep_pct": 0.0,
  "runner_utilization_idle_pct": 57.805508554894466,
  "distance_per_delivery_avg": 1182.9913001893153,
  "zone_service_times": {
    "hole_15": 25.49249382570487,
    "hole_16": 24.271739560335156,
    "hole_4": 30.750277439734237,
    "hole_-1": 25.99773017322817,
    "hole_11": 39.25371841126965,
    "hole_12": 67.33856498568015,
    "hole_8": 63.678964153253155,
    "hole_10": 13.30823286393461
  },
  "total_revenue": 540.0,
  "total_orders": 20,
  "successful_orders": 18,
  "failed_orders": 2,
  "total_rounds": 18,
  "active_runner_hours": 7.346677065643995
}