{
  "simulation_id": "delivery_dynamic_04",
  "runner_id": "3_runners",
  "revenue_per_round": 46.15384615384615,
  "orders_per_runner_hour": 5.576910472972319,
  "on_time_rate": 1.0,
  "delivery_cycle_time_p90": 21.198948517246908,
  "delivery_cycle_time_avg": 16.062911818348883,
  "failed_rate": 0.0,
  "second_runner_break_even_orders": 7.172430002929786,
  "queue_wait_avg": 1.8894736842105264,
  "runner_utilization_driving_pct": 92.22977167717298,
  "runner_utilization_prep_pct": 0.0,
  "runner_utilization_idle_pct": 7.770228322827023,
  "distance_per_delivery_avg": 1434.0183709652238,
  "zone_service_times": {
    "hole_15": 15.253001404526058,
    "hole_5": 21.121880995354285,
    "hole_17": 14.633276801904042,
    "hole_14": 16.727318044426852,
    "hole_18": 15.927667351722132,
    "hole_-1": 13.573636466439275,
    "hole_6": 19.313970872086998,
    "hole_8": 17.994600501361997,
    "hole_13": 15.374275941807355,
    "hole_9": 13.040871556464662,
    "hole_7": 15.712726102330999,
    "hole_16": 12.591038271025173
  },
  "total_revenue": 1200.0,
  "total_orders": 40,
  "successful_orders": 40,
  "failed_orders": 0,
  "total_rounds": 26,
  "active_runner_hours": 7.172430002929786
}