{
  "simulation_id": "delivery_dynamic_01",
  "runner_id": "3_runners",
  "revenue_per_round": 33.333333333333336,
  "orders_per_runner_hour": 2.746481307372247,
  "on_time_rate": 1.0,
  "delivery_cycle_time_p90": 19.075922636444623,
  "delivery_cycle_time_avg": 15.14478178791659,
  "failed_rate": 0.0,
  "second_runner_break_even_orders": 7.2820448281643015,
  "queue_wait_avg": 0.0425,
  "runner_utilization_driving_pct": 54.416931663903114,
  "runner_utilization_prep_pct": 0.0,
  "runner_utilization_idle_pct": 45.583068336096886,
  "distance_per_delivery_avg": 1714.3666807399754,
  "zone_service_times": {
    "hole_17": 15.722195491791616,
    "hole_13": 16.328810809585256,
    "hole_18": 11.478268064411925,
    "hole_6": 19.149630625497835,
    "hole_16": 17.463320805396144,
    "hole_9": 12.63697046435594,
    "hole_12": 14.22342978421475,
    "hole_15": 17.58683755346392,
    "hole_10": 11.15777906835962
  },
  "total_revenue": 600.0,
  "total_orders": 20,
  "successful_orders": 20,
  "failed_orders": 0,
  "total_rounds": 18,
  "active_runner_hours": 7.2820448281643015
}