{
  "simulation_id": "delivery_dynamic_09",
  "runner_id": "2_runners",
  "revenue_per_round": 40.90909090909091,
  "orders_per_runner_hour": 4.137880723833135,
  "on_time_rate": 0.9,
  "delivery_cycle_time_p90": 29.761703849771397,
  "delivery_cycle_time_avg": 16.830685796252652,
  "failed_rate": 0.0,
  "second_runner_break_even_orders": 7.250088149522453,
  "queue_wait_avg": 4.843827160493827,
  "runner_utilization_driving_pct": 58.36690995563384,
  "runner_utilization_prep_pct": 0.0,
  "runner_utilization_idle_pct": 41.63309004436616,
  "distance_per_delivery_avg": 830.3370942075546,
  "zone_service_times": {
    "hole_15": 13.309498852199097,
    "hole_18": 15.501125558781332,
    "hole_7": 14.71100358479786,
    "hole_17": 21.22317221807294,
    "hole_-1": 19.10761792043824,
    "hole_8": 18.382740679192164,
    "hole_10": 25.34755691937744,
    "hole_16": 16.87467886889865,
    "hole_9": 12.1068064691166,
    "hole_14": 15.118271522824063
  },
  "total_revenue": 900.0,
  "total_orders": 30,
  "successful_orders": 30,
  "failed_orders": 0,
  "total_rounds": 22,
  "active_runner_hours": 7.250088149522453
}