{
  "simulation_id": "delivery_dynamic_02",
  "runner_id": "3_runners",
  "revenue_per_round": 39.130434782608695,
  "orders_per_runner_hour": 4.236644088302058,
  "on_time_rate": 1.0,
  "delivery_cycle_time_p90": 19.315147829557123,
  "delivery_cycle_time_avg": 13.49010438220829,
  "failed_rate": 0.0,
  "second_runner_break_even_orders": 7.081076289328626,
  "queue_wait_avg": 1.4034722222222222,
  "runner_utilization_driving_pct": 60.98767702367668,
  "runner_utilization_prep_pct": 0.0,
  "runner_utilization_idle_pct": 39.01232297632332,
  "distance_per_delivery_avg": 795.4217390886525,
  "zone_service_times": {
    "hole_14": 15.08260107261658,
    "hole_15": 13.93043972280577,
    "hole_18": 12.242547471991687,
    "hole_16": 11.82449979508404,
    "hole_-1": 10.514209751911626,
    "hole_9": 15.31139611816158,
    "hole_8": 14.007393376059614,
    "hole_10": 11.292659391428485,
    "hole_17": 14.36206113038
  },
  "total_revenue": 900.0,
  "total_orders": 30,
  "successful_orders": 30,
  "failed_orders": 0,
  "total_rounds": 23,
  "active_runner_hours": 7.081076289328626
}