{
  "variantKey": "front_mid_back",
  "blockedHoles": [
    1,
    2,
    3,
    4,
    5,
    6,
    10,
    11,
    12
  ],
  "deliveryMetrics": {
    "totalOrders": 30,
    "successfulDeliveries": 30,
    "failedDeliveries": 0,
    "avgOrderTime": 13.490104382208292,
    "onTimePercentage": 100.0,
    "revenue": 900.0,
    "ordersPerRunnerHour": 3.0,
    "lateOrders": 0,
    "runnerUtilizationPct": 14.395279790452973,
    "totalRunnerDriveMinutes": 259.1150362281535,
    "totalRunnerShiftMinutes": 1800.0,
    "runnerUtilizationByRunner": {
      "runner_1": {
        "driveMinutes": 111.56033874484916,
        "utilizationPct": 18.593389790808192,
        "shiftMinutes": 600.0
      },
      "runner_2": {
        "driveMinutes": 65.54219401547343,
        "utilizationPct": 10.923699002578905,
        "shiftMinutes": 600.0
      },
      "runner_3": {
        "driveMinutes": 82.0125034678309,
        "utilizationPct": 13.668750577971817,
        "shiftMinutes": 600.0
      }
    }
  },
  "bevCartMetrics": null,
  "hasRunners": true,
  "hasBevCart": false
}