{
  "variantKey": "front_back",
  "blockedHoles": [
    1,
    2,
    3,
    10,
    11,
    12
  ],
  "deliveryMetrics": {
    "totalOrders": 40,
    "successfulDeliveries": 40,
    "failedDeliveries": 0,
    "avgOrderTime": 12.589475945840155,
    "onTimePercentage": 100.0,
    "revenue": 1200.0,
    "ordersPerRunnerHour": 4.0,
    "lateOrders": 0,
    "runnerUtilizationPct": 20.310321885430106,
    "totalRunnerDriveMinutes": 365.5857939377419,
    "totalRunnerShiftMinutes": 1800.0,
    "runnerUtilizationByRunner": {
      "runner_1": {
        "driveMinutes": 168.18531264540164,
        "utilizationPct": 28.03088544090027,
        "shiftMinutes": 600.0
      },
      "runner_2": {
        "driveMinutes": 140.76590797405717,
        "utilizationPct": 23.460984662342863,
        "shiftMinutes": 600.0
      },
      "runner_3": {
        "driveMinutes": 56.63457331828301,
        "utilizationPct": 9.439095553047167,
        "shiftMinutes": 600.0
      }
    }
  },
  "bevCartMetrics": null,
  "hasRunners": true,
  "hasBevCart": false
}