{
  "simulation_id": "delivery_dynamic_08",
  "runner_id": "3_runners",
  "revenue_per_round": 39.130434782608695,
  "orders_per_runner_hour": 4.166654989514044,
  "on_time_rate": 0.9666666666666667,
  "delivery_cycle_time_p90": 24.20969254400563,
  "delivery_cycle_time_avg": 16.035350750109064,
  "failed_rate": 0.0,
  "second_runner_break_even_orders": 7.200020178176281,
  "queue_wait_avg": 1.85,
  "runner_utilization_driving_pct": 70.21443034501084,
  "runner_utilization_prep_pct": 0.0,
  "runner_utilization_idle_pct": 29.78556965498916,
  "distance_per_delivery_avg": 1530.5978520366482,
  "zone_service_times": {
    "hole_1": 12.643716143823985,
    "hole_2": 15.751322848817352,
    "hole_18": 10.938780751355608,
    "hole_17": 16.387595328099753,
    "hole_12": 17.94217547749217,
    "hole_9": 12.963895244865792,
    "hole_11": 13.459941770070994,
    "hole_10": 12.140343069208292,
    "hole_14": 17.543899386033868,
    "hole_3": 17.36292608050626,
    "hole_-1": 20.863864016838185,
    "hole_15": 23.892536300199755,
    "hole_4": 21.13094917131648,
    "hole_8": 23.97923341605656
  },
  "total_revenue": 900.0,
  "total_orders": 30,
  "successful_orders": 30,
  "failed_orders": 0,
  "total_rounds": 23,
  "active_runner_hours": 7.200020178176281
}