{
  "variantKey": "none",
  "blockedHoles": [],
  "deliveryMetrics": {
    "totalOrders": 30,
    "successfulDeliveries": 30,
    "failedDeliveries": 0,
    "avgOrderTime": 16.035350750109064,
    "onTimePercentage": 96.66666666666667,
    "revenue": 900.0,
    "ordersPerRunnerHour": 3.0,
    "lateOrders": 1,
    "runnerUtilizationPct": 16.851510509441034,
    "totalRunnerDriveMinutes": 303.3271891699386,
    "totalRunnerShiftMinutes": 1800.0,
    "runnerUtilizationByRunner": {
      "runner_1": {
        "driveMinutes": 149.86888681063164,
        "utilizationPct": 24.97814780177194,
        "shiftMinutes": 600.0
      },
      "runner_3": {
        "driveMinutes": 57.21631412241523,
        "utilizationPct": 9.536052353735872,
        "shiftMinutes": 600.0
      },
      "runner_2": {
        "driveMinutes": 96.24198823689176,
        "utilizationPct": 16.04033137281529,
        "shiftMinutes": 600.0
      }
    }
  },
  "bevCartMetrics": null,
  "hasRunners": true,
  "hasBevCart": false
}