{
  "simulation_id": "delivery_dynamic_09",
  "runner_id": "3_runners",
  "revenue_per_round": 41.37931034482759,
  "orders_per_runner_hour": 5.472958356414463,
  "on_time_rate": 1.0,
  "delivery_cycle_time_p90": 21.451120397092108,
  "delivery_cycle_time_avg": 15.42866853032892,
  "failed_rate": 0.0,
  "second_runner_break_even_orders": 7.308661494403455,
  "queue_wait_avg": 1.6919191919191918,
  "runner_utilization_driving_pct": 77.50731482810178,
  "runner_utilization_prep_pct": 0.0,
  "runner_utilization_idle_pct": 22.492685171898216,
  "distance_per_delivery_avg": 1355.0326261905204,
  "zone_service_times": {
    "hole_18": 13.303021874554164,
    "hole_17": 18.66483860371353,
    "hole_2": 16.163161354751356,
    "hole_11": 13.176009595319435,
    "hole_16": 17.985978791173284,
    "hole_15": 18.291040186484537,
    "hole_10": 11.80102701851972,
    "hole_9": 12.092821496523175,
    "hole_8": 14.389032639590187,
    "hole_-1": 20.675451729072847,
    "hole_4": 21.537305804649804
  },
  "total_revenue": 1200.0,
  "total_orders": 40,
  "successful_orders": 40,
  "failed_orders": 0,
  "total_rounds": 29,
  "active_runner_hours": 7.308661494403455
}