{
  "simulation_id": "delivery_dynamic_08",
  "runner_id": "runner_1",
  "revenue_per_round": 22.17391304347826,
  "orders_per_runner_hour": 2.3033496424538953,
  "on_time_rate": 0.17647058823529413,
  "delivery_cycle_time_p90": 63.241393650247616,
  "delivery_cycle_time_avg": 42.223429108932415,
  "failed_rate": 0.3333333333333333,
  "second_runner_break_even_orders": 7.3805555555555555,
  "queue_wait_avg": 30.158333333333335,
  "runner_utilization_driving_pct": 42.15887081981688,
  "runner_utilization_prep_pct": 0.0,
  "runner_utilization_idle_pct": 57.84112918018312,
  "distance_per_delivery_avg": 1289.9427688365865,
  "zone_service_times": {
    "hole_15": 22.289195672466956,
    "hole_6": 18.625397233908735,
    "hole_-1": 44.7054357659639,
    "hole_18": 41.48064469809533,
    "hole_12": 64.53770369280934,
    "hole_7": 47.7575016354392,
    "hole_9": 44.27684922745939,
    "hole_8": 37.768320247583084,
    "hole_16": 38.6383939703234,
    "hole_11": 47.96608624960366
  },
  "total_revenue": 510.0,
  "total_orders": 30,
  "successful_orders": 17,
  "failed_orders": 10,
  "total_rounds": 23,
  "active_runner_hours": 7.3805555555555555
}