{
  "simulation_id": "delivery_dynamic_03",
  "runner_id": "runner_1",
  "revenue_per_round": 32.0,
  "orders_per_runner_hour": 2.2549320766190877,
  "on_time_rate": 0.375,
  "delivery_cycle_time_p90": 55.39058207618175,
  "delivery_cycle_time_avg": 36.17653338063521,
  "failed_rate": 0.2,
  "second_runner_break_even_orders": 7.09555740764904,
  "queue_wait_avg": 22.83125,
  "runner_utilization_driving_pct": 38.29822292237068,
  "runner_utilization_prep_pct": 0.0,
  "runner_utilization_idle_pct": 61.70177707762932,
  "distance_per_delivery_avg": 1124.0152158934288,
  "zone_service_times": {
    "hole_16": 13.631408316791628,
    "hole_14": 25.30589990412403,
    "hole_13": 27.852781349454016,
    "hole_-1": 45.47428458710491,
    "hole_11": 49.88242787861287,
    "hole_8": 52.312297486586495,
    "hole_7": 44.06629942351908,
    "hole_4": 20.858874204776537,
    "hole_9": 11.380726810388175,
    "hole_15": 19.98179177081183,
    "hole_18": 36.298176130961295
  },
  "total_revenue": 480.0,
  "total_orders": 20,
  "successful_orders": 16,
  "failed_orders": 4,
  "total_rounds": 15,
  "active_runner_hours": 7.09555740764904
}