{
  "simulation_id": "delivery_dynamic_02",
  "runner_id": "runner_1",
  "revenue_per_round": 40.714285714285715,
  "orders_per_runner_hour": 2.60909974317547,
  "on_time_rate": 0.5263157894736842,
  "delivery_cycle_time_p90": 61.05874607118925,
  "delivery_cycle_time_avg": 33.081650209149046,
  "failed_rate": 0.05,
  "second_runner_break_even_orders": 7.282205308439291,
  "queue_wait_avg": 21.02037037037037,
  "runner_utilization_driving_pct": 45.38000898633875,
  "runner_utilization_prep_pct": 0.0,
  "runner_utilization_idle_pct": 54.61999101366125,
  "distance_per_delivery_avg": 1064.3186808003916,
  "zone_service_times": {
    "hole_9": 34.545027968334146,
    "hole_7": 24.111437852595614,
    "hole_-1": 23.586619062117055,
    "hole_11": 63.02681441483013,
    "hole_18": 42.6938057704551,
    "hole_14": 32.97268256193068,
    "hole_17": 49.54360590544608,
    "hole_15": 30.744973026881517
  },
  "total_revenue": 570.0,
  "total_orders": 20,
  "successful_orders": 19,
  "failed_orders": 1,
  "total_rounds": 14,
  "active_runner_hours": 7.282205308439291
}