{
  "simulation_id": "delivery_dynamic_08",
  "runner_id": "2_runners",
  "revenue_per_round": 29.166666666666668,
  "orders_per_runner_hour": 4.821121101970538,
  "on_time_rate": 0.4857142857142857,
  "delivery_cycle_time_p90": 56.94198626206419,
  "delivery_cycle_time_avg": 36.38846782697533,
  "failed_rate": 0.26,
  "second_runner_break_even_orders": 7.259722222222222,
  "queue_wait_avg": 22.717142857142857,
  "runner_utilization_driving_pct": 87.4407483432383,
  "runner_utilization_prep_pct": 0.0,
  "runner_utilization_idle_pct": 12.559251656761703,
  "distance_per_delivery_avg": 1233.5651898637086,
  "zone_service_times": {
    "hole_9": 26.84272435905992,
    "hole_14": 15.151604856157368,
    "hole_8": 33.54644744193024,
    "hole_10": 33.91290141739027,
    "hole_15": 28.810758250770412,
    "hole_12": 43.34201329998994,
    "hole_-1": 47.57523405816833,
    "hole_16": 35.726499138288716,
    "hole_13": 64.7974928496092,
    "hole_18": 32.62104597984832,
    "hole_7": 40.29940363921354,
    "hole_6": 26.060452919748847,
    "hole_5": 20.87551014316511,
    "hole_4": 20.258874204776536,
    "hole_11": 27.378536962310804
  },
  "total_revenue": 1050.0,
  "total_orders": 50,
  "successful_orders": 35,
  "failed_orders": 13,
  "total_rounds": 36,
  "active_runner_hours": 7.259722222222222
}