{
  "simulation_id": "delivery_blocked_01",
  "runner_id": "2_runners",
  "revenue_per_round": 19.642857142857142,
  "orders_per_runner_hour": 2.2,
  "on_time_rate": 0.8181818181818182,
  "delivery_cycle_time_p90": 49.208520526936795,
  "delivery_cycle_time_avg": 22.708072047358677,
  "failed_rate": 0.37142857142857144,
  "second_runner_break_even_orders": 12.5,
  "queue_wait_avg": 0.0,
  "runner_utilization_driving_pct": 27.22462654814234,
  "runner_utilization_waiting_pct": 26.4466024193182,
  "distance_per_delivery_avg": 624.79088491607,
  "zone_service_times": {
    "hole_7": 22.85474930055039,
    "hole_10": 35.59176953269865,
    "hole_8": 56.57774557153856,
    "hole_18": 16.585851978063843,
    "hole_9": 15.419865399113739,
    "hole_13": 22.305551022900392,
    "hole_16": 15.62661287765489,
    "hole_15": 16.845099968669214
  },
  "total_revenue": 550.0,
  "total_orders": 35,
  "successful_orders": 22,
  "failed_orders": 13,
  "total_rounds": 28,
  "active_runner_hours": 10.0
}