{
  "simulation_id": "delivery_dynamic_09",
  "runner_id": "2_runners",
  "revenue_per_round": 35.294117647058826,
  "orders_per_runner_hour": 2.76619012669115,
  "on_time_rate": 1.0,
  "delivery_cycle_time_p90": 22.4233869329785,
  "delivery_cycle_time_avg": 14.817150844558558,
  "failed_rate": 0.0,
  "second_runner_break_even_orders": 7.230161009909872,
  "queue_wait_avg": 1.775925925925926,
  "runner_utilization_driving_pct": 52.161381519055816,
  "runner_utilization_prep_pct": 0.0,
  "runner_utilization_idle_pct": 47.838618480944184,
  "distance_per_delivery_avg": 1081.5226837716766,
  "zone_service_times": {
    "hole_9": 11.996571216138666,
    "hole_17": 13.846752816949932,
    "hole_11": 17.310147749965108,
    "hole_15": 14.209367935765293,
    "hole_10": 12.776132435046444,
    "hole_8": 15.478595037033134,
    "hole_-1": 16.6810635065615,
    "hole_16": 12.14368258978296,
    "hole_13": 16.05714815067222
  },
  "total_revenue": 600.0,
  "total_orders": 20,
  "successful_orders": 20,
  "failed_orders": 0,
  "total_rounds": 17,
  "active_runner_hours": 7.230161009909872
}