{
  "simulation_id": "delivery_dynamic_02",
  "runner_id": "runner_1",
  "revenue_per_round": 13.714285714285714,
  "orders_per_runner_hour": 2.208588957055215,
  "on_time_rate": 0.0625,
  "delivery_cycle_time_p90": 64.14083390239823,
  "delivery_cycle_time_avg": 51.767594200458966,
  "failed_rate": 0.54,
  "second_runner_break_even_orders": 7.2444444444444445,
  "queue_wait_avg": 37.484375,
  "runner_utilization_driving_pct": 39.868116250593914,
  "runner_utilization_prep_pct": 0.0,
  "runner_utilization_idle_pct": 60.131883749406086,
  "distance_per_delivery_avg": 1439.161651354213,
  "zone_service_times": {
    "hole_15": 17.218246014590658,
    "hole_4": 39.22368574438733,
    "hole_18": 55.23555001844864,
    "hole_17": 42.588464692579876,
    "hole_14": 56.28703345495114,
    "hole_13": 63.94914116319057,
    "hole_11": 55.0761392141934,
    "hole_12": 50.54044645870697,
    "hole_9": 55.49819138330277,
    "hole_10": 60.144944949121665
  },
  "total_revenue": 480.0,
  "total_orders": 50,
  "successful_orders": 16,
  "failed_orders": 27,
  "total_rounds": 35,
  "active_runner_hours": 7.2444444444444445
}