{
  "variantKey": "mid_back",
  "blockedHoles": [
    4,
    5,
    6,
    10,
    11,
    12
  ],
  "deliveryMetrics": {
    "totalOrders": 30,
    "successfulDeliveries": 30,
    "failedDeliveries": 0,
    "avgOrderTime": 19.59262833737211,
    "onTimePercentage": 86.66666666666667,
    "revenue": 900.0,
    "ordersPerRunnerHour": 3.0,
    "lateOrders": 4,
    "runnerUtilizationPct": 20.79697315487944,
    "totalRunnerDriveMinutes": 374.3455167878299,
    "totalRunnerShiftMinutes": 1800.0,
    "runnerUtilizationByRunner": {
      "runner_1": {
        "driveMinutes": 166.07862371542615,
        "utilizationPct": 27.679770619237694,
        "shiftMinutes": 600.0
      },
      "runner_3": {
        "driveMinutes": 74.84088023545054,
        "utilizationPct": 12.473480039241757,
        "shiftMinutes": 600.0
      },
      "runner_2": {
        "driveMinutes": 133.4260128369532,
        "utilizationPct": 22.237668806158865,
        "shiftMinutes": 600.0
      }
    }
  },
  "bevCartMetrics": null,
  "hasRunners": true,
  "hasBevCart": false
}