{
  "simulation_id": "delivery_dynamic_05",
  "runner_id": "runner_1",
  "revenue_per_round": 15.0,
  "orders_per_runner_hour": 2.273983418870904,
  "on_time_rate": 0.1875,
  "delivery_cycle_time_p90": 65.6261752902623,
  "delivery_cycle_time_avg": 47.51103929987419,
  "failed_rate": 0.56,
  "second_runner_break_even_orders": 7.0361111111111105,
  "queue_wait_avg": 34.990625,
  "runner_utilization_driving_pct": 31.265683884244876,
  "runner_utilization_prep_pct": 0.0,
  "runner_utilization_idle_pct": 68.73431611575512,
  "distance_per_delivery_avg": 846.8592047577296,
  "zone_service_times": {
    "hole_-1": 40.30527846421012,
    "hole_8": 13.3542977707315,
    "hole_11": 46.12463099472507,
    "hole_16": 53.569774312046654,
    "hole_12": 65.47718695520646,
    "hole_18": 53.65828888731794,
    "hole_13": 65.97381473872592
  },
  "total_revenue": 480.0,
  "total_orders": 50,
  "successful_orders": 16,
  "failed_orders": 28,
  "total_rounds": 32,
  "active_runner_hours": 7.036111111111111
}