{
  "simulation_id": "delivery_dynamic_09",
  "runner_id": "runner_1",
  "revenue_per_round": 14.0,
  "orders_per_runner_hour": 1.9295558958652375,
  "on_time_rate": 0.07142857142857142,
  "delivery_cycle_time_p90": 67.0691358304659,
  "delivery_cycle_time_avg": 53.33852762817681,
  "failed_rate": 0.525,
  "second_runner_break_even_orders": 7.2555555555555555,
  "queue_wait_avg": 37.70238095238095,
  "runner_utilization_driving_pct": 36.994389878407176,
  "runner_utilization_prep_pct": 0.0,
  "runner_utilization_idle_pct": 63.005610121592824,
  "distance_per_delivery_avg": 1893.745283067407,
  "zone_service_times": {
    "hole_6": 52.456578225032416,
    "hole_12": 36.57149448790575,
    "hole_7": 61.39486149622183,
    "hole_18": 53.39381156188729,
    "hole_8": 59.95134605689139,
    "hole_16": 46.20618723666109,
    "hole_14": 59.60696918455827
  },
  "total_revenue": 420.0,
  "total_orders": 40,
  "successful_orders": 14,
  "failed_orders": 21,
  "total_rounds": 30,
  "active_runner_hours": 7.2555555555555555
}