{
  "simulation_id": "delivery_dynamic_02",
  "runner_id": "2_runners",
  "revenue_per_round": 44.4,
  "orders_per_runner_hour": 5.016949152542373,
  "on_time_rate": 0.40540540540540543,
  "delivery_cycle_time_p90": 47.52676726130125,
  "delivery_cycle_time_avg": 31.548655294099024,
  "failed_rate": 0.0,
  "second_runner_break_even_orders": 7.375,
  "queue_wait_avg": 17.854285714285716,
  "runner_utilization_driving_pct": 78.23949597540965,
  "runner_utilization_prep_pct": 0.0,
  "runner_utilization_idle_pct": 21.760504024590347,
  "distance_per_delivery_avg": 1565.5806112497053,
  "zone_service_times": {
    "hole_10": 17.859354486052283,
    "hole_14": 34.02067209253712,
    "hole_17": 25.548737543729658,
    "hole_16": 32.69943518849563,
    "hole_18": 39.71833017688819,
    "hole_6": 41.333936754767755,
    "hole_15": 41.357767640950385,
    "hole_8": 59.63580469052352,
    "hole_13": 36.584359859541834,
    "hole_2": 14.620782950889952,
    "hole_-1": 30.7226286825251,
    "hole_3": 17.965813372676347,
    "hole_9": 11.87519234242803,
    "hole_12": 13.91883982125546,
    "hole_4": 32.22272286919942
  },
  "total_revenue": 1110.0,
  "total_orders": 40,
  "successful_orders": 37,
  "failed_orders": 0,
  "total_rounds": 25,
  "active_runner_hours": 7.375
}