{
  "simulation_id": "delivery_dynamic_07",
  "runner_id": "2_runners",
  "revenue_per_round": 36.1764705882353,
  "orders_per_runner_hour": 5.595147839272176,
  "on_time_rate": 0.36585365853658536,
  "delivery_cycle_time_p90": 54.1957362341577,
  "delivery_cycle_time_avg": 35.31561711306366,
  "failed_rate": 0.14,
  "second_runner_break_even_orders": 7.3277777777777775,
  "queue_wait_avg": 23.226315789473684,
  "runner_utilization_driving_pct": 72.42658219807008,
  "runner_utilization_prep_pct": 0.0,
  "runner_utilization_idle_pct": 27.57341780192992,
  "distance_per_delivery_avg": 1273.032715843048,
  "zone_service_times": {
    "hole_17": 35.08653329034054,
    "hole_4": 28.481832709517207,
    "hole_10": 12.146843514975444,
    "hole_6": 38.76379118425154,
    "hole_18": 39.448833426751925,
    "hole_8": 34.23716709187626,
    "hole_13": 34.85238993320545,
    "hole_12": 24.764983433652077,
    "hole_14": 56.15960346295245,
    "hole_11": 24.259941770070995
  },
  "total_revenue": 1230.0,
  "total_orders": 50,
  "successful_orders": 41,
  "failed_orders": 7,
  "total_rounds": 34,
  "active_runner_hours": 7.3277777777777775
}