{
  "simulation_id": "delivery_dynamic_02",
  "runner_id": "2_runners",
  "revenue_per_round": 35.294117647058826,
  "orders_per_runner_hour": 2.9523213055611026,
  "on_time_rate": 1.0,
  "delivery_cycle_time_p90": 15.586065631414755,
  "delivery_cycle_time_avg": 12.491145622241914,
  "failed_rate": 0.0,
  "second_runner_break_even_orders": 6.774330409880269,
  "queue_wait_avg": 0.41,
  "runner_utilization_driving_pct": 23.456089222843694,
  "runner_utilization_prep_pct": 0.0,
  "runner_utilization_idle_pct": 76.5439107771563,
  "distance_per_delivery_avg": 1572.2248480141773,
  "zone_service_times": {
    "hole_18": 10.583751709394559,
    "hole_12": 11.977355708399145,
    "hole_16": 13.521816765551527,
    "hole_11": 11.700644198813825,
    "hole_17": 14.005725427860064,
    "hole_10": 10.647627276790141,
    "hole_14": 13.589044375371579,
    "hole_15": 15.721398577458846,
    "hole_4": 14.133118402169687,
    "hole_1": 10.945527211299366
  },
  "total_revenue": 600.0,
  "total_orders": 20,
  "successful_orders": 20,
  "failed_orders": 0,
  "total_rounds": 17,
  "active_runner_hours": 6.77433040988027
}