{
  "simulation_id": "delivery_dynamic_05",
  "runner_id": "runner_1",
  "revenue_per_round": 20.4,
  "orders_per_runner_hour": 2.370255615801704,
  "on_time_rate": 0.11764705882352941,
  "delivery_cycle_time_p90": 65.76167039644156,
  "delivery_cycle_time_avg": 50.02802686887486,
  "failed_rate": 0.475,
  "second_runner_break_even_orders": 7.1722222222222225,
  "queue_wait_avg": 35.38921568627451,
  "runner_utilization_driving_pct": 35.753630543192706,
  "runner_utilization_prep_pct": 0.0,
  "runner_utilization_idle_pct": 64.24636945680729,
  "distance_per_delivery_avg": 1558.6405573537174,
  "zone_service_times": {
    "hole_17": 27.041509013514,
    "hole_10": 22.192031533594065,
    "hole_18": 45.77633584503793,
    "hole_15": 63.22496206751812,
    "hole_13": 53.11819445108416,
    "hole_14": 62.52668298957127
  },
  "total_revenue": 510.0,
  "total_orders": 40,
  "successful_orders": 17,
  "failed_orders": 19,
  "total_rounds": 25,
  "active_runner_hours": 7.1722222222222225
}