{
  "simulation_id": "delivery_dynamic_03",
  "runner_id": "3_runners",
  "revenue_per_round": 33.333333333333336,
  "orders_per_runner_hour": 2.88740821943319,
  "on_time_rate": 1.0,
  "delivery_cycle_time_p90": 13.857880593687241,
  "delivery_cycle_time_avg": 12.420798512997862,
  "failed_rate": 0.0,
  "second_runner_break_even_orders": 6.926627092557797,
  "queue_wait_avg": 0.041666666666666664,
  "runner_utilization_driving_pct": 26.748461354155513,
  "runner_utilization_prep_pct": 0.0,
  "runner_utilization_idle_pct": 73.25153864584449,
  "distance_per_delivery_avg": 1721.974929358454,
  "zone_service_times": {
    "hole_1": 11.355294508007713,
    "hole_15": 13.41791573410037,
    "hole_11": 11.79236511765436,
    "hole_12": 12.320630308987438,
    "hole_3": 13.744046240582309,
    "hole_17": 12.240365593817357,
    "hole_8": 11.987697952317346,
    "hole_9": 11.177028208463435,
    "hole_4": 14.108118402169687,
    "hole_16": 13.79529675097947,
    "hole_18": 11.338882669803327,
    "hole_10": 10.48095888680109
  },
  "total_revenue": 600.0,
  "total_orders": 20,
  "successful_orders": 20,
  "failed_orders": 0,
  "total_rounds": 18,
  "active_runner_hours": 6.926627092557796
}