{
  "simulation_id": "delivery_dynamic_08",
  "runner_id": "2_runners",
  "revenue_per_round": 37.5,
  "orders_per_runner_hour": 2.7186504240136316,
  "on_time_rate": 1.0,
  "delivery_cycle_time_p90": 20.073133311796152,
  "delivery_cycle_time_avg": 15.067749445926092,
  "failed_rate": 0.0,
  "second_runner_break_even_orders": 7.356591279019004,
  "queue_wait_avg": 0.5882352941176471,
  "runner_utilization_driving_pct": 55.2194016800981,
  "runner_utilization_prep_pct": 0.0,
  "runner_utilization_idle_pct": 44.7805983199019,
  "distance_per_delivery_avg": 1534.7638138311656,
  "zone_service_times": {
    "hole_13": 17.45984104658534,
    "hole_8": 16.848508471599736,
    "hole_11": 14.118794690721248,
    "hole_10": 11.961129711882435,
    "hole_15": 17.201579347923992,
    "hole_7": 16.927232395452727,
    "hole_-1": 20.321088977534842,
    "hole_9": 11.841859009094696,
    "hole_18": 10.473565424248186,
    "hole_16": 17.841532320147962,
    "hole_14": 17.208641120124835
  },
  "total_revenue": 600.0,
  "total_orders": 20,
  "successful_orders": 20,
  "failed_orders": 0,
  "total_rounds": 16,
  "active_runner_hours": 7.356591279019004
}