{
  "simulation_id": "delivery_dynamic_05",
  "runner_id": "runner_1",
  "revenue_per_round": 17.307692307692307,
  "orders_per_runner_hour": 2.035048049745619,
  "on_time_rate": 0.13333333333333333,
  "delivery_cycle_time_p90": 65.64673826421854,
  "delivery_cycle_time_avg": 46.205107876210285,
  "failed_rate": 0.525,
  "second_runner_break_even_orders": 7.370833333333334,
  "queue_wait_avg": 31.817777777777778,
  "runner_utilization_driving_pct": 33.72375009832017,
  "runner_utilization_prep_pct": 0.0,
  "runner_utilization_idle_pct": 66.27624990167983,
  "distance_per_delivery_avg": 1474.142913073323,
  "zone_service_times": {
    "hole_8": 35.620189296302605,
    "hole_11": 32.55506810925939,
    "hole_10": 16.674401730243698,
    "hole_17": 49.72452329040161,
    "hole_18": 50.21952511753156,
    "hole_7": 66.54293673553845,
    "hole_15": 53.11920849839802,
    "hole_14": 39.94293679628584,
    "hole_6": 63.44501916662254
  },
  "total_revenue": 450.0,
  "total_orders": 40,
  "successful_orders": 15,
  "failed_orders": 21,
  "total_rounds": 26,
  "active_runner_hours": 7.370833333333334
}