{
  "simulation_id": "delivery_dynamic_09",
  "runner_id": "3_runners",
  "revenue_per_round": 44.54545454545455,
  "orders_per_runner_hour": 6.844342045169392,
  "on_time_rate": 0.8979591836734694,
  "delivery_cycle_time_p90": 34.90970655309866,
  "delivery_cycle_time_avg": 19.914042797529152,
  "failed_rate": 0.0,
  "second_runner_break_even_orders": 7.159198017373091,
  "queue_wait_avg": 6.323913043478261,
  "runner_utilization_driving_pct": 100.0,
  "runner_utilization_prep_pct": 0.0,
  "runner_utilization_idle_pct": 0.0,
  "distance_per_delivery_avg": 1336.3755228269395,
  "zone_service_times": {
    "hole_10": 20.13501187034755,
    "hole_17": 21.397123153471796,
    "hole_6": 18.915763504686517,
    "hole_8": 21.054851617557855,
    "hole_18": 18.267112223611896,
    "hole_11": 29.509824161584824,
    "hole_7": 20.87867620790466,
    "hole_9": 15.27405906772283,
    "hole_12": 23.651210690576953,
    "hole_16": 17.46316365917552,
    "hole_-1": 20.071088977534842
  },
  "total_revenue": 1470.0,
  "total_orders": 50,
  "successful_orders": 49,
  "failed_orders": 0,
  "total_rounds": 33,
  "active_runner_hours": 7.159198017373091
}