{
  "variantKey": "front_back",
  "blockedHoles": [
    1,
    2,
    3,
    10,
    11,
    12
  ],
  "deliveryMetrics": {
    "totalOrders": 50,
    "successfulDeliveries": 49,
    "failedDeliveries": 0,
    "avgOrderTime": 19.914042797529152,
    "onTimePercentage": 89.79591836734694,
    "revenue": 1500.0,
    "ordersPerRunnerHour": 4.9,
    "lateOrders": 5,
    "runnerUtilizationPct": 26.83240750967591,
    "totalRunnerDriveMinutes": 482.98333517416637,
    "totalRunnerShiftMinutes": 1800.0,
    "runnerUtilizationByRunner": {
      "runner_1": {
        "driveMinutes": 202.76931378594418,
        "utilizationPct": 33.7948856309907,
        "shiftMinutes": 600.0
      },
      "runner_3": {
        "driveMinutes": 104.42757032089916,
        "utilizationPct": 17.40459505348319,
        "shiftMinutes": 600.0
      },
      "runner_2": {
        "driveMinutes": 175.78645106732327,
        "utilizationPct": 29.297741844553876,
        "shiftMinutes": 600.0
      }
    }
  },
  "bevCartMetrics": null,
  "hasRunners": true,
  "hasBevCart": false
}