{
  "simulation_id": "delivery_dynamic_10",
  "runner_id": "2_runners",
  "revenue_per_round": 42.857142857142854,
  "orders_per_runner_hour": 2.8612295709206514,
  "on_time_rate": 0.95,
  "delivery_cycle_time_p90": 23.87370150371843,
  "delivery_cycle_time_avg": 15.502541107163319,
  "failed_rate": 0.0,
  "second_runner_break_even_orders": 6.990001852093485,
  "queue_wait_avg": 2.8194444444444446,
  "runner_utilization_driving_pct": 44.2277656617474,
  "runner_utilization_prep_pct": 0.0,
  "runner_utilization_idle_pct": 55.7722343382526,
  "distance_per_delivery_avg": 996.2538120068737,
  "zone_service_times": {
    "hole_14": 15.194008517113172,
    "hole_15": 18.39276942184582,
    "hole_11": 23.922447569214942,
    "hole_17": 14.424986712698834,
    "hole_7": 14.559653103053643,
    "hole_9": 21.953082233919123,
    "hole_-1": 10.421063506561502,
    "hole_18": 13.556101805277407,
    "hole_8": 23.43498691424981,
    "hole_13": 15.262437200827359,
    "hole_16": 12.955060636990067
  },
  "total_revenue": 600.0,
  "total_orders": 20,
  "successful_orders": 20,
  "failed_orders": 0,
  "total_rounds": 14,
  "active_runner_hours": 6.990001852093485
}