{
  "simulation_id": "delivery_dynamic_09",
  "runner_id": "runner_1",
  "revenue_per_round": 31.666666666666668,
  "orders_per_runner_hour": 2.6571824085198377,
  "on_time_rate": 0.42105263157894735,
  "delivery_cycle_time_p90": 54.13106350656151,
  "delivery_cycle_time_avg": 34.101723557053845,
  "failed_rate": 0.05,
  "second_runner_break_even_orders": 7.1504312007634425,
  "queue_wait_avg": 22.446296296296296,
  "runner_utilization_driving_pct": 43.64136519114922,
  "runner_utilization_prep_pct": 0.0,
  "runner_utilization_idle_pct": 56.35863480885078,
  "distance_per_delivery_avg": 953.1685888542996,
  "zone_service_times": {
    "hole_9": 24.611004398704438,
    "hole_18": 34.49492584260777,
    "hole_-1": 37.79063030449807,
    "hole_15": 22.617769421030484,
    "hole_12": 54.29264759095143,
    "hole_7": 34.76100358479786,
    "hole_10": 54.06104917743917,
    "hole_8": 13.570881064908948
  },
  "total_revenue": 570.0,
  "total_orders": 20,
  "successful_orders": 19,
  "failed_orders": 1,
  "total_rounds": 18,
  "active_runner_hours": 7.1504312007634425
}