{
  "simulation_id": "delivery_dynamic_10",
  "runner_id": "2_runners",
  "revenue_per_round": 31.57894736842105,
  "orders_per_runner_hour": 2.77915633266388,
  "on_time_rate": 0.95,
  "delivery_cycle_time_p90": 27.317923050714132,
  "delivery_cycle_time_avg": 15.955333392210916,
  "failed_rate": 0.0,
  "second_runner_break_even_orders": 7.196428558169514,
  "queue_wait_avg": 1.5219298245614035,
  "runner_utilization_driving_pct": 51.21577097639815,
  "runner_utilization_prep_pct": 0.0,
  "runner_utilization_idle_pct": 48.78422902360185,
  "distance_per_delivery_avg": 1515.192019782869,
  "zone_service_times": {
    "hole_16": 11.986671424859605,
    "hole_15": 11.89963613305951,
    "hole_10": 12.406751570184891,
    "hole_9": 12.418426240527273,
    "hole_11": 15.188192450109394,
    "hole_6": 19.588230778694257,
    "hole_-1": 10.381063506561501,
    "hole_7": 16.899171857791075,
    "hole_18": 22.434607423111476,
    "hole_14": 14.748888730903127,
    "hole_17": 14.108007135925133,
    "hole_12": 28.13571349017087
  },
  "total_revenue": 600.0,
  "total_orders": 20,
  "successful_orders": 20,
  "failed_orders": 0,
  "total_rounds": 19,
  "active_runner_hours": 7.196428558169514
}