{
  "simulation_id": "delivery_dynamic_09",
  "runner_id": "runner_1",
  "revenue_per_round": 16.0,
  "orders_per_runner_hour": 2.2690565294465235,
  "on_time_rate": 0.1875,
  "delivery_cycle_time_p90": 61.002005813058815,
  "delivery_cycle_time_avg": 46.11267025996593,
  "failed_rate": 0.45,
  "second_runner_break_even_orders": 7.051388888888889,
  "queue_wait_avg": 34.595555555555556,
  "runner_utilization_driving_pct": 42.615236302074365,
  "runner_utilization_prep_pct": 0.0,
  "runner_utilization_idle_pct": 57.384763697925635,
  "distance_per_delivery_avg": 1236.257207348554,
  "zone_service_times": {
    "hole_15": 20.723390299161625,
    "hole_5": 21.960042075006033,
    "hole_6": 37.69850669642177,
    "hole_13": 55.51357110856473,
    "hole_-1": 55.353285728783725,
    "hole_10": 56.92877675633584,
    "hole_9": 54.80631500300771,
    "hole_18": 60.547368218676034,
    "hole_8": 44.17195295065782,
    "hole_7": 43.72642557571319,
    "hole_16": 45.33049798438187
  },
  "total_revenue": 480.0,
  "total_orders": 40,
  "successful_orders": 16,
  "failed_orders": 18,
  "total_rounds": 30,
  "active_runner_hours": 7.051388888888889
}