{
  "simulation_id": "delivery_dynamic_02",
  "runner_id": "3_runners",
  "revenue_per_round": 42.857142857142854,
  "orders_per_runner_hour": 4.036040724689906,
  "on_time_rate": 1.0,
  "delivery_cycle_time_p90": 22.19280310056071,
  "delivery_cycle_time_avg": 16.05834721218598,
  "failed_rate": 0.0,
  "second_runner_break_even_orders": 7.433027079355086,
  "queue_wait_avg": 0.145679012345679,
  "runner_utilization_driving_pct": 82.0465016520187,
  "runner_utilization_prep_pct": 0.0,
  "runner_utilization_idle_pct": 17.953498347981295,
  "distance_per_delivery_avg": 1991.551329961157,
  "zone_service_times": {
    "hole_6": 18.677555260843302,
    "hole_5": 21.424885634717448,
    "hole_2": 22.77878015721896,
    "hole_18": 12.90432258866658,
    "hole_14": 14.916913460196914,
    "hole_15": 13.053909095322751,
    "hole_3": 21.161814860733404,
    "hole_-1": 10.441670403277536,
    "hole_7": 15.712726102330999,
    "hole_9": 12.139149000961819,
    "hole_8": 13.751653580916475,
    "hole_17": 13.948038777186957,
    "hole_10": 10.36785842552381,
    "hole_4": 20.66257714225758
  },
  "total_revenue": 900.0,
  "total_orders": 30,
  "successful_orders": 30,
  "failed_orders": 0,
  "total_rounds": 21,
  "active_runner_hours": 7.433027079355086
}