{
  "simulation_id": "delivery_dynamic_03",
  "runner_id": "2_runners",
  "revenue_per_round": 32.903225806451616,
  "orders_per_runner_hour": 4.669973292636398,
  "on_time_rate": 0.4411764705882353,
  "delivery_cycle_time_p90": 56.69627216167862,
  "delivery_cycle_time_avg": 33.001138559164815,
  "failed_rate": 0.26,
  "second_runner_break_even_orders": 7.280555555555555,
  "queue_wait_avg": 20.274479166666666,
  "runner_utilization_driving_pct": 85.82725166232821,
  "runner_utilization_prep_pct": 0.0,
  "runner_utilization_idle_pct": 14.172748337671791,
  "distance_per_delivery_avg": 1316.8766735264371,
  "zone_service_times": {
    "hole_10": 11.84702619704358,
    "hole_12": 41.94144586164828,
    "hole_16": 26.306233549569455,
    "hole_8": 32.35075026727574,
    "hole_18": 20.57215918359329,
    "hole_15": 38.513802948973236,
    "hole_7": 34.94741906619248,
    "hole_14": 46.13081034087835,
    "hole_11": 42.631181272597196,
    "hole_9": 24.489976467583155,
    "hole_-1": 31.99897240567425,
    "hole_6": 22.329195725428143,
    "hole_17": 36.97175281694993
  },
  "total_revenue": 1020.0,
  "total_orders": 50,
  "successful_orders": 34,
  "failed_orders": 13,
  "total_rounds": 31,
  "active_runner_hours": 7.280555555555556
}