{
  "simulation_id": "delivery_dynamic_02",
  "runner_id": "3_runners",
  "revenue_per_round": 39.130434782608695,
  "orders_per_runner_hour": 4.143810588942711,
  "on_time_rate": 1.0,
  "delivery_cycle_time_p90": 23.65211909583001,
  "delivery_cycle_time_avg": 16.31258263616864,
  "failed_rate": 0.0,
  "second_runner_break_even_orders": 7.239713147133607,
  "queue_wait_avg": 1.4814102564102565,
  "runner_utilization_driving_pct": 68.71355581162682,
  "runner_utilization_prep_pct": 0.0,
  "runner_utilization_idle_pct": 31.28644418837318,
  "distance_per_delivery_avg": 1689.641099085997,
  "zone_service_times": {
    "hole_8": 14.389032639590217,
    "hole_14": 17.35960346295245,
    "hole_17": 15.518850293510452,
    "hole_16": 17.389126115301497,
    "hole_12": 17.75400575160903,
    "hole_18": 11.1450201011086,
    "hole_15": 19.61016529036695,
    "hole_2": 15.252875660998967,
    "hole_10": 12.66356195942044,
    "hole_4": 26.769835713580566,
    "hole_1": 12.610382810490652,
    "hole_9": 11.87519234242803,
    "hole_11": 22.575645970873545
  },
  "total_revenue": 900.0,
  "total_orders": 30,
  "successful_orders": 30,
  "failed_orders": 0,
  "total_rounds": 23,
  "active_runner_hours": 7.239713147133607
}