{
  "simulation_id": "delivery_dynamic_01",
  "runner_id": "2_runners",
  "revenue_per_round": 37.5,
  "orders_per_runner_hour": 4.157044511485546,
  "on_time_rate": 0.6333333333333333,
  "delivery_cycle_time_p90": 47.233549808698065,
  "delivery_cycle_time_avg": 24.723386974851856,
  "failed_rate": 0.0,
  "second_runner_break_even_orders": 7.216665570241707,
  "queue_wait_avg": 10.542528735632184,
  "runner_utilization_driving_pct": 77.31590082780514,
  "runner_utilization_prep_pct": 0.0,
  "runner_utilization_idle_pct": 22.684099172194863,
  "distance_per_delivery_avg": 1522.844690216891,
  "zone_service_times": {
    "hole_9": 12.460490812319343,
    "hole_18": 15.139006358157484,
    "hole_2": 22.687120284205896,
    "hole_-1": 27.373905550489283,
    "hole_8": 23.18941373513947,
    "hole_6": 35.463097068565126,
    "hole_11": 43.033289160876606,
    "hole_4": 44.26851445672204,
    "hole_15": 31.784299804522014,
    "hole_5": 36.32447789653866,
    "hole_16": 13.930201575508576,
    "hole_13": 15.659792321974965,
    "hole_14": 15.103371470258086,
    "hole_10": 11.735648500216728
  },
  "total_revenue": 900.0,
  "total_orders": 30,
  "successful_orders": 30,
  "failed_orders": 0,
  "total_rounds": 24,
  "active_runner_hours": 7.216665570241708
}