{
  "simulation_id": "delivery_dynamic_03",
  "runner_id": "2_runners",
  "revenue_per_round": 37.241379310344826,
  "orders_per_runner_hour": 4.89508200163166,
  "on_time_rate": 0.5555555555555556,
  "delivery_cycle_time_p90": 57.8310635065615,
  "delivery_cycle_time_avg": 31.43211010276031,
  "failed_rate": 0.1,
  "second_runner_break_even_orders": 7.3543201090401045,
  "queue_wait_avg": 18.193627450980394,
  "runner_utilization_driving_pct": 87.27647645622194,
  "runner_utilization_prep_pct": 0.0,
  "runner_utilization_idle_pct": 12.723523543778057,
  "distance_per_delivery_avg": 1427.7445500830177,
  "zone_service_times": {
    "hole_15": 30.451948869166298,
    "hole_4": 20.2755408714432,
    "hole_6": 25.458518110031765,
    "hole_13": 29.28668171526985,
    "hole_12": 36.61286699201455,
    "hole_8": 21.076840808744034,
    "hole_-1": 41.3810635065615,
    "hole_14": 44.333580038162864,
    "hole_17": 35.73357309272776,
    "hole_18": 36.13506823943917,
    "hole_9": 24.84788270238896,
    "hole_11": 16.149094545279542,
    "hole_16": 13.461186905394788,
    "hole_10": 17.48455492008737
  },
  "total_revenue": 1080.0,
  "total_orders": 40,
  "successful_orders": 36,
  "failed_orders": 4,
  "total_rounds": 29,
  "active_runner_hours": 7.3543201090401045
}