{
  "simulation_id": "delivery_dynamic_06",
  "runner_id": "2_runners",
  "revenue_per_round": 37.5,
  "orders_per_runner_hour": 2.7372594721753014,
  "on_time_rate": 0.95,
  "delivery_cycle_time_p90": 23.288032699142075,
  "delivery_cycle_time_avg": 16.414986991108275,
  "failed_rate": 0.0,
  "second_runner_break_even_orders": 7.306578058566729,
  "queue_wait_avg": 2.157843137254902,
  "runner_utilization_driving_pct": 46.695740683527504,
  "runner_utilization_prep_pct": 0.0,
  "runner_utilization_idle_pct": 53.304259316472496,
  "distance_per_delivery_avg": 1539.1556290123804,
  "zone_service_times": {
    "hole_16": 17.94072696469484,
    "hole_17": 19.294826300448175,
    "hole_13": 17.736284868530795,
    "hole_10": 15.434804692140945,
    "hole_4": 19.014389658356958,
    "hole_-1": 20.625451729072847,
    "hole_9": 11.78304448914123,
    "hole_12": 13.684544023910288,
    "hole_2": 23.57266658162292,
    "hole_18": 10.57358370547568
  },
  "total_revenue": 600.0,
  "total_orders": 20,
  "successful_orders": 20,
  "failed_orders": 0,
  "total_rounds": 16,
  "active_runner_hours": 7.306578058566728
}