{
  "simulation_id": "delivery_dynamic_02",
  "runner_id": "3_runners",
  "revenue_per_round": 48.38709677419355,
  "orders_per_runner_hour": 7.031553052176697,
  "on_time_rate": 0.74,
  "delivery_cycle_time_p90": 37.621601469923164,
  "delivery_cycle_time_avg": 24.497969684763984,
  "failed_rate": 0.0,
  "second_runner_break_even_orders": 7.110804630069872,
  "queue_wait_avg": 11.894097222222221,
  "runner_utilization_driving_pct": 100.0,
  "runner_utilization_prep_pct": 0.0,
  "runner_utilization_idle_pct": 0.0,
  "distance_per_delivery_avg": 1034.757814080697,
  "zone_service_times": {
    "hole_14": 18.20830252750567,
    "hole_9": 24.70658763745244,
    "hole_5": 21.605647938276405,
    "hole_7": 29.206882583798095,
    "hole_15": 18.04204019981265,
    "hole_-1": 24.572730173228166,
    "hole_16": 35.619402559338795,
    "hole_10": 20.950532395411816,
    "hole_11": 43.886794839686594,
    "hole_8": 43.55608040180614,
    "hole_18": 18.516287690753465,
    "hole_17": 14.4916533793655
  },
  "total_revenue": 1500.0,
  "total_orders": 50,
  "successful_orders": 50,
  "failed_orders": 0,
  "total_rounds": 31,
  "active_runner_hours": 7.110804630069872
}