{
  "simulation_id": "delivery_dynamic_02",
  "runner_id": "3_runners",
  "revenue_per_round": 37.5,
  "orders_per_runner_hour": 2.7998650891649715,
  "on_time_rate": 1.0,
  "delivery_cycle_time_p90": 18.605395653301446,
  "delivery_cycle_time_avg": 14.452983619452041,
  "failed_rate": 0.0,
  "second_runner_break_even_orders": 7.143201319733865,
  "queue_wait_avg": 0.6523809523809523,
  "runner_utilization_driving_pct": 45.036197943374646,
  "runner_utilization_prep_pct": 0.0,
  "runner_utilization_idle_pct": 54.963802056625354,
  "distance_per_delivery_avg": 1342.7624961358845,
  "zone_service_times": {
    "hole_18": 12.496442066120865,
    "hole_16": 17.808198986814627,
    "hole_9": 11.841859009094696,
    "hole_17": 15.504245577269366,
    "hole_10": 12.245907380041778,
    "hole_3": 18.16677584894939,
    "hole_4": 18.65413118711834,
    "hole_7": 17.187009541237998,
    "hole_11": 13.143521144264831,
    "hole_8": 13.602471357190188,
    "hole_2": 14.83841280637195
  },
  "total_revenue": 600.0,
  "total_orders": 20,
  "successful_orders": 20,
  "failed_orders": 0,
  "total_rounds": 16,
  "active_runner_hours": 7.143201319733865
}