{
  "simulation_id": "delivery_dynamic_01",
  "runner_id": "2_runners",
  "revenue_per_round": 28.571428571428573,
  "orders_per_runner_hour": 2.4,
  "on_time_rate": 0.9583333333333334,
  "delivery_cycle_time_p90": 25.17055707058119,
  "delivery_cycle_time_avg": 16.96221857759065,
  "failed_rate": 0.0,
  "second_runner_break_even_orders": 12.5,
  "queue_wait_avg": 0.0,
  "runner_utilization_driving_pct": 17.724250871740253,
  "runner_utilization_waiting_pct": 22.554296010969175,
  "distance_per_delivery_avg": 926.4635469634635,
  "zone_service_times": {
    "hole_15": 14.486013414104143,
    "hole_8": 14.315281910842714,
    "hole_14": 13.951591867556838,
    "hole_16": 14.094897396006916,
    "hole_7": 16.15390089215901,
    "hole_10": 16.021010071244323,
    "hole_5": 27.515811274690925,
    "hole_11": 14.452539123731306,
    "hole_17": 16.461282725267484,
    "hole_3": 16.811261047656203,
    "hole_13": 25.76171808151709,
    "hole_9": 21.352878034887485,
    "hole_12": 16.459173832125757
  },
  "total_revenue": 600.0,
  "total_orders": 24,
  "successful_orders": 24,
  "failed_orders": 0,
  "total_rounds": 21,
  "active_runner_hours": 10.0
}