{
  "simulation_id": "delivery_dynamic_10",
  "runner_id": "2_runners",
  "revenue_per_round": 37.74193548387097,
  "orders_per_runner_hour": 5.30572729695432,
  "on_time_rate": 0.5641025641025641,
  "delivery_cycle_time_p90": 53.964887097078886,
  "delivery_cycle_time_avg": 31.25318614329783,
  "failed_rate": 0.025,
  "second_runner_break_even_orders": 7.350547402311352,
  "queue_wait_avg": 19.044736842105262,
  "runner_utilization_driving_pct": 79.45266650402228,
  "runner_utilization_prep_pct": 0.0,
  "runner_utilization_idle_pct": 20.547333495977725,
  "distance_per_delivery_avg": 906.1166979942237,
  "zone_service_times": {
    "hole_10": 28.083038735577965,
    "hole_15": 22.546705645186716,
    "hole_16": 27.134464120314124,
    "hole_-1": 36.71572635595871,
    "hole_9": 12.584666960763387,
    "hole_18": 35.49670285380903,
    "hole_7": 44.38514594878904,
    "hole_12": 57.31270369280934,
    "hole_8": 13.25169495595322,
    "hole_13": 15.502781349454017,
    "hole_5": 21.060042075006034
  },
  "total_revenue": 1170.0,
  "total_orders": 40,
  "successful_orders": 39,
  "failed_orders": 1,
  "total_rounds": 31,
  "active_runner_hours": 7.350547402311351
}