{
  "simulation_id": "delivery_dynamic_06",
  "runner_id": "3_runners",
  "revenue_per_round": 42.857142857142854,
  "orders_per_runner_hour": 5.434387881529442,
  "on_time_rate": 0.825,
  "delivery_cycle_time_p90": 32.85787676895835,
  "delivery_cycle_time_avg": 20.53233690586626,
  "failed_rate": 0.0,
  "second_runner_break_even_orders": 7.360534594145033,
  "queue_wait_avg": 5.183333333333334,
  "runner_utilization_driving_pct": 100.0,
  "runner_utilization_prep_pct": 0.0,
  "runner_utilization_idle_pct": 0.0,
  "distance_per_delivery_avg": 1884.345200371065,
  "zone_service_times": {
    "hole_18": 15.689752998104321,
    "hole_12": 20.32474221587263,
    "hole_-1": 16.39942261759473,
    "hole_17": 28.915131761521888,
    "hole_13": 24.743448919127356,
    "hole_6": 19.584643119583717,
    "hole_8": 15.092969408460583,
    "hole_11": 22.876021538055042,
    "hole_7": 26.762009433708528,
    "hole_14": 25.84585425334242,
    "hole_9": 12.644543722142437,
    "hole_15": 18.60634090081148,
    "hole_10": 11.826855950020278,
    "hole_16": 20.25771773977158
  },
  "total_revenue": 1200.0,
  "total_orders": 40,
  "successful_orders": 40,
  "failed_orders": 0,
  "total_rounds": 28,
  "active_runner_hours": 7.360534594145033
}