{
  "simulation_id": "delivery_dynamic_05",
  "runner_id": "runner_1",
  "revenue_per_round": 25.0,
  "orders_per_runner_hour": 2.0829315332690452,
  "on_time_rate": 0.3333333333333333,
  "delivery_cycle_time_p90": 58.213119479967474,
  "delivery_cycle_time_avg": 37.76410436800446,
  "failed_rate": 0.2,
  "second_runner_break_even_orders": 7.201388888888889,
  "queue_wait_avg": 24.301190476190477,
  "runner_utilization_driving_pct": 42.993722285950184,
  "runner_utilization_prep_pct": 0.0,
  "runner_utilization_idle_pct": 57.006277714049816,
  "distance_per_delivery_avg": 1707.8857343161633,
  "zone_service_times": {
    "hole_14": 15.310382689568906,
    "hole_4": 29.717805049008014,
    "hole_12": 56.497789344754224,
    "hole_6": 51.20258064691397,
    "hole_17": 50.81797549466331,
    "hole_-1": 42.02689683989483,
    "hole_9": 19.16997048603598,
    "hole_13": 60.78611468278735,
    "hole_7": 14.7610035847978
  },
  "total_revenue": 450.0,
  "total_orders": 20,
  "successful_orders": 15,
  "failed_orders": 4,
  "total_rounds": 18,
  "active_runner_hours": 7.201388888888889
}