{
  "simulation_id": "delivery_dynamic_02",
  "runner_id": "runner_1",
  "revenue_per_round": 21.428571428571427,
  "orders_per_runner_hour": 2.0889748549323017,
  "on_time_rate": 0.26666666666666666,
  "delivery_cycle_time_p90": 63.90562733764947,
  "delivery_cycle_time_avg": 43.285797668137526,
  "failed_rate": 0.4,
  "second_runner_break_even_orders": 7.180555555555555,
  "queue_wait_avg": 28.601111111111113,
  "runner_utilization_driving_pct": 41.455388399705114,
  "runner_utilization_prep_pct": 0.0,
  "runner_utilization_idle_pct": 58.544611600294886,
  "distance_per_delivery_avg": 1574.054683160875,
  "zone_service_times": {
    "hole_11": 13.227335735431007,
    "hole_18": 39.36525853883546,
    "hole_8": 44.9607677129442,
    "hole_7": 31.642051783854793,
    "hole_10": 53.87926616501427,
    "hole_14": 53.704334906163965,
    "hole_13": 64.13532223362884,
    "hole_6": 63.752497406996554
  },
  "total_revenue": 450.0,
  "total_orders": 30,
  "successful_orders": 15,
  "failed_orders": 12,
  "total_rounds": 21,
  "active_runner_hours": 7.180555555555555
}