{
  "simulation_id": "delivery_dynamic_07",
  "runner_id": "2_runners",
  "revenue_per_round": 33.333333333333336,
  "orders_per_runner_hour": 2.7794059793818824,
  "on_time_rate": 1.0,
  "delivery_cycle_time_p90": 15.550828863283588,
  "delivery_cycle_time_avg": 12.183550218111208,
  "failed_rate": 0.0,
  "second_runner_break_even_orders": 7.1957821737319,
  "queue_wait_avg": 0.4947916666666667,
  "runner_utilization_driving_pct": 18.83276695708718,
  "runner_utilization_prep_pct": 0.0,
  "runner_utilization_idle_pct": 81.16723304291281,
  "distance_per_delivery_avg": 1287.1561570400725,
  "zone_service_times": {
    "hole_18": 10.562389956334725,
    "hole_15": 13.481186188141328,
    "hole_17": 12.06007607499355,
    "hole_10": 11.105201772126282,
    "hole_3": 14.126914769777937,
    "hole_9": 16.086697185160666,
    "hole_1": 10.995527211299365,
    "hole_2": 12.380246637730671,
    "hole_8": 12.160886751135696
  },
  "total_revenue": 600.0,
  "total_orders": 20,
  "successful_orders": 20,
  "failed_orders": 0,
  "total_rounds": 18,
  "active_runner_hours": 7.195782173731899
}