{
  "simulation_id": "delivery_dynamic_09",
  "runner_id": "runner_1",
  "revenue_per_round": 16.451612903225808,
  "orders_per_runner_hour": 2.334541293152775,
  "on_time_rate": 0.058823529411764705,
  "delivery_cycle_time_p90": 65.44746575026666,
  "delivery_cycle_time_avg": 51.379347300291734,
  "failed_rate": 0.45,
  "second_runner_break_even_orders": 7.281944444444445,
  "queue_wait_avg": 36.66274509803922,
  "runner_utilization_driving_pct": 33.33780535902728,
  "runner_utilization_prep_pct": 0.0,
  "runner_utilization_idle_pct": 66.66219464097273,
  "distance_per_delivery_avg": 1584.778339956847,
  "zone_service_times": {
    "hole_14": 49.78275137019296,
    "hole_17": 50.59084611727037,
    "hole_12": 52.104324492313296,
    "hole_18": 49.97919768241769,
    "hole_16": 59.46268244249765,
    "hole_15": 49.51535799066623
  },
  "total_revenue": 510.0,
  "total_orders": 40,
  "successful_orders": 17,
  "failed_orders": 18,
  "total_rounds": 31,
  "active_runner_hours": 7.281944444444444
}