{
  "simulation_id": "delivery_dynamic_02",
  "runner_id": "2_runners",
  "revenue_per_round": 37.5,
  "orders_per_runner_hour": 4.234982781379393,
  "on_time_rate": 0.9666666666666667,
  "delivery_cycle_time_p90": 26.713845022021047,
  "delivery_cycle_time_avg": 18.013967410991214,
  "failed_rate": 0.0,
  "second_runner_break_even_orders": 7.083854067106404,
  "queue_wait_avg": 5.558,
  "runner_utilization_driving_pct": 70.92867326031741,
  "runner_utilization_prep_pct": 0.0,
  "runner_utilization_idle_pct": 29.07132673968259,
  "distance_per_delivery_avg": 1136.4530500930475,
  "zone_service_times": {
    "hole_6": 18.557162965202618,
    "hole_14": 16.68736188630061,
    "hole_8": 15.83446872589306,
    "hole_18": 21.12118339354911,
    "hole_13": 15.329103867494025,
    "hole_15": 20.909363835988795,
    "hole_10": 13.073365560246991,
    "hole_9": 19.90317138833355,
    "hole_-1": 17.638769099297235,
    "hole_7": 17.3399772565727,
    "hole_16": 19.752015932147394
  },
  "total_revenue": 900.0,
  "total_orders": 30,
  "successful_orders": 30,
  "failed_orders": 0,
  "total_rounds": 24,
  "active_runner_hours": 7.083854067106404
}