{
  "variantKey": "back",
  "blockedHoles": [
    10,
    11,
    12
  ],
  "deliveryMetrics": {
    "totalOrders": 50,
    "successfulDeliveries": 35,
    "failedDeliveries": 13,
    "avgOrderTime": 39.929792040668595,
    "onTimePercentage": 22.857142857142858,
    "revenue": 1110.0,
    "ordersPerRunnerHour": 3.5,
    "lateOrders": 27,
    "runnerUtilizationPct": 32.05078234083894,
    "totalRunnerDriveMinutes": 384.60938809006734,
    "totalRunnerShiftMinutes": 1200.0,
    "runnerUtilizationByRunner": {
      "runner_1": {
        "driveMinutes": 194.77199076970427,
        "utilizationPct": 32.461998461617384,
        "shiftMinutes": 600.0
      },
      "runner_2": {
        "driveMinutes": 189.83739732036304,
        "utilizationPct": 31.639566220060505,
        "shiftMinutes": 600.0
      }
    }
  },
  "bevCartMetrics": null,
  "hasRunners": true,
  "hasBevCart": false
}