{
  "variantKey": "none",
  "blockedHoles": [],
  "deliveryMetrics": {
    "totalOrders": 30,
    "successfulDeliveries": 30,
    "failedDeliveries": 0,
    "avgOrderTime": 15.74986201364791,
    "onTimePercentage": 96.66666666666667,
    "revenue": 900.0,
    "ordersPerRunnerHour": 3.0,
    "lateOrders": 1,
    "runnerUtilizationPct": 18.291833514810012,
    "totalRunnerDriveMinutes": 329.2530032665802,
    "totalRunnerShiftMinutes": 1800.0,
    "runnerUtilizationByRunner": {
      "runner_2": {
        "driveMinutes": 113.01683280058816,
        "utilizationPct": 18.836138800098027,
        "shiftMinutes": 600.0
      },
      "runner_1": {
        "driveMinutes": 144.6524921699338,
        "utilizationPct": 24.108748694988964,
        "shiftMinutes": 600.0
      },
      "runner_3": {
        "driveMinutes": 71.5836782960582,
        "utilizationPct": 11.930613049343032,
        "shiftMinutes": 600.0
      }
    }
  },
  "bevCartMetrics": null,
  "hasRunners": true,
  "hasBevCart": false
}