{
  "simulation_id": "delivery_dynamic_04",
  "runner_id": "3_runners",
  "revenue_per_round": 40.0,
  "orders_per_runner_hour": 5.465892129884363,
  "on_time_rate": 0.8,
  "delivery_cycle_time_p90": 33.5795580699312,
  "delivery_cycle_time_avg": 21.977596413460542,
  "failed_rate": 0.0,
  "second_runner_break_even_orders": 7.318110026596197,
  "queue_wait_avg": 6.323873873873874,
  "runner_utilization_driving_pct": 100.0,
  "runner_utilization_prep_pct": 0.0,
  "runner_utilization_idle_pct": 0.0,
  "distance_per_delivery_avg": 2059.012394922743,
  "zone_service_times": {
    "hole_14": 17.887879161841557,
    "hole_9": 12.519838055000188,
    "hole_4": 25.835884003600555,
    "hole_12": 28.85255030355338,
    "hole_7": 16.46453417240201,
    "hole_6": 30.404825777066232,
    "hole_18": 18.034697413873577,
    "hole_16": 23.79566150089213,
    "hole_-1": 23.664396839894835,
    "hole_17": 38.23464216132997,
    "hole_5": 22.151681640316685,
    "hole_15": 18.842466727114275,
    "hole_8": 13.580453069097711,
    "hole_2": 23.362967718590212,
    "hole_3": 26.302438864002113,
    "hole_10": 12.112901417390306,
    "hole_11": 14.5671589277025
  },
  "total_revenue": 1200.0,
  "total_orders": 40,
  "successful_orders": 40,
  "failed_orders": 0,
  "total_rounds": 30,
  "active_runner_hours": 7.318110026596197
}