{
  "simulation_id": "delivery_blocked_02",
  "runner_id": "runner_1",
  "revenue_per_round": 1.7857142857142858,
  "orders_per_runner_hour": 0.2,
  "on_time_rate": 0.5,
  "delivery_cycle_time_p90": 47.35841448130644,
  "delivery_cycle_time_avg": 34.54508845907705,
  "failed_rate": 0.47368421052631576,
  "second_runner_break_even_orders": 12.5,
  "queue_wait_avg": 0.0,
  "runner_utilization_driving_pct": 31.42257750384753,
  "runner_utilization_waiting_pct": 29.826690763816554,
  "distance_per_delivery_avg": 1254.9165242970398,
  "zone_service_times": {
    "hole_4": 21.731762436847657,
    "hole_8": 47.35841448130644
  },
  "total_revenue": 50.0,
  "total_orders": 38,
  "successful_orders": 2,
  "failed_orders": 18,
  "total_rounds": 28,
  "active_runner_hours": 10.0
}