{
  "simulation_id": "delivery_dynamic_01",
  "runner_id": "2_runners",
  "revenue_per_round": 28.285714285714285,
  "orders_per_runner_hour": 4.459197237669533,
  "on_time_rate": 0.45454545454545453,
  "delivery_cycle_time_p90": 57.92472965958666,
  "delivery_cycle_time_avg": 35.297169654664785,
  "failed_rate": 0.32,
  "second_runner_break_even_orders": 7.400435154836631,
  "queue_wait_avg": 22.3609375,
  "runner_utilization_driving_pct": 74.04528725874309,
  "runner_utilization_prep_pct": 0.0,
  "runner_utilization_idle_pct": 25.954712741256913,
  "distance_per_delivery_avg": 1214.249003967372,
  "zone_service_times": {
    "hole_10": 24.630047304700348,
    "hole_3": 29.248184309179067,
    "hole_-1": 20.219841160584533,
    "hole_18": 38.279704323076125,
    "hole_8": 40.03516054405615,
    "hole_7": 48.74389906211939,
    "hole_12": 41.630349729481885,
    "hole_13": 65.35295153519746,
    "hole_14": 51.81152888936825,
    "hole_9": 33.97641252815924,
    "hole_2": 14.854116284223226,
    "hole_17": 28.10817478726349,
    "hole_11": 26.094237568886697
  },
  "total_revenue": 990.0,
  "total_orders": 50,
  "successful_orders": 33,
  "failed_orders": 16,
  "total_rounds": 35,
  "active_runner_hours": 7.4004351548366305
}