{
  "simulation_id": "delivery_dynamic_04",
  "runner_id": "3_runners",
  "revenue_per_round": 33.333333333333336,
  "orders_per_runner_hour": 4.07472366119842,
  "on_time_rate": 1.0,
  "delivery_cycle_time_p90": 20.3968810596688,
  "delivery_cycle_time_avg": 14.814997699150696,
  "failed_rate": 0.0,
  "second_runner_break_even_orders": 7.362462462344423,
  "queue_wait_avg": 1.0875,
  "runner_utilization_driving_pct": 58.59138451174608,
  "runner_utilization_prep_pct": 0.0,
  "runner_utilization_idle_pct": 41.40861548825392,
  "distance_per_delivery_avg": 1325.5192269146353,
  "zone_service_times": {
    "hole_18": 11.34752307602187,
    "hole_17": 15.595515173794725,
    "hole_12": 21.10530913893678,
    "hole_9": 11.997921263123963,
    "hole_16": 17.534769277572458,
    "hole_3": 16.295684097166305,
    "hole_-1": 27.191156381366273,
    "hole_2": 14.983676415699302,
    "hole_10": 11.702771598033603,
    "hole_13": 16.228034220760673,
    "hole_14": 16.812033454951113
  },
  "total_revenue": 900.0,
  "total_orders": 30,
  "successful_orders": 30,
  "failed_orders": 0,
  "total_rounds": 27,
  "active_runner_hours": 7.362462462344423
}