{
  "simulation_id": "delivery_dynamic_04",
  "runner_id": "2_runners",
  "revenue_per_round": 39.54545454545455,
  "orders_per_runner_hour": 4.056838114351274,
  "on_time_rate": 0.9655172413793104,
  "delivery_cycle_time_p90": 23.564396839894833,
  "delivery_cycle_time_avg": 16.70985794471669,
  "failed_rate": 0.0,
  "second_runner_break_even_orders": 7.148424261103987,
  "queue_wait_avg": 4.624,
  "runner_utilization_driving_pct": 65.32357023811899,
  "runner_utilization_prep_pct": 0.0,
  "runner_utilization_idle_pct": 34.67642976188101,
  "distance_per_delivery_avg": 915.146752183428,
  "zone_service_times": {
    "hole_12": 17.938133393608283,
    "hole_7": 14.576319769720325,
    "hole_17": 20.27175281694993,
    "hole_10": 13.295373915889256,
    "hole_8": 13.718320247583142,
    "hole_9": 12.024348820955089,
    "hole_-1": 18.26721627917703,
    "hole_15": 21.422529026555186,
    "hole_13": 34.15278134945402,
    "hole_14": 15.744889926461473,
    "hole_11": 18.33210306782827,
    "hole_16": 13.062387571753021,
    "hole_18": 12.951734906105775
  },
  "total_revenue": 870.0,
  "total_orders": 30,
  "successful_orders": 29,
  "failed_orders": 0,
  "total_rounds": 22,
  "active_runner_hours": 7.148424261103988
}