{
  "simulation_id": "delivery_dynamic_04",
  "runner_id": "3_runners",
  "revenue_per_round": 41.37931034482759,
  "orders_per_runner_hour": 5.577569255847153,
  "on_time_rate": 0.975,
  "delivery_cycle_time_p90": 24.751034942491987,
  "delivery_cycle_time_avg": 17.732435437859074,
  "failed_rate": 0.0,
  "second_runner_break_even_orders": 7.171582846428425,
  "queue_wait_avg": 3.915625,
  "runner_utilization_driving_pct": 100.0,
  "runner_utilization_prep_pct": 0.0,
  "runner_utilization_idle_pct": 0.0,
  "distance_per_delivery_avg": 1545.5783071206504,
  "zone_service_times": {
    "hole_8": 17.26100842487336,
    "hole_7": 19.823281004266754,
    "hole_10": 16.810393718456165,
    "hole_18": 17.24747937360945,
    "hole_11": 15.629562659473777,
    "hole_15": 18.156188654538386,
    "hole_17": 18.047797790798086,
    "hole_9": 18.261666610247314,
    "hole_16": 17.906804348181765,
    "hole_6": 19.317270088101093,
    "hole_-1": 20.437470156406075
  },
  "total_revenue": 1200.0,
  "total_orders": 40,
  "successful_orders": 40,
  "failed_orders": 0,
  "total_rounds": 29,
  "active_runner_hours": 7.171582846428426
}