{
  "simulation_id": "delivery_dynamic_03",
  "runner_id": "runner_1",
  "revenue_per_round": 17.0,
  "orders_per_runner_hour": 2.421364985163205,
  "on_time_rate": 0.17647058823529413,
  "delivery_cycle_time_p90": 63.16025457590242,
  "delivery_cycle_time_avg": 43.70752003662328,
  "failed_rate": 0.3,
  "second_runner_break_even_orders": 7.020833333333332,
  "queue_wait_avg": 30.21372549019608,
  "runner_utilization_driving_pct": 40.38190931834972,
  "runner_utilization_prep_pct": 0.0,
  "runner_utilization_idle_pct": 59.61809068165028,
  "distance_per_delivery_avg": 1173.9149675995384,
  "zone_service_times": {
    "hole_9": 13.281216035722293,
    "hole_15": 34.22737950399931,
    "hole_11": 46.359286487255275,
    "hole_3": 37.179803752968354,
    "hole_-1": 49.46995239545039,
    "hole_7": 64.54698844525319,
    "hole_13": 62.81357110856473,
    "hole_5": 60.94030328448874,
    "hole_18": 12.045532136387676
  },
  "total_revenue": 510.0,
  "total_orders": 30,
  "successful_orders": 17,
  "failed_orders": 9,
  "total_rounds": 30,
  "active_runner_hours": 7.020833333333333
}