{
  "simulation_id": "delivery_dynamic_06",
  "runner_id": "3_runners",
  "revenue_per_round": 43.63636363636363,
  "orders_per_runner_hour": 6.5148375934746925,
  "on_time_rate": 0.6666666666666666,
  "delivery_cycle_time_p90": 38.068614795237124,
  "delivery_cycle_time_avg": 24.254540228302567,
  "failed_rate": 0.0,
  "second_runner_break_even_orders": 7.367796865431786,
  "queue_wait_avg": 10.516279069767442,
  "runner_utilization_driving_pct": 100.0,
  "runner_utilization_prep_pct": 0.0,
  "runner_utilization_idle_pct": 0.0,
  "distance_per_delivery_avg": 1624.1255167096626,
  "zone_service_times": {
    "hole_16": 26.86697972391498,
    "hole_17": 22.356560195442604,
    "hole_14": 24.078771608885905,
    "hole_15": 31.535245319437333,
    "hole_13": 20.509139023801843,
    "hole_8": 13.88693739103913,
    "hole_18": 27.52652121212956,
    "hole_11": 16.0231048274855,
    "hole_10": 27.499823254427852,
    "hole_12": 24.06920477653169,
    "hole_9": 12.779599281095095
  },
  "total_revenue": 1440.0,
  "total_orders": 50,
  "successful_orders": 48,
  "failed_orders": 0,
  "total_rounds": 33,
  "active_runner_hours": 7.367796865431786
}