{
  "simulation_id": "delivery_dynamic_03",
  "runner_id": "2_runners",
  "revenue_per_round": 34.8,
  "orders_per_runner_hour": 4.122141659061953,
  "on_time_rate": 0.7931034482758621,
  "delivery_cycle_time_p90": 34.45377444166115,
  "delivery_cycle_time_avg": 21.394566754229214,
  "failed_rate": 0.0,
  "second_runner_break_even_orders": 7.035177924137456,
  "queue_wait_avg": 9.078846153846154,
  "runner_utilization_driving_pct": 59.871920779451074,
  "runner_utilization_prep_pct": 0.0,
  "runner_utilization_idle_pct": 40.128079220548926,
  "distance_per_delivery_avg": 1093.6502914899806,
  "zone_service_times": {
    "hole_18": 18.354950748580062,
    "hole_10": 11.443015932265583,
    "hole_17": 24.87964318256294,
    "hole_8": 24.398674885983443,
    "hole_12": 25.46195019021752,
    "hole_11": 24.32262959984279,
    "hole_16": 22.772897291909644,
    "hole_7": 16.608718450521458
  },
  "total_revenue": 870.0,
  "total_orders": 30,
  "successful_orders": 29,
  "failed_orders": 0,
  "total_rounds": 25,
  "active_runner_hours": 7.035177924137456
}