{
  "simulation_id": "delivery_dynamic_10",
  "runner_id": "3_runners",
  "revenue_per_round": 42.857142857142854,
  "orders_per_runner_hour": 5.753875868633446,
  "on_time_rate": 0.95,
  "delivery_cycle_time_p90": 23.89654188524616,
  "delivery_cycle_time_avg": 15.98482929625081,
  "failed_rate": 0.0,
  "second_runner_break_even_orders": 6.9518357561474575,
  "queue_wait_avg": 2.212745098039216,
  "runner_utilization_driving_pct": 100.0,
  "runner_utilization_prep_pct": 0.0,
  "runner_utilization_idle_pct": 0.0,
  "distance_per_delivery_avg": 1378.9426435402727,
  "zone_service_times": {
    "hole_14": 20.59256170004546,
    "hole_12": 14.844593748691175,
    "hole_7": 18.614511238176966,
    "hole_17": 24.181739393501307,
    "hole_9": 12.432043757894675,
    "hole_18": 12.341445329359912,
    "hole_16": 17.808198986814627,
    "hole_10": 12.27892835529979,
    "hole_6": 18.203257231469465,
    "hole_13": 17.535322233628843,
    "hole_8": 14.060975035525857,
    "hole_11": 15.19970752616676,
    "hole_15": 16.983950102034882
  },
  "total_revenue": 1200.0,
  "total_orders": 40,
  "successful_orders": 40,
  "failed_orders": 0,
  "total_rounds": 28,
  "active_runner_hours": 6.9518357561474575
}