{
  "simulation_id": "delivery_dynamic_08",
  "runner_id": "3_runners",
  "revenue_per_round": 40.90909090909091,
  "orders_per_runner_hour": 4.124108791926213,
  "on_time_rate": 1.0,
  "delivery_cycle_time_p90": 21.737244275478613,
  "delivery_cycle_time_avg": 15.869317137596807,
  "failed_rate": 0.0,
  "second_runner_break_even_orders": 7.274298888218259,
  "queue_wait_avg": 0.8939393939393939,
  "runner_utilization_driving_pct": 81.66029765390812,
  "runner_utilization_prep_pct": 0.0,
  "runner_utilization_idle_pct": 18.339702346091883,
  "distance_per_delivery_avg": 1751.8238915658576,
  "zone_service_times": {
    "hole_15": 13.017701308230865,
    "hole_13": 15.204340805971045,
    "hole_4": 21.18916618982243,
    "hole_9": 12.631539749563792,
    "hole_11": 14.70514826928999,
    "hole_14": 14.697849209453954,
    "hole_17": 15.152325296448785,
    "hole_16": 27.946326926602946,
    "hole_-1": 11.649532307501067,
    "hole_2": 22.860798396478277,
    "hole_12": 17.14120925612903,
    "hole_5": 21.580647938276403,
    "hole_3": 20.63244769884574,
    "hole_18": 11.698176130961292
  },
  "total_revenue": 900.0,
  "total_orders": 30,
  "successful_orders": 30,
  "failed_orders": 0,
  "total_rounds": 22,
  "active_runner_hours": 7.274298888218259
}