{
  "simulation_id": "delivery_dynamic_01",
  "runner_id": "3_runners",
  "revenue_per_round": 26.923076923076923,
  "orders_per_runner_hour": 1.4,
  "on_time_rate": 1.0,
  "delivery_cycle_time_p90": 18.050242697155017,
  "delivery_cycle_time_avg": 15.610141625445799,
  "failed_rate": 0.0,
  "second_runner_break_even_orders": 12.5,
  "queue_wait_avg": 0.0,
  "runner_utilization_driving_pct": 13.090330459373531,
  "runner_utilization_waiting_pct": 17.635030437654628,
  "distance_per_delivery_avg": 1024.2150991351737,
  "zone_service_times": {
    "hole_12": 13.875463167807903,
    "hole_6": 13.801878541166298,
    "hole_2": 16.93405225180874,
    "hole_9": 14.18981737407224,
    "hole_7": 16.814792483808642,
    "hole_13": 16.16800615505654,
    "hole_18": 12.27176537012662,
    "hole_11": 16.194764756531793,
    "hole_5": 17.522821327787216,
    "hole_15": 17.043373104221487,
    "hole_4": 17.82389788610981
  },
  "total_revenue": 350.0,
  "total_orders": 14,
  "successful_orders": 14,
  "failed_orders": 0,
  "total_rounds": 13,
  "active_runner_hours": 10.0
}