{
  "simulation_id": "delivery_dynamic_07",
  "runner_id": "3_runners",
  "revenue_per_round": 34.61538461538461,
  "orders_per_runner_hour": 4.135105832003173,
  "on_time_rate": 1.0,
  "delivery_cycle_time_p90": 24.864290302727042,
  "delivery_cycle_time_avg": 18.419915668245263,
  "failed_rate": 0.0,
  "second_runner_break_even_orders": 7.254953372128584,
  "queue_wait_avg": 2.0969135802469134,
  "runner_utilization_driving_pct": 94.52323416200474,
  "runner_utilization_prep_pct": 0.0,
  "runner_utilization_idle_pct": 5.476765837995259,
  "distance_per_delivery_avg": 2194.984997863741,
  "zone_service_times": {
    "hole_16": 11.612328167558795,
    "hole_4": 21.78635177275921,
    "hole_12": 23.526962768003067,
    "hole_15": 13.570106485594867,
    "hole_9": 12.69351589943041,
    "hole_6": 23.91924715123693,
    "hole_2": 22.28976475683782,
    "hole_10": 12.416668491165547,
    "hole_11": 22.978536962310802,
    "hole_8": 18.985028289286554,
    "hole_7": 16.146524001551672,
    "hole_-1": 10.459589638344854,
    "hole_5": 21.961337116189558,
    "hole_14": 15.012085713474033,
    "hole_3": 20.63244769884574
  },
  "total_revenue": 900.0,
  "total_orders": 30,
  "successful_orders": 30,
  "failed_orders": 0,
  "total_rounds": 26,
  "active_runner_hours": 7.254953372128584
}