{
  "simulation_id": "delivery_dynamic_02",
  "runner_id": "3_runners",
  "revenue_per_round": 33.46153846153846,
  "orders_per_runner_hour": 3.9566853400180055,
  "on_time_rate": 0.9655172413793104,
  "delivery_cycle_time_p90": 22.28976475683782,
  "delivery_cycle_time_avg": 16.015982680230596,
  "failed_rate": 0.0,
  "second_runner_break_even_orders": 7.3293672627169375,
  "queue_wait_avg": 1.6675,
  "runner_utilization_driving_pct": 75.40207231111886,
  "runner_utilization_prep_pct": 0.0,
  "runner_utilization_idle_pct": 24.597927688881143,
  "distance_per_delivery_avg": 1634.9701805574784,
  "zone_service_times": {
    "hole_3": 21.170148194066737,
    "hole_15": 13.026034592836732,
    "hole_9": 13.462545855427045,
    "hole_13": 15.833470118401904,
    "hole_8": 13.551600068785259,
    "hole_10": 13.308232863934547,
    "hole_14": 15.978090456422517,
    "hole_16": 20.798049451750256,
    "hole_-1": 10.486431974133847,
    "hole_5": 26.08898124999793,
    "hole_2": 22.397657460928368,
    "hole_17": 14.5024055859707,
    "hole_18": 11.656509958649863,
    "hole_12": 17.812035763016198
  },
  "total_revenue": 870.0,
  "total_orders": 30,
  "successful_orders": 29,
  "failed_orders": 0,
  "total_rounds": 26,
  "active_runner_hours": 7.329367262716937
}