{
  "simulation_id": "delivery_dynamic_10",
  "runner_id": "runner_1",
  "revenue_per_round": 40.0,
  "orders_per_runner_hour": 2.446115107660932,
  "on_time_rate": 0.9,
  "delivery_cycle_time_p90": 30.067656216038205,
  "delivery_cycle_time_avg": 15.967468227082534,
  "failed_rate": 0.0,
  "second_runner_break_even_orders": 8.176230111723875,
  "queue_wait_avg": 4.668954248366015,
  "runner_utilization_driving_pct": 35.626839946055725,
  "runner_utilization_prep_pct": 0.0,
  "runner_utilization_idle_pct": 64.37316005394428,
  "distance_per_delivery_avg": 1439.1771234994221,
  "zone_service_times": {
    "hole_9": 17.440831424932533,
    "hole_10": 17.52314166587252,
    "hole_12": 10.408807897393096,
    "hole_8": 11.998885368623814,
    "hole_15": 20.082969100909395,
    "hole_13": 13.72395785190151,
    "hole_5": 22.11079824110099,
    "hole_7": 13.562678765280666,
    "hole_18": 20.932992849228384,
    "hole_14": 13.568834695353507,
    "hole_17": 12.472788244838618
  },
  "total_revenue": 600.0,
  "total_orders": 20,
  "successful_orders": 20,
  "failed_orders": 0,
  "total_rounds": 15,
  "active_runner_hours": 8.176230111723875
}