{
  "simulation_id": "delivery_dynamic_07",
  "runner_id": "3_runners",
  "revenue_per_round": 39.130434782608695,
  "orders_per_runner_hour": 4.100046085386555,
  "on_time_rate": 1.0,
  "delivery_cycle_time_p90": 22.86031353338049,
  "delivery_cycle_time_avg": 17.032309306741887,
  "failed_rate": 0.0,
  "second_runner_break_even_orders": 7.316990925279218,
  "queue_wait_avg": 1.6277777777777778,
  "runner_utilization_driving_pct": 79.80343652952766,
  "runner_utilization_prep_pct": 0.0,
  "runner_utilization_idle_pct": 20.19656347047234,
  "distance_per_delivery_avg": 1870.6159270652734,
  "zone_service_times": {
    "hole_18": 12.352569813582992,
    "hole_9": 13.92483155179331,
    "hole_-1": 20.441156381366273,
    "hole_15": 17.536935757785372,
    "hole_10": 14.34109039930163,
    "hole_16": 19.226127018066144,
    "hole_11": 22.258040859500095,
    "hole_14": 18.915648272101922,
    "hole_4": 29.40397247131647,
    "hole_13": 16.722549911230452,
    "hole_12": 15.190584920685735,
    "hole_2": 14.33603996505414,
    "hole_17": 14.90469678515789
  },
  "total_revenue": 900.0,
  "total_orders": 30,
  "successful_orders": 30,
  "failed_orders": 0,
  "total_rounds": 23,
  "active_runner_hours": 7.316990925279218
}