{
  "simulation_id": "delivery_dynamic_01",
  "runner_id": "2_runners",
  "revenue_per_round": 28.75,
  "orders_per_runner_hour": 2.3,
  "on_time_rate": 1.0,
  "delivery_cycle_time_p90": 17.394360638649424,
  "delivery_cycle_time_avg": 14.628308686174186,
  "failed_rate": 0.0,
  "second_runner_break_even_orders": 12.5,
  "queue_wait_avg": 0.0,
  "runner_utilization_driving_pct": 13.447209020092377,
  "runner_utilization_waiting_pct": 19.628299879937277,
  "distance_per_delivery_avg": 846.9630404689417,
  "zone_service_times": {
    "hole_16": 12.74496578703435,
    "hole_7": 16.205821588246028,
    "hole_17": 16.669236947142657,
    "hole_15": 14.585330949681701,
    "hole_18": 13.14330647478734,
    "hole_10": 11.389380235847723,
    "hole_4": 16.629567457639677,
    "hole_13": 15.506869269929869,
    "hole_9": 12.95455190991197,
    "hole_8": 12.119510079430862,
    "hole_1": 13.357125750174175,
    "hole_5": 16.191233686428557,
    "hole_14": 13.470509636235208,
    "hole_12": 16.91186345421617,
    "hole_11": 16.194764756531733
  },
  "total_revenue": 575.0,
  "total_orders": 23,
  "successful_orders": 23,
  "failed_orders": 0,
  "total_rounds": 20,
  "active_runner_hours": 10.0
}