{
  "simulation_id": "delivery_dynamic_10",
  "runner_id": "2_runners",
  "revenue_per_round": 37.5,
  "orders_per_runner_hour": 4.143153306648162,
  "on_time_rate": 0.9333333333333333,
  "delivery_cycle_time_p90": 28.251377812140475,
  "delivery_cycle_time_avg": 18.681676189491387,
  "failed_rate": 0.0,
  "second_runner_break_even_orders": 7.240861676989259,
  "queue_wait_avg": 5.095238095238095,
  "runner_utilization_driving_pct": 73.419920961023,
  "runner_utilization_prep_pct": 0.0,
  "runner_utilization_idle_pct": 26.580079038977004,
  "distance_per_delivery_avg": 1319.1765330024398,
  "zone_service_times": {
    "hole_9": 13.270462905194911,
    "hole_18": 15.598211753723183,
    "hole_17": 14.283555534124055,
    "hole_15": 19.044902152358745,
    "hole_7": 18.63756583013717,
    "hole_4": 25.508874204776536,
    "hole_8": 16.088619617324486,
    "hole_16": 18.593387666753593,
    "hole_10": 18.53872481612492,
    "hole_11": 36.91715892162186,
    "hole_6": 19.767464300422883,
    "hole_5": 22.67551014316511
  },
  "total_revenue": 900.0,
  "total_orders": 30,
  "successful_orders": 30,
  "failed_orders": 0,
  "total_rounds": 24,
  "active_runner_hours": 7.240861676989259
}