{
  "simulation_id": "delivery_dynamic_02",
  "runner_id": "3_runners",
  "revenue_per_round": 40.90909090909091,
  "orders_per_runner_hour": 4.19058547974946,
  "on_time_rate": 0.9,
  "delivery_cycle_time_p90": 30.4879243037306,
  "delivery_cycle_time_avg": 17.340156105844642,
  "failed_rate": 0.0,
  "second_runner_break_even_orders": 7.1589042020432885,
  "queue_wait_avg": 3.4935897435897436,
  "runner_utilization_driving_pct": 77.51250960037672,
  "runner_utilization_prep_pct": 0.0,
  "runner_utilization_idle_pct": 22.487490399623283,
  "distance_per_delivery_avg": 1448.959118230464,
  "zone_service_times": {
    "hole_9": 14.191783988798791,
    "hole_13": 16.228034220760673,
    "hole_15": 21.792536355569823,
    "hole_6": 19.28393675476776,
    "hole_14": 17.527232719367202,
    "hole_18": 15.99469577628514,
    "hole_4": 35.242062907619705,
    "hole_10": 17.908260296513347,
    "hole_7": 23.93652821665728,
    "hole_17": 15.20943836751394,
    "hole_12": 15.755746010091691,
    "hole_16": 17.288644883444736,
    "hole_3": 17.965813372676408,
    "hole_8": 13.484842296057225
  },
  "total_revenue": 900.0,
  "total_orders": 30,
  "successful_orders": 30,
  "failed_orders": 0,
  "total_rounds": 22,
  "active_runner_hours": 7.1589042020432885
}