{
  "simulation_id": "delivery_dynamic_07",
  "runner_id": "runner_1",
  "revenue_per_round": 25.263157894736842,
  "orders_per_runner_hour": 2.2081656124209315,
  "on_time_rate": 0.375,
  "delivery_cycle_time_p90": 59.8264095719127,
  "delivery_cycle_time_avg": 37.78624674153617,
  "failed_rate": 0.36666666666666664,
  "second_runner_break_even_orders": 7.245833333333334,
  "queue_wait_avg": 25.002222222222223,
  "runner_utilization_driving_pct": 41.463116790231425,
  "runner_utilization_prep_pct": 0.0,
  "runner_utilization_idle_pct": 58.536883209768575,
  "distance_per_delivery_avg": 1460.4789051561547,
  "zone_service_times": {
    "hole_15": 44.297219226635605,
    "hole_4": 22.321512331463417,
    "hole_18": 34.97276847194407,
    "hole_11": 47.94240825569802,
    "hole_13": 52.14819059809167,
    "hole_10": 59.72489953060121,
    "hole_-1": 27.622730173228167,
    "hole_6": 58.97919572542814,
    "hole_17": 14.474986712698835,
    "hole_9": 21.669838033773523,
    "hole_12": 30.39100154665151
  },
  "total_revenue": 480.0,
  "total_orders": 30,
  "successful_orders": 16,
  "failed_orders": 11,
  "total_rounds": 19,
  "active_runner_hours": 7.245833333333334
}