{
  "simulation_id": "delivery_dynamic_07",
  "runner_id": "runner_1",
  "revenue_per_round": 17.0,
  "orders_per_runner_hour": 2.4256837098692032,
  "on_time_rate": 0.11764705882352941,
  "delivery_cycle_time_p90": 63.27079555197565,
  "delivery_cycle_time_avg": 44.85118625401996,
  "failed_rate": 0.45,
  "second_runner_break_even_orders": 7.008333333333334,
  "queue_wait_avg": 29.353921568627452,
  "runner_utilization_driving_pct": 37.79540787820763,
  "runner_utilization_prep_pct": 0.0,
  "runner_utilization_idle_pct": 62.20459212179237,
  "distance_per_delivery_avg": 1847.0809342918812,
  "zone_service_times": {
    "hole_17": 43.23049909997225,
    "hole_13": 41.0988262113124,
    "hole_7": 41.1301200203566,
    "hole_15": 42.314294217061835,
    "hole_16": 51.01332080539615,
    "hole_18": 49.077894466074824,
    "hole_-1": 40.93929534919177
  },
  "total_revenue": 510.0,
  "total_orders": 40,
  "successful_orders": 17,
  "failed_orders": 18,
  "total_rounds": 30,
  "active_runner_hours": 7.008333333333334
}