{
  "simulation_id": "delivery_dynamic_10",
  "runner_id": "runner_1",
  "revenue_per_round": 23.47826086956522,
  "orders_per_runner_hour": 2.569898869720405,
  "on_time_rate": 0.5555555555555556,
  "delivery_cycle_time_p90": 58.36090794367531,
  "delivery_cycle_time_avg": 30.40081242133278,
  "failed_rate": 0.3,
  "second_runner_break_even_orders": 7.004166666666666,
  "queue_wait_avg": 17.492592592592594,
  "runner_utilization_driving_pct": 35.968466562010036,
  "runner_utilization_prep_pct": 0.0,
  "runner_utilization_idle_pct": 64.03153343798996,
  "distance_per_delivery_avg": 977.1618624567001,
  "zone_service_times": {
    "hole_14": 15.048982586376678,
    "hole_15": 18.950744600911175,
    "hole_11": 40.743481081496796,
    "hole_12": 58.327186955206464,
    "hole_18": 22.326277722071456,
    "hole_10": 35.05403762069254,
    "hole_-1": 49.353285728783725,
    "hole_17": 26.48840137740902,
    "hole_9": 11.347393477054842,
    "hole_16": 34.55155504437019
  },
  "total_revenue": 540.0,
  "total_orders": 30,
  "successful_orders": 18,
  "failed_orders": 9,
  "total_rounds": 23,
  "active_runner_hours": 7.004166666666666
}