{
  "simulation_id": "delivery_dynamic_09",
  "runner_id": "runner_1",
  "revenue_per_round": 31.764705882352942,
  "orders_per_runner_hour": 2.483228119218251,
  "on_time_rate": 0.5555555555555556,
  "delivery_cycle_time_p90": 61.22198819953674,
  "delivery_cycle_time_avg": 30.56103002292105,
  "failed_rate": 0.1,
  "second_runner_break_even_orders": 7.248629258300526,
  "queue_wait_avg": 17.73888888888889,
  "runner_utilization_driving_pct": 36.31523329613772,
  "runner_utilization_prep_pct": 0.0,
  "runner_utilization_idle_pct": 63.68476670386228,
  "distance_per_delivery_avg": 948.2394210348026,
  "zone_service_times": {
    "hole_11": 34.206264365894526,
    "hole_18": 40.87998371686058,
    "hole_9": 32.43773785548698,
    "hole_-1": 17.76720947655786,
    "hole_12": 41.63112267808756,
    "hole_17": 62.45130882799664,
    "hole_14": 14.36953092100254,
    "hole_16": 11.796326926602948
  },
  "total_revenue": 540.0,
  "total_orders": 20,
  "successful_orders": 18,
  "failed_orders": 2,
  "total_rounds": 17,
  "active_runner_hours": 7.248629258300526
}