{
  "simulation_id": "delivery_dynamic_06",
  "runner_id": "3_runners",
  "revenue_per_round": 40.0,
  "orders_per_runner_hour": 5.463095818063842,
  "on_time_rate": 0.925,
  "delivery_cycle_time_p90": 29.03505301287954,
  "delivery_cycle_time_avg": 18.699939383228315,
  "failed_rate": 0.0,
  "second_runner_break_even_orders": 7.321855836344506,
  "queue_wait_avg": 3.578240740740741,
  "runner_utilization_driving_pct": 100.0,
  "runner_utilization_prep_pct": 0.0,
  "runner_utilization_idle_pct": 0.0,
  "distance_per_delivery_avg": 1841.1196327647153,
  "zone_service_times": {
    "hole_18": 16.545989892781648,
    "hole_16": 21.41612702110415,
    "hole_17": 15.108075907924276,
    "hole_6": 21.697330060231344,
    "hole_8": 18.572548585671075,
    "hole_15": 23.59933449524218,
    "hole_-1": 20.654422310868178,
    "hole_12": 16.10549679757872,
    "hole_11": 23.42660843673766,
    "hole_7": 18.927874018187687,
    "hole_13": 23.270961777545473,
    "hole_9": 15.295303492010923,
    "hole_14": 17.753721568226258,
    "hole_10": 11.057735063577033
  },
  "total_revenue": 1200.0,
  "total_orders": 40,
  "successful_orders": 40,
  "failed_orders": 0,
  "total_rounds": 30,
  "active_runner_hours": 7.321855836344506
}