{
  "simulation_id": "delivery_dynamic_07",
  "runner_id": "2_runners",
  "revenue_per_round": 37.5,
  "orders_per_runner_hour": 4.061295389759821,
  "on_time_rate": 0.8333333333333334,
  "delivery_cycle_time_p90": 40.58376732417084,
  "delivery_cycle_time_avg": 20.661325623889425,
  "failed_rate": 0.0,
  "second_runner_break_even_orders": 7.386805716137323,
  "queue_wait_avg": 5.255172413793104,
  "runner_utilization_driving_pct": 76.45802375374909,
  "runner_utilization_prep_pct": 0.0,
  "runner_utilization_idle_pct": 23.54197624625091,
  "distance_per_delivery_avg": 1875.3254096268456,
  "zone_service_times": {
    "hole_14": 17.937668239497302,
    "hole_2": 14.855079473038556,
    "hole_18": 14.542180213853317,
    "hole_13": 17.568655566962175,
    "hole_9": 16.286210388809103,
    "hole_16": 18.021015768239643,
    "hole_17": 19.23116567653452,
    "hole_12": 21.822434900029748,
    "hole_6": 44.06823255376045,
    "hole_3": 24.97241540158799,
    "hole_-1": 21.195504365360872,
    "hole_15": 30.441573728635678,
    "hole_1": 12.77801204096886,
    "hole_10": 11.777945945271354,
    "hole_4": 20.105898263519823
  },
  "total_revenue": 900.0,
  "total_orders": 30,
  "successful_orders": 30,
  "failed_orders": 0,
  "total_rounds": 24,
  "active_runner_hours": 7.386805716137323
}