{
  "simulation_id": "delivery_dynamic_03",
  "runner_id": "runner_1",
  "revenue_per_round": 29.166666666666668,
  "orders_per_runner_hour": 2.537499067922386,
  "on_time_rate": 0.38095238095238093,
  "delivery_cycle_time_p90": 56.62718370744257,
  "delivery_cycle_time_avg": 34.702749916346484,
  "failed_rate": 0.045454545454545456,
  "second_runner_break_even_orders": 10.344831386083058,
  "queue_wait_avg": 27.052083333333332,
  "runner_utilization_driving_pct": 28.973934505706566,
  "runner_utilization_prep_pct": 0.0,
  "runner_utilization_idle_pct": 71.02606549429343,
  "distance_per_delivery_avg": 1315.8710397636967,
  "zone_service_times": {
    "hole_15": 12.897382860167939,
    "hole_17": 35.58795851091118,
    "hole_18": 39.97023528563318,
    "hole_13": 59.40034253953472,
    "hole_11": 24.47416038738713,
    "hole_12": 56.75681066608619,
    "hole_8": 14.363176198411505,
    "hole_16": 21.987229915071314
  },
  "total_revenue": 525.0,
  "total_orders": 22,
  "successful_orders": 21,
  "failed_orders": 1,
  "total_rounds": 18,
  "active_runner_hours": 8.275865108866446
}