{
  "simulation_id": "delivery_dynamic_05",
  "runner_id": "runner_1",
  "revenue_per_round": 20.0,
  "orders_per_runner_hour": 2.7280100572067685,
  "on_time_rate": 0.25,
  "delivery_cycle_time_p90": 61.97142576182366,
  "delivery_cycle_time_avg": 43.780916442250906,
  "failed_rate": 0.375,
  "second_runner_break_even_orders": 9.164189088656698,
  "queue_wait_avg": 35.127450980392155,
  "runner_utilization_driving_pct": 26.676050397648666,
  "runner_utilization_prep_pct": 0.0,
  "runner_utilization_idle_pct": 73.32394960235133,
  "distance_per_delivery_avg": 1261.502727827893,
  "zone_service_times": {
    "hole_13": 43.233675872868055,
    "hole_17": 26.85184739980006,
    "hole_14": 57.408624799920894,
    "hole_16": 56.487229915071346,
    "hole_18": 44.17559242849032,
    "hole_11": 28.47416038738714,
    "hole_15": 40.23071619350121
  },
  "total_revenue": 500.0,
  "total_orders": 32,
  "successful_orders": 20,
  "failed_orders": 12,
  "total_rounds": 25,
  "active_runner_hours": 7.331351270925358
}