{
  "simulation_id": "delivery_dynamic_10",
  "runner_id": "runner_1",
  "revenue_per_round": 28.42105263157895,
  "orders_per_runner_hour": 2.51009577462274,
  "on_time_rate": 0.4444444444444444,
  "delivery_cycle_time_p90": 64.38078991973913,
  "delivery_cycle_time_avg": 34.268317671598034,
  "failed_rate": 0.1,
  "second_runner_break_even_orders": 7.1710411140408965,
  "queue_wait_avg": 19.094444444444445,
  "runner_utilization_driving_pct": 48.48340830094736,
  "runner_utilization_prep_pct": 0.0,
  "runner_utilization_idle_pct": 51.51659169905264,
  "distance_per_delivery_avg": 1738.4214043236047,
  "zone_service_times": {
    "hole_3": 21.360492466738954,
    "hole_17": 30.960272572112746,
    "hole_-1": 36.74773017322817,
    "hole_5": 51.09277610908557,
    "hole_12": 61.83462803584791,
    "hole_14": 64.00589990412404,
    "hole_16": 30.21736043868168,
    "hole_15": 26.152672597812913,
    "hole_13": 15.469448016120683,
    "hole_9": 16.217193733251893,
    "hole_8": 14.145630819919825,
    "hole_2": 23.803786950872624,
    "hole_10": 14.71197107544261
  },
  "total_revenue": 540.0,
  "total_orders": 20,
  "successful_orders": 18,
  "failed_orders": 2,
  "total_rounds": 19,
  "active_runner_hours": 7.1710411140408965
}