{
  "simulation_id": "delivery_dynamic_04",
  "runner_id": "runner_1",
  "revenue_per_round": 15.517241379310345,
  "orders_per_runner_hour": 2.050503132713119,
  "on_time_rate": 0.06666666666666667,
  "delivery_cycle_time_p90": 63.61988490727754,
  "delivery_cycle_time_avg": 50.91198405880107,
  "failed_rate": 0.5,
  "second_runner_break_even_orders": 7.315277777777778,
  "queue_wait_avg": 36.67444444444445,
  "runner_utilization_driving_pct": 35.637798459652686,
  "runner_utilization_prep_pct": 0.0,
  "runner_utilization_idle_pct": 64.36220154034731,
  "distance_per_delivery_avg": 1423.8133104238273,
  "zone_service_times": {
    "hole_3": 24.476705353426084,
    "hole_18": 52.822256525741054,
    "hole_14": 56.49367062087134,
    "hole_9": 56.72767454426084,
    "hole_8": 57.945670737995925,
    "hole_15": 57.98395010203488,
    "hole_10": 53.82921494564859,
    "hole_6": 46.126427569687436,
    "hole_11": 59.89137419283337
  },
  "total_revenue": 450.0,
  "total_orders": 40,
  "successful_orders": 15,
  "failed_orders": 20,
  "total_rounds": 29,
  "active_runner_hours": 7.315277777777778
}