{
  "simulation_id": "delivery_dynamic_09",
  "runner_id": "2_runners",
  "revenue_per_round": 39.54545454545455,
  "orders_per_runner_hour": 4.030070976042606,
  "on_time_rate": 0.8275862068965517,
  "delivery_cycle_time_p90": 32.48519619030843,
  "delivery_cycle_time_avg": 19.335259339671513,
  "failed_rate": 0.0,
  "second_runner_break_even_orders": 7.195903042997278,
  "queue_wait_avg": 5.204666666666666,
  "runner_utilization_driving_pct": 70.61693453615665,
  "runner_utilization_prep_pct": 0.0,
  "runner_utilization_idle_pct": 29.38306546384335,
  "distance_per_delivery_avg": 1629.0885174399727,
  "zone_service_times": {
    "hole_9": 11.726604572341664,
    "hole_5": 23.001374231551058,
    "hole_-1": 12.308160621017912,
    "hole_8": 13.87013660698667,
    "hole_15": 14.088802948155536,
    "hole_17": 25.404662360619394,
    "hole_14": 24.343547606949897,
    "hole_18": 17.654189105970627,
    "hole_4": 34.970550314426234,
    "hole_10": 10.697490220860224,
    "hole_6": 32.48519619030843,
    "hole_16": 12.748049451750315,
    "hole_2": 22.11608734174139
  },
  "total_revenue": 870.0,
  "total_orders": 30,
  "successful_orders": 29,
  "failed_orders": 0,
  "total_rounds": 22,
  "active_runner_hours": 7.195903042997278
}