{
  "simulation_id": "delivery_dynamic_10",
  "runner_id": "2_runners",
  "revenue_per_round": 30.0,
  "orders_per_runner_hour": 4.756511891279728,
  "on_time_rate": 0.45714285714285713,
  "delivery_cycle_time_p90": 55.612780843302424,
  "delivery_cycle_time_avg": 32.16797804988123,
  "failed_rate": 0.24,
  "second_runner_break_even_orders": 7.358333333333333,
  "queue_wait_avg": 18.498039215686273,
  "runner_utilization_driving_pct": 82.08880835531144,
  "runner_utilization_prep_pct": 0.0,
  "runner_utilization_idle_pct": 17.911191644688557,
  "distance_per_delivery_avg": 1410.6806247600907,
  "zone_service_times": {
    "hole_8": 34.533211277481335,
    "hole_15": 29.147779639211862,
    "hole_6": 18.479605660706785,
    "hole_12": 42.368953216043714,
    "hole_16": 32.371015768239644,
    "hole_18": 36.072978222418584,
    "hole_9": 28.237932963781805,
    "hole_10": 37.299904960788716,
    "hole_17": 17.887515431927856,
    "hole_7": 23.558718450521457,
    "hole_11": 32.84303988643199
  },
  "total_revenue": 1050.0,
  "total_orders": 50,
  "successful_orders": 35,
  "failed_orders": 12,
  "total_rounds": 35,
  "active_runner_hours": 7.358333333333333
}