{
  "simulation_id": "delivery_dynamic_02",
  "runner_id": "3_runners",
  "revenue_per_round": 44.44444444444444,
  "orders_per_runner_hour": 5.489024300684261,
  "on_time_rate": 0.95,
  "delivery_cycle_time_p90": 25.983296870991957,
  "delivery_cycle_time_avg": 17.398163437788305,
  "failed_rate": 0.0,
  "second_runner_break_even_orders": 7.287269614567675,
  "queue_wait_avg": 2.793859649122807,
  "runner_utilization_driving_pct": 96.76536996618755,
  "runner_utilization_prep_pct": 0.0,
  "runner_utilization_idle_pct": 3.2346300338124507,
  "distance_per_delivery_avg": 1593.98291509687,
  "zone_service_times": {
    "hole_11": 13.059706553098628,
    "hole_7": 18.516147183500916,
    "hole_14": 19.770810130057274,
    "hole_12": 21.001151231973395,
    "hole_18": 15.767114663067339,
    "hole_17": 15.892712153344108,
    "hole_6": 21.42683028761199,
    "hole_8": 14.32424154728648,
    "hole_-1": 20.03775564420151,
    "hole_10": 12.562092813926242,
    "hole_16": 16.936720001550565
  },
  "total_revenue": 1200.0,
  "total_orders": 40,
  "successful_orders": 40,
  "failed_orders": 0,
  "total_rounds": 27,
  "active_runner_hours": 7.287269614567675
}