{
  "simulation_id": "delivery_dynamic_02",
  "runner_id": "2_runners",
  "revenue_per_round": 35.294117647058826,
  "orders_per_runner_hour": 2.790529775083336,
  "on_time_rate": 1.0,
  "delivery_cycle_time_p90": 23.5676816204687,
  "delivery_cycle_time_avg": 16.35522952453108,
  "failed_rate": 0.0,
  "second_runner_break_even_orders": 7.167097867430109,
  "queue_wait_avg": 2.455952380952381,
  "runner_utilization_driving_pct": 55.05921657190118,
  "runner_utilization_prep_pct": 0.0,
  "runner_utilization_idle_pct": 44.94078342809882,
  "distance_per_delivery_avg": 1557.7171202424445,
  "zone_service_times": {
    "hole_11": 14.100735394957914,
    "hole_18": 13.970124300146805,
    "hole_9": 14.011480577016926,
    "hole_14": 19.447777316642817,
    "hole_15": 13.803286187861461,
    "hole_-1": 16.584845073720103,
    "hole_4": 22.69724464563351,
    "hole_7": 14.694336918131134,
    "hole_12": 17.000864748512445,
    "hole_2": 22.11608734174139
  },
  "total_revenue": 600.0,
  "total_orders": 20,
  "successful_orders": 20,
  "failed_orders": 0,
  "total_rounds": 17,
  "active_runner_hours": 7.167097867430109
}