{
  "simulation_id": "delivery_dynamic_02",
  "runner_id": "2_runners",
  "revenue_per_round": 27.083333333333332,
  "orders_per_runner_hour": 1.3,
  "on_time_rate": 1.0,
  "delivery_cycle_time_p90": 18.053059766610193,
  "delivery_cycle_time_avg": 14.703819335024164,
  "failed_rate": 0.0,
  "second_runner_break_even_orders": 12.5,
  "queue_wait_avg": 0.0,
  "runner_utilization_driving_pct": 8.98615001394821,
  "runner_utilization_waiting_pct": 15.147391601733357,
  "distance_per_delivery_avg": 925.8226322992639,
  "zone_service_times": {
    "hole_11": 13.063158887883583,
    "hole_9": 13.451097720789525,
    "hole_7": 13.42433911931427,
    "hole_4": 15.240187221791954,
    "hole_17": 15.038020571772176,
    "hole_14": 13.994184335196769,
    "hole_12": 19.115650389599857,
    "hole_18": 12.552159860302405,
    "hole_16": 14.05991733958981,
    "hole_6": 15.681058704938186,
    "hole_13": 15.010786032420098,
    "hole_15": 16.459173832125696
  },
  "total_revenue": 325.0,
  "total_orders": 13,
  "successful_orders": 13,
  "failed_orders": 0,
  "total_rounds": 12,
  "active_runner_hours": 10.0
}