{
  "simulation_id": "delivery_dynamic_03",
  "runner_id": "runner_1",
  "revenue_per_round": 27.0,
  "orders_per_runner_hour": 2.5248392752776154,
  "on_time_rate": 0.5555555555555556,
  "delivery_cycle_time_p90": 45.878190089090154,
  "delivery_cycle_time_avg": 27.931431437818627,
  "failed_rate": 0.05,
  "second_runner_break_even_orders": 7.129166666666666,
  "queue_wait_avg": 16.63921568627451,
  "runner_utilization_driving_pct": 41.05514551218103,
  "runner_utilization_prep_pct": 0.0,
  "runner_utilization_idle_pct": 58.94485448781897,
  "distance_per_delivery_avg": 744.7831853292788,
  "zone_service_times": {
    "hole_13": 15.850136785068571,
    "hole_10": 27.362651862420734,
    "hole_-1": 31.63643197413385,
    "hole_18": 42.1066810750183,
    "hole_15": 32.946735908619544,
    "hole_12": 45.75065646290441,
    "hole_9": 16.253479630661225,
    "hole_16": 12.524371604358505
  },
  "total_revenue": 540.0,
  "total_orders": 20,
  "successful_orders": 18,
  "failed_orders": 1,
  "total_rounds": 20,
  "active_runner_hours": 7.129166666666666
}