{
  "simulation_id": "delivery_dynamic_04",
  "runner_id": "3_runners",
  "revenue_per_round": 44.11764705882353,
  "orders_per_runner_hour": 6.839659540873449,
  "on_time_rate": 0.48,
  "delivery_cycle_time_p90": 48.683879025899536,
  "delivery_cycle_time_avg": 30.82621176882122,
  "failed_rate": 0.0,
  "second_runner_break_even_orders": 7.310305388916305,
  "queue_wait_avg": 17.19455782312925,
  "runner_utilization_driving_pct": 100.0,
  "runner_utilization_prep_pct": 0.0,
  "runner_utilization_idle_pct": 0.0,
  "distance_per_delivery_avg": 1335.78315432393,
  "zone_service_times": {
    "hole_11": 33.103685595084215,
    "hole_13": 23.703018366544864,
    "hole_8": 13.715329650485485,
    "hole_7": 24.656931792209527,
    "hole_18": 26.131030652745512,
    "hole_-1": 40.29439683989484,
    "hole_9": 32.58403612474184,
    "hole_17": 32.204814437014406,
    "hole_15": 35.24164362883086,
    "hole_12": 30.525424044710398,
    "hole_3": 36.029803668760906,
    "hole_10": 30.031135242313546,
    "hole_14": 45.695038136924694,
    "hole_5": 43.88938162004658,
    "hole_16": 12.48841245549241
  },
  "total_revenue": 1500.0,
  "total_orders": 50,
  "successful_orders": 50,
  "failed_orders": 0,
  "total_rounds": 34,
  "active_runner_hours": 7.310305388916305
}