{
  "variantKey": "back",
  "blockedHoles": [
    10,
    11,
    12
  ],
  "deliveryMetrics": {
    "totalOrders": 30,
    "successfulDeliveries": 30,
    "failedDeliveries": 0,
    "avgOrderTime": 12.262980350253097,
    "onTimePercentage": 100.0,
    "revenue": 900.0,
    "ordersPerRunnerHour": 3.0,
    "lateOrders": 0,
    "runnerUtilizationPct": 16.029704106366353,
    "totalRunnerDriveMinutes": 288.53467391459435,
    "totalRunnerShiftMinutes": 1800.0,
    "runnerUtilizationByRunner": {
      "runner_1": {
        "driveMinutes": 168.76766436583736,
        "utilizationPct": 28.127944060972894,
        "shiftMinutes": 600.0
      },
      "runner_2": {
        "driveMinutes": 88.10703073532865,
        "utilizationPct": 14.684505122554775,
        "shiftMinutes": 600.0
      },
      "runner_3": {
        "driveMinutes": 31.659978813428324,
        "utilizationPct": 5.276663135571388,
        "shiftMinutes": 600.0
      }
    }
  },
  "bevCartMetrics": null,
  "hasRunners": true,
  "hasBevCart": false
}