{
  "simulation_id": "delivery_dynamic_08",
  "runner_id": "2_runners",
  "revenue_per_round": 37.5,
  "orders_per_runner_hour": 4.070897835924553,
  "on_time_rate": 0.8,
  "delivery_cycle_time_p90": 39.3833099133544,
  "delivery_cycle_time_avg": 23.48181262287914,
  "failed_rate": 0.0,
  "second_runner_break_even_orders": 7.369381696405707,
  "queue_wait_avg": 9.615384615384615,
  "runner_utilization_driving_pct": 76.12516438418912,
  "runner_utilization_prep_pct": 0.0,
  "runner_utilization_idle_pct": 23.87483561581088,
  "distance_per_delivery_avg": 1729.889041287389,
  "zone_service_times": {
    "hole_15": 20.083463788569567,
    "hole_5": 30.241594383204212,
    "hole_17": 14.458320046032167,
    "hole_4": 22.698364491889333,
    "hole_-1": 20.260230173228166,
    "hole_18": 22.502004347382474,
    "hole_10": 39.46197107544267,
    "hole_12": 44.29801312458494,
    "hole_9": 23.760430542161984,
    "hole_6": 38.001862856975094,
    "hole_11": 40.96171920497715,
    "hole_14": 14.796652898350699,
    "hole_3": 20.97980375296838,
    "hole_16": 11.989844297851413,
    "hole_2": 23.44147321291372
  },
  "total_revenue": 900.0,
  "total_orders": 30,
  "successful_orders": 30,
  "failed_orders": 0,
  "total_rounds": 24,
  "active_runner_hours": 7.369381696405706
}