{
  "simulation_id": "delivery_dynamic_09",
  "runner_id": "3_runners",
  "revenue_per_round": 40.0,
  "orders_per_runner_hour": 5.536543622780309,
  "on_time_rate": 0.975,
  "delivery_cycle_time_p90": 18.582816312181716,
  "delivery_cycle_time_avg": 14.45185326697805,
  "failed_rate": 0.0,
  "second_runner_break_even_orders": 7.224724074315707,
  "queue_wait_avg": 1.6725490196078432,
  "runner_utilization_driving_pct": 82.61266502673462,
  "runner_utilization_prep_pct": 0.0,
  "runner_utilization_idle_pct": 17.387334973265382,
  "distance_per_delivery_avg": 1018.1426977046258,
  "zone_service_times": {
    "hole_14": 14.837672081314013,
    "hole_9": 11.350829252809634,
    "hole_16": 13.40479371895421,
    "hole_15": 14.674314432414555,
    "hole_7": 14.791571276516105,
    "hole_18": 14.871248007870781,
    "hole_17": 17.772702342525555,
    "hole_10": 10.36785842552387,
    "hole_8": 17.206502060522325,
    "hole_-1": 11.268563506561502,
    "hole_13": 15.079577744448034
  },
  "total_revenue": 1200.0,
  "total_orders": 40,
  "successful_orders": 40,
  "failed_orders": 0,
  "total_rounds": 30,
  "active_runner_hours": 7.224724074315707
}