{
  "simulation_id": "delivery_dynamic_07",
  "runner_id": "runner_1",
  "revenue_per_round": 23.68421052631579,
  "orders_per_runner_hour": 2.1126760563380285,
  "on_time_rate": 0.6666666666666666,
  "delivery_cycle_time_p90": 57.188550341978214,
  "delivery_cycle_time_avg": 29.02745206886945,
  "failed_rate": 0.2,
  "second_runner_break_even_orders": 7.1,
  "queue_wait_avg": 16.6,
  "runner_utilization_driving_pct": 38.71280350652667,
  "runner_utilization_prep_pct": 0.0,
  "runner_utilization_idle_pct": 61.28719649347333,
  "distance_per_delivery_avg": 1187.4638951401341,
  "zone_service_times": {
    "hole_15": 34.24402343282098,
    "hole_6": 20.54586239209481,
    "hole_12": 18.700864748512505,
    "hole_4": 45.059932955618144,
    "hole_9": 18.051245318849276,
    "hole_-1": 35.01574844059951,
    "hole_8": 19.912297486586493
  },
  "total_revenue": 450.0,
  "total_orders": 20,
  "successful_orders": 15,
  "failed_orders": 4,
  "total_rounds": 19,
  "active_runner_hours": 7.1
}