{
  "simulation_id": "delivery_dynamic_08",
  "runner_id": "runner_1",
  "revenue_per_round": 16.0,
  "orders_per_runner_hour": 2.2273781902552203,
  "on_time_rate": 0.0625,
  "delivery_cycle_time_p90": 60.85761052943555,
  "delivery_cycle_time_avg": 47.109114712215124,
  "failed_rate": 0.475,
  "second_runner_break_even_orders": 7.183333333333334,
  "queue_wait_avg": 33.905208333333334,
  "runner_utilization_driving_pct": 36.20055842784533,
  "runner_utilization_prep_pct": 0.0,
  "runner_utilization_idle_pct": 63.79944157215467,
  "distance_per_delivery_avg": 1076.512543304283,
  "zone_service_times": {
    "hole_9": 38.63603411723381,
    "hole_18": 45.23090163158899,
    "hole_13": 61.35278134945402,
    "hole_-1": 44.43078287458668,
    "hole_17": 51.91688886745739,
    "hole_8": 49.68045306909771,
    "hole_11": 48.44988034323875,
    "hole_10": 56.28578792826714
  },
  "total_revenue": 480.0,
  "total_orders": 40,
  "successful_orders": 16,
  "failed_orders": 19,
  "total_rounds": 30,
  "active_runner_hours": 7.183333333333334
}