{
  "simulation_id": "delivery_dynamic_09",
  "runner_id": "runner_1",
  "revenue_per_round": 20.0,
  "orders_per_runner_hour": 3.018867924528302,
  "on_time_rate": 0.13636363636363635,
  "delivery_cycle_time_p90": 57.892946269242465,
  "delivery_cycle_time_avg": 43.8678965567033,
  "failed_rate": 0.325,
  "second_runner_break_even_orders": 7.2875,
  "queue_wait_avg": 31.15681818181818,
  "runner_utilization_driving_pct": 33.24368438233468,
  "runner_utilization_prep_pct": 0.0,
  "runner_utilization_idle_pct": 66.75631561766532,
  "distance_per_delivery_avg": 910.9223339614013,
  "zone_service_times": {
    "hole_17": 38.24279652055419,
    "hole_18": 45.00148621703012,
    "hole_10": 55.92829960909412,
    "hole_8": 40.3623374046626,
    "hole_12": 43.9224126767583,
    "hole_11": 42.35970655309866
  },
  "total_revenue": 660.0,
  "total_orders": 40,
  "successful_orders": 22,
  "failed_orders": 13,
  "total_rounds": 33,
  "active_runner_hours": 7.2875
}