{
  "simulation_id": "delivery_dynamic_03",
  "runner_id": "3_runners",
  "revenue_per_round": 53.57142857142857,
  "orders_per_runner_hour": 6.824510026479995,
  "on_time_rate": 0.96,
  "delivery_cycle_time_p90": 25.50749690334003,
  "delivery_cycle_time_avg": 17.67168690661944,
  "failed_rate": 0.0,
  "second_runner_break_even_orders": 7.326533305100795,
  "queue_wait_avg": 3.9070370370370373,
  "runner_utilization_driving_pct": 100.0,
  "runner_utilization_prep_pct": 0.0,
  "runner_utilization_idle_pct": 0.0,
  "distance_per_delivery_avg": 1396.1988006241309,
  "zone_service_times": {
    "hole_17": 17.36645589190883,
    "hole_12": 20.166202929148117,
    "hole_9": 12.469683124144353,
    "hole_16": 18.885181921926986,
    "hole_18": 16.411182448068843,
    "hole_15": 17.938762044014037,
    "hole_13": 20.21580791392561,
    "hole_10": 21.835163827085974,
    "hole_14": 17.71152888936825,
    "hole_11": 16.32518869125573
  },
  "total_revenue": 1500.0,
  "total_orders": 50,
  "successful_orders": 50,
  "failed_orders": 0,
  "total_rounds": 28,
  "active_runner_hours": 7.326533305100796
}