{
  "simulation_id": "delivery_dynamic_07",
  "runner_id": "2_runners",
  "revenue_per_round": 37.5,
  "orders_per_runner_hour": 4.200116800515555,
  "on_time_rate": 0.8666666666666667,
  "delivery_cycle_time_p90": 33.0928285476561,
  "delivery_cycle_time_avg": 19.61549884018286,
  "failed_rate": 0.0,
  "second_runner_break_even_orders": 7.14265850804853,
  "queue_wait_avg": 4.975925925925926,
  "runner_utilization_driving_pct": 70.4065609195166,
  "runner_utilization_prep_pct": 0.0,
  "runner_utilization_idle_pct": 29.593439080483407,
  "distance_per_delivery_avg": 1726.0876103014427,
  "zone_service_times": {
    "hole_15": 16.541375617483375,
    "hole_17": 16.376467736621137,
    "hole_18": 17.969579594262097,
    "hole_11": 15.767688204721708,
    "hole_16": 24.146704508444795,
    "hole_13": 19.233423915914397,
    "hole_14": 25.72183174913401,
    "hole_12": 34.19277595686454,
    "hole_8": 16.91428360417663,
    "hole_6": 19.33393675476776
  },
  "total_revenue": 900.0,
  "total_orders": 30,
  "successful_orders": 30,
  "failed_orders": 0,
  "total_rounds": 24,
  "active_runner_hours": 7.14265850804853
}