{
  "simulation_id": "delivery_dynamic_02",
  "runner_id": "2_runners",
  "revenue_per_round": 33.333333333333336,
  "orders_per_runner_hour": 2.8094496970862965,
  "on_time_rate": 0.95,
  "delivery_cycle_time_p90": 21.149974160324167,
  "delivery_cycle_time_avg": 16.18068104818896,
  "failed_rate": 0.0,
  "second_runner_break_even_orders": 7.118831855484783,
  "queue_wait_avg": 0.8991228070175439,
  "runner_utilization_driving_pct": 55.04220378065205,
  "runner_utilization_prep_pct": 0.0,
  "runner_utilization_idle_pct": 44.95779621934795,
  "distance_per_delivery_avg": 1789.7088321914919,
  "zone_service_times": {
    "hole_12": 17.36488709707889,
    "hole_17": 15.193781826187863,
    "hole_10": 11.102315166883454,
    "hole_5": 34.5267087416727,
    "hole_11": 16.49106364383679,
    "hole_16": 13.656408316791627,
    "hole_-1": 10.52521463812033,
    "hole_9": 11.554404522153648,
    "hole_4": 20.67047779922262,
    "hole_3": 20.272310116699373,
    "hole_7": 14.7110035847978,
    "hole_18": 13.58943513861074
  },
  "total_revenue": 600.0,
  "total_orders": 20,
  "successful_orders": 20,
  "failed_orders": 0,
  "total_rounds": 18,
  "active_runner_hours": 7.118831855484783
}