{
  "simulation_id": "delivery_dynamic_07",
  "runner_id": "3_runners",
  "revenue_per_round": 36.0,
  "orders_per_runner_hour": 4.100371602171802,
  "on_time_rate": 1.0,
  "delivery_cycle_time_p90": 15.440208150132174,
  "delivery_cycle_time_avg": 12.63104852055332,
  "failed_rate": 0.0,
  "second_runner_break_even_orders": 7.316410050276956,
  "queue_wait_avg": 0.12536231884057972,
  "runner_utilization_driving_pct": 57.73074338432443,
  "runner_utilization_prep_pct": 0.0,
  "runner_utilization_idle_pct": 42.26925661567557,
  "distance_per_delivery_avg": 851.7389695725815,
  "zone_service_times": {
    "hole_13": 15.405999966578475,
    "hole_15": 12.908276223211343,
    "hole_18": 12.353155587573564,
    "hole_-1": 10.47405787462512,
    "hole_14": 15.029635710236015,
    "hole_17": 14.73049067269575,
    "hole_10": 10.914595482817498,
    "hole_8": 13.321867319799852,
    "hole_16": 12.08184367286279,
    "hole_9": 12.900527066585225
  },
  "total_revenue": 900.0,
  "total_orders": 30,
  "successful_orders": 30,
  "failed_orders": 0,
  "total_rounds": 25,
  "active_runner_hours": 7.316410050276956
}