{
  "variantKey": "front_mid_back",
  "blockedHoles": [
    1,
    2,
    3,
    4,
    5,
    6,
    10,
    11,
    12
  ],
  "deliveryMetrics": {
    "totalOrders": 30,
    "successfulDeliveries": 30,
    "failedDeliveries": 0,
    "avgOrderTime": 12.631048520553321,
    "onTimePercentage": 100.0,
    "revenue": 900.0,
    "ordersPerRunnerHour": 3.0,
    "lateOrders": 0,
    "runnerUtilizationPct": 14.079393036901036,
    "totalRunnerDriveMinutes": 253.42907466421863,
    "totalRunnerShiftMinutes": 1800.0,
    "runnerUtilizationByRunner": {
      "runner_1": {
        "driveMinutes": 106.40310543046616,
        "utilizationPct": 17.73385090507769,
        "shiftMinutes": 600.0
      },
      "runner_2": {
        "driveMinutes": 104.17434392804601,
        "utilizationPct": 17.362390654674336,
        "shiftMinutes": 600.0
      },
      "runner_3": {
        "driveMinutes": 42.8516253057065,
        "utilizationPct": 7.1419375509510825,
        "shiftMinutes": 600.0
      }
    }
  },
  "bevCartMetrics": null,
  "hasRunners": true,
  "hasBevCart": false
}