{
  "simulation_id": "delivery_dynamic_01",
  "runner_id": "2_runners",
  "revenue_per_round": 30.434782608695652,
  "orders_per_runner_hour": 2.8,
  "on_time_rate": 0.9285714285714286,
  "delivery_cycle_time_p90": 30.078426674052093,
  "delivery_cycle_time_avg": 19.233796937902977,
  "failed_rate": 0.0,
  "second_runner_break_even_orders": 12.5,
  "queue_wait_avg": 0.0,
  "runner_utilization_driving_pct": 15.05388186708499,
  "runner_utilization_waiting_pct": 19.68366277703212,
  "distance_per_delivery_avg": 866.3171659955515,
  "zone_service_times": {
    "hole_9": 10.387938832905942,
    "hole_13": 13.870578661849354,
    "hole_15": 21.042417317417076,
    "hole_5": 17.043373104221487,
    "hole_3": 32.6304895438534,
    "hole_8": 23.75269064115176,
    "hole_11": 24.369000617580483,
    "hole_10": 13.784460401110604,
    "hole_1": 17.916977320273205,
    "hole_18": 19.115642712983874,
    "hole_2": 19.208787861227837,
    "hole_14": 15.05115313383376,
    "hole_4": 20.31608460495821,
    "hole_17": 15.096717761688343,
    "hole_16": 17.119367385563844
  },
  "total_revenue": 700.0,
  "total_orders": 28,
  "successful_orders": 28,
  "failed_orders": 0,
  "total_rounds": 23,
  "active_runner_hours": 10.0
}