{
  "simulation_id": "delivery_dynamic_06",
  "runner_id": "3_runners",
  "revenue_per_round": 35.294117647058826,
  "orders_per_runner_hour": 2.7931098100134966,
  "on_time_rate": 1.0,
  "delivery_cycle_time_p90": 19.84959853274686,
  "delivery_cycle_time_avg": 15.26968530565527,
  "failed_rate": 0.0,
  "second_runner_break_even_orders": 7.160477518033335,
  "queue_wait_avg": 0.03958333333333333,
  "runner_utilization_driving_pct": 47.93694471995071,
  "runner_utilization_prep_pct": 0.0,
  "runner_utilization_idle_pct": 52.06305528004929,
  "distance_per_delivery_avg": 1759.97426270017,
  "zone_service_times": {
    "hole_2": 13.548342147207496,
    "hole_4": 19.888268826708313,
    "hole_16": 17.548421919943394,
    "hole_18": 10.80148970487459,
    "hole_15": 18.08982306609787,
    "hole_-1": 20.236507827251202,
    "hole_6": 18.65566339505731,
    "hole_17": 15.330681057596909,
    "hole_1": 12.210426259020156,
    "hole_10": 11.986129711882434,
    "hole_11": 13.292312637540212,
    "hole_14": 17.56056617616038
  },
  "total_revenue": 600.0,
  "total_orders": 20,
  "successful_orders": 20,
  "failed_orders": 0,
  "total_rounds": 17,
  "active_runner_hours": 7.160477518033335
}