{
  "simulation_id": "delivery_dynamic_01",
  "runner_id": "runner_1",
  "revenue_per_round": 28.125,
  "orders_per_runner_hour": 2.0665901262916186,
  "on_time_rate": 0.6,
  "delivery_cycle_time_p90": 58.964703122374566,
  "delivery_cycle_time_avg": 30.618288790018415,
  "failed_rate": 0.2,
  "second_runner_break_even_orders": 7.258333333333334,
  "queue_wait_avg": 19.71025641025641,
  "runner_utilization_driving_pct": 36.508238684115696,
  "runner_utilization_prep_pct": 0.0,
  "runner_utilization_idle_pct": 63.491761315884304,
  "distance_per_delivery_avg": 1188.1183667795178,
  "zone_service_times": {
    "hole_9": 16.67042426310156,
    "hole_14": 23.4772327193672,
    "hole_8": 25.89527080115704,
    "hole_16": 50.70618723666102,
    "hole_12": 58.601210690576956,
    "hole_18": 37.99238918970471,
    "hole_11": 59.509941770070995,
    "hole_17": 23.139427162004235,
    "hole_10": 11.560623733229052,
    "hole_15": 16.50072657763388
  },
  "total_revenue": 450.0,
  "total_orders": 20,
  "successful_orders": 15,
  "failed_orders": 4,
  "total_rounds": 16,
  "active_runner_hours": 7.258333333333334
}