{
  "simulation_id": "delivery_dynamic_02",
  "runner_id": "2_runners",
  "revenue_per_round": 40.90909090909091,
  "orders_per_runner_hour": 4.342988913564373,
  "on_time_rate": 0.8666666666666667,
  "delivery_cycle_time_p90": 37.722296425751054,
  "delivery_cycle_time_avg": 19.60468965515878,
  "failed_rate": 0.0,
  "second_runner_break_even_orders": 6.9076851442796885,
  "queue_wait_avg": 6.091975308641976,
  "runner_utilization_driving_pct": 66.02727025662811,
  "runner_utilization_prep_pct": 0.0,
  "runner_utilization_idle_pct": 33.972729743371886,
  "distance_per_delivery_avg": 1384.9623908000162,
  "zone_service_times": {
    "hole_16": 17.22165740565696,
    "hole_14": 27.714340298524483,
    "hole_18": 17.069427005222945,
    "hole_8": 14.465734562693717,
    "hole_17": 16.374248268219183,
    "hole_15": 30.08635607302446,
    "hole_9": 22.85565922727025,
    "hole_13": 46.01961820186413,
    "hole_12": 15.9094426235312,
    "hole_10": 12.180176848308717
  },
  "total_revenue": 900.0,
  "total_orders": 30,
  "successful_orders": 30,
  "failed_orders": 0,
  "total_rounds": 22,
  "active_runner_hours": 6.9076851442796885
}