{
  "simulation_id": "delivery_dynamic_07",
  "runner_id": "2_runners",
  "revenue_per_round": 35.625,
  "orders_per_runner_hour": 2.6530475239164306,
  "on_time_rate": 1.0,
  "delivery_cycle_time_p90": 22.32309809017121,
  "delivery_cycle_time_avg": 16.259823403582548,
  "failed_rate": 0.0,
  "second_runner_break_even_orders": 7.161575444359996,
  "queue_wait_avg": 0.041666666666666664,
  "runner_utilization_driving_pct": 53.30940536494659,
  "runner_utilization_prep_pct": 0.0,
  "runner_utilization_idle_pct": 46.69059463505341,
  "distance_per_delivery_avg": 2092.9848741300502,
  "zone_service_times": {
    "hole_11": 15.084349472667398,
    "hole_15": 12.913402575286211,
    "hole_13": 16.214159516275867,
    "hole_14": 14.737361886300612,
    "hole_4": 21.570406397618516,
    "hole_17": 14.345394463713335,
    "hole_18": 12.324955618435009,
    "hole_9": 13.264549369055628,
    "hole_16": 13.61474165012496,
    "hole_2": 22.133602400459132,
    "hole_12": 17.314887097078948
  },
  "total_revenue": 570.0,
  "total_orders": 20,
  "successful_orders": 19,
  "failed_orders": 0,
  "total_rounds": 16,
  "active_runner_hours": 7.161575444359997
}