{
  "simulation_id": "delivery_dynamic_04",
  "runner_id": "runner_1",
  "revenue_per_round": 20.0,
  "orders_per_runner_hour": 2.5091965150048403,
  "on_time_rate": 0.16666666666666666,
  "delivery_cycle_time_p90": 60.89620669995882,
  "delivery_cycle_time_avg": 46.734287498066465,
  "failed_rate": 0.425,
  "second_runner_break_even_orders": 7.173611111111111,
  "queue_wait_avg": 33.583333333333336,
  "runner_utilization_driving_pct": 41.11255067646658,
  "runner_utilization_prep_pct": 0.0,
  "runner_utilization_idle_pct": 58.88744932353342,
  "distance_per_delivery_avg": 1058.7205993503323,
  "zone_service_times": {
    "hole_15": 20.85811392925452,
    "hole_11": 44.26873035193009,
    "hole_9": 57.046854329415794,
    "hole_18": 52.62850253187341,
    "hole_12": 63.58112267808756,
    "hole_-1": 55.6810635065615,
    "hole_6": 26.555517870538704,
    "hole_8": 36.313438892423676,
    "hole_16": 45.45770493769184
  },
  "total_revenue": 540.0,
  "total_orders": 40,
  "successful_orders": 18,
  "failed_orders": 17,
  "total_rounds": 27,
  "active_runner_hours": 7.173611111111111
}