{
  "simulation_id": "delivery_dynamic_02",
  "runner_id": "3_runners",
  "revenue_per_round": 36.0,
  "orders_per_runner_hour": 4.0786503631223505,
  "on_time_rate": 1.0,
  "delivery_cycle_time_p90": 17.173522989955558,
  "delivery_cycle_time_avg": 13.943612017529851,
  "failed_rate": 0.0,
  "second_runner_break_even_orders": 7.355374285388352,
  "queue_wait_avg": 0.386231884057971,
  "runner_utilization_driving_pct": 66.60636275625677,
  "runner_utilization_prep_pct": 0.0,
  "runner_utilization_idle_pct": 33.39363724374323,
  "distance_per_delivery_avg": 1225.5603045566982,
  "zone_service_times": {
    "hole_17": 14.506356048715354,
    "hole_18": 11.357458579779063,
    "hole_16": 17.071015768239644,
    "hole_10": 11.986849934923598,
    "hole_11": 16.975657981452212,
    "hole_8": 14.405699306256853,
    "hole_9": 12.243513810316573,
    "hole_13": 16.789845337716116,
    "hole_15": 17.1010980583128,
    "hole_12": 15.116322628814668,
    "hole_14": 17.543899386033807
  },
  "total_revenue": 900.0,
  "total_orders": 30,
  "successful_orders": 30,
  "failed_orders": 0,
  "total_rounds": 25,
  "active_runner_hours": 7.355374285388352
}