{
  "simulation_id": "delivery_dynamic_09",
  "runner_id": "3_runners",
  "revenue_per_round": 35.294117647058826,
  "orders_per_runner_hour": 2.8404261595419062,
  "on_time_rate": 1.0,
  "delivery_cycle_time_p90": 13.496037360372563,
  "delivery_cycle_time_avg": 12.325211793022781,
  "failed_rate": 0.0,
  "second_runner_break_even_orders": 7.041196946033454,
  "queue_wait_avg": 0.043750000000000004,
  "runner_utilization_driving_pct": 23.334577533196263,
  "runner_utilization_prep_pct": 0.0,
  "runner_utilization_idle_pct": 76.66542246680373,
  "distance_per_delivery_avg": 1648.9524909764007,
  "zone_service_times": {
    "hole_17": 12.635547083145958,
    "hole_18": 10.223623394351064,
    "hole_8": 11.851536919588913,
    "hole_4": 14.237270672293016,
    "hole_10": 10.975974152993574,
    "hole_2": 12.075384393432541,
    "hole_3": 13.264022745660865,
    "hole_15": 13.052561291784695,
    "hole_13": 13.018251897035709,
    "hole_12": 12.360381720797523,
    "hole_16": 13.342352069557819
  },
  "total_revenue": 600.0,
  "total_orders": 20,
  "successful_orders": 20,
  "failed_orders": 0,
  "total_rounds": 17,
  "active_runner_hours": 7.041196946033454
}