{
  "simulation_id": "delivery_dynamic_09",
  "runner_id": "runner_1",
  "revenue_per_round": 8.333333333333334,
  "orders_per_runner_hour": 1.4021421616358325,
  "on_time_rate": 0.1,
  "delivery_cycle_time_p90": 66.02467408490732,
  "delivery_cycle_time_avg": 51.296554521414855,
  "failed_rate": 0.66,
  "second_runner_break_even_orders": 7.131944444444445,
  "queue_wait_avg": 40.98148148148148,
  "runner_utilization_driving_pct": 28.118252324352433,
  "runner_utilization_prep_pct": 0.0,
  "runner_utilization_idle_pct": 71.88174767564757,
  "distance_per_delivery_avg": 1482.8423191953893,
  "zone_service_times": {
    "hole_7": 14.319308648492582,
    "hole_6": 51.62313762019682,
    "hole_-1": 58.253248440599506,
    "hole_10": 46.387370954025876,
    "hole_13": 64.37645898864163
  },
  "total_revenue": 300.0,
  "total_orders": 50,
  "successful_orders": 10,
  "failed_orders": 33,
  "total_rounds": 36,
  "active_runner_hours": 7.131944444444445
}