{
  "variantKey": "front_mid",
  "blockedHoles": [
    1,
    2,
    3,
    4,
    5,
    6
  ],
  "deliveryMetrics": {
    "totalOrders": 50,
    "successfulDeliveries": 49,
    "failedDeliveries": 0,
    "avgOrderTime": 20.882665212042067,
    "onTimePercentage": 79.59183673469387,
    "revenue": 1500.0,
    "ordersPerRunnerHour": 4.9,
    "lateOrders": 10,
    "runnerUtilizationPct": 26.096726198918763,
    "totalRunnerDriveMinutes": 469.7410715805377,
    "totalRunnerShiftMinutes": 1800.0,
    "runnerUtilizationByRunner": {
      "runner_2": {
        "driveMinutes": 144.507376924992,
        "utilizationPct": 24.084562820832,
        "shiftMinutes": 600.0
      },
      "runner_1": {
        "driveMinutes": 184.96033622450076,
        "utilizationPct": 30.82672270408346,
        "shiftMinutes": 600.0
      },
      "runner_3": {
        "driveMinutes": 140.2733584310448,
        "utilizationPct": 23.378893071840803,
        "shiftMinutes": 600.0
      }
    }
  },
  "bevCartMetrics": null,
  "hasRunners": true,
  "hasBevCart": false
}