{
  "variantKey": "back",
  "blockedHoles": [
    10,
    11,
    12
  ],
  "deliveryMetrics": {
    "totalOrders": 30,
    "successfulDeliveries": 30,
    "failedDeliveries": 0,
    "avgOrderTime": 14.121934245110225,
    "onTimePercentage": 100.0,
    "revenue": 900.0,
    "ordersPerRunnerHour": 3.0,
    "lateOrders": 0,
    "runnerUtilizationPct": 16.455207868834503,
    "totalRunnerDriveMinutes": 296.1937416390211,
    "totalRunnerShiftMinutes": 1800.0,
    "runnerUtilizationByRunner": {
      "runner_1": {
        "driveMinutes": 149.22492885628628,
        "utilizationPct": 24.870821476047713,
        "shiftMinutes": 600.0
      },
      "runner_2": {
        "driveMinutes": 110.63297619332471,
        "utilizationPct": 18.438829365554117,
        "shiftMinutes": 600.0
      },
      "runner_3": {
        "driveMinutes": 36.3358365894101,
        "utilizationPct": 6.055972764901683,
        "shiftMinutes": 600.0
      }
    }
  },
  "bevCartMetrics": null,
  "hasRunners": true,
  "hasBevCart": false
}