{
  "simulation_id": "delivery_dynamic_03",
  "runner_id": "2_runners",
  "revenue_per_round": 37.74193548387097,
  "orders_per_runner_hour": 5.528647371529829,
  "on_time_rate": 0.41025641025641024,
  "delivery_cycle_time_p90": 48.42671243784916,
  "delivery_cycle_time_avg": 33.514756472935915,
  "failed_rate": 0.18,
  "second_runner_break_even_orders": 7.054166666666666,
  "queue_wait_avg": 20.66068376068376,
  "runner_utilization_driving_pct": 70.17675640688003,
  "runner_utilization_prep_pct": 0.0,
  "runner_utilization_idle_pct": 29.82324359311997,
  "distance_per_delivery_avg": 958.9684313167244,
  "zone_service_times": {
    "hole_6": 19.261383380042723,
    "hole_7": 17.496786687023267,
    "hole_17": 27.679854358661675,
    "hole_18": 36.74630988021145,
    "hole_10": 32.905769121702164,
    "hole_9": 48.42671243784916,
    "hole_8": 31.07920948871153,
    "hole_12": 59.76956973180792
  },
  "total_revenue": 1170.0,
  "total_orders": 50,
  "successful_orders": 39,
  "failed_orders": 9,
  "total_rounds": 31,
  "active_runner_hours": 7.054166666666666
}