{
  "simulation_id": "delivery_dynamic_08",
  "runner_id": "runner_1",
  "revenue_per_round": 22.5,
  "orders_per_runner_hour": 2.931937172774869,
  "on_time_rate": 0.2857142857142857,
  "delivery_cycle_time_p90": 60.507974905304614,
  "delivery_cycle_time_avg": 41.15253783560669,
  "failed_rate": 0.425,
  "second_runner_break_even_orders": 7.1625,
  "queue_wait_avg": 28.56111111111111,
  "runner_utilization_driving_pct": 27.899046350342676,
  "runner_utilization_prep_pct": 0.0,
  "runner_utilization_idle_pct": 72.10095364965733,
  "distance_per_delivery_avg": 870.7193794305173,
  "zone_service_times": {
    "hole_15": 18.40778490230259,
    "hole_18": 37.04829163729679,
    "hole_13": 49.51924154799714,
    "hole_12": 61.17268968985809,
    "hole_14": 59.56107097681373,
    "hole_6": 57.827941412619595
  },
  "total_revenue": 630.0,
  "total_orders": 40,
  "successful_orders": 21,
  "failed_orders": 17,
  "total_rounds": 28,
  "active_runner_hours": 7.1625
}