{
  "simulation_id": "delivery_dynamic_07",
  "runner_id": "2_runners",
  "revenue_per_round": 38.07692307692308,
  "orders_per_runner_hour": 4.643961264923312,
  "on_time_rate": 0.696969696969697,
  "delivery_cycle_time_p90": 56.956852792141845,
  "delivery_cycle_time_avg": 27.04778766863892,
  "failed_rate": 0.175,
  "second_runner_break_even_orders": 7.106002422814124,
  "queue_wait_avg": 12.945833333333333,
  "runner_utilization_driving_pct": 83.090014673938,
  "runner_utilization_prep_pct": 0.0,
  "runner_utilization_idle_pct": 16.909985326062,
  "distance_per_delivery_avg": 1510.0687778748018,
  "zone_service_times": {
    "hole_15": 17.385875165064682,
    "hole_17": 18.65688931034971,
    "hole_8": 22.983630306974675,
    "hole_6": 33.20795879363838,
    "hole_18": 24.062006925897414,
    "hole_9": 29.995303492010922,
    "hole_10": 20.51219413875037,
    "hole_14": 53.58309744556748,
    "hole_12": 59.32342978421475,
    "hole_-1": 35.67956825488815,
    "hole_13": 64.73993465479549,
    "hole_11": 13.076373219765324,
    "hole_4": 30.665121234736457,
    "hole_2": 14.20089473645706,
    "hole_16": 17.65723649272853
  },
  "total_revenue": 990.0,
  "total_orders": 40,
  "successful_orders": 33,
  "failed_orders": 7,
  "total_rounds": 26,
  "active_runner_hours": 7.106002422814124
}