{
  "simulation_id": "delivery_dynamic_01",
  "runner_id": "3_runners",
  "revenue_per_round": 33.333333333333336,
  "orders_per_runner_hour": 3.0445992889245668,
  "on_time_rate": 1.0,
  "delivery_cycle_time_p90": 13.722305090718702,
  "delivery_cycle_time_avg": 11.977744187915723,
  "failed_rate": 0.0,
  "second_runner_break_even_orders": 6.569008957190071,
  "queue_wait_avg": 0.04791666666666666,
  "runner_utilization_driving_pct": 22.949906230859877,
  "runner_utilization_prep_pct": 0.0,
  "runner_utilization_idle_pct": 77.05009376914012,
  "distance_per_delivery_avg": 1396.3758152993198,
  "zone_service_times": {
    "hole_11": 11.771504658234077,
    "hole_18": 10.554056512536567,
    "hole_16": 13.5565307501808,
    "hole_17": 12.479403033521825,
    "hole_14": 13.665380148371817,
    "hole_9": 11.031354693218539,
    "hole_10": 10.793411835692051,
    "hole_2": 12.595258155551285,
    "hole_8": 12.091548565142087,
    "hole_15": 13.924069971232287
  },
  "total_revenue": 600.0,
  "total_orders": 20,
  "successful_orders": 20,
  "failed_orders": 0,
  "total_rounds": 18,
  "active_runner_hours": 6.569008957190071
}