{
  "simulation_id": "delivery_dynamic_01",
  "runner_id": "runner_1",
  "revenue_per_round": 33.333333333333336,
  "orders_per_runner_hour": 1.3415900713383733,
  "on_time_rate": 1.0,
  "delivery_cycle_time_p90": 17.819897631491965,
  "delivery_cycle_time_avg": 12.41021610559233,
  "failed_rate": 0.0,
  "second_runner_break_even_orders": 7.45384168654735,
  "queue_wait_avg": 0.6666666666666666,
  "runner_utilization_driving_pct": 18.791099196482847,
  "runner_utilization_prep_pct": 0.0,
  "runner_utilization_idle_pct": 81.20890080351715,
  "distance_per_delivery_avg": 1351.3555960264723,
  "zone_service_times": {
    "hole_14": 12.917906179974095,
    "hole_2": 12.416809027568812,
    "hole_12": 10.33107223269993,
    "hole_15": 11.743975051742805,
    "hole_1": 11.1782628288957,
    "hole_18": 11.06763862355965,
    "hole_8": 11.921149683843396,
    "hole_11": 18.364563348327284
  },
  "total_revenue": 300.0,
  "total_orders": 10,
  "successful_orders": 10,
  "failed_orders": 0,
  "total_rounds": 9,
  "active_runner_hours": 7.45384168654735
}