{
  "simulation_id": "delivery_dynamic_09",
  "runner_id": "3_runners",
  "revenue_per_round": 38.70967741935484,
  "orders_per_runner_hour": 5.561527184993813,
  "on_time_rate": 0.825,
  "delivery_cycle_time_p90": 34.623287867789145,
  "delivery_cycle_time_avg": 20.09658856993968,
  "failed_rate": 0.0,
  "second_runner_break_even_orders": 7.192269078164093,
  "queue_wait_avg": 7.065315315315315,
  "runner_utilization_driving_pct": 97.01095898288669,
  "runner_utilization_prep_pct": 0.0,
  "runner_utilization_idle_pct": 2.9890410171133084,
  "distance_per_delivery_avg": 1196.5537594997338,
  "zone_service_times": {
    "hole_9": 20.008893362245225,
    "hole_14": 14.64575320884566,
    "hole_18": 15.575412773148381,
    "hole_7": 22.221795532814067,
    "hole_8": 16.39289339293757,
    "hole_15": 12.670488826972772,
    "hole_6": 17.860456326815285,
    "hole_16": 22.688098998045035,
    "hole_-1": 29.315069722465754,
    "hole_11": 48.104708148166964,
    "hole_10": 23.248811890140555
  },
  "total_revenue": 1200.0,
  "total_orders": 40,
  "successful_orders": 40,
  "failed_orders": 0,
  "total_rounds": 31,
  "active_runner_hours": 7.192269078164093
}