{
  "simulation_id": "delivery_dynamic_06",
  "runner_id": "runner_1",
  "revenue_per_round": 25.2,
  "orders_per_runner_hour": 2.935352358765288,
  "on_time_rate": 0.3333333333333333,
  "delivery_cycle_time_p90": 62.825702065034434,
  "delivery_cycle_time_avg": 40.18583424328661,
  "failed_rate": 0.2,
  "second_runner_break_even_orders": 7.154166666666666,
  "queue_wait_avg": 27.701587301587303,
  "runner_utilization_driving_pct": 40.164771348580246,
  "runner_utilization_prep_pct": 0.0,
  "runner_utilization_idle_pct": 59.835228651419754,
  "distance_per_delivery_avg": 834.7069724109665,
  "zone_service_times": {
    "hole_14": 14.36953092100254,
    "hole_17": 22.99484604959904,
    "hole_10": 28.231135242313545,
    "hole_18": 51.98697818266896,
    "hole_-1": 43.53582541132341,
    "hole_12": 63.132668127078006,
    "hole_9": 18.06501027871321
  },
  "total_revenue": 630.0,
  "total_orders": 30,
  "successful_orders": 21,
  "failed_orders": 6,
  "total_rounds": 25,
  "active_runner_hours": 7.154166666666667
}