{
  "simulation_id": "delivery_dynamic_10",
  "runner_id": "runner_1",
  "revenue_per_round": 33.333333333333336,
  "orders_per_runner_hour": 2.786707208169372,
  "on_time_rate": 0.9,
  "delivery_cycle_time_p90": 30.26833688023362,
  "delivery_cycle_time_avg": 17.006082540418426,
  "failed_rate": 0.0,
  "second_runner_break_even_orders": 7.176929080087422,
  "queue_wait_avg": 6.693137254901961,
  "runner_utilization_driving_pct": 17.598697407999772,
  "runner_utilization_prep_pct": 0.0,
  "runner_utilization_idle_pct": 82.40130259200023,
  "distance_per_delivery_avg": 948.1794291012607,
  "zone_service_times": {
    "hole_9": 10.892867537577512,
    "hole_17": 18.970042094353005,
    "hole_18": 16.260684256152842,
    "hole_10": 15.090790136775393,
    "hole_7": 21.472259365473533,
    "hole_8": 18.79514862704891,
    "hole_6": 14.504498789931738
  },
  "total_revenue": 600.0,
  "total_orders": 20,
  "successful_orders": 20,
  "failed_orders": 0,
  "total_rounds": 18,
  "active_runner_hours": 7.176929080087423
}