{
  "simulation_id": "delivery_dynamic_09",
  "runner_id": "3_runners",
  "revenue_per_round": 31.57894736842105,
  "orders_per_runner_hour": 2.9735990065946196,
  "on_time_rate": 0.95,
  "delivery_cycle_time_p90": 23.279463675954844,
  "delivery_cycle_time_avg": 16.60097446040716,
  "failed_rate": 0.0,
  "second_runner_break_even_orders": 6.7258564304216995,
  "queue_wait_avg": 0.5447916666666667,
  "runner_utilization_driving_pct": 63.004418377570616,
  "runner_utilization_prep_pct": 0.0,
  "runner_utilization_idle_pct": 36.995581622429384,
  "distance_per_delivery_avg": 2071.487418696807,
  "zone_service_times": {
    "hole_4": 21.12711137311818,
    "hole_9": 11.82982951257424,
    "hole_14": 14.672961426237281,
    "hole_15": 11.836005931146246,
    "hole_16": 12.003338089275955,
    "hole_5": 25.510689595597768,
    "hole_2": 23.192802816040484,
    "hole_18": 13.399090593136377,
    "hole_10": 10.465478556807163
  },
  "total_revenue": 600.0,
  "total_orders": 20,
  "successful_orders": 20,
  "failed_orders": 0,
  "total_rounds": 19,
  "active_runner_hours": 6.7258564304216995
}