{
  "course": "C:\\Main\\GIT\\simulation\\courses\\keswick_hall",
  "tee_scenario": "real_tee_sheet",
  "orders": 50,
  "variant": "mid",
  "runners": 2,
  "runs": 10,
  "on_time_mean": 0.4466534060094678,
  "failed_mean": 0.20400000000000001,
  "p90_mean": 59.13866521836941,
  "avg_delivery_time_mean": 35.29602445738594,
  "oph_mean": 5.1457775758878705,
  "on_time_wilson_lo": 0.7039862648123214,
  "on_time_wilson_hi": 0.7802929213445977,
  "total_successful_orders": 372,
  "total_orders": 500,
  "group_dir": "C:\\Main\\GIT\\simulation\\output\\keswick_hall\\20250828_090448_real_tee_sheet\\first_pass\\orders_050\\runners_2\\mid"
}