{
  "simulation_id": "delivery_dynamic_03",
  "runner_id": "3_runners",
  "revenue_per_round": 39.130434782608695,
  "orders_per_runner_hour": 4.140062293850684,
  "on_time_rate": 1.0,
  "delivery_cycle_time_p90": 19.101236925688838,
  "delivery_cycle_time_avg": 15.780385194487112,
  "failed_rate": 0.0,
  "second_runner_break_even_orders": 7.246267778279471,
  "queue_wait_avg": 0.5479166666666667,
  "runner_utilization_driving_pct": 73.00411344832423,
  "runner_utilization_prep_pct": 0.0,
  "runner_utilization_idle_pct": 26.995886551675767,
  "distance_per_delivery_avg": 1794.9294253476712,
  "zone_service_times": {
    "hole_14": 17.182282098443487,
    "hole_3": 16.921453004757346,
    "hole_16": 17.366743487518722,
    "hole_2": 18.130312603375693,
    "hole_10": 11.76112585315459,
    "hole_17": 14.753009932502437,
    "hole_18": 10.896661129559734,
    "hole_4": 19.639792003953577,
    "hole_13": 16.68103069526184,
    "hole_9": 12.896747437656844,
    "hole_12": 15.18816115457242,
    "hole_15": 17.750388452663202
  },
  "total_revenue": 900.0,
  "total_orders": 30,
  "successful_orders": 30,
  "failed_orders": 0,
  "total_rounds": 23,
  "active_runner_hours": 7.246267778279471
}