{
  "simulation_id": "delivery_dynamic_09",
  "runner_id": "2_runners",
  "revenue_per_round": 35.294117647058826,
  "orders_per_runner_hour": 2.8896009102498614,
  "on_time_rate": 1.0,
  "delivery_cycle_time_p90": 25.803859867223924,
  "delivery_cycle_time_avg": 17.24802188478412,
  "failed_rate": 0.0,
  "second_runner_break_even_orders": 6.921371020149151,
  "queue_wait_avg": 4.253333333333333,
  "runner_utilization_driving_pct": 55.66345093160001,
  "runner_utilization_prep_pct": 0.0,
  "runner_utilization_idle_pct": 44.33654906839999,
  "distance_per_delivery_avg": 1363.4953532874633,
  "zone_service_times": {
    "hole_7": 15.165495542708884,
    "hole_16": 12.14368258978296,
    "hole_9": 13.161043796093477,
    "hole_18": 23.352600213713504,
    "hole_8": 13.651617837411443,
    "hole_6": 18.97275259806635,
    "hole_15": 23.59058599815835,
    "hole_5": 21.3903032844888,
    "hole_-1": 17.797730173228167,
    "hole_14": 15.277049356235512,
    "hole_10": 12.135648500216726,
    "hole_17": 25.41797549466331
  },
  "total_revenue": 600.0,
  "total_orders": 20,
  "successful_orders": 20,
  "failed_orders": 0,
  "total_rounds": 17,
  "active_runner_hours": 6.921371020149151
}