{
  "simulation_id": "delivery_dynamic_08",
  "runner_id": "runner_1",
  "revenue_per_round": 25.263157894736842,
  "orders_per_runner_hour": 2.2196061361097574,
  "on_time_rate": 0.75,
  "delivery_cycle_time_p90": 53.897967446919964,
  "delivery_cycle_time_avg": 22.709069559441794,
  "failed_rate": 0.2,
  "second_runner_break_even_orders": 7.208486109180956,
  "queue_wait_avg": 11.336666666666668,
  "runner_utilization_driving_pct": 37.42499674939582,
  "runner_utilization_prep_pct": 0.0,
  "runner_utilization_idle_pct": 62.57500325060418,
  "distance_per_delivery_avg": 699.197371972441,
  "zone_service_times": {
    "hole_15": 13.009367946109585,
    "hole_16": 12.3840270948107,
    "hole_9": 18.355418250243627,
    "hole_14": 24.444593505535035,
    "hole_8": 26.824489954777487,
    "hole_-1": 41.463035513252095,
    "hole_10": 11.102315166883454,
    "hole_18": 11.111191886557087
  },
  "total_revenue": 480.0,
  "total_orders": 20,
  "successful_orders": 16,
  "failed_orders": 4,
  "total_rounds": 19,
  "active_runner_hours": 7.208486109180956
}