{
  "simulation_id": "delivery_dynamic_08",
  "runner_id": "runner_1",
  "revenue_per_round": 15.0,
  "orders_per_runner_hour": 2.2421175554690542,
  "on_time_rate": 0.0625,
  "delivery_cycle_time_p90": 64.28763016345661,
  "delivery_cycle_time_avg": 46.037231874110816,
  "failed_rate": 0.54,
  "second_runner_break_even_orders": 7.136111111111111,
  "queue_wait_avg": 31.804166666666667,
  "runner_utilization_driving_pct": 36.94945125620011,
  "runner_utilization_prep_pct": 0.0,
  "runner_utilization_idle_pct": 63.05054874379989,
  "distance_per_delivery_avg": 1422.3099097012325,
  "zone_service_times": {
    "hole_11": 37.63447247987455,
    "hole_17": 50.62331003754468,
    "hole_18": 46.11966917837126,
    "hole_15": 34.821133179782436,
    "hole_9": 47.4690624784282,
    "hole_13": 62.1324744965239,
    "hole_14": 50.93146348238998,
    "hole_6": 30.915345157116825
  },
  "total_revenue": 480.0,
  "total_orders": 50,
  "successful_orders": 16,
  "failed_orders": 27,
  "total_rounds": 32,
  "active_runner_hours": 7.136111111111111
}