{
  "simulation_id": "delivery_dynamic_10",
  "runner_id": "runner_1",
  "revenue_per_round": 20.357142857142858,
  "orders_per_runner_hour": 2.6594090202177294,
  "on_time_rate": 0.21052631578947367,
  "delivery_cycle_time_p90": 59.253002511704594,
  "delivery_cycle_time_avg": 40.7606234057981,
  "failed_rate": 0.425,
  "second_runner_break_even_orders": 7.144444444444445,
  "queue_wait_avg": 27.60877192982456,
  "runner_utilization_driving_pct": 34.52109241183561,
  "runner_utilization_prep_pct": 0.0,
  "runner_utilization_idle_pct": 65.47890758816439,
  "distance_per_delivery_avg": 1059.0220959271119,
  "zone_service_times": {
    "hole_15": 18.224217421515096,
    "hole_3": 40.079592747172924,
    "hole_18": 44.53097249900661,
    "hole_6": 46.41727008810109,
    "hole_16": 58.988644883444735,
    "hole_8": 59.21897503122091,
    "hole_10": 30.887453062588673,
    "hole_17": 34.46783481172964,
    "hole_11": 33.677335735430944
  },
  "total_revenue": 570.0,
  "total_orders": 40,
  "successful_orders": 19,
  "failed_orders": 17,
  "total_rounds": 28,
  "active_runner_hours": 7.144444444444445
}