{
  "simulation_id": "delivery_dynamic_03",
  "runner_id": "2_runners",
  "revenue_per_round": 31.57894736842105,
  "orders_per_runner_hour": 2.842150627012739,
  "on_time_rate": 1.0,
  "delivery_cycle_time_p90": 19.728698038701154,
  "delivery_cycle_time_avg": 15.51815970477545,
  "failed_rate": 0.0,
  "second_runner_break_even_orders": 7.036924718174115,
  "queue_wait_avg": 1.4401960784313725,
  "runner_utilization_driving_pct": 51.355824312133734,
  "runner_utilization_prep_pct": 0.0,
  "runner_utilization_idle_pct": 48.644175687866266,
  "distance_per_delivery_avg": 1442.7816608045487,
  "zone_service_times": {
    "hole_17": 16.10342364168551,
    "hole_13": 16.404587398409845,
    "hole_18": 10.642661446557183,
    "hole_11": 17.246608317476074,
    "hole_12": 14.72014501700099,
    "hole_3": 16.329017430499636,
    "hole_8": 13.97044110832782,
    "hole_2": 19.50122814516332,
    "hole_14": 17.778195556034916,
    "hole_10": 11.099423732634992,
    "hole_4": 19.75397247131647
  },
  "total_revenue": 600.0,
  "total_orders": 20,
  "successful_orders": 20,
  "failed_orders": 0,
  "total_rounds": 19,
  "active_runner_hours": 7.036924718174115
}