{
  "simulation_id": "delivery_dynamic_02",
  "runner_id": "2_runners",
  "revenue_per_round": 40.90909090909091,
  "orders_per_runner_hour": 4.145787977219615,
  "on_time_rate": 0.8,
  "delivery_cycle_time_p90": 39.70561554580712,
  "delivery_cycle_time_avg": 21.72790377903459,
  "failed_rate": 0.0,
  "second_runner_break_even_orders": 7.236260070424438,
  "queue_wait_avg": 9.316049382716049,
  "runner_utilization_driving_pct": 73.27931827547526,
  "runner_utilization_prep_pct": 0.0,
  "runner_utilization_idle_pct": 26.720681724524738,
  "distance_per_delivery_avg": 1123.4023364222883,
  "zone_service_times": {
    "hole_15": 14.39695739341501,
    "hole_-1": 21.06505391274271,
    "hole_8": 16.567125218622156,
    "hole_11": 17.169189770879058,
    "hole_14": 30.556856242642638,
    "hole_12": 40.72189831901348,
    "hole_16": 25.584003485876472,
    "hole_10": 33.4552727087047,
    "hole_9": 12.028788021575927,
    "hole_18": 12.403461124764181,
    "hole_13": 20.993125655308297
  },
  "total_revenue": 900.0,
  "total_orders": 30,
  "successful_orders": 30,
  "failed_orders": 0,
  "total_rounds": 22,
  "active_runner_hours": 7.236260070424438
}