{
  "simulation_id": "delivery_dynamic_02",
  "runner_id": "2_runners",
  "revenue_per_round": 42.22222222222222,
  "orders_per_runner_hour": 5.39760294976296,
  "on_time_rate": 0.5,
  "delivery_cycle_time_p90": 56.01939683989483,
  "delivery_cycle_time_avg": 30.165250169033673,
  "failed_rate": 0.05,
  "second_runner_break_even_orders": 7.040162152288137,
  "queue_wait_avg": 18.487387387387386,
  "runner_utilization_driving_pct": 70.48189069276228,
  "runner_utilization_prep_pct": 0.0,
  "runner_utilization_idle_pct": 29.518109307237722,
  "distance_per_delivery_avg": 727.2293199532069,
  "zone_service_times": {
    "hole_9": 12.788688149674453,
    "hole_16": 21.568891986619125,
    "hole_18": 30.04991915986246,
    "hole_15": 19.3219360885125,
    "hole_10": 30.136299292596146,
    "hole_-1": 37.07823120058843,
    "hole_17": 36.240617990740695,
    "hole_12": 56.33112267808756
  },
  "total_revenue": 1140.0,
  "total_orders": 40,
  "successful_orders": 38,
  "failed_orders": 2,
  "total_rounds": 27,
  "active_runner_hours": 7.040162152288137
}