{
  "simulation_id": "delivery_dynamic_05",
  "runner_id": "3_runners",
  "revenue_per_round": 37.5,
  "orders_per_runner_hour": 5.490798669136508,
  "on_time_rate": 0.925,
  "delivery_cycle_time_p90": 28.199379306696073,
  "delivery_cycle_time_avg": 18.5479643008371,
  "failed_rate": 0.0,
  "second_runner_break_even_orders": 7.284914711012427,
  "queue_wait_avg": 3.688738738738739,
  "runner_utilization_driving_pct": 100.0,
  "runner_utilization_prep_pct": 0.0,
  "runner_utilization_idle_pct": 0.0,
  "distance_per_delivery_avg": 1725.6560050812643,
  "zone_service_times": {
    "hole_14": 16.358683833723923,
    "hole_7": 15.748131988481024,
    "hole_4": 23.84442767515381,
    "hole_9": 16.96285573892631,
    "hole_16": 12.449918577464906,
    "hole_-1": 18.954284587104908,
    "hole_3": 21.600836570986818,
    "hole_18": 14.186831232385035,
    "hole_6": 23.819977185728156,
    "hole_17": 14.39482956253693,
    "hole_5": 28.3903032844888,
    "hole_11": 38.55470814816696,
    "hole_15": 13.260221009421699,
    "hole_10": 12.166337082419098,
    "hole_13": 16.829577744448034
  },
  "total_revenue": 1200.0,
  "total_orders": 40,
  "successful_orders": 40,
  "failed_orders": 0,
  "total_rounds": 32,
  "active_runner_hours": 7.284914711012427
}