{
  "simulation_id": "delivery_dynamic_05",
  "runner_id": "3_runners",
  "revenue_per_round": 48.38709677419355,
  "orders_per_runner_hour": 6.95531109543431,
  "on_time_rate": 0.92,
  "delivery_cycle_time_p90": 28.859951768077657,
  "delivery_cycle_time_avg": 20.028638373861682,
  "failed_rate": 0.0,
  "second_runner_break_even_orders": 7.18875105857186,
  "queue_wait_avg": 7.457246376811594,
  "runner_utilization_driving_pct": 100.0,
  "runner_utilization_prep_pct": 0.0,
  "runner_utilization_idle_pct": 0.0,
  "distance_per_delivery_avg": 1064.4384936175256,
  "zone_service_times": {
    "hole_14": 18.32058608665528,
    "hole_9": 13.99290106563148,
    "hole_16": 16.138978726698983,
    "hole_11": 22.757787504990848,
    "hole_17": 28.940018312521655,
    "hole_18": 21.79200335760564,
    "hole_-1": 23.98610343781107,
    "hole_10": 18.86071807388216,
    "hole_13": 24.78453363805781,
    "hole_12": 28.447789344754224,
    "hole_8": 18.29252227752962,
    "hole_15": 16.384367931785405
  },
  "total_revenue": 1500.0,
  "total_orders": 50,
  "successful_orders": 50,
  "failed_orders": 0,
  "total_rounds": 31,
  "active_runner_hours": 7.18875105857186
}