{
  "variantKey": "back",
  "blockedHoles": [
    10,
    11,
    12
  ],
  "deliveryMetrics": {
    "totalOrders": 50,
    "successfulDeliveries": 48,
    "failedDeliveries": 0,
    "avgOrderTime": 32.17359411204602,
    "onTimePercentage": 37.5,
    "revenue": 1500.0,
    "ordersPerRunnerHour": 4.8,
    "lateOrders": 30,
    "runnerUtilizationPct": 29.104319748524848,
    "totalRunnerDriveMinutes": 523.8777554734472,
    "totalRunnerShiftMinutes": 1800.0,
    "runnerUtilizationByRunner": {
      "runner_1": {
        "driveMinutes": 199.4302526554903,
        "utilizationPct": 33.23837544258172,
        "shiftMinutes": 600.0
      },
      "runner_2": {
        "driveMinutes": 171.28772220097383,
        "utilizationPct": 28.547953700162303,
        "shiftMinutes": 600.0
      },
      "runner_3": {
        "driveMinutes": 153.15978061698272,
        "utilizationPct": 25.52663010283045,
        "shiftMinutes": 600.0
      }
    }
  },
  "bevCartMetrics": null,
  "hasRunners": true,
  "hasBevCart": false
}