{
  "simulation_id": "delivery_dynamic_08",
  "runner_id": "2_runners",
  "revenue_per_round": 39.54545454545455,
  "orders_per_runner_hour": 4.0467835870431905,
  "on_time_rate": 0.9310344827586207,
  "delivery_cycle_time_p90": 29.94211839573951,
  "delivery_cycle_time_avg": 18.98285235621187,
  "failed_rate": 0.0,
  "second_runner_break_even_orders": 7.1661850396079725,
  "queue_wait_avg": 5.558333333333334,
  "runner_utilization_driving_pct": 62.96887277515643,
  "runner_utilization_prep_pct": 0.0,
  "runner_utilization_idle_pct": 37.03112722484357,
  "distance_per_delivery_avg": 1343.8383916871894,
  "zone_service_times": {
    "hole_18": 15.98216675061473,
    "hole_8": 15.886239026045143,
    "hole_17": 17.442159363726645,
    "hole_9": 22.099229969187764,
    "hole_-1": 29.942118395739513,
    "hole_10": 23.78468247058727,
    "hole_12": 26.896986082548878,
    "hole_2": 13.531675480540798,
    "hole_4": 20.240194115070576,
    "hole_11": 27.21066906876434,
    "hole_15": 18.114901713602254,
    "hole_16": 16.722853903327753
  },
  "total_revenue": 870.0,
  "total_orders": 30,
  "successful_orders": 29,
  "failed_orders": 0,
  "total_rounds": 22,
  "active_runner_hours": 7.166185039607973
}