{
  "simulation_id": "delivery_dynamic_05",
  "runner_id": "runner_1",
  "revenue_per_round": 37.5,
  "orders_per_runner_hour": 2.4853435587030814,
  "on_time_rate": 0.9,
  "delivery_cycle_time_p90": 30.378900523669465,
  "delivery_cycle_time_avg": 19.23075476089992,
  "failed_rate": 0.0,
  "second_runner_break_even_orders": 8.047177192048464,
  "queue_wait_avg": 7.628070175438596,
  "runner_utilization_driving_pct": 36.799556454493256,
  "runner_utilization_prep_pct": 0.0,
  "runner_utilization_idle_pct": 63.200443545506744,
  "distance_per_delivery_avg": 1428.5434278479445,
  "zone_service_times": {
    "hole_2": 11.659636458882536,
    "hole_14": 12.113037120109947,
    "hole_9": 10.812630182550533,
    "hole_17": 12.895325584687876,
    "hole_5": 14.93220190300132,
    "hole_16": 30.43758730373126,
    "hole_10": 27.258682342752522,
    "hole_7": 13.727897720214788,
    "hole_18": 27.603294525064303,
    "hole_13": 24.63826196864318,
    "hole_15": 15.566365533167511,
    "hole_12": 13.69214116444479
  },
  "total_revenue": 600.0,
  "total_orders": 20,
  "successful_orders": 20,
  "failed_orders": 0,
  "total_rounds": 16,
  "active_runner_hours": 8.047177192048464
}