{
  "simulation_id": "delivery_dynamic_08",
  "runner_id": "3_runners",
  "revenue_per_round": 47.41935483870968,
  "orders_per_runner_hour": 6.734716251290806,
  "on_time_rate": 0.9591836734693877,
  "delivery_cycle_time_p90": 29.05960346295251,
  "delivery_cycle_time_avg": 21.20502402745442,
  "failed_rate": 0.0,
  "second_runner_break_even_orders": 7.275733404597179,
  "queue_wait_avg": 7.800757575757576,
  "runner_utilization_driving_pct": 100.0,
  "runner_utilization_prep_pct": 0.0,
  "runner_utilization_idle_pct": 0.0,
  "distance_per_delivery_avg": 1411.288073224687,
  "zone_service_times": {
    "hole_18": 19.22368313298176,
    "hole_12": 21.455614896030486,
    "hole_11": 24.01050502479623,
    "hole_16": 25.92318130401501,
    "hole_15": 21.944384009126303,
    "hole_17": 21.554057752933865,
    "hole_10": 21.94045803968671,
    "hole_9": 19.8639118425867,
    "hole_8": 14.037107774994487,
    "hole_14": 19.443716346841878
  },
  "total_revenue": 1470.0,
  "total_orders": 50,
  "successful_orders": 49,
  "failed_orders": 0,
  "total_rounds": 31,
  "active_runner_hours": 7.275733404597179
}