{
  "course": "C:\\Main\\GIT\\simulation\\courses\\keswick_hall",
  "tee_scenario": "real_tee_sheet",
  "orders": 50,
  "variant": "front",
  "runners": 1,
  "runs": 10,
  "on_time_mean": 0.16290506835785473,
  "failed_mean": 0.5740000000000001,
  "p90_mean": 63.335958653963246,
  "avg_delivery_time_mean": 46.329443440977016,
  "oph_mean": 2.0277864121725355,
  "on_time_wilson_lo": 0.25194675398941874,
  "on_time_wilson_hi": 0.3312555857935606,
  "total_successful_orders": 145,
  "total_orders": 500,
  "group_dir": "C:\\Main\\GIT\\simulation\\output\\keswick_hall\\20250828_090448_real_tee_sheet\\first_pass\\orders_050\\runners_1\\front"
}