{
  "simulation_id": "delivery_dynamic_07",
  "runner_id": "3_runners",
  "revenue_per_round": 41.37931034482759,
  "orders_per_runner_hour": 5.57797742228894,
  "on_time_rate": 0.925,
  "delivery_cycle_time_p90": 29.26508351124381,
  "delivery_cycle_time_avg": 19.08460972167815,
  "failed_rate": 0.0,
  "second_runner_break_even_orders": 7.171058068497144,
  "queue_wait_avg": 4.668468468468468,
  "runner_utilization_driving_pct": 100.0,
  "runner_utilization_prep_pct": 0.0,
  "runner_utilization_idle_pct": 0.0,
  "distance_per_delivery_avg": 1601.4688664838573,
  "zone_service_times": {
    "hole_-1": 20.32865565849529,
    "hole_17": 13.053330129332334,
    "hole_18": 13.57956686196217,
    "hole_6": 19.652497406996552,
    "hole_8": 22.36922725866422,
    "hole_10": 15.777685478538794,
    "hole_15": 27.40585140090067,
    "hole_12": 21.654820250181036,
    "hole_4": 22.488829181287173,
    "hole_2": 18.639025772332488,
    "hole_11": 25.858040859500093,
    "hole_16": 17.841532320147962,
    "hole_3": 16.329017430499636,
    "hole_13": 17.644136884413122,
    "hole_9": 12.779599281095095,
    "hole_14": 16.26643077890088
  },
  "total_revenue": 1200.0,
  "total_orders": 40,
  "successful_orders": 40,
  "failed_orders": 0,
  "total_rounds": 29,
  "active_runner_hours": 7.171058068497144
}