{
  "simulation_id": "delivery_dynamic_01",
  "runner_id": "2_runners",
  "revenue_per_round": 40.90909090909091,
  "orders_per_runner_hour": 4.1927792328086495,
  "on_time_rate": 0.7666666666666667,
  "delivery_cycle_time_p90": 40.95232589461351,
  "delivery_cycle_time_avg": 22.249904260864856,
  "failed_rate": 0.0,
  "second_runner_break_even_orders": 7.1551585080485305,
  "queue_wait_avg": 8.492261904761905,
  "runner_utilization_driving_pct": 72.91874980216778,
  "runner_utilization_prep_pct": 0.0,
  "runner_utilization_idle_pct": 27.08125019783222,
  "distance_per_delivery_avg": 1452.7944983172592,
  "zone_service_times": {
    "hole_12": 15.581992439727053,
    "hole_13": 16.814845211615406,
    "hole_18": 29.283701147493147,
    "hole_6": 17.809760903020834,
    "hole_16": 21.12037414600248,
    "hole_10": 17.58448091105454,
    "hole_17": 24.642371636222762,
    "hole_8": 24.650340785259747,
    "hole_15": 17.86796147158305,
    "hole_11": 30.04400240209767,
    "hole_7": 35.658718450521455,
    "hole_9": 11.54303736445551
  },
  "total_revenue": 900.0,
  "total_orders": 30,
  "successful_orders": 30,
  "failed_orders": 0,
  "total_rounds": 22,
  "active_runner_hours": 7.1551585080485305
}