{
  "simulation_id": "delivery_dynamic_01",
  "runner_id": "runner_1",
  "revenue_per_round": 8.571428571428571,
  "orders_per_runner_hour": 1.40597539543058,
  "on_time_rate": 0.1,
  "delivery_cycle_time_p90": 60.92554815418663,
  "delivery_cycle_time_avg": 47.21876696949457,
  "failed_rate": 0.68,
  "second_runner_break_even_orders": 7.1125,
  "queue_wait_avg": 32.846666666666664,
  "runner_utilization_driving_pct": 22.519497459691017,
  "runner_utilization_prep_pct": 0.0,
  "runner_utilization_idle_pct": 77.48050254030898,
  "distance_per_delivery_avg": 1469.0257017501767,
  "zone_service_times": {
    "hole_4": 20.306860781737214,
    "hole_12": 32.93839388749184,
    "hole_6": 55.70976090302081,
    "hole_10": 50.61356195942044,
    "hole_18": 51.03874908852264,
    "hole_14": 52.754334906164026
  },
  "total_revenue": 300.0,
  "total_orders": 50,
  "successful_orders": 10,
  "failed_orders": 34,
  "total_rounds": 35,
  "active_runner_hours": 7.1125
}