{
  "simulation_id": "delivery_dynamic_05",
  "runner_id": "2_runners",
  "revenue_per_round": 39.54545454545455,
  "orders_per_runner_hour": 3.96883918234301,
  "on_time_rate": 0.7931034482758621,
  "delivery_cycle_time_p90": 36.02470752616676,
  "delivery_cycle_time_avg": 21.232340097341115,
  "failed_rate": 0.0,
  "second_runner_break_even_orders": 7.30692241928528,
  "queue_wait_avg": 6.86358024691358,
  "runner_utilization_driving_pct": 69.50188076394562,
  "runner_utilization_prep_pct": 0.0,
  "runner_utilization_idle_pct": 30.49811923605438,
  "distance_per_delivery_avg": 1626.9490313273027,
  "zone_service_times": {
    "hole_17": 21.471571971239584,
    "hole_8": 24.26581534468623,
    "hole_16": 20.963802022074013,
    "hole_11": 31.32554037296604,
    "hole_7": 23.479638695775915,
    "hole_9": 39.925192342428026,
    "hole_18": 10.94284903709096,
    "hole_6": 19.12741873377579,
    "hole_10": 11.342074858000341
  },
  "total_revenue": 870.0,
  "total_orders": 30,
  "successful_orders": 29,
  "failed_orders": 0,
  "total_rounds": 22,
  "active_runner_hours": 7.30692241928528
}