{
  "variantKey": "mid",
  "blockedHoles": [
    4,
    5,
    6
  ],
  "deliveryMetrics": {
    "totalOrders": 50,
    "successfulDeliveries": 49,
    "failedDeliveries": 1,
    "avgOrderTime": 29.653552075581572,
    "onTimePercentage": 55.10204081632652,
    "revenue": 1470.0,
    "ordersPerRunnerHour": 4.9,
    "lateOrders": 22,
    "runnerUtilizationPct": 26.776071655485296,
    "totalRunnerDriveMinutes": 481.9692897987353,
    "totalRunnerShiftMinutes": 1800.0,
    "runnerUtilizationByRunner": {
      "runner_1": {
        "driveMinutes": 168.77166230867456,
        "utilizationPct": 28.128610384779094,
        "shiftMinutes": 600.0
      },
      "runner_2": {
        "driveMinutes": 161.04552081378182,
        "utilizationPct": 26.840920135630302,
        "shiftMinutes": 600.0
      },
      "runner_3": {
        "driveMinutes": 152.15210667627886,
        "utilizationPct": 25.358684446046475,
        "shiftMinutes": 600.0
      }
    }
  },
  "bevCartMetrics": null,
  "hasRunners": true,
  "hasBevCart": false
}