{
  "simulation_id": "delivery_dynamic_01",
  "runner_id": "3_runners",
  "revenue_per_round": 44.11764705882353,
  "orders_per_runner_hour": 6.934029774692808,
  "on_time_rate": 0.68,
  "delivery_cycle_time_p90": 45.79273017322817,
  "delivery_cycle_time_avg": 25.330672767443094,
  "failed_rate": 0.0,
  "second_runner_break_even_orders": 7.2108141477103915,
  "queue_wait_avg": 13.322592592592592,
  "runner_utilization_driving_pct": 100.0,
  "runner_utilization_prep_pct": 0.0,
  "runner_utilization_idle_pct": 0.0,
  "distance_per_delivery_avg": 1122.3540498608788,
  "zone_service_times": {
    "hole_14": 19.977279322739236,
    "hole_9": 17.761415319369796,
    "hole_10": 24.85449139454117,
    "hole_18": 26.83346196881824,
    "hole_17": 26.89800574570839,
    "hole_8": 16.023777666671897,
    "hole_15": 30.17213246200748,
    "hole_16": 28.67283743649291,
    "hole_-1": 27.116777792275787,
    "hole_13": 32.032615769307846,
    "hole_11": 35.49558896057252,
    "hole_12": 23.183965591099998
  },
  "total_revenue": 1500.0,
  "total_orders": 50,
  "successful_orders": 50,
  "failed_orders": 0,
  "total_rounds": 34,
  "active_runner_hours": 7.2108141477103915
}