{
  "simulation_id": "delivery_dynamic_04",
  "runner_id": "runner_1",
  "revenue_per_round": 15.0,
  "orders_per_runner_hour": 2.107728337236534,
  "on_time_rate": 0.13333333333333333,
  "delivery_cycle_time_p90": 62.6678594487413,
  "delivery_cycle_time_avg": 47.96772699846176,
  "failed_rate": 0.5,
  "second_runner_break_even_orders": 7.116666666666666,
  "queue_wait_avg": 33.684444444444445,
  "runner_utilization_driving_pct": 35.95666337142248,
  "runner_utilization_prep_pct": 0.0,
  "runner_utilization_idle_pct": 64.04333662857752,
  "distance_per_delivery_avg": 1439.1829381498196,
  "zone_service_times": {
    "hole_6": 19.534899220427118,
    "hole_17": 41.78847920906715,
    "hole_16": 41.404349101572976,
    "hole_12": 52.78646895319301,
    "hole_10": 61.142031533594064,
    "hole_18": 53.93078028948237,
    "hole_13": 64.95660132146216,
    "hole_14": 42.50960346295245,
    "hole_9": 52.2590069194756,
    "hole_8": 45.50615904912483
  },
  "total_revenue": 450.0,
  "total_orders": 40,
  "successful_orders": 15,
  "failed_orders": 20,
  "total_rounds": 30,
  "active_runner_hours": 7.116666666666666
}