{
  "simulation_id": "delivery_dynamic_06",
  "runner_id": "3_runners",
  "revenue_per_round": 40.0,
  "orders_per_runner_hour": 2.834814529277647,
  "on_time_rate": 1.0,
  "delivery_cycle_time_p90": 13.592968750855743,
  "delivery_cycle_time_avg": 12.42415853401686,
  "failed_rate": 0.0,
  "second_runner_break_even_orders": 7.0551352807890035,
  "queue_wait_avg": 0.03571428571428571,
  "runner_utilization_driving_pct": 24.328182376308302,
  "runner_utilization_prep_pct": 0.0,
  "runner_utilization_idle_pct": 75.6718176236917,
  "distance_per_delivery_avg": 1727.3941444921352,
  "zone_service_times": {
    "hole_3": 13.452698837569596,
    "hole_2": 11.940584197262009,
    "hole_12": 12.704903693598316,
    "hole_8": 11.59514862704891,
    "hole_18": 10.636300329541033,
    "hole_13": 13.311367846838463,
    "hole_14": 12.949889919042592,
    "hole_10": 10.91331290522215,
    "hole_15": 13.431652280222483,
    "hole_11": 11.74197926629422,
    "hole_16": 13.435812056718714
  },
  "total_revenue": 600.0,
  "total_orders": 20,
  "successful_orders": 20,
  "failed_orders": 0,
  "total_rounds": 15,
  "active_runner_hours": 7.0551352807890035
}