{
  "simulation_id": "delivery_dynamic_04",
  "runner_id": "runner_1",
  "revenue_per_round": 16.071428571428573,
  "orders_per_runner_hour": 2.080523983818147,
  "on_time_rate": 0.06666666666666667,
  "delivery_cycle_time_p90": 65.22233236475971,
  "delivery_cycle_time_avg": 52.17227584390743,
  "failed_rate": 0.5,
  "second_runner_break_even_orders": 7.209722222222222,
  "queue_wait_avg": 37.99444444444445,
  "runner_utilization_driving_pct": 38.97973845755941,
  "runner_utilization_prep_pct": 0.0,
  "runner_utilization_idle_pct": 61.02026154244059,
  "distance_per_delivery_avg": 1403.7513502195613,
  "zone_service_times": {
    "hole_6": 44.005625357921566,
    "hole_11": 39.468730351930084,
    "hole_10": 51.67070428735921,
    "hole_-1": 55.745365867668646,
    "hole_18": 55.47185401008925,
    "hole_7": 54.025029569990906,
    "hole_13": 60.91680353035044,
    "hole_15": 39.35110275436382
  },
  "total_revenue": 450.0,
  "total_orders": 40,
  "successful_orders": 15,
  "failed_orders": 20,
  "total_rounds": 28,
  "active_runner_hours": 7.209722222222222
}