{
  "simulation_id": "delivery_dynamic_02",
  "runner_id": "3_runners",
  "revenue_per_round": 39.729729729729726,
  "orders_per_runner_hour": 6.656842953192234,
  "on_time_rate": 0.673469387755102,
  "delivery_cycle_time_p90": 35.82169119670398,
  "delivery_cycle_time_avg": 24.373528214342045,
  "failed_rate": 0.0,
  "second_runner_break_even_orders": 7.360846627229272,
  "queue_wait_avg": 10.906028368794326,
  "runner_utilization_driving_pct": 100.0,
  "runner_utilization_prep_pct": 0.0,
  "runner_utilization_idle_pct": 0.0,
  "distance_per_delivery_avg": 1314.6483371617849,
  "zone_service_times": {
    "hole_12": 26.101622506811534,
    "hole_9": 21.906330532007946,
    "hole_13": 16.235359590312026,
    "hole_10": 19.993644065565768,
    "hole_14": 28.366600003980857,
    "hole_15": 36.43304577851491,
    "hole_17": 30.87872779704667,
    "hole_11": 22.502762633285844,
    "hole_18": 24.319264758564366,
    "hole_8": 14.017694869701003,
    "hole_-1": 28.499386483156275,
    "hole_7": 24.766272389841117,
    "hole_16": 30.167360448463175,
    "hole_6": 20.28413096708961
  },
  "total_revenue": 1470.0,
  "total_orders": 50,
  "successful_orders": 49,
  "failed_orders": 0,
  "total_rounds": 37,
  "active_runner_hours": 7.360846627229272
}