{
  "simulation_id": "delivery_dynamic_08",
  "runner_id": "runner_1",
  "revenue_per_round": 33.333333333333336,
  "orders_per_runner_hour": 2.7837340327816174,
  "on_time_rate": 0.6,
  "delivery_cycle_time_p90": 44.39338040287756,
  "delivery_cycle_time_avg": 25.205644250978565,
  "failed_rate": 0.0,
  "second_runner_break_even_orders": 7.1845944204717025,
  "queue_wait_avg": 13.462280701754386,
  "runner_utilization_driving_pct": 20.877127987552193,
  "runner_utilization_prep_pct": 0.0,
  "runner_utilization_idle_pct": 79.1228720124478,
  "distance_per_delivery_avg": 1739.8638607045693,
  "zone_service_times": {
    "hole_18": 20.754109150028466,
    "hole_10": 11.292995566991582,
    "hole_16": 25.24382619384681,
    "hole_2": 28.82592012096696,
    "hole_17": 21.990194333018902,
    "hole_-1": 34.41148143049498,
    "hole_3": 22.989022745660865,
    "hole_4": 38.276085856309265,
    "hole_11": 33.28164556542336,
    "hole_6": 45.50248028869785
  },
  "total_revenue": 600.0,
  "total_orders": 20,
  "successful_orders": 20,
  "failed_orders": 0,
  "total_rounds": 18,
  "active_runner_hours": 7.1845944204717025
}