{
  "simulation_id": "delivery_dynamic_07",
  "runner_id": "runner_1",
  "revenue_per_round": 16.0,
  "orders_per_runner_hour": 2.273983418870904,
  "on_time_rate": 0.1875,
  "delivery_cycle_time_p90": 59.97939683989483,
  "delivery_cycle_time_avg": 48.281498781804835,
  "failed_rate": 0.45,
  "second_runner_break_even_orders": 7.0361111111111105,
  "queue_wait_avg": 34.907291666666666,
  "runner_utilization_driving_pct": 37.885438956476506,
  "runner_utilization_prep_pct": 0.0,
  "runner_utilization_idle_pct": 62.114561043523494,
  "distance_per_delivery_avg": 1133.7335906864184,
  "zone_service_times": {
    "hole_14": 36.451604856157395,
    "hole_9": 21.324204889797997,
    "hole_12": 42.32387462659353,
    "hole_13": 53.25520196369534,
    "hole_-1": 54.850507951005945,
    "hole_18": 54.571854010089254,
    "hole_15": 48.60110275436382,
    "hole_11": 54.842408255698075
  },
  "total_revenue": 480.0,
  "total_orders": 40,
  "successful_orders": 16,
  "failed_orders": 18,
  "total_rounds": 30,
  "active_runner_hours": 7.036111111111111
}