{
  "simulation_id": "delivery_dynamic_08",
  "runner_id": "3_runners",
  "revenue_per_round": 35.294117647058826,
  "orders_per_runner_hour": 2.8618693473204626,
  "on_time_rate": 1.0,
  "delivery_cycle_time_p90": 19.718972471316498,
  "delivery_cycle_time_avg": 14.77684475582968,
  "failed_rate": 0.0,
  "second_runner_break_even_orders": 6.98843922372829,
  "queue_wait_avg": 0.04555555555555556,
  "runner_utilization_driving_pct": 53.852258829827605,
  "runner_utilization_prep_pct": 0.0,
  "runner_utilization_idle_pct": 46.147741170172395,
  "distance_per_delivery_avg": 1593.539837958776,
  "zone_service_times": {
    "hole_18": 10.38633584503794,
    "hole_4": 19.540863358185167,
    "hole_8": 14.154737221172052,
    "hole_9": 12.202449838250292,
    "hole_2": 14.260504364415192,
    "hole_15": 17.58683755346392,
    "hole_17": 13.650531843699273,
    "hole_10": 12.881191026854504
  },
  "total_revenue": 600.0,
  "total_orders": 20,
  "successful_orders": 20,
  "failed_orders": 0,
  "total_rounds": 17,
  "active_runner_hours": 6.98843922372829
}