{
  "simulation_id": "delivery_dynamic_09",
  "runner_id": "2_runners",
  "revenue_per_round": 35.294117647058826,
  "orders_per_runner_hour": 2.815392595244792,
  "on_time_rate": 1.0,
  "delivery_cycle_time_p90": 24.41451147676112,
  "delivery_cycle_time_avg": 17.249643986756684,
  "failed_rate": 0.0,
  "second_runner_break_even_orders": 7.1038050017535985,
  "queue_wait_avg": 1.5970588235294116,
  "runner_utilization_driving_pct": 51.668045519671736,
  "runner_utilization_prep_pct": 0.0,
  "runner_utilization_idle_pct": 48.331954480328264,
  "distance_per_delivery_avg": 1979.7603795502469,
  "zone_service_times": {
    "hole_3": 17.580555245681747,
    "hole_17": 17.200942210323063,
    "hole_4": 22.073578239973145,
    "hole_6": 17.677941412619596,
    "hole_15": 17.773970019483123,
    "hole_1": 12.903454857433008,
    "hole_8": 26.437107774994487,
    "hole_2": 14.821746139705223,
    "hole_7": 17.195342767041865,
    "hole_16": 17.69056982606186,
    "hole_10": 12.66356195942044,
    "hole_18": 11.650966748012676
  },
  "total_revenue": 600.0,
  "total_orders": 20,
  "successful_orders": 20,
  "failed_orders": 0,
  "total_rounds": 17,
  "active_runner_hours": 7.103805001753599
}