{
  "simulation_id": "delivery_dynamic_04",
  "runner_id": "2_runners",
  "revenue_per_round": 42.857142857142854,
  "orders_per_runner_hour": 4.198484011327344,
  "on_time_rate": 0.8,
  "delivery_cycle_time_p90": 35.69760094361813,
  "delivery_cycle_time_avg": 21.42371649436777,
  "failed_rate": 0.0,
  "second_runner_break_even_orders": 7.1454362858263085,
  "queue_wait_avg": 7.476923076923077,
  "runner_utilization_driving_pct": 68.19250362140843,
  "runner_utilization_prep_pct": 0.0,
  "runner_utilization_idle_pct": 31.807496378591566,
  "distance_per_delivery_avg": 1661.0887421075681,
  "zone_service_times": {
    "hole_9": 13.131524716636099,
    "hole_4": 22.7314303639206,
    "hole_2": 13.699303908630403,
    "hole_17": 21.4737846445558,
    "hole_12": 22.87850048791394,
    "hole_13": 31.17690598608531,
    "hole_6": 37.359760903020835,
    "hole_18": 21.8662088678508,
    "hole_10": 11.659686020275512,
    "hole_16": 19.143879622820837,
    "hole_14": 17.19197445345817,
    "hole_15": 18.089901713602256
  },
  "total_revenue": 900.0,
  "total_orders": 30,
  "successful_orders": 30,
  "failed_orders": 0,
  "total_rounds": 21,
  "active_runner_hours": 7.1454362858263085
}