{
  "simulation_id": "delivery_dynamic_07",
  "runner_id": "3_runners",
  "revenue_per_round": 44.54545454545455,
  "orders_per_runner_hour": 6.721404983262772,
  "on_time_rate": 0.5306122448979592,
  "delivery_cycle_time_p90": 56.2837199157025,
  "delivery_cycle_time_avg": 30.844448943696136,
  "failed_rate": 0.02,
  "second_runner_break_even_orders": 7.290142480927243,
  "queue_wait_avg": 18.612962962962964,
  "runner_utilization_driving_pct": 100.0,
  "runner_utilization_prep_pct": 0.0,
  "runner_utilization_idle_pct": 0.0,
  "distance_per_delivery_avg": 1260.3062736533284,
  "zone_service_times": {
    "hole_13": 27.6326092751407,
    "hole_18": 17.932609919974116,
    "hole_8": 25.12233360483563,
    "hole_12": 38.089141979984134,
    "hole_14": 34.02626970989294,
    "hole_10": 16.239293516497675,
    "hole_7": 42.816549407036376,
    "hole_-1": 31.859800361353958,
    "hole_15": 22.159299804522014,
    "hole_5": 56.283719915702505,
    "hole_16": 30.828480054341426,
    "hole_4": 46.54220753810987,
    "hole_9": 30.6926344340865,
    "hole_6": 38.57861853924511,
    "hole_2": 22.67045361753929
  },
  "total_revenue": 1470.0,
  "total_orders": 50,
  "successful_orders": 49,
  "failed_orders": 1,
  "total_rounds": 33,
  "active_runner_hours": 7.290142480927243
}