{
  "simulation_id": "delivery_dynamic_03",
  "runner_id": "runner_1",
  "revenue_per_round": 12.5,
  "orders_per_runner_hour": 2.114744468376738,
  "on_time_rate": 0.06666666666666667,
  "delivery_cycle_time_p90": 62.46773019589568,
  "delivery_cycle_time_avg": 49.36109042360953,
  "failed_rate": 0.56,
  "second_runner_break_even_orders": 7.093055555555555,
  "queue_wait_avg": 36.73777777777778,
  "runner_utilization_driving_pct": 31.064851978371443,
  "runner_utilization_prep_pct": 0.0,
  "runner_utilization_idle_pct": 68.93514802162855,
  "distance_per_delivery_avg": 881.4330489994657,
  "zone_service_times": {
    "hole_14": 15.168271522824034,
    "hole_16": 31.7971646510486,
    "hole_10": 42.91785842552387,
    "hole_13": 62.729103867494025,
    "hole_-1": 50.96439683989483,
    "hole_11": 62.29348108149679,
    "hole_18": 61.23415444757872,
    "hole_12": 59.85076091759565,
    "hole_17": 38.7884194836166
  },
  "total_revenue": 450.0,
  "total_orders": 50,
  "successful_orders": 15,
  "failed_orders": 28,
  "total_rounds": 36,
  "active_runner_hours": 7.093055555555556
}