{
  "variantKey": "front_mid_back",
  "blockedHoles": [
    1,
    2,
    3,
    4,
    5,
    6,
    10,
    11,
    12
  ],
  "deliveryMetrics": {
    "totalOrders": 50,
    "successfulDeliveries": 50,
    "failedDeliveries": 0,
    "avgOrderTime": 12.338442186860926,
    "onTimePercentage": 100.0,
    "revenue": 1500.0,
    "ordersPerRunnerHour": 5.0,
    "lateOrders": 0,
    "runnerUtilizationPct": 16.536389252341007,
    "totalRunnerDriveMinutes": 297.6550065421381,
    "totalRunnerShiftMinutes": 1800.0,
    "runnerUtilizationByRunner": {
      "runner_1": {
        "driveMinutes": 115.19813094782347,
        "utilizationPct": 19.199688491303913,
        "shiftMinutes": 600.0
      },
      "runner_2": {
        "driveMinutes": 116.0656114030108,
        "utilizationPct": 19.34426856716847,
        "shiftMinutes": 600.0
      },
      "runner_3": {
        "driveMinutes": 66.3912641913038,
        "utilizationPct": 11.065210698550635,
        "shiftMinutes": 600.0
      }
    }
  },
  "bevCartMetrics": null,
  "hasRunners": true,
  "hasBevCart": false
}