{
  "simulation_id": "delivery_dynamic_10",
  "runner_id": "2_runners",
  "revenue_per_round": 31.93548387096774,
  "orders_per_runner_hour": 4.611801242236025,
  "on_time_rate": 0.45454545454545453,
  "delivery_cycle_time_p90": 61.21040023094194,
  "delivery_cycle_time_avg": 35.783179791309635,
  "failed_rate": 0.26,
  "second_runner_break_even_orders": 7.155555555555555,
  "queue_wait_avg": 23.370555555555555,
  "runner_utilization_driving_pct": 82.5675864615969,
  "runner_utilization_prep_pct": 0.0,
  "runner_utilization_idle_pct": 17.432413538403097,
  "distance_per_delivery_avg": 1524.5059856376124,
  "zone_service_times": {
    "hole_10": 12.177715844105812,
    "hole_12": 24.100526544006442,
    "hole_17": 45.7824401383972,
    "hole_5": 21.825510143165108,
    "hole_18": 40.174172442835385,
    "hole_6": 27.050113185005042,
    "hole_9": 26.301759573860604,
    "hole_15": 49.204339731625986,
    "hole_13": 45.686430757988234,
    "hole_-1": 32.947730173228166,
    "hole_7": 64.38904836938055,
    "hole_11": 41.341622478930304,
    "hole_8": 26.065308867084788,
    "hole_14": 14.89636031659599,
    "hole_16": 17.948049451750315
  },
  "total_revenue": 990.0,
  "total_orders": 50,
  "successful_orders": 33,
  "failed_orders": 13,
  "total_rounds": 31,
  "active_runner_hours": 7.155555555555556
}