{
  "simulation_id": "delivery_dynamic_08",
  "runner_id": "runner_1",
  "revenue_per_round": 15.483870967741936,
  "orders_per_runner_hour": 2.2408091810931725,
  "on_time_rate": 0.0625,
  "delivery_cycle_time_p90": 59.23908792955259,
  "delivery_cycle_time_avg": 49.343677201268946,
  "failed_rate": 0.475,
  "second_runner_break_even_orders": 7.1402777777777775,
  "queue_wait_avg": 39.34777777777778,
  "runner_utilization_driving_pct": 33.34454708229488,
  "runner_utilization_prep_pct": 0.0,
  "runner_utilization_idle_pct": 66.65545291770512,
  "distance_per_delivery_avg": 824.9255396263636,
  "zone_service_times": {
    "hole_8": 13.718320247583142,
    "hole_11": 50.213605245476145,
    "hole_-1": 52.37550795100594,
    "hole_16": 45.44804945175026,
    "hole_10": 47.62877675633584,
    "hole_18": 58.595585069412785,
    "hole_17": 50.40504993786805
  },
  "total_revenue": 480.0,
  "total_orders": 40,
  "successful_orders": 16,
  "failed_orders": 19,
  "total_rounds": 31,
  "active_runner_hours": 7.1402777777777775
}