{
  "simulation_id": "delivery_dynamic_07",
  "runner_id": "runner_1",
  "revenue_per_round": 12.0,
  "orders_per_runner_hour": 2.2416812609457093,
  "on_time_rate": 0.125,
  "delivery_cycle_time_p90": 61.475361360602825,
  "delivery_cycle_time_avg": 48.93588895106023,
  "failed_rate": 0.54,
  "second_runner_break_even_orders": 7.1375,
  "queue_wait_avg": 35.56041666666667,
  "runner_utilization_driving_pct": 26.510534985197076,
  "runner_utilization_prep_pct": 0.0,
  "runner_utilization_idle_pct": 73.48946501480293,
  "distance_per_delivery_avg": 1134.158687556238,
  "zone_service_times": {
    "hole_2": 14.821746139705253,
    "hole_17": 41.3024977803514,
    "hole_18": 56.70718365911105,
    "hole_10": 55.3753648669274,
    "hole_6": 49.53104935846335,
    "hole_8": 51.55473675822129
  },
  "total_revenue": 480.0,
  "total_orders": 50,
  "successful_orders": 16,
  "failed_orders": 27,
  "total_rounds": 40,
  "active_runner_hours": 7.1375
}