{
  "course": "C:\\Main\\GIT\\simulation\\courses\\keswick_hall",
  "tee_scenario": "real_tee_sheet",
  "orders": 30,
  "variant": "back",
  "runners": 1,
  "runs": 10,
  "on_time_mean": 0.27326238390092883,
  "failed_mean": 0.3433333333333333,
  "p90_mean": 61.01643476041524,
  "avg_delivery_time_mean": 41.14068039887516,
  "oph_mean": 2.387082784565914,
  "on_time_wilson_lo": 0.5134401182890381,
  "on_time_wilson_hi": 0.6247898015112788,
  "total_successful_orders": 171,
  "total_orders": 300,
  "group_dir": "C:\\Main\\GIT\\simulation\\output\\keswick_hall\\20250828_090448_real_tee_sheet\\first_pass\\orders_030\\runners_1\\back"
}