{
  "simulation_id": "delivery_dynamic_09",
  "runner_id": "3_runners",
  "revenue_per_round": 40.0,
  "orders_per_runner_hour": 2.8774446167487926,
  "on_time_rate": 1.0,
  "delivery_cycle_time_p90": 13.673155174398792,
  "delivery_cycle_time_avg": 12.385828777390655,
  "failed_rate": 0.0,
  "second_runner_break_even_orders": 6.950611623794824,
  "queue_wait_avg": 0.17037037037037037,
  "runner_utilization_driving_pct": 27.891208679059087,
  "runner_utilization_prep_pct": 0.0,
  "runner_utilization_idle_pct": 72.10879132094091,
  "distance_per_delivery_avg": 1607.396719721272,
  "zone_service_times": {
    "hole_9": 11.40194121695598,
    "hole_8": 12.347527229083617,
    "hole_12": 12.431141872133805,
    "hole_18": 11.40864535749679,
    "hole_16": 13.643826193846811,
    "hole_10": 11.120986144810074,
    "hole_17": 12.833892108875201,
    "hole_13": 13.476339913085637,
    "hole_6": 13.780559792879892,
    "hole_14": 13.407365856058217
  },
  "total_revenue": 600.0,
  "total_orders": 20,
  "successful_orders": 20,
  "failed_orders": 0,
  "total_rounds": 15,
  "active_runner_hours": 6.950611623794824
}