{
  "simulation_id": "delivery_dynamic_07",
  "runner_id": "runner_1",
  "revenue_per_round": 17.0,
  "orders_per_runner_hour": 2.401412595644497,
  "on_time_rate": 0.23529411764705882,
  "delivery_cycle_time_p90": 59.72689899200882,
  "delivery_cycle_time_avg": 46.30298131860532,
  "failed_rate": 0.45,
  "second_runner_break_even_orders": 7.079166666666667,
  "queue_wait_avg": 33.63725490196079,
  "runner_utilization_driving_pct": 34.49271931099078,
  "runner_utilization_prep_pct": 0.0,
  "runner_utilization_idle_pct": 65.50728068900922,
  "distance_per_delivery_avg": 895.6840759925628,
  "zone_service_times": {
    "hole_14": 15.168271522824034,
    "hole_18": 39.10145668380563,
    "hole_12": 55.17651882731113,
    "hole_-1": 56.284216802202266,
    "hole_9": 28.126376441334166,
    "hole_10": 29.174899530601277,
    "hole_11": 53.93275291627033
  },
  "total_revenue": 510.0,
  "total_orders": 40,
  "successful_orders": 17,
  "failed_orders": 18,
  "total_rounds": 30,
  "active_runner_hours": 7.079166666666667
}