{
  "simulation_id": "delivery_dynamic_04",
  "runner_id": "runner_1",
  "revenue_per_round": 35.294117647058826,
  "orders_per_runner_hour": 2.7725438597840464,
  "on_time_rate": 0.75,
  "delivery_cycle_time_p90": 36.88671341243198,
  "delivery_cycle_time_avg": 23.00882742295126,
  "failed_rate": 0.0,
  "second_runner_break_even_orders": 7.213591925488169,
  "queue_wait_avg": 11.70701754385965,
  "runner_utilization_driving_pct": 34.3004110327304,
  "runner_utilization_prep_pct": 0.0,
  "runner_utilization_idle_pct": 65.69958896726959,
  "distance_per_delivery_avg": 634.0860141116209,
  "zone_service_times": {
    "hole_10": 22.474241152946465,
    "hole_16": 18.59368259881406,
    "hole_18": 20.28591443879862,
    "hole_9": 15.711504721666884,
    "hole_-1": 29.792735353148377,
    "hole_15": 19.386676814328126,
    "hole_17": 24.421752816949933
  },
  "total_revenue": 600.0,
  "total_orders": 20,
  "successful_orders": 20,
  "failed_orders": 0,
  "total_rounds": 17,
  "active_runner_hours": 7.213591925488169
}