{
  "simulation_id": "delivery_blocked_02",
  "runner_id": "2_runners",
  "revenue_per_round": 23.333333333333332,
  "orders_per_runner_hour": 1.4,
  "on_time_rate": 0.7142857142857143,
  "delivery_cycle_time_p90": 49.04083529713538,
  "delivery_cycle_time_avg": 25.95106349956889,
  "failed_rate": 0.125,
  "second_runner_break_even_orders": 12.5,
  "queue_wait_avg": 0.0,
  "runner_utilization_driving_pct": 20.195580306609013,
  "runner_utilization_waiting_pct": 11.1159719999868,
  "distance_per_delivery_avg": 868.037970599374,
  "zone_service_times": {
    "hole_1": 17.64703844098414,
    "hole_2": 16.84758750149437,
    "hole_5": 36.62648563103321,
    "hole_7": 40.562165257134865,
    "hole_9": 40.059893774573084,
    "hole_15": 26.492979434128422,
    "hole_16": 19.991546630051623,
    "hole_4": 27.516189297260706,
    "hole_10": 13.979072541985806,
    "hole_6": 21.820501778138592,
    "hole_14": 17.57151705749396
  },
  "total_revenue": 350.0,
  "total_orders": 16,
  "successful_orders": 14,
  "failed_orders": 2,
  "total_rounds": 15,
  "active_runner_hours": 10.0
}