{
  "simulation_id": "delivery_dynamic_02",
  "runner_id": "2_runners",
  "revenue_per_round": 28.42105263157895,
  "orders_per_runner_hour": 4.976958525345622,
  "on_time_rate": 0.5277777777777778,
  "delivery_cycle_time_p90": 59.98348007868681,
  "delivery_cycle_time_avg": 33.38624154524239,
  "failed_rate": 0.24,
  "second_runner_break_even_orders": 7.233333333333333,
  "queue_wait_avg": 19.92904761904762,
  "runner_utilization_driving_pct": 76.33474443935972,
  "runner_utilization_prep_pct": 0.0,
  "runner_utilization_idle_pct": 23.665255560640276,
  "distance_per_delivery_avg": 1347.6216036458852,
  "zone_service_times": {
    "hole_17": 19.476517144877555,
    "hole_9": 27.187932701771707,
    "hole_18": 36.05792661587097,
    "hole_10": 41.03853607053128,
    "hole_12": 32.07142387815216,
    "hole_15": 62.17683212500645,
    "hole_14": 65.4253077867915,
    "hole_11": 37.66446446115743,
    "hole_13": 53.018655566962174,
    "hole_8": 32.13484229605722,
    "hole_7": 16.72627006887184,
    "hole_16": 19.216422681463516,
    "hole_6": 29.497716025130043
  },
  "total_revenue": 1080.0,
  "total_orders": 50,
  "successful_orders": 36,
  "failed_orders": 12,
  "total_rounds": 38,
  "active_runner_hours": 7.233333333333333
}