{
  "simulation_id": "delivery_dynamic_09",
  "runner_id": "3_runners",
  "revenue_per_round": 46.875,
  "orders_per_runner_hour": 6.905877104634256,
  "on_time_rate": 0.68,
  "delivery_cycle_time_p90": 42.761255952306676,
  "delivery_cycle_time_avg": 24.96919645904622,
  "failed_rate": 0.0,
  "second_runner_break_even_orders": 7.240209931689489,
  "queue_wait_avg": 10.439455782312924,
  "runner_utilization_driving_pct": 100.0,
  "runner_utilization_prep_pct": 0.0,
  "runner_utilization_idle_pct": 0.0,
  "distance_per_delivery_avg": 1592.1460102395322,
  "zone_service_times": {
    "hole_17": 19.651207416529825,
    "hole_2": 15.399418956559643,
    "hole_16": 18.00658827590837,
    "hole_4": 26.222722869199362,
    "hole_14": 28.60282050849626,
    "hole_6": 21.939462488341995,
    "hole_10": 25.32388143133082,
    "hole_18": 27.54002906300414,
    "hole_8": 28.543883787656704,
    "hole_15": 49.194787706090665,
    "hole_-1": 38.837470156406134,
    "hole_13": 22.991028677810604,
    "hole_12": 31.70395958234024,
    "hole_1": 12.610382810490652,
    "hole_9": 12.131761205988187,
    "hole_7": 17.144861496221832
  },
  "total_revenue": 1500.0,
  "total_orders": 50,
  "successful_orders": 50,
  "failed_orders": 0,
  "total_rounds": 32,
  "active_runner_hours": 7.24020993168949
}