{
  "simulation_id": "delivery_dynamic_08",
  "runner_id": "runner_1",
  "revenue_per_round": 12.727272727272727,
  "orders_per_runner_hour": 1.9425708228945846,
  "on_time_rate": 0.14285714285714285,
  "delivery_cycle_time_p90": 64.91268714501493,
  "delivery_cycle_time_avg": 50.855887112725085,
  "failed_rate": 0.56,
  "second_runner_break_even_orders": 7.206944444444445,
  "queue_wait_avg": 36.9,
  "runner_utilization_driving_pct": 29.87672616404125,
  "runner_utilization_prep_pct": 0.0,
  "runner_utilization_idle_pct": 70.12327383595874,
  "distance_per_delivery_avg": 1329.1780698756309,
  "zone_service_times": {
    "hole_13": 38.039857264758304,
    "hole_3": 22.586814860733405,
    "hole_18": 50.05478332830211,
    "hole_17": 53.247457366721335,
    "hole_-1": 53.919952395450395,
    "hole_15": 54.81062192390352,
    "hole_14": 60.315555397569796,
    "hole_7": 64.75664393809978,
    "hole_11": 65.06873035193009
  },
  "total_revenue": 420.0,
  "total_orders": 50,
  "successful_orders": 14,
  "failed_orders": 28,
  "total_rounds": 33,
  "active_runner_hours": 7.206944444444445
}