{
  "simulation_id": "delivery_dynamic_04",
  "runner_id": "3_runners",
  "revenue_per_round": 36.0,
  "orders_per_runner_hour": 4.218989516586735,
  "on_time_rate": 1.0,
  "delivery_cycle_time_p90": 19.17798577046862,
  "delivery_cycle_time_avg": 14.842670636974974,
  "failed_rate": 0.0,
  "second_runner_break_even_orders": 7.110707405661138,
  "queue_wait_avg": 0.5318181818181819,
  "runner_utilization_driving_pct": 72.88563892687438,
  "runner_utilization_prep_pct": 0.0,
  "runner_utilization_idle_pct": 27.11436107312562,
  "distance_per_delivery_avg": 1496.09733402359,
  "zone_service_times": {
    "hole_1": 12.235426259020157,
    "hole_15": 17.658240395302343,
    "hole_14": 18.399653623301838,
    "hole_18": 12.139466095225927,
    "hole_8": 13.46817562939056,
    "hole_10": 11.442306690623475,
    "hole_13": 16.597216178908276,
    "hole_3": 19.606036393258,
    "hole_17": 15.350972805945469,
    "hole_12": 15.471953582332056,
    "hole_9": 12.251212258323216,
    "hole_16": 17.18816365917555
  },
  "total_revenue": 900.0,
  "total_orders": 30,
  "successful_orders": 30,
  "failed_orders": 0,
  "total_rounds": 25,
  "active_runner_hours": 7.110707405661138
}