{
  "simulation_id": "delivery_dynamic_01",
  "runner_id": "2_runners",
  "revenue_per_round": 40.0,
  "orders_per_runner_hour": 2.8382265437033816,
  "on_time_rate": 1.0,
  "delivery_cycle_time_p90": 15.768275893777211,
  "delivery_cycle_time_avg": 13.516293512791583,
  "failed_rate": 0.0,
  "second_runner_break_even_orders": 7.046653849520959,
  "queue_wait_avg": 0.9091666666666667,
  "runner_utilization_driving_pct": 28.49481773632217,
  "runner_utilization_prep_pct": 0.0,
  "runner_utilization_idle_pct": 71.50518226367782,
  "distance_per_delivery_avg": 1877.1313292099353,
  "zone_service_times": {
    "hole_10": 10.794957742173544,
    "hole_2": 12.473248870704023,
    "hole_8": 15.087265863959825,
    "hole_7": 14.927602031570192,
    "hole_15": 13.636528817231799,
    "hole_9": 11.236697348189075,
    "hole_6": 14.554505999670862,
    "hole_-1": 15.069448940733915,
    "hole_4": 15.845923333004247,
    "hole_18": 11.132310598064334,
    "hole_16": 13.488483428673863,
    "hole_1": 11.355294508007743,
    "hole_17": 12.291667985074492
  },
  "total_revenue": 600.0,
  "total_orders": 20,
  "successful_orders": 20,
  "failed_orders": 0,
  "total_rounds": 15,
  "active_runner_hours": 7.046653849520959
}