{
  "simulation_id": "delivery_dynamic_02",
  "runner_id": "runner_1",
  "revenue_per_round": 28.235294117647058,
  "orders_per_runner_hour": 2.2571411477890555,
  "on_time_rate": 0.5,
  "delivery_cycle_time_p90": 59.97743428707387,
  "delivery_cycle_time_avg": 34.63426566251938,
  "failed_rate": 0.2,
  "second_runner_break_even_orders": 7.0886129632045956,
  "queue_wait_avg": 20.234375,
  "runner_utilization_driving_pct": 35.86529281421111,
  "runner_utilization_prep_pct": 0.0,
  "runner_utilization_idle_pct": 64.1347071857889,
  "distance_per_delivery_avg": 1478.363262606512,
  "zone_service_times": {
    "hole_15": 13.241379113926708,
    "hole_4": 38.36429956284828,
    "hole_3": 32.292102752491395,
    "hole_-1": 32.17550795100595,
    "hole_7": 59.767160672823714,
    "hole_18": 40.772311364762,
    "hole_14": 58.63934922859735,
    "hole_16": 42.45770493769184,
    "hole_17": 20.582679361198007,
    "hole_12": 17.14120924024258
  },
  "total_revenue": 480.0,
  "total_orders": 20,
  "successful_orders": 16,
  "failed_orders": 4,
  "total_rounds": 17,
  "active_runner_hours": 7.0886129632045956
}