{
  "simulation_id": "delivery_dynamic_08",
  "runner_id": "runner_1",
  "revenue_per_round": 18.75,
  "orders_per_runner_hour": 2.8004667444574096,
  "on_time_rate": 0.15,
  "delivery_cycle_time_p90": 58.12002905934702,
  "delivery_cycle_time_avg": 40.19171436961928,
  "failed_rate": 0.425,
  "second_runner_break_even_orders": 7.141666666666667,
  "queue_wait_avg": 27.593333333333334,
  "runner_utilization_driving_pct": 26.296827640607827,
  "runner_utilization_prep_pct": 0.0,
  "runner_utilization_idle_pct": 73.70317235939217,
  "distance_per_delivery_avg": 873.0560281920785,
  "zone_service_times": {
    "hole_9": 12.260045771182527,
    "hole_15": 31.488762044014038,
    "hole_18": 40.94281712520829,
    "hole_17": 48.37768318613756,
    "hole_13": 56.92326798812883,
    "hole_16": 41.74857905098512,
    "hole_10": 31.595881612315257
  },
  "total_revenue": 600.0,
  "total_orders": 40,
  "successful_orders": 20,
  "failed_orders": 17,
  "total_rounds": 32,
  "active_runner_hours": 7.141666666666667
}