{
  "simulation_id": "delivery_dynamic_04",
  "runner_id": "2_runners",
  "revenue_per_round": 39.130434782608695,
  "orders_per_runner_hour": 4.075387115675639,
  "on_time_rate": 0.5,
  "delivery_cycle_time_p90": 55.89032671718574,
  "delivery_cycle_time_avg": 30.388119865902844,
  "failed_rate": 0.0,
  "second_runner_break_even_orders": 7.361263886958734,
  "queue_wait_avg": 18.501333333333335,
  "runner_utilization_driving_pct": 81.46801823789738,
  "runner_utilization_prep_pct": 0.0,
  "runner_utilization_idle_pct": 18.531981762102617,
  "distance_per_delivery_avg": 1670.0349416100219,
  "zone_service_times": {
    "hole_8": 34.877168585116486,
    "hole_7": 21.347107680199567,
    "hole_6": 34.728461685885144,
    "hole_3": 30.013137086301686,
    "hole_18": 27.552585603101445,
    "hole_5": 33.913816643056755,
    "hole_10": 41.27877675633584,
    "hole_11": 38.811870295644134,
    "hole_-1": 37.75328572878372,
    "hole_9": 32.87318093031683,
    "hole_16": 19.138393970323403,
    "hole_15": 15.693955257236787,
    "hole_14": 21.799004872921067,
    "hole_2": 22.67045361753929
  },
  "total_revenue": 900.0,
  "total_orders": 30,
  "successful_orders": 30,
  "failed_orders": 0,
  "total_rounds": 23,
  "active_runner_hours": 7.361263886958734
}