{
  "simulation_id": "delivery_dynamic_06",
  "runner_id": "2_runners",
  "revenue_per_round": 45.78947368421053,
  "orders_per_runner_hour": 4.037278049472178,
  "on_time_rate": 0.7931034482758621,
  "delivery_cycle_time_p90": 44.793955257236846,
  "delivery_cycle_time_avg": 22.121479623631,
  "failed_rate": 0.0,
  "second_runner_break_even_orders": 7.1830574076490405,
  "queue_wait_avg": 9.799382716049383,
  "runner_utilization_driving_pct": 72.65477501938527,
  "runner_utilization_prep_pct": 0.0,
  "runner_utilization_idle_pct": 27.34522498061473,
  "distance_per_delivery_avg": 1007.2999121607052,
  "zone_service_times": {
    "hole_8": 13.502912836163947,
    "hole_9": 20.829910131921597,
    "hole_13": 17.40628683571449,
    "hole_10": 24.302603054208923,
    "hole_11": 21.07910122411326,
    "hole_12": 28.385515247151385,
    "hole_-1": 17.847730173228168,
    "hole_15": 38.60017587547429,
    "hole_14": 21.46296904356932,
    "hole_18": 12.252543843197904
  },
  "total_revenue": 870.0,
  "total_orders": 30,
  "successful_orders": 29,
  "failed_orders": 0,
  "total_rounds": 19,
  "active_runner_hours": 7.1830574076490405
}