{
  "simulation_id": "delivery_dynamic_10",
  "runner_id": "3_runners",
  "revenue_per_round": 36.0,
  "orders_per_runner_hour": 4.40229827978526,
  "on_time_rate": 1.0,
  "delivery_cycle_time_p90": 21.870991142269105,
  "delivery_cycle_time_avg": 16.482355328660475,
  "failed_rate": 0.0,
  "second_runner_break_even_orders": 6.814622293486068,
  "queue_wait_avg": 1.9361111111111111,
  "runner_utilization_driving_pct": 80.74471729503973,
  "runner_utilization_prep_pct": 0.0,
  "runner_utilization_idle_pct": 19.255282704960266,
  "distance_per_delivery_avg": 1657.6447237632535,
  "zone_service_times": {
    "hole_11": 13.043039886431977,
    "hole_17": 16.595378626263198,
    "hole_-1": 18.239422464231453,
    "hole_15": 17.87819861204836,
    "hole_6": 18.56342022658476,
    "hole_18": 14.039136011551577,
    "hole_14": 20.499764112234153,
    "hole_9": 15.92064563627949,
    "hole_12": 17.088571289422198,
    "hole_7": 17.11986171128086,
    "hole_13": 16.412920731743238
  },
  "total_revenue": 900.0,
  "total_orders": 30,
  "successful_orders": 30,
  "failed_orders": 0,
  "total_rounds": 25,
  "active_runner_hours": 6.814622293486067
}