{
  "simulation_id": "delivery_dynamic_06",
  "runner_id": "2_runners",
  "revenue_per_round": 42.857142857142854,
  "orders_per_runner_hour": 2.8543393418234313,
  "on_time_rate": 0.95,
  "delivery_cycle_time_p90": 21.562998648452616,
  "delivery_cycle_time_avg": 17.213028988320666,
  "failed_rate": 0.0,
  "second_runner_break_even_orders": 7.006875358843439,
  "queue_wait_avg": 2.356666666666667,
  "runner_utilization_driving_pct": 53.6561674261783,
  "runner_utilization_prep_pct": 0.0,
  "runner_utilization_idle_pct": 46.3438325738217,
  "distance_per_delivery_avg": 1829.697740075744,
  "zone_service_times": {
    "hole_16": 19.045267661805003,
    "hole_18": 14.196768368251732,
    "hole_6": 17.66127474595293,
    "hole_13": 16.814845716023683,
    "hole_8": 14.523328752433736,
    "hole_11": 13.65900318967809,
    "hole_15": 22.46078172628428,
    "hole_12": 15.134221445822126,
    "hole_9": 19.81485804996943,
    "hole_17": 15.850235013028577,
    "hole_14": 16.61107097681379
  },
  "total_revenue": 600.0,
  "total_orders": 20,
  "successful_orders": 20,
  "failed_orders": 0,
  "total_rounds": 14,
  "active_runner_hours": 7.0068753588434385
}