{
  "simulation_id": "delivery_dynamic_04",
  "runner_id": "runner_1",
  "revenue_per_round": 28.235294117647058,
  "orders_per_runner_hour": 2.2403733955659275,
  "on_time_rate": 0.5625,
  "delivery_cycle_time_p90": 58.51824914281864,
  "delivery_cycle_time_avg": 31.49861154368786,
  "failed_rate": 0.15,
  "second_runner_break_even_orders": 7.141666666666667,
  "queue_wait_avg": 16.529166666666665,
  "runner_utilization_driving_pct": 42.72638193786877,
  "runner_utilization_prep_pct": 0.0,
  "runner_utilization_idle_pct": 57.27361806213123,
  "distance_per_delivery_avg": 1669.7334786791212,
  "zone_service_times": {
    "hole_13": 15.09624441111476,
    "hole_18": 16.943401572772473,
    "hole_15": 19.13813243121163,
    "hole_6": 26.5845919870056,
    "hole_-1": 44.48326733947885,
    "hole_7": 46.56537401222968,
    "hole_12": 57.25634637167774,
    "hole_9": 21.930726810388176,
    "hole_2": 25.87045361753929
  },
  "total_revenue": 480.0,
  "total_orders": 20,
  "successful_orders": 16,
  "failed_orders": 3,
  "total_rounds": 17,
  "active_runner_hours": 7.141666666666667
}