{
  "simulation_id": "delivery_dynamic_10",
  "runner_id": "2_runners",
  "revenue_per_round": 35.294117647058826,
  "orders_per_runner_hour": 2.9092736714940037,
  "on_time_rate": 0.95,
  "delivery_cycle_time_p90": 23.836583801633996,
  "delivery_cycle_time_avg": 17.534660003766884,
  "failed_rate": 0.0,
  "second_runner_break_even_orders": 6.874568108172983,
  "queue_wait_avg": 3.046875,
  "runner_utilization_driving_pct": 53.86551606281704,
  "runner_utilization_prep_pct": 0.0,
  "runner_utilization_idle_pct": 46.13448393718296,
  "distance_per_delivery_avg": 1712.6457612656727,
  "zone_service_times": {
    "hole_6": 18.362457761495474,
    "hole_18": 10.579139261031235,
    "hole_14": 17.022313167467868,
    "hole_8": 16.104080507681324,
    "hole_-1": 20.03775564420151,
    "hole_15": 18.840459313301473,
    "hole_13": 20.19740246053243,
    "hole_10": 16.92348332885934,
    "hole_17": 21.580418974915908,
    "hole_9": 19.617777913990963
  },
  "total_revenue": 600.0,
  "total_orders": 20,
  "successful_orders": 20,
  "failed_orders": 0,
  "total_rounds": 17,
  "active_runner_hours": 6.874568108172983
}