{
  "simulation_id": "delivery_dynamic_04",
  "runner_id": "3_runners",
  "revenue_per_round": 39.130434782608695,
  "orders_per_runner_hour": 4.0579362588079855,
  "on_time_rate": 0.9,
  "delivery_cycle_time_p90": 29.329738331688294,
  "delivery_cycle_time_avg": 16.597445877566614,
  "failed_rate": 0.0,
  "second_runner_break_even_orders": 7.392920461696081,
  "queue_wait_avg": 1.8858024691358024,
  "runner_utilization_driving_pct": 80.64494431486354,
  "runner_utilization_prep_pct": 0.0,
  "runner_utilization_idle_pct": 19.355055685136463,
  "distance_per_delivery_avg": 1646.4751481957144,
  "zone_service_times": {
    "hole_10": 11.13915407893084,
    "hole_8": 13.471153257736526,
    "hole_18": 11.965278916832935,
    "hole_5": 28.43061776121135,
    "hole_9": 11.968426240527272,
    "hole_15": 12.871232597177064,
    "hole_-1": 13.15021463812033,
    "hole_7": 19.39169504402275,
    "hole_4": 25.98491597611322,
    "hole_6": 18.98941926473302,
    "hole_14": 14.946360316595989
  },
  "total_revenue": 900.0,
  "total_orders": 30,
  "successful_orders": 30,
  "failed_orders": 0,
  "total_rounds": 23,
  "active_runner_hours": 7.392920461696081
}