{
  "simulation_id": "delivery_blocked_02",
  "runner_id": "3_runners",
  "revenue_per_round": 26.666666666666668,
  "orders_per_runner_hour": 1.6,
  "on_time_rate": 0.75,
  "delivery_cycle_time_p90": 47.79497600768252,
  "delivery_cycle_time_avg": 25.072358120955165,
  "failed_rate": 0.0,
  "second_runner_break_even_orders": 12.5,
  "queue_wait_avg": 0.0,
  "runner_utilization_driving_pct": 16.87561291624923,
  "runner_utilization_waiting_pct": 11.291186094486138,
  "distance_per_delivery_avg": 885.6914985969413,
  "zone_service_times": {
    "hole_1": 17.64703844098414,
    "hole_2": 16.84758750149437,
    "hole_5": 19.98431889530663,
    "hole_7": 33.440077824700346,
    "hole_9": 28.616528077666953,
    "hole_8": 43.860970939765444,
    "hole_12": 56.974321166155704,
    "hole_15": 18.322246632813645,
    "hole_16": 19.991546630051623,
    "hole_4": 27.516189297260706,
    "hole_10": 13.979072541985806,
    "hole_6": 21.820501778138592,
    "hole_14": 17.57151705749396
  },
  "total_revenue": 400.0,
  "total_orders": 16,
  "successful_orders": 16,
  "failed_orders": 0,
  "total_rounds": 15,
  "active_runner_hours": 10.0
}