{
  "simulation_id": "delivery_dynamic_03",
  "runner_id": "runner_1",
  "revenue_per_round": 25.90909090909091,
  "orders_per_runner_hour": 2.5963180869235147,
  "on_time_rate": 0.2631578947368421,
  "delivery_cycle_time_p90": 50.51966917837126,
  "delivery_cycle_time_avg": 35.81734993274527,
  "failed_rate": 0.3,
  "second_runner_break_even_orders": 7.3180555555555555,
  "queue_wait_avg": 24.40277777777778,
  "runner_utilization_driving_pct": 34.45351650533161,
  "runner_utilization_prep_pct": 0.0,
  "runner_utilization_idle_pct": 65.5464834946684,
  "distance_per_delivery_avg": 906.8401037182037,
  "zone_service_times": {
    "hole_7": 24.93556578254684,
    "hole_18": 38.8472439116637,
    "hole_10": 34.48351848997396,
    "hole_14": 61.91056605270054,
    "hole_8": 21.036937467823705,
    "hole_17": 25.411126803079483,
    "hole_12": 48.18719869074388
  },
  "total_revenue": 570.0,
  "total_orders": 30,
  "successful_orders": 19,
  "failed_orders": 9,
  "total_rounds": 22,
  "active_runner_hours": 7.3180555555555555
}