{
  "simulation_id": "delivery_dynamic_09",
  "runner_id": "2_runners",
  "revenue_per_round": 33.46153846153846,
  "orders_per_runner_hour": 4.087137991762593,
  "on_time_rate": 0.896551724137931,
  "delivery_cycle_time_p90": 30.47116126189594,
  "delivery_cycle_time_avg": 20.68987168905364,
  "failed_rate": 0.0,
  "second_runner_break_even_orders": 7.09542962788336,
  "queue_wait_avg": 6.458974358974359,
  "runner_utilization_driving_pct": 71.1225975130117,
  "runner_utilization_prep_pct": 0.0,
  "runner_utilization_idle_pct": 28.877402486988302,
  "distance_per_delivery_avg": 1646.086542694435,
  "zone_service_times": {
    "hole_-1": 20.054422310868176,
    "hole_9": 12.687451386552993,
    "hole_18": 27.274936268512423,
    "hole_17": 20.131070716506184,
    "hole_11": 21.47620920912551,
    "hole_8": 27.221403424888013,
    "hole_6": 19.501565887093783,
    "hole_16": 21.10454160646179,
    "hole_7": 16.86841789882895,
    "hole_10": 20.58068393758164
  },
  "total_revenue": 870.0,
  "total_orders": 30,
  "successful_orders": 29,
  "failed_orders": 0,
  "total_rounds": 26,
  "active_runner_hours": 7.09542962788336
}