{
  "variantKey": "front_mid_back",
  "blockedHoles": [
    1,
    2,
    3,
    4,
    5,
    6,
    10,
    11,
    12
  ],
  "deliveryMetrics": {
    "totalOrders": 50,
    "successfulDeliveries": 50,
    "failedDeliveries": 0,
    "avgOrderTime": 16.96814066251127,
    "onTimePercentage": 94.0,
    "revenue": 1500.0,
    "ordersPerRunnerHour": 5.0,
    "lateOrders": 3,
    "runnerUtilizationPct": 21.994702898510127,
    "totalRunnerDriveMinutes": 395.9046521731823,
    "totalRunnerShiftMinutes": 1800.0,
    "runnerUtilizationByRunner": {
      "runner_2": {
        "driveMinutes": 136.98411368920975,
        "utilizationPct": 22.830685614868294,
        "shiftMinutes": 600.0
      },
      "runner_1": {
        "driveMinutes": 162.52570244742338,
        "utilizationPct": 27.087617074570563,
        "shiftMinutes": 600.0
      },
      "runner_3": {
        "driveMinutes": 96.3948360365495,
        "utilizationPct": 16.065806006091584,
        "shiftMinutes": 600.0
      }
    }
  },
  "bevCartMetrics": null,
  "hasRunners": true,
  "hasBevCart": false
}