{
  "simulation_id": "delivery_dynamic_01",
  "runner_id": "runner_1",
  "revenue_per_round": 24.782608695652176,
  "orders_per_runner_hour": 2.6750097770825185,
  "on_time_rate": 0.15789473684210525,
  "delivery_cycle_time_p90": 61.36436384816958,
  "delivery_cycle_time_avg": 43.787816717166486,
  "failed_rate": 0.26666666666666666,
  "second_runner_break_even_orders": 7.102777777777778,
  "queue_wait_avg": 31.24824561403509,
  "runner_utilization_driving_pct": 36.74271043242001,
  "runner_utilization_prep_pct": 0.0,
  "runner_utilization_idle_pct": 63.25728956757999,
  "distance_per_delivery_avg": 853.2958906521495,
  "zone_service_times": {
    "hole_11": 38.542869331501606,
    "hole_18": 43.223405184789314,
    "hole_-1": 39.201896839894836,
    "hole_16": 38.20069376147737,
    "hole_14": 59.805899904124026,
    "hole_15": 53.512511047831566,
    "hole_10": 37.708311002498604
  },
  "total_revenue": 570.0,
  "total_orders": 30,
  "successful_orders": 19,
  "failed_orders": 8,
  "total_rounds": 23,
  "active_runner_hours": 7.102777777777778
}