{
  "simulation_id": "delivery_dynamic_05",
  "runner_id": "runner_1",
  "revenue_per_round": 35.294117647058826,
  "orders_per_runner_hour": 2.8437121829706604,
  "on_time_rate": 0.75,
  "delivery_cycle_time_p90": 50.267346064967434,
  "delivery_cycle_time_avg": 24.98991879047236,
  "failed_rate": 0.0,
  "second_runner_break_even_orders": 7.0330605606883765,
  "queue_wait_avg": 13.809649122807018,
  "runner_utilization_driving_pct": 25.323135401832133,
  "runner_utilization_prep_pct": 0.0,
  "runner_utilization_idle_pct": 74.67686459816787,
  "distance_per_delivery_avg": 1346.9415291401012,
  "zone_service_times": {
    "hole_13": 17.93300758958861,
    "hole_10": 26.937235881728192,
    "hole_8": 12.562082072805879,
    "hole_14": 17.68103025590229,
    "hole_12": 21.744319332840224,
    "hole_9": 51.02620087091085,
    "hole_15": 51.5258551766301,
    "hole_18": 26.467751164443428,
    "hole_6": 13.780559792879892,
    "hole_17": 29.53544856478111
  },
  "total_revenue": 600.0,
  "total_orders": 20,
  "successful_orders": 20,
  "failed_orders": 0,
  "total_rounds": 17,
  "active_runner_hours": 7.0330605606883765
}