{
  "simulation_id": "delivery_dynamic_01",
  "runner_id": "runner_1",
  "revenue_per_round": 17.8125,
  "orders_per_runner_hour": 2.668747561451424,
  "on_time_rate": 0.10526315789473684,
  "delivery_cycle_time_p90": 59.88633584503792,
  "delivery_cycle_time_avg": 46.363804215161764,
  "failed_rate": 0.4,
  "second_runner_break_even_orders": 7.1194444444444445,
  "queue_wait_avg": 32.97456140350877,
  "runner_utilization_driving_pct": 29.84569290284314,
  "runner_utilization_prep_pct": 0.0,
  "runner_utilization_idle_pct": 70.15430709715686,
  "distance_per_delivery_avg": 1138.7855847154085,
  "zone_service_times": {
    "hole_17": 26.05908584401663,
    "hole_18": 49.28962603694024,
    "hole_4": 41.41512123473646,
    "hole_14": 57.51915184809047,
    "hole_13": 48.823267988128826,
    "hole_6": 51.75976090302077,
    "hole_8": 52.80230836455424
  },
  "total_revenue": 570.0,
  "total_orders": 40,
  "successful_orders": 19,
  "failed_orders": 16,
  "total_rounds": 32,
  "active_runner_hours": 7.1194444444444445
}