{
  "simulation_id": "delivery_dynamic_01",
  "runner_id": "3_runners",
  "revenue_per_round": 40.0,
  "orders_per_runner_hour": 5.4647926128321185,
  "on_time_rate": 0.95,
  "delivery_cycle_time_p90": 27.406947575484644,
  "delivery_cycle_time_avg": 18.681706773838645,
  "failed_rate": 0.0,
  "second_runner_break_even_orders": 7.319582431376124,
  "queue_wait_avg": 5.072222222222222,
  "runner_utilization_driving_pct": 93.27645992165824,
  "runner_utilization_prep_pct": 0.0,
  "runner_utilization_idle_pct": 6.723540078341756,
  "distance_per_delivery_avg": 1511.033476009785,
  "zone_service_times": {
    "hole_8": 18.25722267245097,
    "hole_17": 17.847941120049793,
    "hole_6": 23.134370499999385,
    "hole_16": 23.4964970000983,
    "hole_-1": 16.374422617594732,
    "hole_7": 16.91056572878606,
    "hole_2": 14.352671976795865,
    "hole_18": 18.62757379695212,
    "hole_10": 15.414140747910945,
    "hole_11": 13.493275103404327,
    "hole_3": 17.379592747172925,
    "hole_1": 12.577049477157319,
    "hole_4": 31.239231596853156
  },
  "total_revenue": 1200.0,
  "total_orders": 40,
  "successful_orders": 40,
  "failed_orders": 0,
  "total_rounds": 30,
  "active_runner_hours": 7.319582431376124
}