{
  "simulation_id": "delivery_dynamic_01",
  "runner_id": "runner_1",
  "revenue_per_round": 21.724137931034484,
  "orders_per_runner_hour": 2.953701894901348,
  "on_time_rate": 0.3333333333333333,
  "delivery_cycle_time_p90": 59.59966917837126,
  "delivery_cycle_time_avg": 42.35033366907576,
  "failed_rate": 0.4,
  "second_runner_break_even_orders": 7.1097222222222225,
  "queue_wait_avg": 30.183333333333334,
  "runner_utilization_driving_pct": 31.0400708627512,
  "runner_utilization_prep_pct": 0.0,
  "runner_utilization_idle_pct": 68.95992913724879,
  "distance_per_delivery_avg": 728.1121128094577,
  "zone_service_times": {
    "hole_6": 18.027390032361595,
    "hole_11": 27.94137419283343,
    "hole_18": 45.29447274277545,
    "hole_8": 42.78645619380595,
    "hole_13": 64.46388284557494,
    "hole_17": 35.2153647227649,
    "hole_10": 39.69352261668694
  },
  "total_revenue": 630.0,
  "total_orders": 40,
  "successful_orders": 21,
  "failed_orders": 16,
  "total_rounds": 29,
  "active_runner_hours": 7.1097222222222225
}