{
  "simulation_id": "delivery_dynamic_08",
  "runner_id": "runner_1",
  "revenue_per_round": 31.764705882352942,
  "orders_per_runner_hour": 2.510265098888809,
  "on_time_rate": 0.3333333333333333,
  "delivery_cycle_time_p90": 56.47383176302428,
  "delivery_cycle_time_avg": 35.77795823449413,
  "failed_rate": 0.1,
  "second_runner_break_even_orders": 7.17055740764904,
  "queue_wait_avg": 22.898039215686275,
  "runner_utilization_driving_pct": 39.50754618950683,
  "runner_utilization_prep_pct": 0.0,
  "runner_utilization_idle_pct": 60.49245381049317,
  "distance_per_delivery_avg": 1395.0828556789154,
  "zone_service_times": {
    "hole_4": 22.197834492925963,
    "hole_5": 44.95432588217366,
    "hole_-1": 39.777730173228164,
    "hole_15": 30.14783882221129,
    "hole_3": 41.505643450032764,
    "hole_18": 25.787684201673514,
    "hole_7": 54.29262156816451,
    "hole_10": 52.70946576837978,
    "hole_6": 35.860452919748845
  },
  "total_revenue": 540.0,
  "total_orders": 20,
  "successful_orders": 18,
  "failed_orders": 2,
  "total_rounds": 17,
  "active_runner_hours": 7.17055740764904
}