{
  "simulation_id": "delivery_blocked_01",
  "runner_id": "3_runners",
  "revenue_per_round": 24.107142857142858,
  "orders_per_runner_hour": 2.7,
  "on_time_rate": 0.7037037037037037,
  "delivery_cycle_time_p90": 47.86846774937036,
  "delivery_cycle_time_avg": 27.63832017124109,
  "failed_rate": 0.22857142857142856,
  "second_runner_break_even_orders": 12.5,
  "queue_wait_avg": 0.0,
  "runner_utilization_driving_pct": 27.055305535760866,
  "runner_utilization_waiting_pct": 21.39413533422411,
  "distance_per_delivery_avg": 883.0017849864694,
  "zone_service_times": {
    "hole_5": 37.823486416512665,
    "hole_4": 24.262165107274466,
    "hole_10": 35.558130559027575,
    "hole_7": 45.097672404270845,
    "hole_17": 42.93233297192425,
    "hole_15": 26.985288747532003,
    "hole_9": 27.57042577682408,
    "hole_18": 16.818166720570222,
    "hole_8": 21.705583142945517,
    "hole_13": 24.895430792743902,
    "hole_16": 15.459946210988225
  },
  "total_revenue": 675.0,
  "total_orders": 35,
  "successful_orders": 27,
  "failed_orders": 8,
  "total_rounds": 28,
  "active_runner_hours": 10.0
}