{
  "simulation_id": "delivery_dynamic_06",
  "runner_id": "runner_1",
  "revenue_per_round": 21.818181818181817,
  "orders_per_runner_hour": 2.265041289815179,
  "on_time_rate": 0.125,
  "delivery_cycle_time_p90": 62.521472990358326,
  "delivery_cycle_time_avg": 47.238068993408284,
  "failed_rate": 0.36666666666666664,
  "second_runner_break_even_orders": 7.063888888888889,
  "queue_wait_avg": 33.93222222222222,
  "runner_utilization_driving_pct": 40.99029472260192,
  "runner_utilization_prep_pct": 0.0,
  "runner_utilization_idle_pct": 59.00970527739808,
  "distance_per_delivery_avg": 1823.3411817851834,
  "zone_service_times": {
    "hole_4": 18.419835713580564,
    "hole_17": 49.39464537007299,
    "hole_16": 51.35627401382492,
    "hole_18": 45.09220763569456,
    "hole_12": 42.599296621179064,
    "hole_6": 60.8264275696875,
    "hole_15": 60.88395010203488,
    "hole_13": 47.83151187828207,
    "hole_14": 65.12627012961917
  },
  "total_revenue": 480.0,
  "total_orders": 30,
  "successful_orders": 16,
  "failed_orders": 11,
  "total_rounds": 22,
  "active_runner_hours": 7.063888888888889
}