{
  "simulation_id": "delivery_dynamic_10",
  "runner_id": "runner_1",
  "revenue_per_round": 12.857142857142858,
  "orders_per_runner_hour": 2.0547945205479454,
  "on_time_rate": 0.06666666666666667,
  "delivery_cycle_time_p90": 62.1416052742883,
  "delivery_cycle_time_avg": 49.56404514091867,
  "failed_rate": 0.58,
  "second_runner_break_even_orders": 7.3,
  "queue_wait_avg": 36.76777777777778,
  "runner_utilization_driving_pct": 42.19204413339185,
  "runner_utilization_prep_pct": 0.0,
  "runner_utilization_idle_pct": 57.80795586660815,
  "distance_per_delivery_avg": 939.5458340153411,
  "zone_service_times": {
    "hole_14": 15.118271522824035,
    "hole_16": 33.93049798438194,
    "hole_10": 53.05928982150337,
    "hole_9": 58.04702148300781,
    "hole_8": 52.03032661614383,
    "hole_12": 56.43006352955605,
    "hole_7": 53.95264198182595,
    "hole_-1": 46.54773017322817
  },
  "total_revenue": 450.0,
  "total_orders": 50,
  "successful_orders": 15,
  "failed_orders": 29,
  "total_rounds": 35,
  "active_runner_hours": 7.3
}