{
  "variantKey": "back",
  "blockedHoles": [
    10,
    11,
    12
  ],
  "deliveryMetrics": {
    "totalOrders": 30,
    "successfulDeliveries": 30,
    "failedDeliveries": 0,
    "avgOrderTime": 17.00039243320847,
    "onTimePercentage": 96.66666666666667,
    "revenue": 900.0,
    "ordersPerRunnerHour": 3.0,
    "lateOrders": 1,
    "runnerUtilizationPct": 19.47922548391888,
    "totalRunnerDriveMinutes": 350.6260587105399,
    "totalRunnerShiftMinutes": 1800.0,
    "runnerUtilizationByRunner": {
      "runner_1": {
        "driveMinutes": 160.41989385942537,
        "utilizationPct": 26.736648976570894,
        "shiftMinutes": 600.0
      },
      "runner_2": {
        "driveMinutes": 121.24104516222754,
        "utilizationPct": 20.206840860371255,
        "shiftMinutes": 600.0
      },
      "runner_3": {
        "driveMinutes": 68.96511968888692,
        "utilizationPct": 11.494186614814486,
        "shiftMinutes": 600.0
      }
    }
  },
  "bevCartMetrics": null,
  "hasRunners": true,
  "hasBevCart": false
}