{
  "variantKey": "back",
  "blockedHoles": [
    10,
    11,
    12
  ],
  "deliveryMetrics": {
    "totalOrders": 40,
    "successfulDeliveries": 40,
    "failedDeliveries": 0,
    "avgOrderTime": 15.92260779995063,
    "onTimePercentage": 100.0,
    "revenue": 1200.0,
    "ordersPerRunnerHour": 4.0,
    "lateOrders": 0,
    "runnerUtilizationPct": 24.210557015763303,
    "totalRunnerDriveMinutes": 435.79002628373945,
    "totalRunnerShiftMinutes": 1800.0,
    "runnerUtilizationByRunner": {
      "runner_1": {
        "driveMinutes": 178.83282485496164,
        "utilizationPct": 29.805470809160273,
        "shiftMinutes": 600.0
      },
      "runner_2": {
        "driveMinutes": 150.16107541341813,
        "utilizationPct": 25.026845902236357,
        "shiftMinutes": 600.0
      },
      "runner_3": {
        "driveMinutes": 106.79612601535963,
        "utilizationPct": 17.799354335893273,
        "shiftMinutes": 600.0
      }
    }
  },
  "bevCartMetrics": null,
  "hasRunners": true,
  "hasBevCart": false
}