{
  "simulation_id": "delivery_dynamic_10",
  "runner_id": "runner_1",
  "revenue_per_round": 12.352941176470589,
  "orders_per_runner_hour": 1.9127134724857684,
  "on_time_rate": 0.07142857142857142,
  "delivery_cycle_time_p90": 60.39877022494384,
  "delivery_cycle_time_avg": 50.06362328176218,
  "failed_rate": 0.58,
  "second_runner_break_even_orders": 7.319444444444445,
  "queue_wait_avg": 36.786904761904765,
  "runner_utilization_driving_pct": 33.48718075183608,
  "runner_utilization_prep_pct": 0.0,
  "runner_utilization_idle_pct": 66.51281924816392,
  "distance_per_delivery_avg": 1100.9774226720913,
  "zone_service_times": {
    "hole_15": 12.723058074421836,
    "hole_10": 46.225310464671594,
    "hole_7": 56.05975890904653,
    "hole_-1": 51.81439683989483,
    "hole_16": 56.504175778221665,
    "hole_17": 53.35130882799664,
    "hole_13": 58.2462444111147,
    "hole_12": 54.247789344754224,
    "hole_9": 59.135092907194
  },
  "total_revenue": 420.0,
  "total_orders": 50,
  "successful_orders": 14,
  "failed_orders": 29,
  "total_rounds": 34,
  "active_runner_hours": 7.319444444444445
}