{
  "simulation_id": "delivery_dynamic_01",
  "runner_id": "runner_1",
  "revenue_per_round": 33.529411764705884,
  "orders_per_runner_hour": 2.6929133858267718,
  "on_time_rate": 0.631578947368421,
  "delivery_cycle_time_p90": 40.676834832222205,
  "delivery_cycle_time_avg": 23.051486492325907,
  "failed_rate": 0.0,
  "second_runner_break_even_orders": 7.055555555555555,
  "queue_wait_avg": 11.690740740740742,
  "runner_utilization_driving_pct": 19.630031238523106,
  "runner_utilization_prep_pct": 0.0,
  "runner_utilization_idle_pct": 80.3699687614769,
  "distance_per_delivery_avg": 1422.7544850009645,
  "zone_service_times": {
    "hole_2": 12.05292979487793,
    "hole_10": 16.966761118879123,
    "hole_17": 25.403312991832838,
    "hole_12": 34.87243473950711,
    "hole_18": 16.93911064442127,
    "hole_4": 31.92773812584246,
    "hole_6": 33.593827739987866
  },
  "total_revenue": 570.0,
  "total_orders": 20,
  "successful_orders": 19,
  "failed_orders": 0,
  "total_rounds": 17,
  "active_runner_hours": 7.055555555555555
}