{
  "simulation_id": "delivery_dynamic_05",
  "runner_id": "2_runners",
  "revenue_per_round": 26.05263157894737,
  "orders_per_runner_hour": 4.51539338654504,
  "on_time_rate": 0.2727272727272727,
  "delivery_cycle_time_p90": 60.72616258473467,
  "delivery_cycle_time_avg": 41.10691307870419,
  "failed_rate": 0.24,
  "second_runner_break_even_orders": 7.308333333333334,
  "queue_wait_avg": 27.195833333333333,
  "runner_utilization_driving_pct": 86.94674228747358,
  "runner_utilization_prep_pct": 0.0,
  "runner_utilization_idle_pct": 13.053257712526417,
  "distance_per_delivery_avg": 1591.0258247476365,
  "zone_service_times": {
    "hole_12": 40.448852350293635,
    "hole_2": 22.33976475683782,
    "hole_17": 33.98137211052029,
    "hole_5": 51.52610944241891,
    "hole_8": 46.30518908626882,
    "hole_-1": 45.35439683989483,
    "hole_6": 59.59586239209481,
    "hole_7": 31.582923315529257,
    "hole_14": 40.78699731968524,
    "hole_10": 44.79438251077251,
    "hole_16": 60.610349256449624,
    "hole_18": 11.077858553223754,
    "hole_4": 27.783976451952
  },
  "total_revenue": 990.0,
  "total_orders": 50,
  "successful_orders": 33,
  "failed_orders": 12,
  "total_rounds": 38,
  "active_runner_hours": 7.308333333333334
}