{
  "variantKey": "back",
  "blockedHoles": [
    10,
    11,
    12
  ],
  "deliveryMetrics": {
    "totalOrders": 50,
    "successfulDeliveries": 47,
    "failedDeliveries": 3,
    "avgOrderTime": 35.32682443814222,
    "onTimePercentage": 46.808510638297875,
    "revenue": 1410.0,
    "ordersPerRunnerHour": 4.7,
    "lateOrders": 25,
    "runnerUtilizationPct": 30.698083916524794,
    "totalRunnerDriveMinutes": 552.5655104974463,
    "totalRunnerShiftMinutes": 1800.0,
    "runnerUtilizationByRunner": {
      "runner_1": {
        "driveMinutes": 195.79130479296288,
        "utilizationPct": 32.63188413216048,
        "shiftMinutes": 600.0
      },
      "runner_2": {
        "driveMinutes": 181.5026289108225,
        "utilizationPct": 30.25043815180375,
        "shiftMinutes": 600.0
      },
      "runner_3": {
        "driveMinutes": 175.2715767936608,
        "utilizationPct": 29.211929465610137,
        "shiftMinutes": 600.0
      }
    }
  },
  "bevCartMetrics": null,
  "hasRunners": true,
  "hasBevCart": false
}