{
  "variantKey": "front_back",
  "blockedHoles": [
    1,
    2,
    3,
    10,
    11,
    12
  ],
  "deliveryMetrics": {
    "totalOrders": 50,
    "successfulDeliveries": 50,
    "failedDeliveries": 0,
    "avgOrderTime": 24.97552351682259,
    "onTimePercentage": 70.0,
    "revenue": 1500.0,
    "ordersPerRunnerHour": 5.0,
    "lateOrders": 15,
    "runnerUtilizationPct": 28.32116320810507,
    "totalRunnerDriveMinutes": 509.78093774589126,
    "totalRunnerShiftMinutes": 1800.0,
    "runnerUtilizationByRunner": {
      "runner_1": {
        "driveMinutes": 194.2754086937001,
        "utilizationPct": 32.37923478228335,
        "shiftMinutes": 600.0
      },
      "runner_2": {
        "driveMinutes": 154.09477540649505,
        "utilizationPct": 25.682462567749177,
        "shiftMinutes": 600.0
      },
      "runner_3": {
        "driveMinutes": 161.41075364569633,
        "utilizationPct": 26.90179227428272,
        "shiftMinutes": 600.0
      }
    }
  },
  "bevCartMetrics": null,
  "hasRunners": true,
  "hasBevCart": false
}