{
  "simulation_id": "delivery_dynamic_07",
  "runner_id": "3_runners",
  "revenue_per_round": 40.0,
  "orders_per_runner_hour": 2.800063406134835,
  "on_time_rate": 1.0,
  "delivery_cycle_time_p90": 20.184920958324398,
  "delivery_cycle_time_avg": 16.255795303559875,
  "failed_rate": 0.0,
  "second_runner_break_even_orders": 7.142695396175939,
  "queue_wait_avg": 0.04888888888888889,
  "runner_utilization_driving_pct": 59.57950501126567,
  "runner_utilization_prep_pct": 0.0,
  "runner_utilization_idle_pct": 40.42049498873433,
  "distance_per_delivery_avg": 2089.627221996119,
  "zone_service_times": {
    "hole_9": 12.092821496523175,
    "hole_-1": 20.437470255867932,
    "hole_10": 11.610623733228993,
    "hole_7": 16.567051783854794,
    "hole_4": 18.93153534622735,
    "hole_18": 12.20160780946056,
    "hole_8": 14.67123595280021,
    "hole_3": 17.73151757505378,
    "hole_17": 14.728796062049394,
    "hole_15": 17.934684264140195,
    "hole_2": 15.667508414011838
  },
  "total_revenue": 600.0,
  "total_orders": 20,
  "successful_orders": 20,
  "failed_orders": 0,
  "total_rounds": 15,
  "active_runner_hours": 7.142695396175938
}