{
  "simulation_id": "delivery_dynamic_08",
  "runner_id": "runner_1",
  "revenue_per_round": 21.25,
  "orders_per_runner_hour": 2.328767123287671,
  "on_time_rate": 0.11764705882352941,
  "delivery_cycle_time_p90": 63.46610082742169,
  "delivery_cycle_time_avg": 45.97531379151476,
  "failed_rate": 0.3333333333333333,
  "second_runner_break_even_orders": 7.3,
  "queue_wait_avg": 30.754901960784313,
  "runner_utilization_driving_pct": 49.61607983877766,
  "runner_utilization_prep_pct": 0.0,
  "runner_utilization_idle_pct": 50.38392016122234,
  "distance_per_delivery_avg": 1754.0583751254294,
  "zone_service_times": {
    "hole_16": 24.593387666753582,
    "hole_7": 34.08031817082514,
    "hole_6": 60.293786293664596,
    "hole_-1": 47.5810635065615,
    "hole_8": 63.38746404970801,
    "hole_11": 48.00506576300947,
    "hole_12": 50.186381533763026,
    "hole_5": 63.7806479382764,
    "hole_18": 45.665757259803044,
    "hole_9": 54.2490694156073
  },
  "total_revenue": 510.0,
  "total_orders": 30,
  "successful_orders": 17,
  "failed_orders": 10,
  "total_rounds": 24,
  "active_runner_hours": 7.3
}