{
  "simulation_id": "delivery_dynamic_03",
  "runner_id": "runner_1",
  "revenue_per_round": 38.0,
  "orders_per_runner_hour": 2.670310365020496,
  "on_time_rate": 1.0,
  "delivery_cycle_time_p90": 25.781220783857798,
  "delivery_cycle_time_avg": 16.575368510841557,
  "failed_rate": 0.0,
  "second_runner_break_even_orders": 7.115277777777778,
  "queue_wait_avg": 5.39375,
  "runner_utilization_driving_pct": 20.500696606256902,
  "runner_utilization_prep_pct": 0.0,
  "runner_utilization_idle_pct": 79.4993033937431,
  "distance_per_delivery_avg": 1463.9495383322374,
  "zone_service_times": {
    "hole_6": 19.300862624739104,
    "hole_14": 19.39871348170515,
    "hole_18": 18.997436659114072,
    "hole_17": 16.472361036205392,
    "hole_16": 15.059892446015269,
    "hole_8": 12.59097027846498,
    "hole_10": 14.18141025829318,
    "hole_13": 17.20641596968829
  },
  "total_revenue": 570.0,
  "total_orders": 20,
  "successful_orders": 19,
  "failed_orders": 0,
  "total_rounds": 15,
  "active_runner_hours": 7.115277777777778
}