{
  "simulation_id": "delivery_dynamic_03",
  "runner_id": "2_runners",
  "revenue_per_round": 33.333333333333336,
  "orders_per_runner_hour": 2.7921499375434835,
  "on_time_rate": 1.0,
  "delivery_cycle_time_p90": 17.936604758568414,
  "delivery_cycle_time_avg": 14.236516666868097,
  "failed_rate": 0.0,
  "second_runner_break_even_orders": 7.162939114077762,
  "queue_wait_avg": 1.2010416666666668,
  "runner_utilization_driving_pct": 46.26755322016313,
  "runner_utilization_prep_pct": 0.0,
  "runner_utilization_idle_pct": 53.73244677983687,
  "distance_per_delivery_avg": 1100.6296000676823,
  "zone_service_times": {
    "hole_10": 12.680960181656792,
    "hole_8": 13.587547731575599,
    "hole_16": 15.929058001083305,
    "hole_9": 12.329493533285312,
    "hole_18": 14.27744498000211,
    "hole_-1": 11.88004251157945,
    "hole_11": 15.057427878612847,
    "hole_7": 15.63234685049275,
    "hole_17": 14.236166851246374
  },
  "total_revenue": 600.0,
  "total_orders": 20,
  "successful_orders": 20,
  "failed_orders": 0,
  "total_rounds": 18,
  "active_runner_hours": 7.162939114077762
}