{
  "simulation_id": "delivery_dynamic_07",
  "runner_id": "runner_1",
  "revenue_per_round": 12.580645161290322,
  "orders_per_runner_hour": 1.8414322250639388,
  "on_time_rate": 0.07692307692307693,
  "delivery_cycle_time_p90": 60.10800096928549,
  "delivery_cycle_time_avg": 47.78583817859193,
  "failed_rate": 0.58,
  "second_runner_break_even_orders": 7.059722222222222,
  "queue_wait_avg": 32.55384615384615,
  "runner_utilization_driving_pct": 27.29921950204431,
  "runner_utilization_prep_pct": 0.0,
  "runner_utilization_idle_pct": 72.70078049795569,
  "distance_per_delivery_avg": 1757.949320314579,
  "zone_service_times": {
    "hole_16": 17.456274013824896,
    "hole_14": 39.20612773353799,
    "hole_15": 57.29509079883135,
    "hole_18": 48.35036213178642,
    "hole_17": 51.42765794272673,
    "hole_13": 54.128034220760675
  },
  "total_revenue": 390.0,
  "total_orders": 50,
  "successful_orders": 13,
  "failed_orders": 29,
  "total_rounds": 31,
  "active_runner_hours": 7.059722222222222
}