{
  "simulation_id": "delivery_dynamic_08",
  "runner_id": "3_runners",
  "revenue_per_round": 35.294117647058826,
  "orders_per_runner_hour": 2.8232248647420017,
  "on_time_rate": 1.0,
  "delivery_cycle_time_p90": 14.108048198615757,
  "delivery_cycle_time_avg": 12.505196331733664,
  "failed_rate": 0.0,
  "second_runner_break_even_orders": 7.084097426942889,
  "queue_wait_avg": 0.042708333333333334,
  "runner_utilization_driving_pct": 22.99844302509792,
  "runner_utilization_prep_pct": 0.0,
  "runner_utilization_idle_pct": 77.00155697490209,
  "distance_per_delivery_avg": 1779.1413588482392,
  "zone_service_times": {
    "hole_16": 13.653156383233606,
    "hole_12": 12.105694925567741,
    "hole_15": 13.960074680611736,
    "hole_18": 10.289384732448706,
    "hole_13": 13.173594432087157,
    "hole_17": 12.335264532552921,
    "hole_8": 12.811763111813828,
    "hole_-1": 14.847486072989522,
    "hole_7": 13.155592698806867,
    "hole_6": 14.124489700616202,
    "hole_14": 13.407365856058217,
    "hole_9": 11.28936855339986
  },
  "total_revenue": 600.0,
  "total_orders": 20,
  "successful_orders": 20,
  "failed_orders": 0,
  "total_rounds": 17,
  "active_runner_hours": 7.084097426942889
}