{
  "simulation_id": "delivery_dynamic_03",
  "runner_id": "3_runners",
  "revenue_per_round": 43.23529411764706,
  "orders_per_runner_hour": 6.807239151644079,
  "on_time_rate": 0.9183673469387755,
  "delivery_cycle_time_p90": 29.104379313181617,
  "delivery_cycle_time_avg": 17.03745897088321,
  "failed_rate": 0.0,
  "second_runner_break_even_orders": 7.198219264584756,
  "queue_wait_avg": 4.726811594202899,
  "runner_utilization_driving_pct": 100.0,
  "runner_utilization_prep_pct": 0.0,
  "runner_utilization_idle_pct": 0.0,
  "distance_per_delivery_avg": 873.6147856453305,
  "zone_service_times": {
    "hole_15": 15.529196740114644,
    "hole_14": 16.921123573031224,
    "hole_16": 21.7530171322825,
    "hole_7": 14.951348192189107,
    "hole_8": 16.481746469155787,
    "hole_9": 15.65252449223588,
    "hole_17": 14.339672412375057,
    "hole_-1": 14.491740703780689,
    "hole_10": 13.008649919530535,
    "hole_18": 20.978784949699104
  },
  "total_revenue": 1470.0,
  "total_orders": 50,
  "successful_orders": 49,
  "failed_orders": 0,
  "total_rounds": 34,
  "active_runner_hours": 7.198219264584756
}