{
  "variantKey": "front_mid_back",
  "blockedHoles": [
    1,
    2,
    3,
    4,
    5,
    6,
    10,
    11,
    12
  ],
  "deliveryMetrics": {
    "totalOrders": 50,
    "successfulDeliveries": 49,
    "failedDeliveries": 0,
    "avgOrderTime": 17.03745897088321,
    "onTimePercentage": 91.83673469387756,
    "revenue": 1500.0,
    "ordersPerRunnerHour": 4.9,
    "lateOrders": 4,
    "runnerUtilizationPct": 24.141389632377834,
    "totalRunnerDriveMinutes": 434.545013382801,
    "totalRunnerShiftMinutes": 1800.0,
    "runnerUtilizationByRunner": {
      "runner_1": {
        "driveMinutes": 171.72844733399504,
        "utilizationPct": 28.621407888999173,
        "shiftMinutes": 600.0
      },
      "runner_2": {
        "driveMinutes": 143.6383422597732,
        "utilizationPct": 23.9397237099622,
        "shiftMinutes": 600.0
      },
      "runner_3": {
        "driveMinutes": 119.17822378903286,
        "utilizationPct": 19.86303729817214,
        "shiftMinutes": 600.0
      }
    }
  },
  "bevCartMetrics": null,
  "hasRunners": true,
  "hasBevCart": false
}