{
  "simulation_id": "delivery_dynamic_02",
  "runner_id": "runner_1",
  "revenue_per_round": 26.470588235294116,
  "orders_per_runner_hour": 2.1151586368977675,
  "on_time_rate": 0.6,
  "delivery_cycle_time_p90": 53.341245549249855,
  "delivery_cycle_time_avg": 29.146639794281707,
  "failed_rate": 0.2,
  "second_runner_break_even_orders": 7.091666666666666,
  "queue_wait_avg": 16.164285714285715,
  "runner_utilization_driving_pct": 30.819669130980227,
  "runner_utilization_prep_pct": 0.0,
  "runner_utilization_idle_pct": 69.18033086901977,
  "distance_per_delivery_avg": 1364.1509708786566,
  "zone_service_times": {
    "hole_18": 24.86936804151285,
    "hole_12": 15.301370939063963,
    "hole_9": 50.67637069778884,
    "hole_17": 41.880201209642685,
    "hole_6": 17.859760903020835,
    "hole_8": 16.223460187288946,
    "hole_13": 29.96961820186407
  },
  "total_revenue": 450.0,
  "total_orders": 20,
  "successful_orders": 15,
  "failed_orders": 4,
  "total_rounds": 17,
  "active_runner_hours": 7.091666666666667
}