{
  "simulation_id": "delivery_dynamic_04",
  "runner_id": "runner_1",
  "revenue_per_round": 31.875,
  "orders_per_runner_hour": 2.438576489660622,
  "on_time_rate": 0.47058823529411764,
  "delivery_cycle_time_p90": 55.333410388382276,
  "delivery_cycle_time_avg": 30.899155539327857,
  "failed_rate": 0.15,
  "second_runner_break_even_orders": 6.971280200591902,
  "queue_wait_avg": 17.32941176470588,
  "runner_utilization_driving_pct": 33.577655965914154,
  "runner_utilization_prep_pct": 0.0,
  "runner_utilization_idle_pct": 66.42234403408585,
  "distance_per_delivery_avg": 1199.4339082729875,
  "zone_service_times": {
    "hole_8": 13.652471357190189,
    "hole_17": 30.509537104354706,
    "hole_10": 25.248902086151833,
    "hole_18": 34.915864349084345,
    "hole_14": 51.28100696519117,
    "hole_15": 18.3534912298525
  },
  "total_revenue": 510.0,
  "total_orders": 20,
  "successful_orders": 17,
  "failed_orders": 3,
  "total_rounds": 16,
  "active_runner_hours": 6.971280200591902
}