{
  "simulation_id": "delivery_dynamic_03",
  "runner_id": "runner_1",
  "revenue_per_round": 12.580645161290322,
  "orders_per_runner_hour": 1.8160651920838184,
  "on_time_rate": 0.07692307692307693,
  "delivery_cycle_time_p90": 64.25051880277742,
  "delivery_cycle_time_avg": 52.884540994919575,
  "failed_rate": 0.55,
  "second_runner_break_even_orders": 7.158333333333334,
  "queue_wait_avg": 38.63846153846154,
  "runner_utilization_driving_pct": 31.977157177371744,
  "runner_utilization_prep_pct": 0.0,
  "runner_utilization_idle_pct": 68.02284282262826,
  "distance_per_delivery_avg": 1426.6826973698953,
  "zone_service_times": {
    "hole_12": 17.36488709707889,
    "hole_5": 55.399498036191076,
    "hole_15": 54.007184544668355,
    "hole_17": 52.305086150283266,
    "hole_-1": 54.127730173228166,
    "hole_6": 64.49850669642183,
    "hole_11": 63.878536962310804
  },
  "total_revenue": 390.0,
  "total_orders": 40,
  "successful_orders": 13,
  "failed_orders": 22,
  "total_rounds": 31,
  "active_runner_hours": 7.158333333333333
}