{
  "simulation_id": "delivery_dynamic_10",
  "runner_id": "3_runners",
  "revenue_per_round": 31.57894736842105,
  "orders_per_runner_hour": 2.958009156235617,
  "on_time_rate": 1.0,
  "delivery_cycle_time_p90": 14.618303979336986,
  "delivery_cycle_time_avg": 13.233164080712198,
  "failed_rate": 0.0,
  "second_runner_break_even_orders": 6.761304290704813,
  "queue_wait_avg": 0.9244444444444444,
  "runner_utilization_driving_pct": 25.805056572783812,
  "runner_utilization_prep_pct": 0.0,
  "runner_utilization_idle_pct": 74.19494342721619,
  "distance_per_delivery_avg": 1828.6781381127828,
  "zone_service_times": {
    "hole_14": 13.273321459157422,
    "hole_6": 14.263190597407185,
    "hole_11": 17.161835638510425,
    "hole_18": 11.350522162899344,
    "hole_15": 13.814968415588435,
    "hole_17": 12.456540049100779,
    "hole_9": 11.43661023440891,
    "hole_3": 13.760712907248974,
    "hole_2": 12.43991553737069,
    "hole_1": 11.355294508007683,
    "hole_16": 13.162887377108442
  },
  "total_revenue": 600.0,
  "total_orders": 20,
  "successful_orders": 20,
  "failed_orders": 0,
  "total_rounds": 19,
  "active_runner_hours": 6.761304290704813
}