{
  "simulation_id": "delivery_dynamic_07",
  "runner_id": "3_runners",
  "revenue_per_round": 42.857142857142854,
  "orders_per_runner_hour": 6.847028706587943,
  "on_time_rate": 0.48,
  "delivery_cycle_time_p90": 54.29138713635755,
  "delivery_cycle_time_avg": 31.55612736465094,
  "failed_rate": 0.0,
  "second_runner_break_even_orders": 7.302437618217076,
  "queue_wait_avg": 18.7709219858156,
  "runner_utilization_driving_pct": 100.0,
  "runner_utilization_prep_pct": 0.0,
  "runner_utilization_idle_pct": 0.0,
  "distance_per_delivery_avg": 1314.250794522716,
  "zone_service_times": {
    "hole_15": 25.466258163215183,
    "hole_5": 21.241839346414082,
    "hole_12": 37.56041320366145,
    "hole_8": 13.387631104064834,
    "hole_16": 22.88526092495742,
    "hole_7": 22.498493024017264,
    "hole_-1": 43.33275729432711,
    "hole_9": 42.84144176585874,
    "hole_17": 28.179814437014404,
    "hole_11": 22.66379540132207,
    "hole_10": 37.06331672677752,
    "hole_13": 32.58502957492034,
    "hole_14": 35.092320712863575,
    "hole_6": 17.641495536423463,
    "hole_18": 17.249856281656502
  },
  "total_revenue": 1500.0,
  "total_orders": 50,
  "successful_orders": 50,
  "failed_orders": 0,
  "total_rounds": 35,
  "active_runner_hours": 7.302437618217076
}