{
  "simulation_id": "delivery_dynamic_01",
  "runner_id": "runner_1",
  "revenue_per_round": 9.428571428571429,
  "orders_per_runner_hour": 1.5366705471478463,
  "on_time_rate": 0.09090909090909091,
  "delivery_cycle_time_p90": 60.07446534650971,
  "delivery_cycle_time_avg": 45.80310715468893,
  "failed_rate": 0.66,
  "second_runner_break_even_orders": 7.158333333333334,
  "queue_wait_avg": 32.418181818181814,
  "runner_utilization_driving_pct": 31.12054717814894,
  "runner_utilization_prep_pct": 0.0,
  "runner_utilization_idle_pct": 68.87945282185106,
  "distance_per_delivery_avg": 1137.3349130663887,
  "zone_service_times": {
    "hole_10": 11.830359530376912,
    "hole_12": 45.29811677749861,
    "hole_11": 52.940786448786454,
    "hole_-1": 44.5310635065615,
    "hole_8": 48.02096443739817,
    "hole_9": 60.97107131276207
  },
  "total_revenue": 330.0,
  "total_orders": 50,
  "successful_orders": 11,
  "failed_orders": 33,
  "total_rounds": 35,
  "active_runner_hours": 7.158333333333333
}