{
  "simulation_id": "delivery_dynamic_07",
  "runner_id": "2_runners",
  "revenue_per_round": 33.333333333333336,
  "orders_per_runner_hour": 2.806079097238039,
  "on_time_rate": 1.0,
  "delivery_cycle_time_p90": 14.860092591875642,
  "delivery_cycle_time_avg": 12.630441057795128,
  "failed_rate": 0.0,
  "second_runner_break_even_orders": 7.1273828380980255,
  "queue_wait_avg": 0.13444444444444445,
  "runner_utilization_driving_pct": 25.601038947263916,
  "runner_utilization_prep_pct": 0.0,
  "runner_utilization_idle_pct": 74.39896105273608,
  "distance_per_delivery_avg": 1821.3175616124909,
  "zone_service_times": {
    "hole_15": 13.475900929508983,
    "hole_18": 11.154942418395441,
    "hole_4": 14.302669894655477,
    "hole_16": 13.505150095340529,
    "hole_8": 12.297010579864844,
    "hole_6": 15.627161073321197,
    "hole_-1": 14.914761866859832,
    "hole_11": 11.622972826033159,
    "hole_17": 12.662704191332674,
    "hole_9": 11.136412453859702,
    "hole_2": 11.804568534820161
  },
  "total_revenue": 600.0,
  "total_orders": 20,
  "successful_orders": 20,
  "failed_orders": 0,
  "total_rounds": 18,
  "active_runner_hours": 7.1273828380980255
}