{
  "simulation_id": "delivery_dynamic_09",
  "runner_id": "2_runners",
  "revenue_per_round": 40.90909090909091,
  "orders_per_runner_hour": 4.165264006866417,
  "on_time_rate": 0.8333333333333334,
  "delivery_cycle_time_p90": 42.074188065531075,
  "delivery_cycle_time_avg": 23.56105494853875,
  "failed_rate": 0.0,
  "second_runner_break_even_orders": 7.2024246123523366,
  "queue_wait_avg": 9.383928571428571,
  "runner_utilization_driving_pct": 82.37652122277427,
  "runner_utilization_prep_pct": 0.0,
  "runner_utilization_idle_pct": 17.623478777225728,
  "distance_per_delivery_avg": 1613.7144627090192,
  "zone_service_times": {
    "hole_12": 18.80144998827056,
    "hole_4": 19.357767155514587,
    "hole_10": 16.378484329099567,
    "hole_8": 22.01922691594297,
    "hole_7": 33.8837504926429,
    "hole_16": 24.49857905098512,
    "hole_18": 28.075013105281606,
    "hole_17": 23.73361267108838,
    "hole_9": 39.114858049969435,
    "hole_3": 29.749146706009743,
    "hole_14": 29.44389938603387,
    "hole_11": 20.426854477598166,
    "hole_13": 17.36769319287523
  },
  "total_revenue": 900.0,
  "total_orders": 30,
  "successful_orders": 30,
  "failed_orders": 0,
  "total_rounds": 22,
  "active_runner_hours": 7.202424612352337
}