{
  "simulation_id": "delivery_dynamic_07",
  "runner_id": "2_runners",
  "revenue_per_round": 34.13793103448276,
  "orders_per_runner_hour": 4.611036503176532,
  "on_time_rate": 0.6363636363636364,
  "delivery_cycle_time_p90": 60.73912985238606,
  "delivery_cycle_time_avg": 29.965538126758783,
  "failed_rate": 0.15,
  "second_runner_break_even_orders": 7.156742302357915,
  "queue_wait_avg": 17.73793103448276,
  "runner_utilization_driving_pct": 89.92206428952304,
  "runner_utilization_prep_pct": 0.0,
  "runner_utilization_idle_pct": 10.077935710476964,
  "distance_per_delivery_avg": 1470.8935378636772,
  "zone_service_times": {
    "hole_14": 18.57998654430687,
    "hole_8": 18.399470082392494,
    "hole_15": 21.495345625113956,
    "hole_9": 15.416595961538071,
    "hole_5": 28.6823705373033,
    "hole_18": 30.467845192785596,
    "hole_-1": 21.851896839894835,
    "hole_16": 35.21890150627304,
    "hole_4": 49.76185681992817,
    "hole_6": 56.73029671210858,
    "hole_12": 63.782772060113714,
    "hole_10": 31.14696940891212,
    "hole_7": 36.572846148061856,
    "hole_2": 22.927465063144943
  },
  "total_revenue": 990.0,
  "total_orders": 40,
  "successful_orders": 33,
  "failed_orders": 6,
  "total_rounds": 29,
  "active_runner_hours": 7.156742302357915
}