{
  "simulation_id": "delivery_dynamic_10",
  "runner_id": "runner_1",
  "revenue_per_round": 14.0,
  "orders_per_runner_hour": 1.924398625429553,
  "on_time_rate": 0.35714285714285715,
  "delivery_cycle_time_p90": 61.56559326029901,
  "delivery_cycle_time_avg": 38.85366393936327,
  "failed_rate": 0.58,
  "second_runner_break_even_orders": 7.275,
  "queue_wait_avg": 24.03214285714286,
  "runner_utilization_driving_pct": 34.28273821167079,
  "runner_utilization_prep_pct": 0.0,
  "runner_utilization_idle_pct": 65.71726178832921,
  "distance_per_delivery_avg": 1620.0310836260605,
  "zone_service_times": {
    "hole_3": 20.63244769884568,
    "hole_16": 32.04236043040407,
    "hole_18": 25.575412926078084,
    "hole_5": 57.8113371161895,
    "hole_9": 34.14351589943041,
    "hole_7": 60.83296609018574,
    "hole_4": 49.028154708667536,
    "hole_-1": 53.939116207919994,
    "hole_17": 13.8384194836166,
    "hole_10": 22.252454594933806,
    "hole_12": 62.29822043041228
  },
  "total_revenue": 420.0,
  "total_orders": 50,
  "successful_orders": 14,
  "failed_orders": 29,
  "total_rounds": 30,
  "active_runner_hours": 7.275
}