{
  "simulation_id": "delivery_dynamic_02",
  "runner_id": "2_runners",
  "revenue_per_round": 31.57894736842105,
  "orders_per_runner_hour": 2.8708875286277484,
  "on_time_rate": 1.0,
  "delivery_cycle_time_p90": 18.853730397145384,
  "delivery_cycle_time_avg": 15.50710822045538,
  "failed_rate": 0.0,
  "second_runner_break_even_orders": 6.9664867747569925,
  "queue_wait_avg": 0.6541666666666667,
  "runner_utilization_driving_pct": 54.036317308781,
  "runner_utilization_prep_pct": 0.0,
  "runner_utilization_idle_pct": 45.963682691219,
  "distance_per_delivery_avg": 1674.548362073006,
  "zone_service_times": {
    "hole_17": 13.756681435292537,
    "hole_15": 17.54942582572906,
    "hole_6": 18.915345157116825,
    "hole_18": 11.93095698261566,
    "hole_16": 17.271978216778066,
    "hole_14": 17.685085004746544,
    "hole_9": 14.667777913990925,
    "hole_7": 20.145824037861892,
    "hole_8": 14.456180696011963,
    "hole_12": 15.521450293882785,
    "hole_13": 17.839934654795556
  },
  "total_revenue": 600.0,
  "total_orders": 20,
  "successful_orders": 20,
  "failed_orders": 0,
  "total_rounds": 19,
  "active_runner_hours": 6.966486774756993
}