{
  "simulation_id": "delivery_dynamic_03",
  "runner_id": "runner_1",
  "revenue_per_round": 28.636363636363637,
  "orders_per_runner_hour": 2.9869616752271826,
  "on_time_rate": 0.2857142857142857,
  "delivery_cycle_time_p90": 56.006335845037924,
  "delivery_cycle_time_avg": 36.14460109903096,
  "failed_rate": 0.23333333333333334,
  "second_runner_break_even_orders": 7.030555555555555,
  "queue_wait_avg": 24.368333333333332,
  "runner_utilization_driving_pct": 29.0124635623712,
  "runner_utilization_prep_pct": 0.0,
  "runner_utilization_idle_pct": 70.9875364376288,
  "distance_per_delivery_avg": 986.7193026077372,
  "zone_service_times": {
    "hole_2": 14.989333248289586,
    "hole_18": 41.824663583407464,
    "hole_6": 33.48679315911462,
    "hole_12": 42.35750321190474,
    "hole_17": 35.92440757663221,
    "hole_16": 24.70338666821723,
    "hole_10": 15.027290399895719
  },
  "total_revenue": 630.0,
  "total_orders": 30,
  "successful_orders": 21,
  "failed_orders": 7,
  "total_rounds": 22,
  "active_runner_hours": 7.030555555555556
}