{
  "simulation_id": "delivery_dynamic_05",
  "runner_id": "3_runners",
  "revenue_per_round": 37.5,
  "orders_per_runner_hour": 2.8419101464207586,
  "on_time_rate": 1.0,
  "delivery_cycle_time_p90": 20.472774405210636,
  "delivery_cycle_time_avg": 15.417473718539773,
  "failed_rate": 0.0,
  "second_runner_break_even_orders": 7.0375201781762815,
  "queue_wait_avg": 0.6296296296296297,
  "runner_utilization_driving_pct": 54.834644566819904,
  "runner_utilization_prep_pct": 0.0,
  "runner_utilization_idle_pct": 45.165355433180096,
  "distance_per_delivery_avg": 1629.8711694293659,
  "zone_service_times": {
    "hole_17": 14.823196097219453,
    "hole_11": 13.65900318967809,
    "hole_3": 17.429592747172926,
    "hole_9": 12.059488163189842,
    "hole_6": 18.672234792639482,
    "hole_18": 10.49515082233817,
    "hole_8": 14.389032639590187,
    "hole_10": 12.420451570994132,
    "hole_14": 19.36301009129618,
    "hole_12": 13.762690284574152,
    "hole_7": 16.91056572878606,
    "hole_-1": 20.642118395739576
  },
  "total_revenue": 600.0,
  "total_orders": 20,
  "successful_orders": 20,
  "failed_orders": 0,
  "total_rounds": 16,
  "active_runner_hours": 7.0375201781762815
}