{
  "variantKey": "mid_back",
  "blockedHoles": [
    4,
    5,
    6,
    10,
    11,
    12
  ],
  "deliveryMetrics": {
    "totalOrders": 20,
    "successfulDeliveries": 20,
    "failedDeliveries": 0,
    "avgOrderTime": 14.679120122601235,
    "onTimePercentage": 100.0,
    "revenue": 600.0,
    "ordersPerRunnerHour": 2.0,
    "lateOrders": 0,
    "runnerUtilizationPct": 10.725874210297667,
    "totalRunnerDriveMinutes": 193.06573578535802,
    "totalRunnerShiftMinutes": 1800.0,
    "runnerUtilizationByRunner": {
      "runner_1": {
        "driveMinutes": 112.83668352086836,
        "utilizationPct": 18.806113920144725,
        "shiftMinutes": 600.0
      },
      "runner_2": {
        "driveMinutes": 62.900010744764195,
        "utilizationPct": 10.483335124127366,
        "shiftMinutes": 600.0
      },
      "runner_3": {
        "driveMinutes": 17.329041519725447,
        "utilizationPct": 2.888173586620908,
        "shiftMinutes": 600.0
      }
    }
  },
  "bevCartMetrics": null,
  "hasRunners": true,
  "hasBevCart": false
}