{
  "simulation_id": "delivery_dynamic_02",
  "runner_id": "3_runners",
  "revenue_per_round": 41.37931034482759,
  "orders_per_runner_hour": 5.592673258062746,
  "on_time_rate": 0.625,
  "delivery_cycle_time_p90": 43.1736553215125,
  "delivery_cycle_time_avg": 24.076276807968974,
  "failed_rate": 0.0,
  "second_runner_break_even_orders": 7.152214719916546,
  "queue_wait_avg": 12.479166666666666,
  "runner_utilization_driving_pct": 96.13042461896401,
  "runner_utilization_prep_pct": 0.0,
  "runner_utilization_idle_pct": 3.869575381035986,
  "distance_per_delivery_avg": 1375.2290074775742,
  "zone_service_times": {
    "hole_4": 34.766684575695805,
    "hole_9": 23.001686328924794,
    "hole_15": 12.360621952620384,
    "hole_11": 28.664114235881605,
    "hole_2": 22.099420675074725,
    "hole_18": 24.422524574796608,
    "hole_10": 35.692873339472285,
    "hole_5": 38.03501497365002,
    "hole_13": 26.188930709727188,
    "hole_-1": 19.1982797243177,
    "hole_14": 37.52792683886837,
    "hole_6": 45.19586239209481,
    "hole_17": 14.424986712698834,
    "hole_7": 14.52631976972031,
    "hole_8": 13.3542977707315,
    "hole_3": 20.582447614639932,
    "hole_16": 11.64566150089219
  },
  "total_revenue": 1200.0,
  "total_orders": 40,
  "successful_orders": 40,
  "failed_orders": 0,
  "total_rounds": 29,
  "active_runner_hours": 7.152214719916546
}