{
  "simulation_id": "delivery_dynamic_09",
  "runner_id": "2_runners",
  "revenue_per_round": 37.241379310344826,
  "orders_per_runner_hour": 4.971231300345225,
  "on_time_rate": 0.3333333333333333,
  "delivery_cycle_time_p90": 59.26831224598543,
  "delivery_cycle_time_avg": 37.57710371913861,
  "failed_rate": 0.05,
  "second_runner_break_even_orders": 7.241666666666666,
  "queue_wait_avg": 24.562857142857144,
  "runner_utilization_driving_pct": 90.63061440811872,
  "runner_utilization_prep_pct": 0.0,
  "runner_utilization_idle_pct": 9.369385591881283,
  "distance_per_delivery_avg": 1242.0401829639095,
  "zone_service_times": {
    "hole_17": 35.11814458515562,
    "hole_11": 38.42899785046757,
    "hole_15": 39.399647141294714,
    "hole_16": 23.495866020766606,
    "hole_-1": 50.91902019553627,
    "hole_18": 35.935877176531235,
    "hole_7": 30.668828387995696,
    "hole_13": 37.851642007685584,
    "hole_14": 18.315555397569792,
    "hole_10": 44.40636641763164,
    "hole_12": 54.22189831901348,
    "hole_4": 20.44482137533414,
    "hole_8": 25.401653580916413
  },
  "total_revenue": 1080.0,
  "total_orders": 40,
  "successful_orders": 36,
  "failed_orders": 2,
  "total_rounds": 29,
  "active_runner_hours": 7.241666666666666
}