{
  "variantKey": "front_mid_back",
  "blockedHoles": [
    1,
    2,
    3,
    4,
    5,
    6,
    10,
    11,
    12
  ],
  "deliveryMetrics": {
    "totalOrders": 40,
    "successfulDeliveries": 40,
    "failedDeliveries": 0,
    "avgOrderTime": 15.571417695439923,
    "onTimePercentage": 100.0,
    "revenue": 1200.0,
    "ordersPerRunnerHour": 4.0,
    "lateOrders": 0,
    "runnerUtilizationPct": 21.010425566586076,
    "totalRunnerDriveMinutes": 378.18766019854934,
    "totalRunnerShiftMinutes": 1800.0,
    "runnerUtilizationByRunner": {
      "runner_1": {
        "driveMinutes": 143.90633031288928,
        "utilizationPct": 23.984388385481548,
        "shiftMinutes": 600.0
      },
      "runner_2": {
        "driveMinutes": 138.79291141512957,
        "utilizationPct": 23.132151902521596,
        "shiftMinutes": 600.0
      },
      "runner_3": {
        "driveMinutes": 95.48841847053042,
        "utilizationPct": 15.91473641175507,
        "shiftMinutes": 600.0
      }
    }
  },
  "bevCartMetrics": null,
  "hasRunners": true,
  "hasBevCart": false
}