{
  "simulation_id": "delivery_dynamic_02",
  "runner_id": "3_runners",
  "revenue_per_round": 37.5,
  "orders_per_runner_hour": 5.601661868696792,
  "on_time_rate": 1.0,
  "delivery_cycle_time_p90": 18.04730904726288,
  "delivery_cycle_time_avg": 13.40686119561237,
  "failed_rate": 0.0,
  "second_runner_break_even_orders": 7.14073804124594,
  "queue_wait_avg": 1.0338235294117648,
  "runner_utilization_driving_pct": 82.23121148447795,
  "runner_utilization_prep_pct": 0.0,
  "runner_utilization_idle_pct": 17.768788515522047,
  "distance_per_delivery_avg": 849.4453617257552,
  "zone_service_times": {
    "hole_17": 15.46500195246388,
    "hole_9": 13.86240554716783,
    "hole_11": 13.814860474166206,
    "hole_10": 11.672665555215508,
    "hole_16": 16.747853903327723,
    "hole_18": 11.53279252855693,
    "hole_15": 17.218246014590658,
    "hole_8": 13.802812356577062
  },
  "total_revenue": 1200.0,
  "total_orders": 40,
  "successful_orders": 40,
  "failed_orders": 0,
  "total_rounds": 32,
  "active_runner_hours": 7.14073804124594
}