{
  "variantKey": "front_mid_back",
  "blockedHoles": [
    1,
    2,
    3,
    4,
    5,
    6,
    10,
    11,
    12
  ],
  "deliveryMetrics": {
    "totalOrders": 40,
    "successfulDeliveries": 40,
    "failedDeliveries": 0,
    "avgOrderTime": 13.40686119561237,
    "onTimePercentage": 100.0,
    "revenue": 1200.0,
    "ordersPerRunnerHour": 4.0,
    "lateOrders": 0,
    "runnerUtilizationPct": 19.57305133416505,
    "totalRunnerDriveMinutes": 352.3149240149709,
    "totalRunnerShiftMinutes": 1800.0,
    "runnerUtilizationByRunner": {
      "runner_2": {
        "driveMinutes": 122.8108881444574,
        "utilizationPct": 20.468481357409566,
        "shiftMinutes": 600.0
      },
      "runner_1": {
        "driveMinutes": 136.29649684419098,
        "utilizationPct": 22.716082807365165,
        "shiftMinutes": 600.0
      },
      "runner_3": {
        "driveMinutes": 93.20753902632265,
        "utilizationPct": 15.534589837720441,
        "shiftMinutes": 600.0
      }
    }
  },
  "bevCartMetrics": null,
  "hasRunners": true,
  "hasBevCart": false
}