{
  "simulation_id": "delivery_dynamic_08",
  "runner_id": "2_runners",
  "revenue_per_round": 37.5,
  "orders_per_runner_hour": 4.0813673635888295,
  "on_time_rate": 0.7,
  "delivery_cycle_time_p90": 43.07207645974459,
  "delivery_cycle_time_avg": 21.910213188923816,
  "failed_rate": 0.0,
  "second_runner_break_even_orders": 7.3504777510692865,
  "queue_wait_avg": 8.83525641025641,
  "runner_utilization_driving_pct": 72.9288986242828,
  "runner_utilization_prep_pct": 0.0,
  "runner_utilization_idle_pct": 27.071101375717205,
  "distance_per_delivery_avg": 1429.004964811734,
  "zone_service_times": {
    "hole_16": 23.340890657423895,
    "hole_12": 26.75946132916102,
    "hole_14": 26.37412120662862,
    "hole_17": 24.272758434478742,
    "hole_10": 12.32208933630522,
    "hole_11": 16.292336523011425,
    "hole_9": 14.262757916143306,
    "hole_15": 30.5327592411519,
    "hole_18": 16.03874934404292
  },
  "total_revenue": 900.0,
  "total_orders": 30,
  "successful_orders": 30,
  "failed_orders": 0,
  "total_rounds": 24,
  "active_runner_hours": 7.350477751069286
}