{
  "simulation_id": "delivery_dynamic_10",
  "runner_id": "3_runners",
  "revenue_per_round": 40.0,
  "orders_per_runner_hour": 5.403913584721315,
  "on_time_rate": 0.9,
  "delivery_cycle_time_p90": 30.78315974753385,
  "delivery_cycle_time_avg": 19.82794292956788,
  "failed_rate": 0.0,
  "second_runner_break_even_orders": 7.402042866320712,
  "queue_wait_avg": 4.948611111111111,
  "runner_utilization_driving_pct": 100.0,
  "runner_utilization_prep_pct": 0.0,
  "runner_utilization_idle_pct": 0.0,
  "distance_per_delivery_avg": 1805.7288243348057,
  "zone_service_times": {
    "hole_14": 14.898375347314504,
    "hole_4": 21.771310535167686,
    "hole_18": 16.34441650660798,
    "hole_2": 22.966349345469723,
    "hole_17": 14.5024055859707,
    "hole_13": 18.461470326350884,
    "hole_12": 26.36961113346183,
    "hole_11": 18.0615530490505,
    "hole_9": 18.50250890511999,
    "hole_10": 16.66550229064556,
    "hole_-1": 12.669952395450391,
    "hole_8": 24.144642394053516,
    "hole_5": 30.984153576891728,
    "hole_3": 28.165781032179048,
    "hole_15": 19.058113929254525,
    "hole_7": 14.52631976972031
  },
  "total_revenue": 1200.0,
  "total_orders": 40,
  "successful_orders": 40,
  "failed_orders": 0,
  "total_rounds": 30,
  "active_runner_hours": 7.402042866320713
}