{
  "simulation_id": "delivery_dynamic_06",
  "runner_id": "runner_1",
  "revenue_per_round": 28.333333333333332,
  "orders_per_runner_hour": 2.4028268551236747,
  "on_time_rate": 0.5294117647058824,
  "delivery_cycle_time_p90": 56.204327079247626,
  "delivery_cycle_time_avg": 31.97493429068652,
  "failed_rate": 0.1,
  "second_runner_break_even_orders": 7.075,
  "queue_wait_avg": 19.017647058823528,
  "runner_utilization_driving_pct": 35.96109194879229,
  "runner_utilization_prep_pct": 0.0,
  "runner_utilization_idle_pct": 64.03890805120771,
  "distance_per_delivery_avg": 993.6485099059666,
  "zone_service_times": {
    "hole_14": 14.585490522427305,
    "hole_16": 17.598915138382672,
    "hole_7": 23.859653103053642,
    "hole_18": 45.00136395883154,
    "hole_12": 43.08155376374555,
    "hole_10": 31.070805495926805,
    "hole_9": 59.393043108000896,
    "hole_15": 53.77041374445271,
    "hole_13": 35.26836290825367,
    "hole_-1": 14.202277299993572
  },
  "total_revenue": 510.0,
  "total_orders": 20,
  "successful_orders": 17,
  "failed_orders": 2,
  "total_rounds": 18,
  "active_runner_hours": 7.075
}