{
  "simulation_id": "delivery_dynamic_07",
  "runner_id": "3_runners",
  "revenue_per_round": 33.333333333333336,
  "orders_per_runner_hour": 2.815242075486518,
  "on_time_rate": 1.0,
  "delivery_cycle_time_p90": 22.164272534868317,
  "delivery_cycle_time_avg": 15.319389173771043,
  "failed_rate": 0.0,
  "second_runner_break_even_orders": 7.104184813856082,
  "queue_wait_avg": 0.18055555555555555,
  "runner_utilization_driving_pct": 49.61186548251075,
  "runner_utilization_prep_pct": 0.0,
  "runner_utilization_idle_pct": 50.38813451748925,
  "distance_per_delivery_avg": 1732.7147623870712,
  "zone_service_times": {
    "hole_16": 12.065177010706824,
    "hole_18": 13.174516757620562,
    "hole_8": 15.80169495595322,
    "hole_5": 22.56570389224107,
    "hole_4": 22.338178998130086,
    "hole_9": 12.105815667628486,
    "hole_17": 14.535738919304034,
    "hole_14": 14.756015895264015,
    "hole_15": 12.955069241952879,
    "hole_7": 16.192004695355617,
    "hole_6": 19.196430401898457,
    "hole_3": 20.59911436551241
  },
  "total_revenue": 600.0,
  "total_orders": 20,
  "successful_orders": 20,
  "failed_orders": 0,
  "total_rounds": 18,
  "active_runner_hours": 7.104184813856082
}