{
  "simulation_id": "delivery_blocked_02",
  "runner_id": "3_runners",
  "revenue_per_round": 31.25,
  "orders_per_runner_hour": 2.0,
  "on_time_rate": 0.65,
  "delivery_cycle_time_p90": 53.154005059906225,
  "delivery_cycle_time_avg": 29.098289206034682,
  "failed_rate": 0.0,
  "second_runner_break_even_orders": 12.5,
  "queue_wait_avg": 0.0,
  "runner_utilization_driving_pct": 21.6154609306427,
  "runner_utilization_waiting_pct": 14.418303245809522,
  "distance_per_delivery_avg": 1064.0857492282787,
  "zone_service_times": {
    "hole_7": 16.797911088973827,
    "hole_2": 18.402863884905976,
    "hole_5": 27.47151773497705,
    "hole_1": 36.940077824700346,
    "hole_13": 27.63261395188575,
    "hole_9": 40.85283867046922,
    "hole_12": 55.75302240248715,
    "hole_6": 26.355402371778382,
    "hole_4": 30.243430812593033,
    "hole_18": 22.984588878197368,
    "hole_10": 22.603988155609475
  },
  "total_revenue": 500.0,
  "total_orders": 21,
  "successful_orders": 20,
  "failed_orders": 0,
  "total_rounds": 16,
  "active_runner_hours": 10.0
}