{
  "simulation_id": "delivery_dynamic_06",
  "runner_id": "runner_1",
  "revenue_per_round": 33.333333333333336,
  "orders_per_runner_hour": 2.4637525358261327,
  "on_time_rate": 0.9,
  "delivery_cycle_time_p90": 33.384366740789936,
  "delivery_cycle_time_avg": 18.07205962522948,
  "failed_rate": 0.0,
  "second_runner_break_even_orders": 8.117698392664954,
  "queue_wait_avg": 6.905882352941177,
  "runner_utilization_driving_pct": 40.48753720671233,
  "runner_utilization_prep_pct": 0.0,
  "runner_utilization_idle_pct": 59.51246279328767,
  "distance_per_delivery_avg": 1585.4829301652194,
  "zone_service_times": {
    "hole_12": 13.894974897077782,
    "hole_7": 19.941028355468006,
    "hole_15": 26.110704813887423,
    "hole_18": 24.605610435219287,
    "hole_17": 11.925966627055944,
    "hole_16": 15.936564930900538,
    "hole_9": 16.72057277038845,
    "hole_11": 23.550884732667996,
    "hole_3": 15.302526271625933,
    "hole_4": 24.7574084018274,
    "hole_13": 15.757430778769958,
    "hole_2": 11.56523397021283,
    "hole_8": 11.550147189721248
  },
  "total_revenue": 600.0,
  "total_orders": 20,
  "successful_orders": 20,
  "failed_orders": 0,
  "total_rounds": 18,
  "active_runner_hours": 8.117698392664954
}