{
  "simulation_id": "delivery_dynamic_09",
  "runner_id": "3_runners",
  "revenue_per_round": 37.5,
  "orders_per_runner_hour": 4.198796376776947,
  "on_time_rate": 1.0,
  "delivery_cycle_time_p90": 20.68585936361009,
  "delivery_cycle_time_avg": 15.835136820870131,
  "failed_rate": 0.0,
  "second_runner_break_even_orders": 7.144904707912605,
  "queue_wait_avg": 0.8730769230769231,
  "runner_utilization_driving_pct": 82.47009472009896,
  "runner_utilization_prep_pct": 0.0,
  "runner_utilization_idle_pct": 17.529905279901044,
  "distance_per_delivery_avg": 1706.365971812364,
  "zone_service_times": {
    "hole_10": 11.770834528911104,
    "hole_-1": 18.56519231672658,
    "hole_4": 21.209849444492768,
    "hole_1": 12.260426259020157,
    "hole_18": 13.031775011832158,
    "hole_16": 21.131187236661056,
    "hole_15": 17.60796056220429,
    "hole_2": 15.005999914956252,
    "hole_9": 12.11458792979063,
    "hole_8": 14.552560249276304,
    "hole_12": 18.460405088320233,
    "hole_6": 17.809760903020774,
    "hole_17": 13.45513135924654
  },
  "total_revenue": 900.0,
  "total_orders": 30,
  "successful_orders": 30,
  "failed_orders": 0,
  "total_rounds": 24,
  "active_runner_hours": 7.144904707912606
}