{
  "simulation_id": "delivery_dynamic_09",
  "runner_id": "runner_1",
  "revenue_per_round": 20.869565217391305,
  "orders_per_runner_hour": 2.2329908897073074,
  "on_time_rate": 0.375,
  "delivery_cycle_time_p90": 62.01843314151379,
  "delivery_cycle_time_avg": 39.58747239405473,
  "failed_rate": 0.4,
  "second_runner_break_even_orders": 7.165277777777778,
  "queue_wait_avg": 26.465625,
  "runner_utilization_driving_pct": 35.15565834355926,
  "runner_utilization_prep_pct": 0.0,
  "runner_utilization_idle_pct": 64.84434165644075,
  "distance_per_delivery_avg": 1048.9407244023894,
  "zone_service_times": {
    "hole_6": 18.41838634025495,
    "hole_15": 36.41373097589153,
    "hole_7": 40.55264198182594,
    "hole_18": 41.21952521989042,
    "hole_10": 61.09156619726788,
    "hole_-1": 35.42273017322817,
    "hole_12": 64.18112267808756,
    "hole_8": 49.80528628399115,
    "hole_9": 41.39304310800083,
    "hole_14": 23.456015895264013,
    "hole_17": 35.56206113038
  },
  "total_revenue": 480.0,
  "total_orders": 30,
  "successful_orders": 16,
  "failed_orders": 12,
  "total_rounds": 23,
  "active_runner_hours": 7.165277777777778
}