{
  "simulation_id": "delivery_dynamic_02",
  "runner_id": "2_runners",
  "revenue_per_round": 34.61538461538461,
  "orders_per_runner_hour": 4.271035360525762,
  "on_time_rate": 0.8,
  "delivery_cycle_time_p90": 38.75407493615807,
  "delivery_cycle_time_avg": 22.906685417691826,
  "failed_rate": 0.0,
  "second_runner_break_even_orders": 7.02405797836968,
  "queue_wait_avg": 8.743827160493828,
  "runner_utilization_driving_pct": 76.81606032044976,
  "runner_utilization_prep_pct": 0.0,
  "runner_utilization_idle_pct": 23.183939679550235,
  "distance_per_delivery_avg": 1692.5129670111219,
  "zone_service_times": {
    "hole_10": 11.21657162745537,
    "hole_17": 19.532611172304335,
    "hole_-1": 33.803174493917865,
    "hole_6": 19.024159723166818,
    "hole_8": 15.726558528549827,
    "hole_18": 22.343999934433235,
    "hole_3": 27.629592747172925,
    "hole_14": 34.7134983536634,
    "hole_7": 31.186528377947525,
    "hole_12": 25.203865357410482,
    "hole_4": 30.413829107851903,
    "hole_9": 28.495303492010922,
    "hole_15": 25.970170886797252,
    "hole_16": 17.671015768239645,
    "hole_2": 15.944145523569386
  },
  "total_revenue": 900.0,
  "total_orders": 30,
  "successful_orders": 30,
  "failed_orders": 0,
  "total_rounds": 26,
  "active_runner_hours": 7.02405797836968
}