{
  "simulation_id": "delivery_dynamic_05",
  "runner_id": "runner_1",
  "revenue_per_round": 12.1875,
  "orders_per_runner_hour": 1.7886489585323906,
  "on_time_rate": 0.07692307692307693,
  "delivery_cycle_time_p90": 65.21693126591136,
  "delivery_cycle_time_avg": 48.840260510996316,
  "failed_rate": 0.62,
  "second_runner_break_even_orders": 7.268055555555556,
  "queue_wait_avg": 34.86282051282051,
  "runner_utilization_driving_pct": 32.0585418853102,
  "runner_utilization_prep_pct": 0.0,
  "runner_utilization_idle_pct": 67.9414581146898,
  "distance_per_delivery_avg": 1336.41983938707,
  "zone_service_times": {
    "hole_8": 13.561309060720154,
    "hole_11": 34.02137481483363,
    "hole_16": 38.56383131771527,
    "hole_6": 61.982408371076716,
    "hole_-1": 51.38439683989483,
    "hole_14": 53.955957899694,
    "hole_4": 59.978154708667475
  },
  "total_revenue": 390.0,
  "total_orders": 50,
  "successful_orders": 13,
  "failed_orders": 31,
  "total_rounds": 32,
  "active_runner_hours": 7.268055555555556
}