{
  "simulation_id": "delivery_dynamic_09",
  "runner_id": "runner_1",
  "revenue_per_round": 19.0,
  "orders_per_runner_hour": 2.6750097770825185,
  "on_time_rate": 0.2631578947368421,
  "delivery_cycle_time_p90": 59.04120924024257,
  "delivery_cycle_time_avg": 43.01917846854735,
  "failed_rate": 0.375,
  "second_runner_break_even_orders": 7.102777777777778,
  "queue_wait_avg": 30.893859649122806,
  "runner_utilization_driving_pct": 36.013209776528235,
  "runner_utilization_prep_pct": 0.0,
  "runner_utilization_idle_pct": 63.986790223471765,
  "distance_per_delivery_avg": 714.1071233266433,
  "zone_service_times": {
    "hole_9": 13.349069415607362,
    "hole_15": 29.965125104145226,
    "hole_10": 45.241337082419065,
    "hole_18": 50.20305714493264,
    "hole_16": 37.35342420314346,
    "hole_-1": 46.883146839894835,
    "hole_13": 60.35013678506857,
    "hole_12": 59.04120924024258,
    "hole_17": 13.998038777186958
  },
  "total_revenue": 570.0,
  "total_orders": 40,
  "successful_orders": 19,
  "failed_orders": 15,
  "total_rounds": 30,
  "active_runner_hours": 7.102777777777778
}