{
  "simulation_id": "delivery_blocked_01",
  "runner_id": "3_runners",
  "revenue_per_round": 23.214285714285715,
  "orders_per_runner_hour": 1.3,
  "on_time_rate": 0.7692307692307693,
  "delivery_cycle_time_p90": 49.87427983439714,
  "delivery_cycle_time_avg": 28.640035956865606,
  "failed_rate": 0.0,
  "second_runner_break_even_orders": 12.5,
  "queue_wait_avg": 0.0,
  "runner_utilization_driving_pct": 19.141133112802986,
  "runner_utilization_waiting_pct": 10.743167325363325,
  "distance_per_delivery_avg": 1286.682372835297,
  "zone_service_times": {
    "hole_4": 23.17786915195092,
    "hole_9": 19.626614423792944,
    "hole_15": 37.51746752649021,
    "hole_7": 50.27967352582145,
    "hole_6": 28.27142104431338,
    "hole_5": 29.249155658217354
  },
  "total_revenue": 325.0,
  "total_orders": 14,
  "successful_orders": 13,
  "failed_orders": 0,
  "total_rounds": 14,
  "active_runner_hours": 10.0
}