{
  "variantKey": "front_back",
  "blockedHoles": [
    1,
    2,
    3,
    10,
    11,
    12
  ],
  "deliveryMetrics": {
    "totalOrders": 20,
    "successfulDeliveries": 20,
    "failedDeliveries": 0,
    "avgOrderTime": 14.516780690181688,
    "onTimePercentage": 100.0,
    "revenue": 600.0,
    "ordersPerRunnerHour": 2.0,
    "lateOrders": 0,
    "runnerUtilizationPct": 12.663221930889707,
    "totalRunnerDriveMinutes": 227.93799475601472,
    "totalRunnerShiftMinutes": 1800.0,
    "runnerUtilizationByRunner": {
      "runner_1": {
        "driveMinutes": 128.97160303570985,
        "utilizationPct": 21.495267172618306,
        "shiftMinutes": 600.0
      },
      "runner_2": {
        "driveMinutes": 71.64876243937259,
        "utilizationPct": 11.941460406562099,
        "shiftMinutes": 600.0
      },
      "runner_3": {
        "driveMinutes": 27.317629280932316,
        "utilizationPct": 4.552938213488719,
        "shiftMinutes": 600.0
      }
    }
  },
  "bevCartMetrics": null,
  "hasRunners": true,
  "hasBevCart": false
}