{
  "simulation_id": "delivery_dynamic_06",
  "runner_id": "runner_1",
  "revenue_per_round": 33.333333333333336,
  "orders_per_runner_hour": 2.8747822831226304,
  "on_time_rate": 0.6,
  "delivery_cycle_time_p90": 58.74118814639435,
  "delivery_cycle_time_avg": 28.465014844741038,
  "failed_rate": 0.0,
  "second_runner_break_even_orders": 6.957048579788696,
  "queue_wait_avg": 16.840350877192982,
  "runner_utilization_driving_pct": 28.58818383005038,
  "runner_utilization_prep_pct": 0.0,
  "runner_utilization_idle_pct": 71.41181616994962,
  "distance_per_delivery_avg": 1776.0106882135494,
  "zone_service_times": {
    "hole_9": 19.322150224361085,
    "hole_7": 13.224930673433482,
    "hole_17": 31.425320536442484,
    "hole_16": 36.79382619384681,
    "hole_14": 13.632046815038484,
    "hole_2": 20.531262974450147,
    "hole_8": 47.73194702486703,
    "hole_11": 33.055140164295125,
    "hole_15": 60.975855176630105,
    "hole_-1": 18.343226989657403,
    "hole_18": 19.66733071892886
  },
  "total_revenue": 600.0,
  "total_orders": 20,
  "successful_orders": 20,
  "failed_orders": 0,
  "total_rounds": 18,
  "active_runner_hours": 6.957048579788696
}