{
  "simulation_id": "delivery_dynamic_05",
  "runner_id": "3_runners",
  "revenue_per_round": 35.294117647058826,
  "orders_per_runner_hour": 2.7129902439307907,
  "on_time_rate": 1.0,
  "delivery_cycle_time_p90": 17.70964726318668,
  "delivery_cycle_time_avg": 13.865179291339711,
  "failed_rate": 0.0,
  "second_runner_break_even_orders": 7.371939521250341,
  "queue_wait_avg": 0.2791666666666667,
  "runner_utilization_driving_pct": 37.19138528664369,
  "runner_utilization_prep_pct": 0.0,
  "runner_utilization_idle_pct": 62.80861471335631,
  "distance_per_delivery_avg": 1223.6602418901423,
  "zone_service_times": {
    "hole_18": 11.571891621439544,
    "hole_16": 17.632236500319777,
    "hole_17": 14.654744368380136,
    "hole_10": 11.90017114982131,
    "hole_9": 14.330407639223207,
    "hole_15": 17.48635626385318
  },
  "total_revenue": 600.0,
  "total_orders": 20,
  "successful_orders": 20,
  "failed_orders": 0,
  "total_rounds": 17,
  "active_runner_hours": 7.371939521250341
}