{
  "simulation_id": "delivery_dynamic_07",
  "runner_id": "3_runners",
  "revenue_per_round": 39.130434782608695,
  "orders_per_runner_hour": 4.0219188220666595,
  "on_time_rate": 1.0,
  "delivery_cycle_time_p90": 21.801472114515057,
  "delivery_cycle_time_avg": 14.957284404756304,
  "failed_rate": 0.0,
  "second_runner_break_even_orders": 7.459126185094039,
  "queue_wait_avg": 1.1681818181818182,
  "runner_utilization_driving_pct": 77.49523812527744,
  "runner_utilization_prep_pct": 0.0,
  "runner_utilization_idle_pct": 22.50476187472256,
  "distance_per_delivery_avg": 1377.8075599981184,
  "zone_service_times": {
    "hole_13": 15.841803451735238,
    "hole_10": 12.704532375641005,
    "hole_8": 13.66312536069466,
    "hole_15": 13.009367938591792,
    "hole_9": 11.743763646947992,
    "hole_18": 17.312659806629746,
    "hole_11": 17.695052538310485,
    "hole_14": 21.868271522824035,
    "hole_16": 15.543682589782959,
    "hole_17": 14.044864155806621,
    "hole_4": 21.64858167757668,
    "hole_12": 16.570582341897413,
    "hole_-1": 14.169803242713533
  },
  "total_revenue": 900.0,
  "total_orders": 30,
  "successful_orders": 30,
  "failed_orders": 0,
  "total_rounds": 23,
  "active_runner_hours": 7.45912618509404
}