{
  "simulation_id": "delivery_dynamic_04",
  "runner_id": "3_runners",
  "revenue_per_round": 40.0,
  "orders_per_runner_hour": 5.401886409210909,
  "on_time_rate": 0.85,
  "delivery_cycle_time_p90": 33.01391172879245,
  "delivery_cycle_time_avg": 21.195277905782195,
  "failed_rate": 0.0,
  "second_runner_break_even_orders": 7.40482064409849,
  "queue_wait_avg": 8.13494623655914,
  "runner_utilization_driving_pct": 100.0,
  "runner_utilization_prep_pct": 0.0,
  "runner_utilization_idle_pct": 0.0,
  "distance_per_delivery_avg": 1643.2733763428166,
  "zone_service_times": {
    "hole_9": 16.767159932560364,
    "hole_2": 23.05991245396417,
    "hole_18": 17.780172185358534,
    "hole_14": 20.493547689292335,
    "hole_6": 21.50647080350908,
    "hole_-1": 26.876896839894833,
    "hole_15": 24.59845843747856,
    "hole_4": 23.825299276449933,
    "hole_11": 34.62244756921494,
    "hole_10": 32.3409777500667,
    "hole_5": 29.20586185766136,
    "hole_7": 15.979437964674132,
    "hole_8": 13.466136749059174,
    "hole_16": 12.905060636990068
  },
  "total_revenue": 1200.0,
  "total_orders": 40,
  "successful_orders": 40,
  "failed_orders": 0,
  "total_rounds": 30,
  "active_runner_hours": 7.40482064409849
}