{
  "simulation_id": "delivery_dynamic_02",
  "runner_id": "3_runners",
  "revenue_per_round": 50.689655172413794,
  "orders_per_runner_hour": 6.757780269009745,
  "on_time_rate": 0.7346938775510204,
  "delivery_cycle_time_p90": 34.54389938603387,
  "delivery_cycle_time_avg": 23.20662614975201,
  "failed_rate": 0.0,
  "second_runner_break_even_orders": 7.250901634773077,
  "queue_wait_avg": 9.572826086956521,
  "runner_utilization_driving_pct": 100.0,
  "runner_utilization_prep_pct": 0.0,
  "runner_utilization_idle_pct": 0.0,
  "distance_per_delivery_avg": 1417.8835291738187,
  "zone_service_times": {
    "hole_8": 14.489514029345308,
    "hole_14": 24.36248917004552,
    "hole_18": 23.667900845418533,
    "hole_17": 25.48558042932505,
    "hole_12": 17.60017068848525,
    "hole_16": 24.73944530054826,
    "hole_15": 23.659557568335018,
    "hole_10": 20.21158612950491,
    "hole_13": 27.05795593174738,
    "hole_11": 40.32566985634476,
    "hole_9": 30.108525675761364
  },
  "total_revenue": 1470.0,
  "total_orders": 50,
  "successful_orders": 49,
  "failed_orders": 0,
  "total_rounds": 29,
  "active_runner_hours": 7.250901634773077
}