{
  "variantKey": "front_mid",
  "blockedHoles": [
    1,
    2,
    3,
    4,
    5,
    6
  ],
  "deliveryMetrics": {
    "totalOrders": 50,
    "successfulDeliveries": 49,
    "failedDeliveries": 0,
    "avgOrderTime": 23.20662614975201,
    "onTimePercentage": 73.46938775510205,
    "revenue": 1500.0,
    "ordersPerRunnerHour": 4.9,
    "lateOrders": 13,
    "runnerUtilizationPct": 24.979545788610626,
    "totalRunnerDriveMinutes": 449.6318241949913,
    "totalRunnerShiftMinutes": 1800.0,
    "runnerUtilizationByRunner": {
      "runner_1": {
        "driveMinutes": 185.2092602231437,
        "utilizationPct": 30.868210037190618,
        "shiftMinutes": 600.0
      },
      "runner_2": {
        "driveMinutes": 127.88645841997331,
        "utilizationPct": 21.314409736662217,
        "shiftMinutes": 600.0
      },
      "runner_3": {
        "driveMinutes": 136.53610555187436,
        "utilizationPct": 22.75601759197906,
        "shiftMinutes": 600.0
      }
    }
  },
  "bevCartMetrics": null,
  "hasRunners": true,
  "hasBevCart": false
}