{
  "simulation_id": "delivery_dynamic_02",
  "runner_id": "2_runners",
  "revenue_per_round": 34.61538461538461,
  "orders_per_runner_hour": 4.215392330256071,
  "on_time_rate": 0.7333333333333333,
  "delivery_cycle_time_p90": 35.779354486322816,
  "delivery_cycle_time_avg": 22.316003511141943,
  "failed_rate": 0.0,
  "second_runner_break_even_orders": 7.116775296257561,
  "queue_wait_avg": 9.048214285714286,
  "runner_utilization_driving_pct": 77.93716445703764,
  "runner_utilization_prep_pct": 0.0,
  "runner_utilization_idle_pct": 22.06283554296236,
  "distance_per_delivery_avg": 1300.657179743691,
  "zone_service_times": {
    "hole_10": 19.798927064468245,
    "hole_8": 18.52594330258383,
    "hole_12": 35.820764753051236,
    "hole_6": 26.586685833289266,
    "hole_18": 25.502723571255785,
    "hole_17": 20.80195656105719,
    "hole_16": 23.623903159395194,
    "hole_9": 30.672074305889904,
    "hole_11": 16.96066906876434,
    "hole_15": 17.955428710680767,
    "hole_-1": 21.204136823072744
  },
  "total_revenue": 900.0,
  "total_orders": 30,
  "successful_orders": 30,
  "failed_orders": 0,
  "total_rounds": 26,
  "active_runner_hours": 7.116775296257561
}