{
  "simulation_id": "delivery_dynamic_02",
  "runner_id": "2_runners",
  "revenue_per_round": 42.857142857142854,
  "orders_per_runner_hour": 4.063062595029916,
  "on_time_rate": 0.6,
  "delivery_cycle_time_p90": 46.223549808698074,
  "delivery_cycle_time_avg": 27.496595306948638,
  "failed_rate": 0.0,
  "second_runner_break_even_orders": 7.383592868270617,
  "queue_wait_avg": 12.959523809523809,
  "runner_utilization_driving_pct": 85.2131181826666,
  "runner_utilization_prep_pct": 0.0,
  "runner_utilization_idle_pct": 14.786881817333395,
  "distance_per_delivery_avg": 1814.7493564680753,
  "zone_service_times": {
    "hole_7": 15.863652743872384,
    "hole_17": 13.964705443853624,
    "hole_9": 22.919781758754667,
    "hole_5": 35.62478514683222,
    "hole_15": 19.638802948155536,
    "hole_2": 21.92744004408038,
    "hole_8": 25.739016676231977,
    "hole_-1": 33.866215690600995,
    "hole_18": 24.842944447715976,
    "hole_6": 36.35413280195886,
    "hole_4": 39.97453856549488,
    "hole_16": 13.113831317715267,
    "hole_12": 25.983418084129212,
    "hole_3": 34.98945914345507
  },
  "total_revenue": 900.0,
  "total_orders": 30,
  "successful_orders": 30,
  "failed_orders": 0,
  "total_rounds": 21,
  "active_runner_hours": 7.383592868270617
}