{
  "simulation_id": "delivery_dynamic_04",
  "runner_id": "runner_1",
  "revenue_per_round": 26.666666666666668,
  "orders_per_runner_hour": 2.1739950934138514,
  "on_time_rate": 0.1875,
  "delivery_cycle_time_p90": 57.924336077271775,
  "delivery_cycle_time_avg": 41.80219311835814,
  "failed_rate": 0.15,
  "second_runner_break_even_orders": 7.3597222222222225,
  "queue_wait_avg": 26.996875,
  "runner_utilization_driving_pct": 45.17927250713974,
  "runner_utilization_prep_pct": 0.0,
  "runner_utilization_idle_pct": 54.82072749286026,
  "distance_per_delivery_avg": 1614.5868877683333,
  "zone_service_times": {
    "hole_13": 15.900136785068572,
    "hole_9": 48.31557477617403,
    "hole_12": 52.24461098853186,
    "hole_7": 48.059288234831186,
    "hole_-1": 47.21995239545039,
    "hole_14": 36.061260172201706,
    "hole_18": 51.794723764546625,
    "hole_3": 28.255643450032768,
    "hole_11": 14.583825588288528,
    "hole_4": 38.466944106400966,
    "hole_6": 44.617464300422945
  },
  "total_revenue": 480.0,
  "total_orders": 20,
  "successful_orders": 16,
  "failed_orders": 3,
  "total_rounds": 18,
  "active_runner_hours": 7.3597222222222225
}