{
  "simulation_id": "delivery_dynamic_02",
  "runner_id": "2_runners",
  "revenue_per_round": 35.294117647058826,
  "orders_per_runner_hour": 2.9035339797844157,
  "on_time_rate": 1.0,
  "delivery_cycle_time_p90": 23.033713749776506,
  "delivery_cycle_time_avg": 16.67210547343426,
  "failed_rate": 0.0,
  "second_runner_break_even_orders": 6.888157720642544,
  "queue_wait_avg": 2.1425925925925924,
  "runner_utilization_driving_pct": 46.57619115490428,
  "runner_utilization_prep_pct": 0.0,
  "runner_utilization_idle_pct": 53.42380884509572,
  "distance_per_delivery_avg": 1593.9074390739095,
  "zone_service_times": {
    "hole_9": 11.908525675761362,
    "hole_16": 17.65723649272853,
    "hole_8": 14.280218263714112,
    "hole_18": 15.251519962988864,
    "hole_14": 20.1012573402145,
    "hole_2": 14.335831798488753,
    "hole_17": 16.1659983054333,
    "hole_15": 18.14823504693559,
    "hole_13": 23.39625406507654,
    "hole_1": 12.811345374302194
  },
  "total_revenue": 600.0,
  "total_orders": 20,
  "successful_orders": 20,
  "failed_orders": 0,
  "total_rounds": 17,
  "active_runner_hours": 6.888157720642545
}