{
  "simulation_id": "delivery_dynamic_01",
  "runner_id": "2_runners",
  "revenue_per_round": 28.46153846153846,
  "orders_per_runner_hour": 5.244094488188977,
  "on_time_rate": 0.40540540540540543,
  "delivery_cycle_time_p90": 58.78473472183659,
  "delivery_cycle_time_avg": 35.21576038767694,
  "failed_rate": 0.22,
  "second_runner_break_even_orders": 7.055555555555555,
  "queue_wait_avg": 22.5125,
  "runner_utilization_driving_pct": 80.12593724662518,
  "runner_utilization_prep_pct": 0.0,
  "runner_utilization_idle_pct": 19.874062753374815,
  "distance_per_delivery_avg": 1112.7333280972857,
  "zone_service_times": {
    "hole_9": 25.794246335505402,
    "hole_2": 22.530109070995028,
    "hole_18": 25.86150623975883,
    "hole_16": 41.66055869998098,
    "hole_15": 26.513665073978142,
    "hole_-1": 41.621167770844615,
    "hole_10": 38.34881189014056,
    "hole_13": 66.1974928496092,
    "hole_11": 61.4660862496036,
    "hole_6": 62.646430401898456,
    "hole_7": 56.33468152552244,
    "hole_12": 51.931553763745555,
    "hole_3": 26.655643450032706,
    "hole_17": 27.071716604534718,
    "hole_14": 15.101604856157428
  },
  "total_revenue": 1110.0,
  "total_orders": 50,
  "successful_orders": 37,
  "failed_orders": 11,
  "total_rounds": 39,
  "active_runner_hours": 7.055555555555555
}