{
  "simulation_id": "delivery_dynamic_10",
  "runner_id": "3_runners",
  "revenue_per_round": 40.714285714285715,
  "orders_per_runner_hour": 5.273708494598422,
  "on_time_rate": 0.8157894736842105,
  "delivery_cycle_time_p90": 34.79876996753363,
  "delivery_cycle_time_avg": 21.822987441884912,
  "failed_rate": 0.0,
  "second_runner_break_even_orders": 7.205555642470829,
  "queue_wait_avg": 6.3375,
  "runner_utilization_driving_pct": 99.61002169333621,
  "runner_utilization_prep_pct": 0.0,
  "runner_utilization_idle_pct": 0.3899783066637923,
  "distance_per_delivery_avg": 1955.1974646838567,
  "zone_service_times": {
    "hole_16": 12.914273718066093,
    "hole_15": 21.25105732410201,
    "hole_7": 19.282684042078472,
    "hole_4": 25.6789573893236,
    "hole_5": 35.87244821289328,
    "hole_18": 22.753651771151066,
    "hole_11": 21.99575401288914,
    "hole_13": 21.28074432109082,
    "hole_3": 21.8106389829836,
    "hole_12": 18.951294702514588,
    "hole_14": 14.929693649929323,
    "hole_-1": 10.485610633326907,
    "hole_6": 18.418386340254923
  },
  "total_revenue": 1140.0,
  "total_orders": 40,
  "successful_orders": 38,
  "failed_orders": 0,
  "total_rounds": 28,
  "active_runner_hours": 7.205555642470829
}