{
  "variantKey": "none",
  "blockedHoles": [],
  "deliveryMetrics": {
    "totalOrders": 40,
    "successfulDeliveries": 38,
    "failedDeliveries": 0,
    "avgOrderTime": 21.82298744188491,
    "onTimePercentage": 81.57894736842105,
    "revenue": 1200.0,
    "ordersPerRunnerHour": 3.8,
    "lateOrders": 7,
    "runnerUtilizationPct": 23.924851795302015,
    "totalRunnerDriveMinutes": 430.6473323154363,
    "totalRunnerShiftMinutes": 1800.0,
    "runnerUtilizationByRunner": {
      "runner_1": {
        "driveMinutes": 153.88561308975898,
        "utilizationPct": 25.647602181626496,
        "shiftMinutes": 600.0
      },
      "runner_2": {
        "driveMinutes": 150.20341395774804,
        "utilizationPct": 25.03390232629134,
        "shiftMinutes": 600.0
      },
      "runner_3": {
        "driveMinutes": 126.55830526792919,
        "utilizationPct": 21.093050877988198,
        "shiftMinutes": 600.0
      }
    }
  },
  "bevCartMetrics": null,
  "hasRunners": true,
  "hasBevCart": false
}