{
  "simulation_id": "delivery_dynamic_08",
  "runner_id": "2_runners",
  "revenue_per_round": 33.63636363636363,
  "orders_per_runner_hour": 5.033062535424145,
  "on_time_rate": 0.32432432432432434,
  "delivery_cycle_time_p90": 57.679065067801616,
  "delivery_cycle_time_avg": 37.199895414174975,
  "failed_rate": 0.22,
  "second_runner_break_even_orders": 7.351388888888889,
  "queue_wait_avg": 24.457407407407405,
  "runner_utilization_driving_pct": 87.38785713545066,
  "runner_utilization_prep_pct": 0.0,
  "runner_utilization_idle_pct": 12.612142864549341,
  "distance_per_delivery_avg": 1143.5756699735998,
  "zone_service_times": {
    "hole_15": 26.72618283285996,
    "hole_3": 21.37715913340562,
    "hole_9": 33.46726441609392,
    "hole_18": 37.47047319764685,
    "hole_4": 42.126599622284814,
    "hole_-1": 44.44495239545039,
    "hole_16": 44.38049798438193,
    "hole_11": 41.24208344339799,
    "hole_14": 41.07075329064291,
    "hole_8": 51.41124616949728,
    "hole_6": 65.00344162023963,
    "hole_12": 50.019046823504205,
    "hole_7": 14.951348192189107,
    "hole_13": 22.763571108564793,
    "hole_10": 26.402454594933808
  },
  "total_revenue": 1110.0,
  "total_orders": 50,
  "successful_orders": 37,
  "failed_orders": 11,
  "total_rounds": 33,
  "active_runner_hours": 7.351388888888889
}