{
  "simulation_id": "delivery_dynamic_04",
  "runner_id": "3_runners",
  "revenue_per_round": 44.44444444444444,
  "orders_per_runner_hour": 5.4663305423546875,
  "on_time_rate": 1.0,
  "delivery_cycle_time_p90": 24.984559149626893,
  "delivery_cycle_time_avg": 16.378730922788094,
  "failed_rate": 0.0,
  "second_runner_break_even_orders": 7.317523097088366,
  "queue_wait_avg": 3.2373873873873875,
  "runner_utilization_driving_pct": 89.94157081629758,
  "runner_utilization_prep_pct": 0.0,
  "runner_utilization_idle_pct": 10.058429183702415,
  "distance_per_delivery_avg": 1137.0735900568009,
  "zone_service_times": {
    "hole_11": 15.608950248070347,
    "hole_15": 14.941546558458285,
    "hole_13": 15.419606132336897,
    "hole_14": 16.510832606983467,
    "hole_-1": 20.568423190574094,
    "hole_18": 12.62955325553418,
    "hole_10": 15.719842661132862,
    "hole_16": 18.384601283405875,
    "hole_9": 16.596115753704876,
    "hole_17": 18.86111140568644,
    "hole_12": 17.501622480224768,
    "hole_7": 14.559653103053643,
    "hole_8": 13.787464049707948
  },
  "total_revenue": 1200.0,
  "total_orders": 40,
  "successful_orders": 40,
  "failed_orders": 0,
  "total_rounds": 27,
  "active_runner_hours": 7.317523097088366
}