{
  "variantKey": "front_mid_back",
  "blockedHoles": [
    1,
    2,
    3,
    4,
    5,
    6,
    10,
    11,
    12
  ],
  "deliveryMetrics": {
    "totalOrders": 50,
    "successfulDeliveries": 50,
    "failedDeliveries": 0,
    "avgOrderTime": 18.250791638380356,
    "onTimePercentage": 94.0,
    "revenue": 1500.0,
    "ordersPerRunnerHour": 5.0,
    "lateOrders": 3,
    "runnerUtilizationPct": 26.53341592671791,
    "totalRunnerDriveMinutes": 477.60148668092245,
    "totalRunnerShiftMinutes": 1800.0,
    "runnerUtilizationByRunner": {
      "runner_2": {
        "driveMinutes": 160.9559681717873,
        "utilizationPct": 26.825994695297883,
        "shiftMinutes": 600.0
      },
      "runner_1": {
        "driveMinutes": 172.8588285965507,
        "utilizationPct": 28.809804766091784,
        "shiftMinutes": 600.0
      },
      "runner_3": {
        "driveMinutes": 143.78668991258468,
        "utilizationPct": 23.964448318764113,
        "shiftMinutes": 600.0
      }
    }
  },
  "bevCartMetrics": null,
  "hasRunners": true,
  "hasBevCart": false
}