{
  "simulation_id": "delivery_dynamic_04",
  "runner_id": "2_runners",
  "revenue_per_round": 32.72727272727273,
  "orders_per_runner_hour": 5.181593932633647,
  "on_time_rate": 0.5833333333333334,
  "delivery_cycle_time_p90": 61.37139897773936,
  "delivery_cycle_time_avg": 31.453510120448815,
  "failed_rate": 0.1,
  "second_runner_break_even_orders": 6.947669089480792,
  "queue_wait_avg": 18.0510101010101,
  "runner_utilization_driving_pct": 93.77935253144325,
  "runner_utilization_prep_pct": 0.0,
  "runner_utilization_idle_pct": 6.2206474685567485,
  "distance_per_delivery_avg": 1648.668289359691,
  "zone_service_times": {
    "hole_17": 23.433822144037265,
    "hole_10": 15.834787432881482,
    "hole_-1": 32.44719735017155,
    "hole_8": 13.652471357190189,
    "hole_11": 30.125669856344757,
    "hole_6": 46.9850643169913,
    "hole_12": 53.39355104365229,
    "hole_14": 61.3376682394973,
    "hole_7": 62.13512330670498,
    "hole_13": 61.45010403363752,
    "hole_15": 62.18405991096715,
    "hole_3": 24.295296928050206,
    "hole_18": 16.061468364887908,
    "hole_1": 13.093716231533138,
    "hole_9": 18.267929430489342,
    "hole_4": 27.03650238024723
  },
  "total_revenue": 1080.0,
  "total_orders": 40,
  "successful_orders": 36,
  "failed_orders": 4,
  "total_rounds": 33,
  "active_runner_hours": 6.947669089480791
}