{
  "simulation_id": "delivery_dynamic_01",
  "runner_id": "runner_1",
  "revenue_per_round": 16.153846153846153,
  "orders_per_runner_hour": 1.995249406175772,
  "on_time_rate": 0.07142857142857142,
  "delivery_cycle_time_p90": 60.152699193273165,
  "delivery_cycle_time_avg": 45.447484416658796,
  "failed_rate": 0.525,
  "second_runner_break_even_orders": 7.016666666666667,
  "queue_wait_avg": 32.56547619047619,
  "runner_utilization_driving_pct": 34.185164783369366,
  "runner_utilization_prep_pct": 0.0,
  "runner_utilization_idle_pct": 65.81483521663063,
  "distance_per_delivery_avg": 968.3547639973547,
  "zone_service_times": {
    "hole_10": 12.428776756335841,
    "hole_11": 31.771374814833628,
    "hole_8": 54.5227470684728,
    "hole_15": 56.2501733730461,
    "hole_-1": 49.660230173228165,
    "hole_9": 44.332402748940694,
    "hole_16": 40.32899483422546,
    "hole_7": 36.24605943566433,
    "hole_12": 60.35766821331818,
    "hole_14": 45.135490522427304
  },
  "total_revenue": 420.0,
  "total_orders": 40,
  "successful_orders": 14,
  "failed_orders": 21,
  "total_rounds": 26,
  "active_runner_hours": 7.016666666666667
}