{
  "simulation_id": "delivery_dynamic_09",
  "runner_id": "3_runners",
  "revenue_per_round": 44.44444444444444,
  "orders_per_runner_hour": 5.541614378248306,
  "on_time_rate": 0.85,
  "delivery_cycle_time_p90": 31.68534112993113,
  "delivery_cycle_time_avg": 19.038318709165047,
  "failed_rate": 0.0,
  "second_runner_break_even_orders": 7.218113219318578,
  "queue_wait_avg": 5.817142857142858,
  "runner_utilization_driving_pct": 100.0,
  "runner_utilization_prep_pct": 0.0,
  "runner_utilization_idle_pct": 0.0,
  "distance_per_delivery_avg": 1326.6350862794561,
  "zone_service_times": {
    "hole_10": 18.51339301492537,
    "hole_7": 17.329157371195226,
    "hole_18": 19.055264792973205,
    "hole_9": 27.986590353162427,
    "hole_6": 18.71973411936627,
    "hole_12": 14.986323550630258,
    "hole_14": 31.841012357551698,
    "hole_8": 16.07190684527279,
    "hole_15": 18.73300398408731,
    "hole_16": 17.48960734715826,
    "hole_11": 13.644237568886698
  },
  "total_revenue": 1200.0,
  "total_orders": 40,
  "successful_orders": 40,
  "failed_orders": 0,
  "total_rounds": 27,
  "active_runner_hours": 7.218113219318578
}