{
  "simulation_id": "delivery_dynamic_09",
  "runner_id": "3_runners",
  "revenue_per_round": 38.70967741935484,
  "orders_per_runner_hour": 5.4269728713379495,
  "on_time_rate": 0.875,
  "delivery_cycle_time_p90": 31.661987484354228,
  "delivery_cycle_time_avg": 19.926492269394803,
  "failed_rate": 0.0,
  "second_runner_break_even_orders": 7.370591478585836,
  "queue_wait_avg": 6.1,
  "runner_utilization_driving_pct": 99.08159513908022,
  "runner_utilization_prep_pct": 0.0,
  "runner_utilization_idle_pct": 0.9184048609197788,
  "distance_per_delivery_avg": 1490.6614025166537,
  "zone_service_times": {
    "hole_14": 18.412361883121456,
    "hole_10": 14.90669754938452,
    "hole_4": 23.41826628895148,
    "hole_17": 28.981339079041724,
    "hole_3": 26.793825800072288,
    "hole_16": 14.219109292989984,
    "hole_7": 25.279178510435514,
    "hole_15": 14.692701279442918,
    "hole_18": 20.053155258004175,
    "hole_9": 17.847207406976956,
    "hole_-1": 23.757571510337403,
    "hole_5": 34.8639812499979,
    "hole_8": 13.769558815312212,
    "hole_6": 20.03519619030843,
    "hole_2": 23.051143407814138
  },
  "total_revenue": 1200.0,
  "total_orders": 40,
  "successful_orders": 40,
  "failed_orders": 0,
  "total_rounds": 31,
  "active_runner_hours": 7.370591478585836
}