{
  "simulation_id": "delivery_dynamic_02",
  "runner_id": "runner_1",
  "revenue_per_round": 31.666666666666668,
  "orders_per_runner_hour": 2.692708181052123,
  "on_time_rate": 0.47368421052631576,
  "delivery_cycle_time_p90": 56.98106350656151,
  "delivery_cycle_time_avg": 33.47289098777968,
  "failed_rate": 0.05,
  "second_runner_break_even_orders": 7.056093242371373,
  "queue_wait_avg": 20.95,
  "runner_utilization_driving_pct": 44.22197870281357,
  "runner_utilization_prep_pct": 0.0,
  "runner_utilization_idle_pct": 55.77802129718643,
  "distance_per_delivery_avg": 847.6913718939686,
  "zone_service_times": {
    "hole_10": 11.433003749085705,
    "hole_6": 33.125397233908735,
    "hole_18": 31.552600025511737,
    "hole_9": 29.702651234125824,
    "hole_-1": 43.23384128433928,
    "hole_12": 57.89778934475422,
    "hole_7": 36.576425575713195,
    "hole_8": 21.370964437398168,
    "hole_16": 13.477853572061456,
    "hole_17": 20.784642161329977
  },
  "total_revenue": 570.0,
  "total_orders": 20,
  "successful_orders": 19,
  "failed_orders": 1,
  "total_rounds": 18,
  "active_runner_hours": 7.056093242371373
}