{
  "simulation_id": "delivery_dynamic_03",
  "runner_id": "runner_1",
  "revenue_per_round": 13.714285714285714,
  "orders_per_runner_hour": 2.252199413489736,
  "on_time_rate": 0.1875,
  "delivery_cycle_time_p90": 65.39972389031497,
  "delivery_cycle_time_avg": 48.04922066870598,
  "failed_rate": 0.56,
  "second_runner_break_even_orders": 7.104166666666668,
  "queue_wait_avg": 34.65416666666667,
  "runner_utilization_driving_pct": 35.64572707370713,
  "runner_utilization_prep_pct": 0.0,
  "runner_utilization_idle_pct": 64.35427292629288,
  "distance_per_delivery_avg": 1140.738144685214,
  "zone_service_times": {
    "hole_10": 40.19366730604952,
    "hole_8": 33.62186282656233,
    "hole_18": 51.11233840868789,
    "hole_7": 57.26249070452856,
    "hole_12": 59.42172722082517,
    "hole_15": 62.299654094055704,
    "hole_14": 65.4248508472242,
    "hole_17": 19.958838285755096,
    "hole_9": 29.230561911532398
  },
  "total_revenue": 480.0,
  "total_orders": 50,
  "successful_orders": 16,
  "failed_orders": 28,
  "total_rounds": 35,
  "active_runner_hours": 7.104166666666667
}