{
  "simulation_id": "delivery_dynamic_02",
  "runner_id": "2_runners",
  "revenue_per_round": 45.0,
  "orders_per_runner_hour": 4.23857328432858,
  "on_time_rate": 0.9333333333333333,
  "delivery_cycle_time_p90": 28.704524922668373,
  "delivery_cycle_time_avg": 15.915152411290313,
  "failed_rate": 0.0,
  "second_runner_break_even_orders": 7.077853321758059,
  "queue_wait_avg": 3.6064102564102565,
  "runner_utilization_driving_pct": 54.18697511791514,
  "runner_utilization_prep_pct": 0.0,
  "runner_utilization_idle_pct": 45.81302488208486,
  "distance_per_delivery_avg": 937.3045435268787,
  "zone_service_times": {
    "hole_17": 17.940646847799314,
    "hole_9": 13.715942995992858,
    "hole_10": 11.660165740317446,
    "hole_18": 13.526882723448573,
    "hole_12": 31.69514505756912,
    "hole_16": 17.673903159395195,
    "hole_13": 16.78151187828201,
    "hole_11": 13.026373219765325
  },
  "total_revenue": 900.0,
  "total_orders": 30,
  "successful_orders": 30,
  "failed_orders": 0,
  "total_rounds": 20,
  "active_runner_hours": 7.077853321758058
}