{
  "simulation_id": "delivery_dynamic_06",
  "runner_id": "2_runners",
  "revenue_per_round": 39.54545454545455,
  "orders_per_runner_hour": 3.996824238382099,
  "on_time_rate": 0.8620689655172413,
  "delivery_cycle_time_p90": 33.954708148166965,
  "delivery_cycle_time_avg": 20.162796860618922,
  "failed_rate": 0.0,
  "second_runner_break_even_orders": 7.255760641538519,
  "queue_wait_avg": 6.196428571428571,
  "runner_utilization_driving_pct": 66.1285539971477,
  "runner_utilization_prep_pct": 0.0,
  "runner_utilization_idle_pct": 33.871446002852295,
  "distance_per_delivery_avg": 1404.4928486162355,
  "zone_service_times": {
    "hole_15": 16.674160989647277,
    "hole_6": 18.754479808085307,
    "hole_18": 22.455901702172028,
    "hole_10": 11.623348239846685,
    "hole_13": 15.324512880284388,
    "hole_17": 24.4049182476753,
    "hole_11": 33.954708148166965,
    "hole_9": 24.232725297733204,
    "hole_14": 14.681804200430982,
    "hole_7": 15.282037251150722,
    "hole_8": 13.597119735764378
  },
  "total_revenue": 870.0,
  "total_orders": 30,
  "successful_orders": 29,
  "failed_orders": 0,
  "total_rounds": 22,
  "active_runner_hours": 7.255760641538519
}