{
  "simulation_id": "delivery_dynamic_05",
  "runner_id": "runner_1",
  "revenue_per_round": 28.333333333333332,
  "orders_per_runner_hour": 2.4118226600985224,
  "on_time_rate": 0.4117647058823529,
  "delivery_cycle_time_p90": 56.58773017322817,
  "delivery_cycle_time_avg": 35.986966004629515,
  "failed_rate": 0.1,
  "second_runner_break_even_orders": 7.048611111111111,
  "queue_wait_avg": 22.776041666666668,
  "runner_utilization_driving_pct": 43.62670641692034,
  "runner_utilization_prep_pct": 0.0,
  "runner_utilization_idle_pct": 56.37329358307966,
  "distance_per_delivery_avg": 1529.0323422614006,
  "zone_service_times": {
    "hole_2": 21.927440044080353,
    "hole_7": 17.711010770601266,
    "hole_14": 40.87969364992932,
    "hole_-1": 43.21023017322817,
    "hole_9": 51.28914900096182,
    "hole_6": 45.39213553285427,
    "hole_16": 32.5506937637374,
    "hole_18": 26.625873765928826,
    "hole_11": 50.12137481483363,
    "hole_12": 23.93571349017087
  },
  "total_revenue": 510.0,
  "total_orders": 20,
  "successful_orders": 17,
  "failed_orders": 2,
  "total_rounds": 18,
  "active_runner_hours": 7.048611111111111
}