{
  "simulation_id": "delivery_dynamic_07",
  "runner_id": "2_runners",
  "revenue_per_round": 35.294117647058826,
  "orders_per_runner_hour": 2.7707425823091874,
  "on_time_rate": 1.0,
  "delivery_cycle_time_p90": 24.82322063131081,
  "delivery_cycle_time_avg": 17.09691009367003,
  "failed_rate": 0.0,
  "second_runner_break_even_orders": 7.218281527738182,
  "queue_wait_avg": 2.4958333333333336,
  "runner_utilization_driving_pct": 47.19170810384076,
  "runner_utilization_prep_pct": 0.0,
  "runner_utilization_idle_pct": 52.80829189615924,
  "distance_per_delivery_avg": 1713.6817914731325,
  "zone_service_times": {
    "hole_17": 15.61569865932566,
    "hole_3": 17.597221912348385,
    "hole_11": 13.660904235553366,
    "hole_10": 24.85874152466707,
    "hole_18": 14.555306261947626,
    "hole_9": 12.628636825344255,
    "hole_15": 28.09823504693559,
    "hole_7": 17.036046945837278,
    "hole_6": 19.870126492447948,
    "hole_14": 16.31643077890082,
    "hole_4": 19.575396240952976,
    "hole_-1": 20.02108897753484
  },
  "total_revenue": 600.0,
  "total_orders": 20,
  "successful_orders": 20,
  "failed_orders": 0,
  "total_rounds": 17,
  "active_runner_hours": 7.218281527738183
}