{
  "simulation_id": "delivery_dynamic_05",
  "runner_id": "3_runners",
  "revenue_per_round": 37.5,
  "orders_per_runner_hour": 4.1893748002913185,
  "on_time_rate": 1.0,
  "delivery_cycle_time_p90": 20.02432606235949,
  "delivery_cycle_time_avg": 14.479983415977717,
  "failed_rate": 0.0,
  "second_runner_break_even_orders": 7.160973040157179,
  "queue_wait_avg": 0.5368055555555555,
  "runner_utilization_driving_pct": 73.44527678571153,
  "runner_utilization_prep_pct": 0.0,
  "runner_utilization_idle_pct": 26.554723214288472,
  "distance_per_delivery_avg": 1360.9810944351798,
  "zone_service_times": {
    "hole_9": 13.623693598632608,
    "hole_7": 16.592051783854792,
    "hole_18": 11.704312698874734,
    "hole_17": 13.739903620454788,
    "hole_6": 19.22510669284969,
    "hole_10": 12.70920130740745,
    "hole_16": 17.48960734715826,
    "hole_11": 13.644237568886698,
    "hole_-1": 20.304760831009723,
    "hole_15": 17.9513508887665,
    "hole_8": 14.037107774994487
  },
  "total_revenue": 900.0,
  "total_orders": 30,
  "successful_orders": 30,
  "failed_orders": 0,
  "total_rounds": 24,
  "active_runner_hours": 7.160973040157179
}