{
  "variantKey": "mid_back",
  "blockedHoles": [
    4,
    5,
    6,
    10,
    11,
    12
  ],
  "deliveryMetrics": {
    "totalOrders": 20,
    "successfulDeliveries": 20,
    "failedDeliveries": 0,
    "avgOrderTime": 15.403778592179181,
    "onTimePercentage": 100.0,
    "revenue": 600.0,
    "ordersPerRunnerHour": 2.0,
    "lateOrders": 0,
    "runnerUtilizationPct": 10.740177271733483,
    "totalRunnerDriveMinutes": 193.32319089120267,
    "totalRunnerShiftMinutes": 1800.0,
    "runnerUtilizationByRunner": {
      "runner_1": {
        "driveMinutes": 101.77100002233114,
        "utilizationPct": 16.96183333705519,
        "shiftMinutes": 600.0
      },
      "runner_2": {
        "driveMinutes": 67.86353731835969,
        "utilizationPct": 11.310589553059948,
        "shiftMinutes": 600.0
      },
      "runner_3": {
        "driveMinutes": 23.68865355051183,
        "utilizationPct": 3.948108925085305,
        "shiftMinutes": 600.0
      }
    }
  },
  "bevCartMetrics": null,
  "hasRunners": true,
  "hasBevCart": false
}