{
  "variantKey": "back",
  "blockedHoles": [
    10,
    11,
    12
  ],
  "deliveryMetrics": {
    "totalOrders": 30,
    "successfulDeliveries": 30,
    "failedDeliveries": 0,
    "avgOrderTime": 15.099786056921742,
    "onTimePercentage": 100.0,
    "revenue": 900.0,
    "ordersPerRunnerHour": 3.0,
    "lateOrders": 0,
    "runnerUtilizationPct": 19.160357713917193,
    "totalRunnerDriveMinutes": 344.8864388505095,
    "totalRunnerShiftMinutes": 1800.0,
    "runnerUtilizationByRunner": {
      "runner_1": {
        "driveMinutes": 155.01646056028014,
        "utilizationPct": 25.836076760046687,
        "shiftMinutes": 600.0
      },
      "runner_2": {
        "driveMinutes": 110.82183831061441,
        "utilizationPct": 18.470306385102404,
        "shiftMinutes": 600.0
      },
      "runner_3": {
        "driveMinutes": 79.04813997961485,
        "utilizationPct": 13.174689996602474,
        "shiftMinutes": 600.0
      }
    }
  },
  "bevCartMetrics": null,
  "hasRunners": true,
  "hasBevCart": false
}