{
  "simulation_id": "delivery_dynamic_01",
  "runner_id": "3_runners",
  "revenue_per_round": 42.857142857142854,
  "orders_per_runner_hour": 5.427817501005018,
  "on_time_rate": 0.95,
  "delivery_cycle_time_p90": 27.114314266761824,
  "delivery_cycle_time_avg": 19.278949728285106,
  "failed_rate": 0.0,
  "second_runner_break_even_orders": 7.369444531359718,
  "queue_wait_avg": 5.32952380952381,
  "runner_utilization_driving_pct": 100.0,
  "runner_utilization_prep_pct": 0.0,
  "runner_utilization_idle_pct": 0.0,
  "distance_per_delivery_avg": 1550.8471087037958,
  "zone_service_times": {
    "hole_11": 18.1078473895095,
    "hole_15": 12.826563658187357,
    "hole_6": 18.43553576095012,
    "hole_18": 19.93879477734172,
    "hole_13": 24.44177509420183,
    "hole_12": 23.23222207935695,
    "hole_14": 19.353810244398847,
    "hole_-1": 21.451386342403808,
    "hole_7": 19.743007739123723,
    "hole_9": 21.130903697518047,
    "hole_17": 14.284642161329975,
    "hole_4": 20.29220753810987,
    "hole_16": 12.713867621697318,
    "hole_10": 12.672626848323429
  },
  "total_revenue": 1200.0,
  "total_orders": 40,
  "successful_orders": 40,
  "failed_orders": 0,
  "total_rounds": 28,
  "active_runner_hours": 7.369444531359718
}