{
  "simulation_id": "delivery_dynamic_07",
  "runner_id": "2_runners",
  "revenue_per_round": 37.0,
  "orders_per_runner_hour": 5.069457659372027,
  "on_time_rate": 0.5135135135135135,
  "delivery_cycle_time_p90": 58.340614495401795,
  "delivery_cycle_time_avg": 32.57910811654579,
  "failed_rate": 0.22,
  "second_runner_break_even_orders": 7.298611111111111,
  "queue_wait_avg": 20.391203703703702,
  "runner_utilization_driving_pct": 75.88111465604003,
  "runner_utilization_prep_pct": 0.0,
  "runner_utilization_idle_pct": 24.118885343959974,
  "distance_per_delivery_avg": 920.3100568891157,
  "zone_service_times": {
    "hole_16": 17.724832507939436,
    "hole_9": 27.230618234526265,
    "hole_15": 16.646383213859373,
    "hole_18": 24.837455877860794,
    "hole_-1": 39.885652957557596,
    "hole_17": 44.033752965144046,
    "hole_11": 43.1285672132596,
    "hole_12": 61.05391567523075,
    "hole_8": 13.770797383041343,
    "hole_14": 19.27752601595429,
    "hole_10": 10.434525092190476
  },
  "total_revenue": 1110.0,
  "total_orders": 50,
  "successful_orders": 37,
  "failed_orders": 11,
  "total_rounds": 30,
  "active_runner_hours": 7.298611111111111
}