{
  "simulation_id": "delivery_dynamic_08",
  "runner_id": "2_runners",
  "revenue_per_round": 40.0,
  "orders_per_runner_hour": 2.933656490731951,
  "on_time_rate": 1.0,
  "delivery_cycle_time_p90": 13.790171699939753,
  "delivery_cycle_time_avg": 12.13786709840488,
  "failed_rate": 0.0,
  "second_runner_break_even_orders": 6.817430760276222,
  "queue_wait_avg": 0.4637254901960784,
  "runner_utilization_driving_pct": 22.922344409175,
  "runner_utilization_prep_pct": 0.0,
  "runner_utilization_idle_pct": 77.077655590825,
  "distance_per_delivery_avg": 1255.4643108515104,
  "zone_service_times": {
    "hole_9": 11.4276444536234,
    "hole_10": 10.664961764571263,
    "hole_18": 10.184734505462176,
    "hole_15": 15.391406720072316,
    "hole_17": 12.529787606788432,
    "hole_3": 13.744046240582309,
    "hole_16": 13.79529675097947
  },
  "total_revenue": 600.0,
  "total_orders": 20,
  "successful_orders": 20,
  "failed_orders": 0,
  "total_rounds": 15,
  "active_runner_hours": 6.817430760276222
}