{
  "simulation_id": "delivery_dynamic_10",
  "runner_id": "3_runners",
  "revenue_per_round": 41.666666666666664,
  "orders_per_runner_hour": 6.893340386803928,
  "on_time_rate": 0.94,
  "delivery_cycle_time_p90": 27.76730914103832,
  "delivery_cycle_time_avg": 17.46609288406729,
  "failed_rate": 0.0,
  "second_runner_break_even_orders": 7.253377491080535,
  "queue_wait_avg": 5.996124031007752,
  "runner_utilization_driving_pct": 100.0,
  "runner_utilization_prep_pct": 0.0,
  "runner_utilization_idle_pct": 0.0,
  "distance_per_delivery_avg": 775.9672090466069,
  "zone_service_times": {
    "hole_15": 12.228170080071202,
    "hole_16": 15.467006500891985,
    "hole_9": 17.65523235735392,
    "hole_17": 15.068510183954903,
    "hole_18": 17.011795937258043,
    "hole_10": 24.29616569159197,
    "hole_-1": 19.3132270662066,
    "hole_14": 15.147212049784699,
    "hole_13": 16.034792321974965,
    "hole_8": 14.969809715390914,
    "hole_7": 18.585975315159278
  },
  "total_revenue": 1500.0,
  "total_orders": 50,
  "successful_orders": 50,
  "failed_orders": 0,
  "total_rounds": 36,
  "active_runner_hours": 7.253377491080535
}