{
  "variantKey": "front_mid_back",
  "blockedHoles": [
    1,
    2,
    3,
    4,
    5,
    6,
    10,
    11,
    12
  ],
  "deliveryMetrics": {
    "totalOrders": 50,
    "successfulDeliveries": 50,
    "failedDeliveries": 0,
    "avgOrderTime": 17.46609288406729,
    "onTimePercentage": 94.0,
    "revenue": 1500.0,
    "ordersPerRunnerHour": 5.0,
    "lateOrders": 3,
    "runnerUtilizationPct": 24.999728910768923,
    "totalRunnerDriveMinutes": 449.99512039384064,
    "totalRunnerShiftMinutes": 1800.0,
    "runnerUtilizationByRunner": {
      "runner_1": {
        "driveMinutes": 162.7899551920919,
        "utilizationPct": 27.131659198681984,
        "shiftMinutes": 600.0
      },
      "runner_3": {
        "driveMinutes": 128.98408765181063,
        "utilizationPct": 21.497347941968435,
        "shiftMinutes": 600.0
      },
      "runner_2": {
        "driveMinutes": 158.22107754993823,
        "utilizationPct": 26.370179591656374,
        "shiftMinutes": 600.0
      }
    }
  },
  "bevCartMetrics": null,
  "hasRunners": true,
  "hasBevCart": false
}