{
  "simulation_id": "delivery_dynamic_04",
  "runner_id": "runner_1",
  "revenue_per_round": 15.517241379310345,
  "orders_per_runner_hour": 2.1247294904583907,
  "on_time_rate": 0.2,
  "delivery_cycle_time_p90": 62.37102348038754,
  "delivery_cycle_time_avg": 48.02259010038248,
  "failed_rate": 0.525,
  "second_runner_break_even_orders": 7.059722222222222,
  "queue_wait_avg": 34.53,
  "runner_utilization_driving_pct": 37.38136512881012,
  "runner_utilization_prep_pct": 0.0,
  "runner_utilization_idle_pct": 62.61863487118988,
  "distance_per_delivery_avg": 1173.5102737285158,
  "zone_service_times": {
    "hole_8": 36.19365682662372,
    "hole_18": 42.25285845086489,
    "hole_17": 37.85513135924654,
    "hole_14": 62.95200388654976,
    "hole_9": 42.15267463159671,
    "hole_11": 56.16535704006647,
    "hole_10": 42.878303643640656,
    "hole_12": 59.153135619859675,
    "hole_15": 58.76632076072237
  },
  "total_revenue": 450.0,
  "total_orders": 40,
  "successful_orders": 15,
  "failed_orders": 21,
  "total_rounds": 29,
  "active_runner_hours": 7.059722222222222
}