{
  "simulation_id": "delivery_dynamic_03",
  "runner_id": "2_runners",
  "revenue_per_round": 40.0,
  "orders_per_runner_hour": 2.748801694275743,
  "on_time_rate": 1.0,
  "delivery_cycle_time_p90": 14.757752522975935,
  "delivery_cycle_time_avg": 13.070298112183357,
  "failed_rate": 0.0,
  "second_runner_break_even_orders": 7.275897727234783,
  "queue_wait_avg": 0.6135416666666667,
  "runner_utilization_driving_pct": 26.579478430341574,
  "runner_utilization_prep_pct": 0.0,
  "runner_utilization_idle_pct": 73.42052156965843,
  "distance_per_delivery_avg": 1857.2146407720134,
  "zone_service_times": {
    "hole_13": 13.423467389238038,
    "hole_14": 12.983223252375925,
    "hole_15": 13.687297030678657,
    "hole_9": 11.221223857343254,
    "hole_8": 12.312401373043636,
    "hole_10": 10.93363364130267,
    "hole_18": 14.79995927264672,
    "hole_17": 12.697373240917113,
    "hole_-1": 14.726508189516244,
    "hole_4": 14.751085856309267
  },
  "total_revenue": 600.0,
  "total_orders": 20,
  "successful_orders": 20,
  "failed_orders": 0,
  "total_rounds": 15,
  "active_runner_hours": 7.275897727234783
}