{
  "course": "C:\\Main\\GIT\\simulation\\courses\\keswick_hall",
  "tee_scenario": "real_tee_sheet",
  "orders": 20,
  "variant": "back",
  "runners": 1,
  "runs": 20,
  "on_time_mean": 0.6134171826625388,
  "failed_mean": 0.052500000000000005,
  "p90_mean": 48.171215517976684,
  "avg_delivery_time_mean": 28.492884692995318,
  "oph_mean": 2.6456938735345097,
  "on_time_wilson_lo": 0.9151985747985072,
  "on_time_wilson_hi": 0.9613827382707755,
  "total_successful_orders": 377,
  "total_orders": 400,
  "group_dir": "C:\\Main\\GIT\\simulation\\output\\keswick_hall\\20250828_090448_real_tee_sheet\\second_pass\\orders_020\\runners_1\\back"
}