{
  "simulation_id": "delivery_dynamic_08",
  "runner_id": "3_runners",
  "revenue_per_round": 40.0,
  "orders_per_runner_hour": 2.760479075601422,
  "on_time_rate": 1.0,
  "delivery_cycle_time_p90": 13.776838366606418,
  "delivery_cycle_time_avg": 12.446281683746998,
  "failed_rate": 0.0,
  "second_runner_break_even_orders": 7.24511921744693,
  "queue_wait_avg": 0.044444444444444446,
  "runner_utilization_driving_pct": 25.001012398521787,
  "runner_utilization_prep_pct": 0.0,
  "runner_utilization_idle_pct": 74.9989876014782,
  "distance_per_delivery_avg": 1732.522812297838,
  "zone_service_times": {
    "hole_3": 13.709377221137037,
    "hole_10": 10.566963565234467,
    "hole_9": 11.220248436140597,
    "hole_18": 10.287302025518308,
    "hole_4": 14.167932555974646,
    "hole_13": 13.471375658683064,
    "hole_14": 13.375273218452064,
    "hole_16": 13.68231480640356,
    "hole_8": 12.381739270993785,
    "hole_11": 11.655974623322255
  },
  "total_revenue": 600.0,
  "total_orders": 20,
  "successful_orders": 20,
  "failed_orders": 0,
  "total_rounds": 15,
  "active_runner_hours": 7.24511921744693
}