{
  "simulation_id": "delivery_dynamic_05",
  "runner_id": "2_runners",
  "revenue_per_round": 29.25,
  "orders_per_runner_hour": 5.357756153405838,
  "on_time_rate": 0.23076923076923078,
  "delivery_cycle_time_p90": 60.20300251170458,
  "delivery_cycle_time_avg": 43.82794697489959,
  "failed_rate": 0.14,
  "second_runner_break_even_orders": 7.279166666666666,
  "queue_wait_avg": 29.185470085470087,
  "runner_utilization_driving_pct": 86.7030672711616,
  "runner_utilization_prep_pct": 0.0,
  "runner_utilization_idle_pct": 13.2969327288384,
  "distance_per_delivery_avg": 1559.8722348483143,
  "zone_service_times": {
    "hole_4": 18.83842690565992,
    "hole_18": 47.435844016714746,
    "hole_10": 11.174445735026227,
    "hole_14": 43.53897983413454,
    "hole_7": 40.9899477067793,
    "hole_6": 50.03972092048005,
    "hole_11": 60.81066906876434,
    "hole_8": 58.26801272355812,
    "hole_17": 50.3191793836983,
    "hole_16": 28.0065948806155,
    "hole_13": 45.36579470952086,
    "hole_12": 45.579783627216116,
    "hole_15": 55.99111823563592,
    "hole_9": 29.557563302521036,
    "hole_3": 29.81581337267635
  },
  "total_revenue": 1170.0,
  "total_orders": 50,
  "successful_orders": 39,
  "failed_orders": 7,
  "total_rounds": 40,
  "active_runner_hours": 7.279166666666667
}