{
  "simulation_id": "delivery_dynamic_10",
  "runner_id": "2_runners",
  "revenue_per_round": 35.294117647058826,
  "orders_per_runner_hour": 2.795516717130266,
  "on_time_rate": 1.0,
  "delivery_cycle_time_p90": 20.548359875717683,
  "delivery_cycle_time_avg": 15.087334064703022,
  "failed_rate": 0.0,
  "second_runner_break_even_orders": 7.154312430844977,
  "queue_wait_avg": 1.6441176470588235,
  "runner_utilization_driving_pct": 36.05029920584658,
  "runner_utilization_prep_pct": 0.0,
  "runner_utilization_idle_pct": 63.94970079415342,
  "distance_per_delivery_avg": 1239.7842457402107,
  "zone_service_times": {
    "hole_15": 18.03668508455962,
    "hole_10": 12.897857693521171,
    "hole_18": 14.571673612176205,
    "hole_17": 15.274607419025909,
    "hole_8": 13.744308523550323
  },
  "total_revenue": 600.0,
  "total_orders": 20,
  "successful_orders": 20,
  "failed_orders": 0,
  "total_rounds": 17,
  "active_runner_hours": 7.154312430844976
}