{
  "simulation_id": "delivery_dynamic_10",
  "runner_id": "3_runners",
  "revenue_per_round": 42.857142857142854,
  "orders_per_runner_hour": 6.844125031914443,
  "on_time_rate": 1.0,
  "delivery_cycle_time_p90": 19.75679054815388,
  "delivery_cycle_time_avg": 14.192062072494602,
  "failed_rate": 0.0,
  "second_runner_break_even_orders": 7.305535735663494,
  "queue_wait_avg": 1.7859848484848486,
  "runner_utilization_driving_pct": 93.9862970926394,
  "runner_utilization_prep_pct": 0.0,
  "runner_utilization_idle_pct": 6.013702907360596,
  "distance_per_delivery_avg": 880.4528563581853,
  "zone_service_times": {
    "hole_15": 14.194180562212537,
    "hole_10": 13.498161593081148,
    "hole_16": 16.189845411508177,
    "hole_17": 16.831898917989914,
    "hole_14": 16.87460001695486,
    "hole_-1": 12.686036437170742,
    "hole_18": 13.420230709954293,
    "hole_9": 11.600200636010777,
    "hole_13": 15.399275941807355,
    "hole_8": 13.758297628658996
  },
  "total_revenue": 1500.0,
  "total_orders": 50,
  "successful_orders": 50,
  "failed_orders": 0,
  "total_rounds": 35,
  "active_runner_hours": 7.305535735663493
}