{
  "variantKey": "front_mid_back",
  "blockedHoles": [
    1,
    2,
    3,
    4,
    5,
    6,
    10,
    11,
    12
  ],
  "deliveryMetrics": {
    "totalOrders": 50,
    "successfulDeliveries": 50,
    "failedDeliveries": 0,
    "avgOrderTime": 14.192062072494602,
    "onTimePercentage": 100.0,
    "revenue": 1500.0,
    "ordersPerRunnerHour": 5.0,
    "lateOrders": 0,
    "runnerUtilizationPct": 22.887341735765432,
    "totalRunnerDriveMinutes": 411.9721512437778,
    "totalRunnerShiftMinutes": 1800.0,
    "runnerUtilizationByRunner": {
      "runner_2": {
        "driveMinutes": 160.3694541418771,
        "utilizationPct": 26.728242356979514,
        "shiftMinutes": 600.0
      },
      "runner_1": {
        "driveMinutes": 146.8811162670809,
        "utilizationPct": 24.480186044513484,
        "shiftMinutes": 600.0
      },
      "runner_3": {
        "driveMinutes": 104.72158083481976,
        "utilizationPct": 17.453596805803294,
        "shiftMinutes": 600.0
      }
    }
  },
  "bevCartMetrics": null,
  "hasRunners": true,
  "hasBevCart": false
}