{
  "simulation_id": "delivery_dynamic_03",
  "runner_id": "runner_1",
  "revenue_per_round": 30.0,
  "orders_per_runner_hour": 2.3322567478318708,
  "on_time_rate": 0.35294117647058826,
  "delivery_cycle_time_p90": 57.94973947217777,
  "delivery_cycle_time_avg": 36.56103050634811,
  "failed_rate": 0.15,
  "second_runner_break_even_orders": 7.289077420744377,
  "queue_wait_avg": 22.677450980392155,
  "runner_utilization_driving_pct": 42.860802208966874,
  "runner_utilization_prep_pct": 0.0,
  "runner_utilization_idle_pct": 57.139197791033126,
  "distance_per_delivery_avg": 1304.8827207212003,
  "zone_service_times": {
    "hole_4": 20.564993597011895,
    "hole_15": 30.888802948155536,
    "hole_7": 29.85928823112072,
    "hole_10": 33.793521865114315,
    "hole_17": 43.00504993786811,
    "hole_12": 57.19120924024258,
    "hole_-1": 50.36439683989484,
    "hole_9": 60.983860399918555,
    "hole_18": 26.663978031428694,
    "hole_8": 22.81832024758308
  },
  "total_revenue": 510.0,
  "total_orders": 20,
  "successful_orders": 17,
  "failed_orders": 3,
  "total_rounds": 17,
  "active_runner_hours": 7.289077420744377
}