{
  "simulation_id": "delivery_dynamic_06",
  "runner_id": "runner_1",
  "revenue_per_round": 16.551724137931036,
  "orders_per_runner_hour": 2.1760483566301474,
  "on_time_rate": 0.125,
  "delivery_cycle_time_p90": 59.3398942137169,
  "delivery_cycle_time_avg": 48.377627331805705,
  "failed_rate": 0.475,
  "second_runner_break_even_orders": 7.352777777777778,
  "queue_wait_avg": 35.171875,
  "runner_utilization_driving_pct": 36.18255473567614,
  "runner_utilization_prep_pct": 0.0,
  "runner_utilization_idle_pct": 63.81744526432386,
  "distance_per_delivery_avg": 1077.1327834867136,
  "zone_service_times": {
    "hole_14": 33.4152104132468,
    "hole_10": 41.229134810306824,
    "hole_6": 49.66852952364176,
    "hole_15": 55.15024149320279,
    "hole_-1": 52.86023017322817,
    "hole_18": 43.16139043121329,
    "hole_12": 53.71488709707895,
    "hole_16": 57.01118690539479,
    "hole_11": 58.22681441483012
  },
  "total_revenue": 480.0,
  "total_orders": 40,
  "successful_orders": 16,
  "failed_orders": 19,
  "total_rounds": 29,
  "active_runner_hours": 7.352777777777778
}