{
  "simulation_id": "delivery_dynamic_04",
  "runner_id": "runner_1",
  "revenue_per_round": 12.1875,
  "orders_per_runner_hour": 1.8171228887594641,
  "on_time_rate": 0.07692307692307693,
  "delivery_cycle_time_p90": 63.165412180943534,
  "delivery_cycle_time_avg": 49.76354954491107,
  "failed_rate": 0.6,
  "second_runner_break_even_orders": 7.154166666666666,
  "queue_wait_avg": 36.503846153846155,
  "runner_utilization_driving_pct": 30.117858121981556,
  "runner_utilization_prep_pct": 0.0,
  "runner_utilization_idle_pct": 69.88214187801844,
  "distance_per_delivery_avg": 1095.2603393978163,
  "zone_service_times": {
    "hole_6": 19.750797633756218,
    "hole_18": 46.98280696175635,
    "hole_9": 46.84520956105768,
    "hole_-1": 60.20876670797085,
    "hole_11": 58.50882558828853,
    "hole_12": 57.217323129571014,
    "hole_10": 50.901191758857145
  },
  "total_revenue": 390.0,
  "total_orders": 50,
  "successful_orders": 13,
  "failed_orders": 30,
  "total_rounds": 32,
  "active_runner_hours": 7.154166666666667
}