{
  "simulation_id": "delivery_dynamic_01",
  "runner_id": "3_runners",
  "revenue_per_round": 36.0,
  "orders_per_runner_hour": 4.034150790190734,
  "on_time_rate": 1.0,
  "delivery_cycle_time_p90": 22.80853645664349,
  "delivery_cycle_time_avg": 15.772529777607748,
  "failed_rate": 0.0,
  "second_runner_break_even_orders": 7.436509332508518,
  "queue_wait_avg": 1.076984126984127,
  "runner_utilization_driving_pct": 72.16374056095007,
  "runner_utilization_prep_pct": 0.0,
  "runner_utilization_idle_pct": 27.836259439049925,
  "distance_per_delivery_avg": 1686.263338609535,
  "zone_service_times": {
    "hole_4": 21.971377800599637,
    "hole_2": 23.05596364370587,
    "hole_15": 14.290935660372947,
    "hole_17": 17.353802911854533,
    "hole_-1": 14.310664868057271,
    "hole_5": 21.82099254884033,
    "hole_9": 11.935092907193939,
    "hole_10": 13.11223743931781,
    "hole_14": 14.742501708364761,
    "hole_8": 13.484042086581272,
    "hole_13": 15.079577744448095,
    "hole_16": 12.334027094810699,
    "hole_18": 12.731275614091626
  },
  "total_revenue": 900.0,
  "total_orders": 30,
  "successful_orders": 30,
  "failed_orders": 0,
  "total_rounds": 25,
  "active_runner_hours": 7.436509332508518
}