{
  "variantKey": "mid_back",
  "blockedHoles": [
    4,
    5,
    6,
    10,
    11,
    12
  ],
  "deliveryMetrics": {
    "totalOrders": 30,
    "successfulDeliveries": 30,
    "failedDeliveries": 0,
    "avgOrderTime": 15.772529777607748,
    "onTimePercentage": 100.0,
    "revenue": 900.0,
    "ordersPerRunnerHour": 3.0,
    "lateOrders": 0,
    "runnerUtilizationPct": 17.888211005007626,
    "totalRunnerDriveMinutes": 321.9877980901373,
    "totalRunnerShiftMinutes": 1800.0,
    "runnerUtilizationByRunner": {
      "runner_1": {
        "driveMinutes": 144.38149667709146,
        "utilizationPct": 24.063582779515244,
        "shiftMinutes": 600.0
      },
      "runner_2": {
        "driveMinutes": 110.19732805125878,
        "utilizationPct": 18.36622134187646,
        "shiftMinutes": 600.0
      },
      "runner_3": {
        "driveMinutes": 67.40897336178695,
        "utilizationPct": 11.234828893631157,
        "shiftMinutes": 600.0
      }
    }
  },
  "bevCartMetrics": null,
  "hasRunners": true,
  "hasBevCart": false
}