{
  "simulation_id": "delivery_dynamic_01",
  "runner_id": "2_runners",
  "revenue_per_round": 34.61538461538461,
  "orders_per_runner_hour": 4.123217770327177,
  "on_time_rate": 0.8333333333333334,
  "delivery_cycle_time_p90": 32.83841140749492,
  "delivery_cycle_time_avg": 21.571914540322176,
  "failed_rate": 0.0,
  "second_runner_break_even_orders": 7.27587085404405,
  "queue_wait_avg": 8.392753623188407,
  "runner_utilization_driving_pct": 75.66438567813357,
  "runner_utilization_prep_pct": 0.0,
  "runner_utilization_idle_pct": 24.33561432186643,
  "distance_per_delivery_avg": 1726.1899522149158,
  "zone_service_times": {
    "hole_15": 17.990146931800872,
    "hole_18": 15.508846880519982,
    "hole_7": 16.91056572878606,
    "hole_14": 24.60076820613095,
    "hole_1": 13.012231007230488,
    "hole_-1": 27.10997786642373,
    "hole_10": 24.11804141360347,
    "hole_9": 25.102395811761532,
    "hole_12": 27.597092172063157,
    "hole_6": 26.36494369773442,
    "hole_4": 46.539231596853156,
    "hole_2": 14.640063289922395,
    "hole_17": 16.33729489228721,
    "hole_8": 14.900383894617335
  },
  "total_revenue": 900.0,
  "total_orders": 30,
  "successful_orders": 30,
  "failed_orders": 0,
  "total_rounds": 26,
  "active_runner_hours": 7.27587085404405
}