{
  "simulation_id": "delivery_dynamic_10",
  "runner_id": "3_runners",
  "revenue_per_round": 39.130434782608695,
  "orders_per_runner_hour": 4.141228888004487,
  "on_time_rate": 0.9333333333333333,
  "delivery_cycle_time_p90": 23.46360881891376,
  "delivery_cycle_time_avg": 16.10390043604865,
  "failed_rate": 0.0,
  "second_runner_break_even_orders": 7.244226487190364,
  "queue_wait_avg": 3.1194444444444445,
  "runner_utilization_driving_pct": 75.57476799713982,
  "runner_utilization_prep_pct": 0.0,
  "runner_utilization_idle_pct": 24.425232002860184,
  "distance_per_delivery_avg": 1212.4038798456806,
  "zone_service_times": {
    "hole_7": 14.719336918131194,
    "hole_15": 13.802855555239162,
    "hole_16": 12.229352983361363,
    "hole_18": 17.228289131336027,
    "hole_10": 13.32568538105762,
    "hole_12": 20.990284465270634,
    "hole_9": 16.25505759261136,
    "hole_8": 14.145630819919825,
    "hole_14": 15.080662782062669,
    "hole_13": 15.129577744448063,
    "hole_-1": 30.314396839894833
  },
  "total_revenue": 900.0,
  "total_orders": 30,
  "successful_orders": 30,
  "failed_orders": 0,
  "total_rounds": 23,
  "active_runner_hours": 7.244226487190364
}