{
  "simulation_id": "delivery_dynamic_09",
  "runner_id": "3_runners",
  "revenue_per_round": 41.37931034482759,
  "orders_per_runner_hour": 5.480544585422746,
  "on_time_rate": 1.0,
  "delivery_cycle_time_p90": 19.47055121967144,
  "delivery_cycle_time_avg": 15.409903079525675,
  "failed_rate": 0.0,
  "second_runner_break_even_orders": 7.29854476622501,
  "queue_wait_avg": 1.3989247311827957,
  "runner_utilization_driving_pct": 82.7368519810361,
  "runner_utilization_prep_pct": 0.0,
  "runner_utilization_idle_pct": 17.263148018963903,
  "distance_per_delivery_avg": 1453.447434720628,
  "zone_service_times": {
    "hole_18": 12.762916148625445,
    "hole_11": 13.227335735431007,
    "hole_17": 15.607799913236303,
    "hole_2": 16.9466931950071,
    "hole_9": 13.625771034941923,
    "hole_10": 11.18323829412205,
    "hole_3": 18.096259420199324,
    "hole_16": 17.874865653481297,
    "hole_13": 17.166744042160826,
    "hole_15": 17.792256427056344,
    "hole_-1": 20.441156381366273,
    "hole_4": 18.83842690565992,
    "hole_8": 14.523328752433736,
    "hole_14": 21.82870012161778
  },
  "total_revenue": 1200.0,
  "total_orders": 40,
  "successful_orders": 40,
  "failed_orders": 0,
  "total_rounds": 29,
  "active_runner_hours": 7.29854476622501
}