{
  "variantKey": "mid",
  "blockedHoles": [
    4,
    5,
    6
  ],
  "deliveryMetrics": {
    "totalOrders": 40,
    "successfulDeliveries": 40,
    "failedDeliveries": 0,
    "avgOrderTime": 15.409903079525675,
    "onTimePercentage": 100.0,
    "revenue": 1200.0,
    "ordersPerRunnerHour": 4.0,
    "lateOrders": 0,
    "runnerUtilizationPct": 20.128620600004147,
    "totalRunnerDriveMinutes": 362.31517080007467,
    "totalRunnerShiftMinutes": 1800.0,
    "runnerUtilizationByRunner": {
      "runner_2": {
        "driveMinutes": 113.98578808117468,
        "utilizationPct": 18.997631346862445,
        "shiftMinutes": 600.0
      },
      "runner_1": {
        "driveMinutes": 163.3088937718603,
        "utilizationPct": 27.218148961976716,
        "shiftMinutes": 600.0
      },
      "runner_3": {
        "driveMinutes": 85.02048894703965,
        "utilizationPct": 14.170081491173276,
        "shiftMinutes": 600.0
      }
    }
  },
  "bevCartMetrics": null,
  "hasRunners": true,
  "hasBevCart": false
}