{
  "simulation_id": "delivery_dynamic_02",
  "runner_id": "2_runners",
  "revenue_per_round": 36.52173913043478,
  "orders_per_runner_hour": 3.9016837623379135,
  "on_time_rate": 0.75,
  "delivery_cycle_time_p90": 39.349280330951814,
  "delivery_cycle_time_avg": 24.091737068784433,
  "failed_rate": 0.0,
  "second_runner_break_even_orders": 7.176388888888889,
  "queue_wait_avg": 10.578,
  "runner_utilization_driving_pct": 63.120256533995914,
  "runner_utilization_prep_pct": 0.0,
  "runner_utilization_idle_pct": 36.879743466004086,
  "distance_per_delivery_avg": 1561.4236551115703,
  "zone_service_times": {
    "hole_18": 24.965058688038724,
    "hole_16": 22.906349842131448,
    "hole_9": 15.24824196526119,
    "hole_12": 30.551370939063993,
    "hole_-1": 39.237755644201506,
    "hole_7": 52.36249070452856,
    "hole_17": 24.990592995620847,
    "hole_10": 11.258698200260733,
    "hole_15": 18.3440541179,
    "hole_14": 19.81988554921581,
    "hole_6": 26.753459825781285
  },
  "total_revenue": 840.0,
  "total_orders": 30,
  "successful_orders": 28,
  "failed_orders": 0,
  "total_rounds": 23,
  "active_runner_hours": 7.176388888888889
}