{
  "simulation_id": "delivery_dynamic_01",
  "runner_id": "2_runners",
  "revenue_per_round": 35.294117647058826,
  "orders_per_runner_hour": 2.78364667568652,
  "on_time_rate": 0.95,
  "delivery_cycle_time_p90": 23.56806152595026,
  "delivery_cycle_time_avg": 15.950141877353529,
  "failed_rate": 0.0,
  "second_runner_break_even_orders": 7.184819889207913,
  "queue_wait_avg": 1.8441666666666667,
  "runner_utilization_driving_pct": 51.08333628046191,
  "runner_utilization_prep_pct": 0.0,
  "runner_utilization_idle_pct": 48.91666371953809,
  "distance_per_delivery_avg": 1379.6076707907864,
  "zone_service_times": {
    "hole_12": 17.381449932832492,
    "hole_11": 21.126456833186136,
    "hole_18": 15.928057097879961,
    "hole_15": 13.030201283458368,
    "hole_10": 11.259326058095152,
    "hole_-1": 13.008547971453662,
    "hole_17": 19.0076612549904,
    "hole_9": 11.173715393463802,
    "hole_4": 20.68516581868959,
    "hole_8": 13.73498691424981,
    "hole_13": 15.295770534160692,
    "hole_7": 16.630321778586584
  },
  "total_revenue": 600.0,
  "total_orders": 20,
  "successful_orders": 20,
  "failed_orders": 0,
  "total_rounds": 17,
  "active_runner_hours": 7.184819889207914
}