{
  "simulation_id": "delivery_dynamic_01",
  "runner_id": "2_runners",
  "revenue_per_round": 37.5,
  "orders_per_runner_hour": 4.096217749350143,
  "on_time_rate": 0.7666666666666667,
  "delivery_cycle_time_p90": 38.318100993571534,
  "delivery_cycle_time_avg": 23.032232322162137,
  "failed_rate": 0.0,
  "second_runner_break_even_orders": 7.323829404518216,
  "queue_wait_avg": 10.870666666666667,
  "runner_utilization_driving_pct": 76.9742856647154,
  "runner_utilization_prep_pct": 0.0,
  "runner_utilization_idle_pct": 23.025714335284604,
  "distance_per_delivery_avg": 1335.0433935798114,
  "zone_service_times": {
    "hole_13": 16.023814738725953,
    "hole_6": 17.516770067494296,
    "hole_5": 20.808843476498442,
    "hole_11": 19.157896288357733,
    "hole_14": 22.502394317513577,
    "hole_18": 18.940893307171123,
    "hole_7": 31.678106328524922,
    "hole_8": 16.532393376059616,
    "hole_16": 39.637508987371014,
    "hole_15": 39.03436792617006,
    "hole_-1": 23.497730173228167,
    "hole_9": 26.69616019995198,
    "hole_10": 11.63747216259347,
    "hole_12": 22.44669085174452
  },
  "total_revenue": 900.0,
  "total_orders": 30,
  "successful_orders": 30,
  "failed_orders": 0,
  "total_rounds": 24,
  "active_runner_hours": 7.323829404518215
}