{
  "simulation_id": "delivery_dynamic_02",
  "runner_id": "2_runners",
  "revenue_per_round": 35.294117647058826,
  "orders_per_runner_hour": 2.7832533705422104,
  "on_time_rate": 1.0,
  "delivery_cycle_time_p90": 21.316729908482092,
  "delivery_cycle_time_avg": 14.988997801449607,
  "failed_rate": 0.0,
  "second_runner_break_even_orders": 7.185835185426818,
  "queue_wait_avg": 1.8802083333333333,
  "runner_utilization_driving_pct": 52.888761975190356,
  "runner_utilization_prep_pct": 0.0,
  "runner_utilization_idle_pct": 47.111238024809644,
  "distance_per_delivery_avg": 1170.903261287067,
  "zone_service_times": {
    "hole_15": 13.482053601046523,
    "hole_12": 17.2447148353274,
    "hole_10": 21.755823554193558,
    "hole_13": 15.477781428067829,
    "hole_9": 16.891902669464375,
    "hole_-1": 11.355435765963902,
    "hole_18": 13.746446374278882,
    "hole_7": 14.702670251464527,
    "hole_11": 14.746392320458593
  },
  "total_revenue": 600.0,
  "total_orders": 20,
  "successful_orders": 20,
  "failed_orders": 0,
  "total_rounds": 17,
  "active_runner_hours": 7.185835185426818
}