{
  "simulation_id": "delivery_dynamic_09",
  "runner_id": "2_runners",
  "revenue_per_round": 40.0,
  "orders_per_runner_hour": 5.561279629916507,
  "on_time_rate": 0.625,
  "delivery_cycle_time_p90": 53.25407493615806,
  "delivery_cycle_time_avg": 28.941188605688957,
  "failed_rate": 0.0,
  "second_runner_break_even_orders": 7.192589235186602,
  "queue_wait_avg": 15.54957264957265,
  "runner_utilization_driving_pct": 81.9350657816352,
  "runner_utilization_prep_pct": 0.0,
  "runner_utilization_idle_pct": 18.064934218364797,
  "distance_per_delivery_avg": 1270.1993715114904,
  "zone_service_times": {
    "hole_16": 19.32934910916432,
    "hole_4": 26.726836708244367,
    "hole_18": 31.43380967989601,
    "hole_17": 22.14084596793397,
    "hole_2": 19.81531609092726,
    "hole_12": 30.614882657680926,
    "hole_9": 18.65250376156658,
    "hole_6": 57.28947795972769,
    "hole_13": 48.38435985954184,
    "hole_7": 53.26345335368993,
    "hole_-1": 20.65878506240618,
    "hole_10": 13.917175196259713,
    "hole_8": 14.37236597292358
  },
  "total_revenue": 1200.0,
  "total_orders": 40,
  "successful_orders": 40,
  "failed_orders": 0,
  "total_rounds": 30,
  "active_runner_hours": 7.192589235186602
}