{
  "simulation_id": "delivery_dynamic_09",
  "runner_id": "3_runners",
  "revenue_per_round": 39.130434782608695,
  "orders_per_runner_hour": 4.162823103037691,
  "on_time_rate": 1.0,
  "delivery_cycle_time_p90": 23.0661434078142,
  "delivery_cycle_time_avg": 16.143548861473157,
  "failed_rate": 0.0,
  "second_runner_break_even_orders": 7.206647810258484,
  "queue_wait_avg": 1.252,
  "runner_utilization_driving_pct": 83.56631467017851,
  "runner_utilization_prep_pct": 0.0,
  "runner_utilization_idle_pct": 16.433685329821486,
  "distance_per_delivery_avg": 1713.6724174549772,
  "zone_service_times": {
    "hole_4": 22.007489970979986,
    "hole_9": 13.548908275393176,
    "hole_14": 15.136704803591359,
    "hole_3": 26.68416990432015,
    "hole_10": 14.209253201335667,
    "hole_2": 22.611662062320672,
    "hole_11": 16.221125405295666,
    "hole_18": 14.522768471944072,
    "hole_-1": 11.48888634240381,
    "hole_17": 14.301308827996642,
    "hole_15": 12.385621952620387,
    "hole_7": 14.559653103053643,
    "hole_16": 15.610349256449627,
    "hole_8": 13.804130716374676,
    "hole_13": 16.396904441898126,
    "hole_12": 17.57189831901354
  },
  "total_revenue": 900.0,
  "total_orders": 30,
  "successful_orders": 30,
  "failed_orders": 0,
  "total_rounds": 23,
  "active_runner_hours": 7.206647810258484
}