{
  "simulation_id": "delivery_dynamic_01",
  "runner_id": "2_runners",
  "revenue_per_round": 32.72727272727273,
  "orders_per_runner_hour": 5.015479876160991,
  "on_time_rate": 0.3611111111111111,
  "delivery_cycle_time_p90": 61.15652498038422,
  "delivery_cycle_time_avg": 38.49645235325609,
  "failed_rate": 0.24,
  "second_runner_break_even_orders": 7.177777777777778,
  "queue_wait_avg": 24.831944444444446,
  "runner_utilization_driving_pct": 77.90101701748785,
  "runner_utilization_prep_pct": 0.0,
  "runner_utilization_idle_pct": 22.098982982512155,
  "distance_per_delivery_avg": 1231.2746573607128,
  "zone_service_times": {
    "hole_9": 44.552902611326914,
    "hole_13": 20.64960280013699,
    "hole_14": 26.994151848090432,
    "hole_18": 31.698925156837316,
    "hole_12": 37.75780502049673,
    "hole_17": 42.1081645885177,
    "hole_11": 53.78988781771307,
    "hole_15": 66.81490171360225,
    "hole_16": 54.736720001550566,
    "hole_10": 35.70869820026079
  },
  "total_revenue": 1080.0,
  "total_orders": 50,
  "successful_orders": 36,
  "failed_orders": 12,
  "total_rounds": 33,
  "active_runner_hours": 7.177777777777778
}