{
  "simulation_id": "delivery_dynamic_03",
  "runner_id": "3_runners",
  "revenue_per_round": 35.294117647058826,
  "orders_per_runner_hour": 5.409148763394613,
  "on_time_rate": 0.925,
  "delivery_cycle_time_p90": 28.914140529713798,
  "delivery_cycle_time_avg": 18.762542861309345,
  "failed_rate": 0.0,
  "second_runner_break_even_orders": 7.394878889390582,
  "queue_wait_avg": 3.676470588235294,
  "runner_utilization_driving_pct": 96.70501920804337,
  "runner_utilization_prep_pct": 0.0,
  "runner_utilization_idle_pct": 3.2949807919566325,
  "distance_per_delivery_avg": 1894.2144013999405,
  "zone_service_times": {
    "hole_1": 12.794678707635558,
    "hole_17": 18.474962099818608,
    "hole_16": 18.345559557321536,
    "hole_8": 19.63044790367309,
    "hole_11": 13.440720664512355,
    "hole_3": 18.10213575857437,
    "hole_15": 18.28683755346392,
    "hole_-1": 27.244006474126927,
    "hole_18": 17.269801698221226,
    "hole_12": 34.91956973180792,
    "hole_4": 19.558780508574213,
    "hole_2": 15.709849357018175,
    "hole_6": 26.764382691796648,
    "hole_7": 17.144861496221832,
    "hole_9": 12.243379104515892
  },
  "total_revenue": 1200.0,
  "total_orders": 40,
  "successful_orders": 40,
  "failed_orders": 0,
  "total_rounds": 34,
  "active_runner_hours": 7.394878889390582
}