{
  "variantKey": "back",
  "blockedHoles": [
    10,
    11,
    12
  ],
  "deliveryMetrics": {
    "totalOrders": 40,
    "successfulDeliveries": 40,
    "failedDeliveries": 0,
    "avgOrderTime": 18.762542861309345,
    "onTimePercentage": 92.5,
    "revenue": 1200.0,
    "ordersPerRunnerHour": 4.0,
    "lateOrders": 3,
    "runnerUtilizationPct": 23.837396834655685,
    "totalRunnerDriveMinutes": 429.07314302380234,
    "totalRunnerShiftMinutes": 1800.0,
    "runnerUtilizationByRunner": {
      "runner_1": {
        "driveMinutes": 157.36143518512242,
        "utilizationPct": 26.22690586418707,
        "shiftMinutes": 600.0
      },
      "runner_2": {
        "driveMinutes": 145.41420966417752,
        "utilizationPct": 24.235701610696253,
        "shiftMinutes": 600.0
      },
      "runner_3": {
        "driveMinutes": 126.29749817450251,
        "utilizationPct": 21.049583029083752,
        "shiftMinutes": 600.0
      }
    }
  },
  "bevCartMetrics": null,
  "hasRunners": true,
  "hasBevCart": false
}