{
  "simulation_id": "delivery_dynamic_08",
  "runner_id": "3_runners",
  "revenue_per_round": 46.875,
  "orders_per_runner_hour": 6.822282494827235,
  "on_time_rate": 0.56,
  "delivery_cycle_time_p90": 48.33261785707649,
  "delivery_cycle_time_avg": 28.920706021418237,
  "failed_rate": 0.0,
  "second_runner_break_even_orders": 7.328925478813112,
  "queue_wait_avg": 14.491666666666667,
  "runner_utilization_driving_pct": 100.0,
  "runner_utilization_prep_pct": 0.0,
  "runner_utilization_idle_pct": 0.0,
  "distance_per_delivery_avg": 1682.9252231965277,
  "zone_service_times": {
    "hole_9": 16.853096510246004,
    "hole_13": 26.59542483610705,
    "hole_10": 11.371597200456533,
    "hole_11": 31.016584730151877,
    "hole_3": 28.824975973517546,
    "hole_18": 31.74606360804697,
    "hole_16": 23.164716118416923,
    "hole_7": 29.39310055654858,
    "hole_-1": 30.980101476100014,
    "hole_15": 28.6183242029324,
    "hole_8": 35.538619617324485,
    "hole_12": 37.500419361678176,
    "hole_14": 29.431864403284454,
    "hole_6": 37.22897439418742,
    "hole_5": 34.707831455963245,
    "hole_4": 20.413911312300176,
    "hole_2": 24.11608734174139
  },
  "total_revenue": 1500.0,
  "total_orders": 50,
  "successful_orders": 50,
  "failed_orders": 0,
  "total_rounds": 32,
  "active_runner_hours": 7.328925478813112
}