{
  "variantKey": "none",
  "blockedHoles": [],
  "deliveryMetrics": {
    "totalOrders": 50,
    "successfulDeliveries": 50,
    "failedDeliveries": 0,
    "avgOrderTime": 28.920706021418237,
    "onTimePercentage": 56.00000000000001,
    "revenue": 1500.0,
    "ordersPerRunnerHour": 5.0,
    "lateOrders": 22,
    "runnerUtilizationPct": 33.22524159388666,
    "totalRunnerDriveMinutes": 598.0543486899599,
    "totalRunnerShiftMinutes": 1800.0,
    "runnerUtilizationByRunner": {
      "runner_1": {
        "driveMinutes": 222.67819003626633,
        "utilizationPct": 37.11303167271105,
        "shiftMinutes": 600.0
      },
      "runner_2": {
        "driveMinutes": 198.39032564666346,
        "utilizationPct": 33.06505427444391,
        "shiftMinutes": 600.0
      },
      "runner_3": {
        "driveMinutes": 176.98583300702967,
        "utilizationPct": 29.497638834504947,
        "shiftMinutes": 600.0
      }
    }
  },
  "bevCartMetrics": null,
  "hasRunners": true,
  "hasBevCart": false
}