{
  "simulation_id": "delivery_dynamic_06",
  "runner_id": "3_runners",
  "revenue_per_round": 40.0,
  "orders_per_runner_hour": 2.9935366466101057,
  "on_time_rate": 1.0,
  "delivery_cycle_time_p90": 22.601447665542523,
  "delivery_cycle_time_avg": 16.931672332393887,
  "failed_rate": 0.0,
  "second_runner_break_even_orders": 6.68106068540971,
  "queue_wait_avg": 0.10294117647058824,
  "runner_utilization_driving_pct": 63.84491868045402,
  "runner_utilization_prep_pct": 0.0,
  "runner_utilization_idle_pct": 36.15508131954598,
  "distance_per_delivery_avg": 2299.6419036843463,
  "zone_service_times": {
    "hole_6": 19.02275284157895,
    "hole_18": 13.110471232112488,
    "hole_9": 12.867193733251892,
    "hole_12": 16.84735918519282,
    "hole_3": 20.255643450032768,
    "hole_17": 13.974346027864673,
    "hole_5": 21.91637851419297,
    "hole_2": 23.2677955576001,
    "hole_8": 13.955286283991153,
    "hole_13": 15.85013678506851,
    "hole_4": 20.44482137533414,
    "hole_15": 14.105469614822262,
    "hole_14": 16.011260172201705
  },
  "total_revenue": 600.0,
  "total_orders": 20,
  "successful_orders": 20,
  "failed_orders": 0,
  "total_rounds": 15,
  "active_runner_hours": 6.681060685409711
}