{
  "simulation_id": "delivery_dynamic_02",
  "runner_id": "runner_1",
  "revenue_per_round": 35.294117647058826,
  "orders_per_runner_hour": 2.7862042481255798,
  "on_time_rate": 0.6,
  "delivery_cycle_time_p90": 52.88105402287739,
  "delivery_cycle_time_avg": 27.717846605094945,
  "failed_rate": 0.0,
  "second_runner_break_even_orders": 7.178224645036346,
  "queue_wait_avg": 14.790000000000001,
  "runner_utilization_driving_pct": 33.22101417854227,
  "runner_utilization_prep_pct": 0.0,
  "runner_utilization_idle_pct": 66.77898582145772,
  "distance_per_delivery_avg": 983.7564593119004,
  "zone_service_times": {
    "hole_18": 30.416185894159952,
    "hole_1": 12.828012040968861,
    "hole_9": 12.14303736445551,
    "hole_17": 14.024542557456819,
    "hole_10": 19.10777906835959,
    "hole_4": 38.55501472531911,
    "hole_11": 37.90506810925938,
    "hole_6": 39.76127474595293,
    "hole_15": 18.20755075484843
  },
  "total_revenue": 600.0,
  "total_orders": 20,
  "successful_orders": 20,
  "failed_orders": 0,
  "total_rounds": 17,
  "active_runner_hours": 7.178224645036346
}