{
  "simulation_id": "delivery_dynamic_04",
  "runner_id": "3_runners",
  "revenue_per_round": 40.90909090909091,
  "orders_per_runner_hour": 4.109480680963747,
  "on_time_rate": 0.9,
  "delivery_cycle_time_p90": 29.35175258657592,
  "delivery_cycle_time_avg": 17.039877659700903,
  "failed_rate": 0.0,
  "second_runner_break_even_orders": 7.300192488790205,
  "queue_wait_avg": 2.6694444444444443,
  "runner_utilization_driving_pct": 81.96916852545027,
  "runner_utilization_prep_pct": 0.0,
  "runner_utilization_idle_pct": 18.03083147454973,
  "distance_per_delivery_avg": 1647.8522269928403,
  "zone_service_times": {
    "hole_9": 12.429597267642233,
    "hole_5": 21.32034500664122,
    "hole_6": 21.681374585481723,
    "hole_18": 22.933308063991213,
    "hole_13": 15.399275941807355,
    "hole_15": 15.999780602460305,
    "hole_7": 19.51681103321087,
    "hole_17": 14.030068044075687,
    "hole_-1": 10.397730173228169,
    "hole_10": 11.416337082419037,
    "hole_8": 13.97195295065782,
    "hole_16": 12.003338089275955,
    "hole_14": 14.556016314683621
  },
  "total_revenue": 900.0,
  "total_orders": 30,
  "successful_orders": 30,
  "failed_orders": 0,
  "total_rounds": 22,
  "active_runner_hours": 7.300192488790205
}