{
  "variantKey": "mid_back",
  "blockedHoles": [
    4,
    5,
    6,
    10,
    11,
    12
  ],
  "deliveryMetrics": {
    "totalOrders": 50,
    "successfulDeliveries": 50,
    "failedDeliveries": 0,
    "avgOrderTime": 13.751302722553584,
    "onTimePercentage": 100.0,
    "revenue": 1500.0,
    "ordersPerRunnerHour": 5.0,
    "lateOrders": 0,
    "runnerUtilizationPct": 21.02855354716575,
    "totalRunnerDriveMinutes": 378.5139638489835,
    "totalRunnerShiftMinutes": 1800.0,
    "runnerUtilizationByRunner": {
      "runner_1": {
        "driveMinutes": 151.40598047958647,
        "utilizationPct": 25.234330079931077,
        "shiftMinutes": 600.0
      },
      "runner_2": {
        "driveMinutes": 128.40234011560534,
        "utilizationPct": 21.400390019267558,
        "shiftMinutes": 600.0
      },
      "runner_3": {
        "driveMinutes": 98.70564325379182,
        "utilizationPct": 16.450940542298635,
        "shiftMinutes": 600.0
      }
    }
  },
  "bevCartMetrics": null,
  "hasRunners": true,
  "hasBevCart": false
}