{
  "simulation_id": "delivery_dynamic_03",
  "runner_id": "runner_1",
  "revenue_per_round": 13.235294117647058,
  "orders_per_runner_hour": 2.099125364431487,
  "on_time_rate": 0.13333333333333333,
  "delivery_cycle_time_p90": 62.87496462424683,
  "delivery_cycle_time_avg": 48.40757021576798,
  "failed_rate": 0.56,
  "second_runner_break_even_orders": 7.145833333333332,
  "queue_wait_avg": 35.72857142857143,
  "runner_utilization_driving_pct": 37.697455148875896,
  "runner_utilization_prep_pct": 0.0,
  "runner_utilization_idle_pct": 62.302544851124104,
  "distance_per_delivery_avg": 1700.4635924980437,
  "zone_service_times": {
    "hole_13": 37.567693192875204,
    "hole_12": 37.307503211904745,
    "hole_6": 55.91342022658476,
    "hole_15": 47.680644561216596,
    "hole_7": 60.4615281628885,
    "hole_8": 63.30327081761073,
    "hole_-1": 62.42442261759473,
    "hole_18": 48.325013105281606,
    "hole_10": 12.71351018164205,
    "hole_17": 59.25909159713289
  },
  "total_revenue": 450.0,
  "total_orders": 50,
  "successful_orders": 15,
  "failed_orders": 28,
  "total_rounds": 34,
  "active_runner_hours": 7.145833333333333
}