{
  "simulation_id": "delivery_dynamic_01",
  "runner_id": "3_runners",
  "revenue_per_round": 40.0,
  "orders_per_runner_hour": 5.53688031427331,
  "on_time_rate": 0.725,
  "delivery_cycle_time_p90": 41.75679377825189,
  "delivery_cycle_time_avg": 24.694242614061686,
  "failed_rate": 0.0,
  "second_runner_break_even_orders": 7.2242847469333125,
  "queue_wait_avg": 9.128828828828828,
  "runner_utilization_driving_pct": 100.0,
  "runner_utilization_prep_pct": 0.0,
  "runner_utilization_idle_pct": 0.0,
  "distance_per_delivery_avg": 2100.025518324728,
  "zone_service_times": {
    "hole_2": 22.438883343425207,
    "hole_13": 27.097603920375796,
    "hole_12": 21.006450222688667,
    "hole_15": 32.55850667133582,
    "hole_-1": 19.474980531362032,
    "hole_6": 41.26432150976996,
    "hole_9": 28.38579881443041,
    "hole_4": 32.08822248422928,
    "hole_18": 26.069262889400733,
    "hole_3": 21.013137086301686,
    "hole_5": 26.202188425283214,
    "hole_11": 23.3454102671034,
    "hole_16": 12.819101414255542,
    "hole_10": 11.645805495926773,
    "hole_14": 15.222566570790635
  },
  "total_revenue": 1200.0,
  "total_orders": 40,
  "successful_orders": 40,
  "failed_orders": 0,
  "total_rounds": 30,
  "active_runner_hours": 7.224284746933313
}