{
  "simulation_id": "delivery_dynamic_09",
  "runner_id": "2_runners",
  "revenue_per_round": 33.529411764705884,
  "orders_per_runner_hour": 2.6549602307208566,
  "on_time_rate": 1.0,
  "delivery_cycle_time_p90": 23.723491093425643,
  "delivery_cycle_time_avg": 16.312836558652315,
  "failed_rate": 0.0,
  "second_runner_break_even_orders": 7.156416047272108,
  "queue_wait_avg": 2.2260416666666667,
  "runner_utilization_driving_pct": 53.186503199088165,
  "runner_utilization_prep_pct": 0.0,
  "runner_utilization_idle_pct": 46.813496800911835,
  "distance_per_delivery_avg": 1491.2604521282324,
  "zone_service_times": {
    "hole_7": 15.141692747641597,
    "hole_6": 18.7205959890959,
    "hole_11": 15.549933390069508,
    "hole_8": 13.63720032469464,
    "hole_-1": 18.191452614233558,
    "hole_9": 13.721071312762069,
    "hole_10": 11.259326058095152,
    "hole_18": 19.46972376454663,
    "hole_15": 13.05857482817176,
    "hole_12": 16.934198081845775
  },
  "total_revenue": 570.0,
  "total_orders": 20,
  "successful_orders": 19,
  "failed_orders": 0,
  "total_rounds": 17,
  "active_runner_hours": 7.156416047272109
}