{
  "simulation_id": "delivery_dynamic_01",
  "runner_id": "2_runners",
  "revenue_per_round": 34.8,
  "orders_per_runner_hour": 4.041967286772055,
  "on_time_rate": 0.9655172413793104,
  "delivery_cycle_time_p90": 29.38240820873343,
  "delivery_cycle_time_avg": 18.329374207381015,
  "failed_rate": 0.0,
  "second_runner_break_even_orders": 7.174724074315707,
  "queue_wait_avg": 4.89551282051282,
  "runner_utilization_driving_pct": 72.45053678934455,
  "runner_utilization_prep_pct": 0.0,
  "runner_utilization_idle_pct": 27.549463210655446,
  "distance_per_delivery_avg": 1323.938699197263,
  "zone_service_times": {
    "hole_15": 14.630665985721006,
    "hole_10": 20.845443423002507,
    "hole_9": 18.979868018902092,
    "hole_5": 21.373636617822132,
    "hole_16": 12.377015923116293,
    "hole_7": 15.265370584484057,
    "hole_-1": 19.0153906258517,
    "hole_6": 21.625166764536168,
    "hole_14": 16.37731795688311,
    "hole_17": 19.47406573951044,
    "hole_18": 24.14452521989042,
    "hole_8": 13.97195295065782
  },
  "total_revenue": 870.0,
  "total_orders": 30,
  "successful_orders": 29,
  "failed_orders": 0,
  "total_rounds": 25,
  "active_runner_hours": 7.174724074315707
}