{
  "simulation_id": "delivery_dynamic_08",
  "runner_id": "2_runners",
  "revenue_per_round": 35.625,
  "orders_per_runner_hour": 5.248417417993478,
  "on_time_rate": 0.5263157894736842,
  "delivery_cycle_time_p90": 60.546526562841585,
  "delivery_cycle_time_avg": 34.885649047444204,
  "failed_rate": 0.2,
  "second_runner_break_even_orders": 7.240277777777778,
  "queue_wait_avg": 20.166666666666668,
  "runner_utilization_driving_pct": 89.7673173095884,
  "runner_utilization_prep_pct": 0.0,
  "runner_utilization_idle_pct": 10.232682690411593,
  "distance_per_delivery_avg": 1763.8938694149379,
  "zone_service_times": {
    "hole_16": 23.05890024378375,
    "hole_18": 38.83378199599493,
    "hole_15": 31.813204556737247,
    "hole_14": 27.077049509199092,
    "hole_17": 26.156565452712766,
    "hole_-1": 48.72865565849534,
    "hole_12": 49.87590717953942,
    "hole_6": 51.317254592122296,
    "hole_8": 62.65569930625686,
    "hole_13": 29.691843664531582,
    "hole_9": 16.183525675761363
  },
  "total_revenue": 1140.0,
  "total_orders": 50,
  "successful_orders": 38,
  "failed_orders": 10,
  "total_rounds": 32,
  "active_runner_hours": 7.240277777777778
}