{
  "simulation_id": "delivery_dynamic_07",
  "runner_id": "2_runners",
  "revenue_per_round": 35.294117647058826,
  "orders_per_runner_hour": 2.77596401167145,
  "on_time_rate": 0.95,
  "delivery_cycle_time_p90": 27.240515928197244,
  "delivery_cycle_time_avg": 18.187088868628617,
  "failed_rate": 0.0,
  "second_runner_break_even_orders": 7.204704353482485,
  "queue_wait_avg": 4.359803921568628,
  "runner_utilization_driving_pct": 54.881770457446166,
  "runner_utilization_prep_pct": 0.0,
  "runner_utilization_idle_pct": 45.118229542553834,
  "distance_per_delivery_avg": 1505.7018598592153,
  "zone_service_times": {
    "hole_2": 22.505109187188523,
    "hole_10": 16.60340614885677,
    "hole_8": 20.537575522405355,
    "hole_3": 20.822792476788404,
    "hole_-1": 22.81187270218288,
    "hole_14": 15.293716022902238,
    "hole_9": 13.281216035722293,
    "hole_7": 16.84579736901263,
    "hole_18": 12.078865469720949,
    "hole_16": 12.591038271025173,
    "hole_17": 14.26797549466331
  },
  "total_revenue": 600.0,
  "total_orders": 20,
  "successful_orders": 20,
  "failed_orders": 0,
  "total_rounds": 17,
  "active_runner_hours": 7.204704353482485
}