{
  "simulation_id": "delivery_dynamic_02",
  "runner_id": "3_runners",
  "revenue_per_round": 33.333333333333336,
  "orders_per_runner_hour": 2.8068549323420906,
  "on_time_rate": 1.0,
  "delivery_cycle_time_p90": 22.46922921741227,
  "delivery_cycle_time_avg": 15.218381721168166,
  "failed_rate": 0.0,
  "second_runner_break_even_orders": 7.1254127776784095,
  "queue_wait_avg": 0.042708333333333334,
  "runner_utilization_driving_pct": 54.882594024927,
  "runner_utilization_prep_pct": 0.0,
  "runner_utilization_idle_pct": 45.117405975073,
  "distance_per_delivery_avg": 1741.8962583125049,
  "zone_service_times": {
    "hole_10": 11.45800401529685,
    "hole_12": 17.38255623716265,
    "hole_2": 22.98579114195436,
    "hole_15": 13.137609144753918,
    "hole_17": 14.121716604534777,
    "hole_8": 13.25169495595322,
    "hole_4": 21.771310535167686,
    "hole_16": 12.003338089275953,
    "hole_18": 13.746446374278882,
    "hole_11": 14.583825588288528,
    "hole_-1": 10.397730173228167,
    "hole_5": 21.580647938276403,
    "hole_7": 14.509653103053642,
    "hole_9": 13.332402748940634
  },
  "total_revenue": 600.0,
  "total_orders": 20,
  "successful_orders": 20,
  "failed_orders": 0,
  "total_rounds": 18,
  "active_runner_hours": 7.1254127776784095
}