{
  "simulation_id": "delivery_dynamic_06",
  "runner_id": "2_runners",
  "revenue_per_round": 41.42857142857143,
  "orders_per_runner_hour": 3.9417701801018685,
  "on_time_rate": 0.4482758620689655,
  "delivery_cycle_time_p90": 41.524156637646655,
  "delivery_cycle_time_avg": 28.197193994924174,
  "failed_rate": 0.0,
  "second_runner_break_even_orders": 7.357100661624708,
  "queue_wait_avg": 13.623717948717948,
  "runner_utilization_driving_pct": 87.57915539969387,
  "runner_utilization_prep_pct": 0.0,
  "runner_utilization_idle_pct": 12.420844600306125,
  "distance_per_delivery_avg": 2010.229596087626,
  "zone_service_times": {
    "hole_15": 32.7811306960866,
    "hole_12": 28.81867048320039,
    "hole_5": 29.914060824924597,
    "hole_9": 31.1987153934638,
    "hole_8": 26.45160006878526,
    "hole_14": 33.93549052242731,
    "hole_11": 35.914363848169586,
    "hole_7": 37.88468858879502,
    "hole_4": 42.13853919149736,
    "hole_16": 15.853338089275955,
    "hole_-1": 17.257446437665124,
    "hole_6": 18.97275259806641,
    "hole_10": 10.861971075442609,
    "hole_18": 18.07185401008925
  },
  "total_revenue": 870.0,
  "total_orders": 30,
  "successful_orders": 29,
  "failed_orders": 0,
  "total_rounds": 21,
  "active_runner_hours": 7.357100661624708
}