{
  "simulation_id": "delivery_dynamic_10",
  "runner_id": "runner_1",
  "revenue_per_round": 23.75,
  "orders_per_runner_hour": 2.6196859440827267,
  "on_time_rate": 0.42105263157894735,
  "delivery_cycle_time_p90": 57.1810635065615,
  "delivery_cycle_time_avg": 37.58503080231743,
  "failed_rate": 0.3,
  "second_runner_break_even_orders": 7.252777777777778,
  "queue_wait_avg": 24.521929824561404,
  "runner_utilization_driving_pct": 42.64569995212186,
  "runner_utilization_prep_pct": 0.0,
  "runner_utilization_idle_pct": 57.35430004787814,
  "distance_per_delivery_avg": 1029.2019285260258,
  "zone_service_times": {
    "hole_8": 31.67545855195549,
    "hole_9": 41.60729321552026,
    "hole_-1": 48.50767603444663,
    "hole_15": 31.584390654709793,
    "hole_7": 37.87263173755464,
    "hole_18": 30.619552506919497,
    "hole_11": 59.366086249603605,
    "hole_14": 25.89809918084623
  },
  "total_revenue": 570.0,
  "total_orders": 30,
  "successful_orders": 19,
  "failed_orders": 9,
  "total_rounds": 24,
  "active_runner_hours": 7.252777777777778
}