{
  "simulation_id": "delivery_dynamic_07",
  "runner_id": "2_runners",
  "revenue_per_round": 31.0,
  "orders_per_runner_hour": 4.3297769156159065,
  "on_time_rate": 0.45161290322580644,
  "delivery_cycle_time_p90": 61.61827497125207,
  "delivery_cycle_time_avg": 36.974767460554254,
  "failed_rate": 0.32,
  "second_runner_break_even_orders": 7.159722222222223,
  "queue_wait_avg": 22.97741935483871,
  "runner_utilization_driving_pct": 85.93347503750391,
  "runner_utilization_prep_pct": 0.0,
  "runner_utilization_idle_pct": 14.06652496249609,
  "distance_per_delivery_avg": 1343.1089635204248,
  "zone_service_times": {
    "hole_15": 13.153747077786042,
    "hole_7": 36.87988558206561,
    "hole_16": 33.80594033343605,
    "hole_10": 20.864096626218632,
    "hole_11": 36.09348108149679,
    "hole_9": 49.809533492233214,
    "hole_17": 52.93137211052029,
    "hole_4": 47.036952681666236,
    "hole_13": 62.71415951627587,
    "hole_5": 59.933719915702504,
    "hole_8": 40.66098606221783,
    "hole_-1": 35.36031021784441,
    "hole_18": 28.887712646515016,
    "hole_14": 14.748888730903127
  },
  "total_revenue": 930.0,
  "total_orders": 50,
  "successful_orders": 31,
  "failed_orders": 16,
  "total_rounds": 30,
  "active_runner_hours": 7.159722222222222
}