{
  "simulation_id": "delivery_dynamic_04",
  "runner_id": "runner_1",
  "revenue_per_round": 21.6,
  "orders_per_runner_hour": 2.5663366336633664,
  "on_time_rate": 0.05555555555555555,
  "delivery_cycle_time_p90": 61.66630356382781,
  "delivery_cycle_time_avg": 48.376583262784585,
  "failed_rate": 0.425,
  "second_runner_break_even_orders": 7.013888888888889,
  "queue_wait_avg": 35.29537037037037,
  "runner_utilization_driving_pct": 29.86928965581413,
  "runner_utilization_prep_pct": 0.0,
  "runner_utilization_idle_pct": 70.13071034418587,
  "distance_per_delivery_avg": 1035.2875318511783,
  "zone_service_times": {
    "hole_8": 13.46817562939056,
    "hole_17": 40.39200555715391,
    "hole_18": 51.58177505705163,
    "hole_14": 62.649850847224236,
    "hole_12": 34.25386535741048,
    "hole_13": 51.46436428080027,
    "hole_11": 49.80804085950003
  },
  "total_revenue": 540.0,
  "total_orders": 40,
  "successful_orders": 18,
  "failed_orders": 17,
  "total_rounds": 25,
  "active_runner_hours": 7.013888888888889
}