{
  "simulation_id": "delivery_dynamic_02",
  "runner_id": "runner_1",
  "revenue_per_round": 22.5,
  "orders_per_runner_hour": 2.537693362052085,
  "on_time_rate": 0.2777777777777778,
  "delivery_cycle_time_p90": 60.081797336840225,
  "delivery_cycle_time_avg": 39.49096654326685,
  "failed_rate": 0.3,
  "second_runner_break_even_orders": 7.093055555555555,
  "queue_wait_avg": 25.833333333333332,
  "runner_utilization_driving_pct": 42.88327341581436,
  "runner_utilization_prep_pct": 0.0,
  "runner_utilization_idle_pct": 57.11672658418564,
  "distance_per_delivery_avg": 1228.964758537659,
  "zone_service_times": {
    "hole_6": 38.7444009462989,
    "hole_8": 29.412297486586493,
    "hole_-1": 39.19954902393433,
    "hole_18": 43.79644839369091,
    "hole_10": 56.22489953060121,
    "hole_7": 51.94433691813119,
    "hole_12": 59.32169119670398,
    "hole_9": 11.951759573860667,
    "hole_14": 14.565671539587735
  },
  "total_revenue": 540.0,
  "total_orders": 30,
  "successful_orders": 18,
  "failed_orders": 9,
  "total_rounds": 24,
  "active_runner_hours": 7.093055555555556
}