{
  "simulation_id": "delivery_dynamic_10",
  "runner_id": "3_runners",
  "revenue_per_round": 35.294117647058826,
  "orders_per_runner_hour": 2.822797839742964,
  "on_time_rate": 1.0,
  "delivery_cycle_time_p90": 18.249151982330886,
  "delivery_cycle_time_avg": 15.086377961942478,
  "failed_rate": 0.0,
  "second_runner_break_even_orders": 7.085169089480791,
  "queue_wait_avg": 0.03214285714285714,
  "runner_utilization_driving_pct": 47.907233887137025,
  "runner_utilization_prep_pct": 0.0,
  "runner_utilization_idle_pct": 52.092766112862975,
  "distance_per_delivery_avg": 1701.462995212676,
  "zone_service_times": {
    "hole_15": 17.955428710680735,
    "hole_-1": 20.642118395739512,
    "hole_18": 10.462454313137075,
    "hole_8": 14.104623451582604,
    "hole_10": 12.881191026854504,
    "hole_16": 16.83812028577246,
    "hole_17": 16.10602006531459,
    "hole_9": 12.628636825344255,
    "hole_2": 13.498342147207465,
    "hole_3": 17.932480039343076,
    "hole_4": 18.281787901403124
  },
  "total_revenue": 600.0,
  "total_orders": 20,
  "successful_orders": 20,
  "failed_orders": 0,
  "total_rounds": 17,
  "active_runner_hours": 7.085169089480791
}