{
  "simulation_id": "delivery_dynamic_08",
  "runner_id": "runner_1",
  "revenue_per_round": 31.363636363636363,
  "orders_per_runner_hour": 3.132211083790429,
  "on_time_rate": 0.391304347826087,
  "delivery_cycle_time_p90": 54.76558848361226,
  "delivery_cycle_time_avg": 33.536727524959154,
  "failed_rate": 0.2,
  "second_runner_break_even_orders": 7.343055555555555,
  "queue_wait_avg": 21.13550724637681,
  "runner_utilization_driving_pct": 36.85362365430324,
  "runner_utilization_prep_pct": 0.0,
  "runner_utilization_idle_pct": 63.14637634569676,
  "distance_per_delivery_avg": 806.8100136036691,
  "zone_service_times": {
    "hole_9": 15.779118053219674,
    "hole_18": 34.66788737618773,
    "hole_10": 28.554240711129324,
    "hole_13": 48.351507713252005,
    "hole_11": 41.641374192833425,
    "hole_12": 47.47765438848073,
    "hole_15": 18.585875165064742,
    "hole_17": 14.77779346974615
  },
  "total_revenue": 690.0,
  "total_orders": 30,
  "successful_orders": 23,
  "failed_orders": 6,
  "total_rounds": 22,
  "active_runner_hours": 7.343055555555556
}