{
  "simulation_id": "delivery_dynamic_06",
  "runner_id": "2_runners",
  "revenue_per_round": 39.130434782608695,
  "orders_per_runner_hour": 4.183271932634801,
  "on_time_rate": 1.0,
  "delivery_cycle_time_p90": 26.167774769001472,
  "delivery_cycle_time_avg": 17.211739828026893,
  "failed_rate": 0.0,
  "second_runner_break_even_orders": 7.17141999925038,
  "queue_wait_avg": 4.772916666666666,
  "runner_utilization_driving_pct": 61.563222012687014,
  "runner_utilization_prep_pct": 0.0,
  "runner_utilization_idle_pct": 38.436777987312986,
  "distance_per_delivery_avg": 1140.1845822170385,
  "zone_service_times": {
    "hole_7": 14.66866167725907,
    "hole_12": 18.383382958076357,
    "hole_11": 18.779368096000507,
    "hole_14": 17.67764942743274,
    "hole_16": 16.74368258978296,
    "hole_18": 20.199398261166614,
    "hole_17": 20.171752816949933,
    "hole_-1": 13.814284587104897,
    "hole_15": 12.723851211334992,
    "hole_13": 15.883470118401904,
    "hole_8": 13.580453069097711
  },
  "total_revenue": 900.0,
  "total_orders": 30,
  "successful_orders": 30,
  "failed_orders": 0,
  "total_rounds": 23,
  "active_runner_hours": 7.17141999925038
}