{
  "simulation_id": "delivery_dynamic_09",
  "runner_id": "runner_1",
  "revenue_per_round": 30.0,
  "orders_per_runner_hour": 2.819355578394758,
  "on_time_rate": 0.9,
  "delivery_cycle_time_p90": 30.90943077135813,
  "delivery_cycle_time_avg": 17.186992093164502,
  "failed_rate": 0.0,
  "second_runner_break_even_orders": 7.09381964916511,
  "queue_wait_avg": 5.515789473684211,
  "runner_utilization_driving_pct": 19.068726511126815,
  "runner_utilization_prep_pct": 0.0,
  "runner_utilization_idle_pct": 80.93127348887319,
  "distance_per_delivery_avg": 1401.8343070784392,
  "zone_service_times": {
    "hole_11": 11.578634786407656,
    "hole_18": 24.00163472217047,
    "hole_17": 12.611706617562778,
    "hole_9": 10.995538920599696,
    "hole_10": 17.022948049010605,
    "hole_1": 12.871961174674379,
    "hole_2": 12.869758982373666,
    "hole_3": 17.77789557255052,
    "hole_4": 31.481927887321884,
    "hole_15": 13.950855176630103,
    "hole_8": 11.955543820503227,
    "hole_16": 13.40247872338538
  },
  "total_revenue": 600.0,
  "total_orders": 20,
  "successful_orders": 20,
  "failed_orders": 0,
  "total_rounds": 20,
  "active_runner_hours": 7.093819649165111
}