{
  "simulation_id": "delivery_dynamic_08",
  "runner_id": "runner_1",
  "revenue_per_round": 21.923076923076923,
  "orders_per_runner_hour": 2.6547642150203767,
  "on_time_rate": 0.15789473684210525,
  "delivery_cycle_time_p90": 65.03343736697086,
  "delivery_cycle_time_avg": 48.194154534391366,
  "failed_rate": 0.425,
  "second_runner_break_even_orders": 7.156944444444445,
  "queue_wait_avg": 36.83425925925926,
  "runner_utilization_driving_pct": 38.43661289370579,
  "runner_utilization_prep_pct": 0.0,
  "runner_utilization_idle_pct": 61.56338710629421,
  "distance_per_delivery_avg": 1108.3096077660286,
  "zone_service_times": {
    "hole_15": 40.970170695969,
    "hole_18": 47.99118129365605,
    "hole_-1": 33.3910892842614,
    "hole_9": 41.381540703000944,
    "hole_10": 54.4684967552507,
    "hole_13": 65.03343736697086,
    "hole_8": 50.60569930625685,
    "hole_14": 65.234059911041,
    "hole_12": 43.854783627216115
  },
  "total_revenue": 570.0,
  "total_orders": 40,
  "successful_orders": 19,
  "failed_orders": 17,
  "total_rounds": 26,
  "active_runner_hours": 7.156944444444444
}