{
  "simulation_id": "delivery_dynamic_01",
  "runner_id": "2_runners",
  "revenue_per_round": 40.90909090909091,
  "orders_per_runner_hour": 4.070052075496033,
  "on_time_rate": 0.9666666666666667,
  "delivery_cycle_time_p90": 27.035114313972365,
  "delivery_cycle_time_avg": 17.766017033407397,
  "failed_rate": 0.0,
  "second_runner_break_even_orders": 7.370913060453602,
  "queue_wait_avg": 4.097222222222222,
  "runner_utilization_driving_pct": 63.918560617058475,
  "runner_utilization_prep_pct": 0.0,
  "runner_utilization_idle_pct": 36.081439382941525,
  "distance_per_delivery_avg": 1232.7150565582183,
  "zone_service_times": {
    "hole_8": 13.995751998390203,
    "hole_9": 12.077503761566565,
    "hole_18": 17.203944686125613,
    "hole_12": 20.642697057725492,
    "hole_17": 17.995644657457916,
    "hole_10": 18.27756696234063,
    "hole_16": 16.95338666821723,
    "hole_14": 16.66107097681373,
    "hole_13": 22.58245481601937,
    "hole_15": 17.972095377347433
  },
  "total_revenue": 900.0,
  "total_orders": 30,
  "successful_orders": 30,
  "failed_orders": 0,
  "total_rounds": 22,
  "active_runner_hours": 7.370913060453602
}