{
  "simulation_id": "delivery_dynamic_01",
  "runner_id": "2_runners",
  "revenue_per_round": 35.294117647058826,
  "orders_per_runner_hour": 2.875041702034038,
  "on_time_rate": 1.0,
  "delivery_cycle_time_p90": 22.54080729037924,
  "delivery_cycle_time_avg": 15.61155788542682,
  "failed_rate": 0.0,
  "second_runner_break_even_orders": 6.956420835861398,
  "queue_wait_avg": 1.0104166666666667,
  "runner_utilization_driving_pct": 55.816359792773504,
  "runner_utilization_prep_pct": 0.0,
  "runner_utilization_idle_pct": 44.183640207226496,
  "distance_per_delivery_avg": 1613.883449503409,
  "zone_service_times": {
    "hole_14": 14.889233237457363,
    "hole_18": 13.374090593136376,
    "hole_11": 15.281105827449665,
    "hole_15": 12.360621923903516,
    "hole_9": 16.353111869429853,
    "hole_17": 13.918229130401778,
    "hole_4": 22.731697825222668,
    "hole_6": 17.641495536423463,
    "hole_3": 20.822792476788404,
    "hole_5": 25.17271495337991,
    "hole_7": 14.33597531515928,
    "hole_10": 12.93314360999284,
    "hole_16": 11.874832507939452,
    "hole_8": 13.387631104064834
  },
  "total_revenue": 600.0,
  "total_orders": 20,
  "successful_orders": 20,
  "failed_orders": 0,
  "total_rounds": 17,
  "active_runner_hours": 6.956420835861398
}