{
  "simulation_id": "delivery_dynamic_02",
  "runner_id": "3_runners",
  "revenue_per_round": 37.5,
  "orders_per_runner_hour": 4.144345188272086,
  "on_time_rate": 1.0,
  "delivery_cycle_time_p90": 20.59325253874369,
  "delivery_cycle_time_avg": 14.750440975391607,
  "failed_rate": 0.0,
  "second_runner_break_even_orders": 7.238779261171531,
  "queue_wait_avg": 1.0946969696969697,
  "runner_utilization_driving_pct": 64.2705470013931,
  "runner_utilization_prep_pct": 0.0,
  "runner_utilization_idle_pct": 35.7294529986069,
  "distance_per_delivery_avg": 1326.4148343982492,
  "zone_service_times": {
    "hole_2": 13.720192312757089,
    "hole_16": 16.756187236661027,
    "hole_11": 13.838401442592689,
    "hole_18": 12.715985602935659,
    "hole_12": 24.357503211904746,
    "hole_1": 12.426087088764023,
    "hole_6": 19.853459825781282,
    "hole_9": 12.4278770554758,
    "hole_10": 11.782876996994046,
    "hole_8": 15.214098472755147,
    "hole_15": 18.050580503181056,
    "hole_-1": 20.675451729072847,
    "hole_17": 15.481643520417007,
    "hole_3": 17.73151757505378
  },
  "total_revenue": 900.0,
  "total_orders": 30,
  "successful_orders": 30,
  "failed_orders": 0,
  "total_rounds": 24,
  "active_runner_hours": 7.238779261171531
}