{
  "simulation_id": "delivery_dynamic_06",
  "runner_id": "runner_1",
  "revenue_per_round": 9.473684210526315,
  "orders_per_runner_hour": 1.6964461024936186,
  "on_time_rate": 0.16666666666666666,
  "delivery_cycle_time_p90": 62.46767225732615,
  "delivery_cycle_time_avg": 49.75604524522446,
  "failed_rate": 0.62,
  "second_runner_break_even_orders": 7.073611111111111,
  "queue_wait_avg": 35.78611111111111,
  "runner_utilization_driving_pct": 31.13992204197992,
  "runner_utilization_prep_pct": 0.0,
  "runner_utilization_idle_pct": 68.86007795802009,
  "distance_per_delivery_avg": 1333.8978690620847,
  "zone_service_times": {
    "hole_8": 13.955286283991153,
    "hole_10": 29.0678882534207,
    "hole_6": 55.5584463851661,
    "hole_11": 57.68811690545384,
    "hole_17": 62.560272572112744,
    "hole_-1": 55.638769099297235,
    "hole_14": 62.25160485615743,
    "hole_18": 35.82805709787996
  },
  "total_revenue": 360.0,
  "total_orders": 50,
  "successful_orders": 12,
  "failed_orders": 31,
  "total_rounds": 38,
  "active_runner_hours": 7.073611111111111
}