{
  "simulation_id": "delivery_dynamic_06",
  "runner_id": "2_runners",
  "revenue_per_round": 32.142857142857146,
  "orders_per_runner_hour": 4.177392962860725,
  "on_time_rate": 0.9,
  "delivery_cycle_time_p90": 30.595936824673498,
  "delivery_cycle_time_avg": 18.65034294244655,
  "failed_rate": 0.0,
  "second_runner_break_even_orders": 7.181512552617427,
  "queue_wait_avg": 4.218390804597701,
  "runner_utilization_driving_pct": 65.5421468455665,
  "runner_utilization_prep_pct": 0.0,
  "runner_utilization_idle_pct": 34.457853154433494,
  "distance_per_delivery_avg": 1536.3818953287068,
  "zone_service_times": {
    "hole_1": 12.426087088764023,
    "hole_17": 21.185213048232328,
    "hole_4": 18.677255385301244,
    "hole_15": 17.80206869391475,
    "hole_18": 18.584969153657767,
    "hole_10": 14.645907221998065,
    "hole_12": 21.225670123141086,
    "hole_-1": 33.588432684484665,
    "hole_2": 16.939835104221977,
    "hole_8": 14.087588933274583,
    "hole_9": 11.985355954358177
  },
  "total_revenue": 900.0,
  "total_orders": 30,
  "successful_orders": 30,
  "failed_orders": 0,
  "total_rounds": 28,
  "active_runner_hours": 7.181512552617427
}