{
  "simulation_id": "delivery_dynamic_02",
  "runner_id": "3_runners",
  "revenue_per_round": 39.130434782608695,
  "orders_per_runner_hour": 4.1165315818405075,
  "on_time_rate": 1.0,
  "delivery_cycle_time_p90": 22.12799311114084,
  "delivery_cycle_time_avg": 15.050326083331157,
  "failed_rate": 0.0,
  "second_runner_break_even_orders": 7.287688531855489,
  "queue_wait_avg": 0.4702898550724638,
  "runner_utilization_driving_pct": 79.82102227177585,
  "runner_utilization_prep_pct": 0.0,
  "runner_utilization_idle_pct": 20.178977728224154,
  "distance_per_delivery_avg": 1575.7628973326016,
  "zone_service_times": {
    "hole_3": 21.39382580007229,
    "hole_17": 14.110272572112747,
    "hole_14": 14.402864254335872,
    "hole_9": 11.190382060130469,
    "hole_11": 18.304234680796213,
    "hole_-1": 11.428108124612102,
    "hole_15": 13.328218043005442,
    "hole_18": 11.915050748352748,
    "hole_13": 15.266179546951056,
    "hole_10": 12.152154240401478,
    "hole_7": 14.643661753674193,
    "hole_5": 22.37535945456002,
    "hole_4": 22.131167826259297,
    "hole_2": 22.099420675074725,
    "hole_12": 17.450488474208903
  },
  "total_revenue": 900.0,
  "total_orders": 30,
  "successful_orders": 30,
  "failed_orders": 0,
  "total_rounds": 23,
  "active_runner_hours": 7.287688531855489
}