{
  "simulation_id": "delivery_dynamic_04",
  "runner_id": "runner_1",
  "revenue_per_round": 21.818181818181817,
  "orders_per_runner_hour": 2.2395023328149297,
  "on_time_rate": 0.125,
  "delivery_cycle_time_p90": 56.7510635065615,
  "delivery_cycle_time_avg": 39.839756849420354,
  "failed_rate": 0.36666666666666664,
  "second_runner_break_even_orders": 7.144444444444445,
  "queue_wait_avg": 26.896875,
  "runner_utilization_driving_pct": 34.312467245114846,
  "runner_utilization_prep_pct": 0.0,
  "runner_utilization_idle_pct": 65.68753275488515,
  "distance_per_delivery_avg": 988.8083014052359,
  "zone_service_times": {
    "hole_15": 27.815910216974427,
    "hole_6": 26.13591398024728,
    "hole_9": 45.81141556725245,
    "hole_-1": 49.00050795100594,
    "hole_14": 43.12179918922806,
    "hole_18": 31.184154447578717,
    "hole_12": 44.474334879984845
  },
  "total_revenue": 480.0,
  "total_orders": 30,
  "successful_orders": 16,
  "failed_orders": 11,
  "total_rounds": 22,
  "active_runner_hours": 7.144444444444445
}