{
  "simulation_id": "delivery_dynamic_05",
  "runner_id": "2_runners",
  "revenue_per_round": 33.333333333333336,
  "orders_per_runner_hour": 2.7956526666133827,
  "on_time_rate": 1.0,
  "delivery_cycle_time_p90": 26.746506208148084,
  "delivery_cycle_time_avg": 17.165819158873585,
  "failed_rate": 0.0,
  "second_runner_break_even_orders": 7.153964524580136,
  "queue_wait_avg": 4.6000000000000005,
  "runner_utilization_driving_pct": 45.640627816654714,
  "runner_utilization_prep_pct": 0.0,
  "runner_utilization_idle_pct": 54.359372183345286,
  "distance_per_delivery_avg": 1171.235237381524,
  "zone_service_times": {
    "hole_17": 14.211512744942896,
    "hole_9": 11.475899061575122,
    "hole_18": 17.784694886215988,
    "hole_-1": 26.7810635065615,
    "hole_13": 15.262437200827359,
    "hole_14": 18.65049972787416,
    "hole_16": 21.827853572061393,
    "hole_8": 13.69089188637471,
    "hole_10": 27.63455492008737,
    "hole_15": 12.756391407755169
  },
  "total_revenue": 600.0,
  "total_orders": 20,
  "successful_orders": 20,
  "failed_orders": 0,
  "total_rounds": 18,
  "active_runner_hours": 7.153964524580137
}