{
  "simulation_id": "delivery_dynamic_04",
  "runner_id": "2_runners",
  "revenue_per_round": 37.0,
  "orders_per_runner_hour": 5.097588978185993,
  "on_time_rate": 0.2702702702702703,
  "delivery_cycle_time_p90": 59.357156857628674,
  "delivery_cycle_time_avg": 39.57115695426461,
  "failed_rate": 0.2,
  "second_runner_break_even_orders": 7.258333333333334,
  "queue_wait_avg": 26.725980392156863,
  "runner_utilization_driving_pct": 86.32047404148054,
  "runner_utilization_prep_pct": 0.0,
  "runner_utilization_idle_pct": 13.679525958519463,
  "distance_per_delivery_avg": 1684.0817096058797,
  "zone_service_times": {
    "hole_1": 12.210426259020187,
    "hole_14": 30.62286006503523,
    "hole_2": 20.771746139705222,
    "hole_4": 33.45872957428637,
    "hole_18": 39.14420009117093,
    "hole_3": 42.164850908387116,
    "hole_8": 46.272825715791505,
    "hole_17": 45.90833751439483,
    "hole_12": 37.361678455564004,
    "hole_6": 58.052665722490595,
    "hole_7": 47.908718450521455,
    "hole_16": 35.44823817904056,
    "hole_13": 50.269870173155326,
    "hole_-1": 59.32080348973947,
    "hole_11": 45.593638727659346,
    "hole_10": 16.674445735026286
  },
  "total_revenue": 1110.0,
  "total_orders": 50,
  "successful_orders": 37,
  "failed_orders": 10,
  "total_rounds": 30,
  "active_runner_hours": 7.258333333333334
}