{
  "simulation_id": "delivery_dynamic_10",
  "runner_id": "2_runners",
  "revenue_per_round": 37.5,
  "orders_per_runner_hour": 2.859424109169253,
  "on_time_rate": 1.0,
  "delivery_cycle_time_p90": 23.699016877159945,
  "delivery_cycle_time_avg": 13.983811089065583,
  "failed_rate": 0.0,
  "second_runner_break_even_orders": 6.99441539150014,
  "queue_wait_avg": 1.6760416666666667,
  "runner_utilization_driving_pct": 28.216585195026394,
  "runner_utilization_prep_pct": 0.0,
  "runner_utilization_idle_pct": 71.7834148049736,
  "distance_per_delivery_avg": 1902.943984127224,
  "zone_service_times": {
    "hole_12": 15.425744634510867,
    "hole_13": 15.803489026899806,
    "hole_9": 11.299269970984914,
    "hole_14": 14.252337945852782,
    "hole_11": 11.49831223209003,
    "hole_8": 12.398405937660451,
    "hole_18": 11.37221600313666,
    "hole_16": 13.129554043775109,
    "hole_17": 12.600878056289366
  },
  "total_revenue": 600.0,
  "total_orders": 20,
  "successful_orders": 20,
  "failed_orders": 0,
  "total_rounds": 16,
  "active_runner_hours": 6.99441539150014
}