{
  "simulation_id": "delivery_dynamic_05",
  "runner_id": "runner_1",
  "revenue_per_round": 13.333333333333334,
  "orders_per_runner_hour": 2.20731940984863,
  "on_time_rate": 0.125,
  "delivery_cycle_time_p90": 62.048949058316566,
  "delivery_cycle_time_avg": 48.145044737544744,
  "failed_rate": 0.54,
  "second_runner_break_even_orders": 7.248611111111111,
  "queue_wait_avg": 34.74270833333333,
  "runner_utilization_driving_pct": 30.856322030110146,
  "runner_utilization_prep_pct": 0.0,
  "runner_utilization_idle_pct": 69.14367796988985,
  "distance_per_delivery_avg": 1143.185031815037,
  "zone_service_times": {
    "hole_18": 44.95793270359149,
    "hole_4": 21.62368574438733,
    "hole_8": 39.15230836455424,
    "hole_15": 63.88298742738904,
    "hole_9": 61.262932614428365,
    "hole_17": 53.5366634626657,
    "hole_16": 50.68720121822844,
    "hole_11": 49.43238733117899,
    "hole_10": 60.87536486692746
  },
  "total_revenue": 480.0,
  "total_orders": 50,
  "successful_orders": 16,
  "failed_orders": 27,
  "total_rounds": 36,
  "active_runner_hours": 7.248611111111111
}