{
  "simulation_id": "delivery_dynamic_03",
  "runner_id": "runner_1",
  "revenue_per_round": 18.75,
  "orders_per_runner_hour": 2.1155729676787463,
  "on_time_rate": 0.4,
  "delivery_cycle_time_p90": 65.73023987694482,
  "delivery_cycle_time_avg": 39.17417545148371,
  "failed_rate": 0.4,
  "second_runner_break_even_orders": 7.090277777777777,
  "queue_wait_avg": 26.801190476190477,
  "runner_utilization_driving_pct": 42.93063122672302,
  "runner_utilization_prep_pct": 0.0,
  "runner_utilization_idle_pct": 57.06936877327698,
  "distance_per_delivery_avg": 1397.66961836519,
  "zone_service_times": {
    "hole_11": 26.553922464833203,
    "hole_12": 41.47665795219157,
    "hole_10": 47.798811890140556,
    "hole_-1": 43.71995239545039,
    "hole_8": 56.13502828928655,
    "hole_18": 53.85345763348014,
    "hole_13": 19.230826182942597,
    "hole_9": 18.94351589943035
  },
  "total_revenue": 450.0,
  "total_orders": 30,
  "successful_orders": 15,
  "failed_orders": 12,
  "total_rounds": 24,
  "active_runner_hours": 7.090277777777778
}