{
  "simulation_id": "delivery_dynamic_06",
  "runner_id": "2_runners",
  "revenue_per_round": 28.235294117647058,
  "orders_per_runner_hour": 4.41717791411043,
  "on_time_rate": 0.625,
  "delivery_cycle_time_p90": 61.7692745824761,
  "delivery_cycle_time_avg": 30.326054103445777,
  "failed_rate": 0.32,
  "second_runner_break_even_orders": 7.2444444444444445,
  "queue_wait_avg": 17.579444444444444,
  "runner_utilization_driving_pct": 71.03481986761133,
  "runner_utilization_prep_pct": 0.0,
  "runner_utilization_idle_pct": 28.965180132388667,
  "distance_per_delivery_avg": 1292.0291787577814,
  "zone_service_times": {
    "hole_15": 21.747294484306167,
    "hole_16": 14.666915132733932,
    "hole_14": 15.905386615594367,
    "hole_17": 25.89297549466331,
    "hole_4": 35.671310535167684,
    "hole_9": 19.674665783529417,
    "hole_-1": 54.0419875296894,
    "hole_11": 62.90399784371366,
    "hole_10": 25.613098284669267,
    "hole_5": 60.58501497365002,
    "hole_7": 58.94262156816452,
    "hole_6": 64.20344162023963,
    "hole_18": 16.39677693832748
  },
  "total_revenue": 960.0,
  "total_orders": 50,
  "successful_orders": 32,
  "failed_orders": 16,
  "total_rounds": 34,
  "active_runner_hours": 7.2444444444444445
}