{
  "simulation_id": "delivery_dynamic_07",
  "runner_id": "3_runners",
  "revenue_per_round": 46.875,
  "orders_per_runner_hour": 6.949712605137697,
  "on_time_rate": 0.84,
  "delivery_cycle_time_p90": 38.00036010356164,
  "delivery_cycle_time_avg": 22.599600967301182,
  "failed_rate": 0.0,
  "second_runner_break_even_orders": 7.1945421114301356,
  "queue_wait_avg": 7.473263888888889,
  "runner_utilization_driving_pct": 100.0,
  "runner_utilization_prep_pct": 0.0,
  "runner_utilization_idle_pct": 0.0,
  "distance_per_delivery_avg": 1822.8899250131965,
  "zone_service_times": {
    "hole_15": 19.548156009055713,
    "hole_5": 22.662873001044076,
    "hole_16": 16.200451513034537,
    "hole_7": 23.03951104705372,
    "hole_18": 18.803230790158022,
    "hole_3": 21.64241330330912,
    "hole_9": 25.894909912048593,
    "hole_14": 16.593434717397113,
    "hole_10": 24.721116009838763,
    "hole_-1": 14.10076159107177,
    "hole_8": 27.93498691424981,
    "hole_6": 24.75594451199207,
    "hole_2": 25.855951134173573,
    "hole_17": 33.51797549466331,
    "hole_11": 41.0160862496036,
    "hole_4": 31.167706240864533
  },
  "total_revenue": 1500.0,
  "total_orders": 50,
  "successful_orders": 50,
  "failed_orders": 0,
  "total_rounds": 32,
  "active_runner_hours": 7.194542111430136
}