{
  "variantKey": "back",
  "blockedHoles": [
    10,
    11,
    12
  ],
  "deliveryMetrics": {
    "totalOrders": 50,
    "successfulDeliveries": 50,
    "failedDeliveries": 0,
    "avgOrderTime": 22.599600967301182,
    "onTimePercentage": 84.0,
    "revenue": 1500.0,
    "ordersPerRunnerHour": 5.0,
    "lateOrders": 8,
    "runnerUtilizationPct": 33.654843956788994,
    "totalRunnerDriveMinutes": 605.7871912222018,
    "totalRunnerShiftMinutes": 1800.0,
    "runnerUtilizationByRunner": {
      "runner_3": {
        "driveMinutes": 187.98728062461853,
        "utilizationPct": 31.33121343743642,
        "shiftMinutes": 600.0
      },
      "runner_1": {
        "driveMinutes": 210.68690339683843,
        "utilizationPct": 35.11448389947307,
        "shiftMinutes": 600.0
      },
      "runner_2": {
        "driveMinutes": 207.11300720074496,
        "utilizationPct": 34.51883453345749,
        "shiftMinutes": 600.0
      }
    }
  },
  "bevCartMetrics": null,
  "hasRunners": true,
  "hasBevCart": false
}