{
  "simulation_id": "delivery_dynamic_08",
  "runner_id": "2_runners",
  "revenue_per_round": 37.82608695652174,
  "orders_per_runner_hour": 4.067904761021164,
  "on_time_rate": 0.9310344827586207,
  "delivery_cycle_time_p90": 27.388419483616598,
  "delivery_cycle_time_avg": 16.697473990925833,
  "failed_rate": 0.0,
  "second_runner_break_even_orders": 7.128977127950297,
  "queue_wait_avg": 3.466666666666667,
  "runner_utilization_driving_pct": 66.6646724915323,
  "runner_utilization_prep_pct": 0.0,
  "runner_utilization_idle_pct": 33.3353275084677,
  "distance_per_delivery_avg": 1165.8822954338375,
  "zone_service_times": {
    "hole_10": 13.32423013413925,
    "hole_7": 14.934681525522441,
    "hole_18": 16.719598433215204,
    "hole_11": 15.226814414830127,
    "hole_14": 16.434521439263335,
    "hole_15": 15.340978462700452,
    "hole_17": 27.388419483616598,
    "hole_-1": 13.1246401232221,
    "hole_12": 18.01395872073423,
    "hole_16": 24.971727303656735,
    "hole_9": 10.776376441334227,
    "hole_8": 13.539413735139412,
    "hole_13": 32.92910386749403
  },
  "total_revenue": 870.0,
  "total_orders": 30,
  "successful_orders": 29,
  "failed_orders": 0,
  "total_rounds": 23,
  "active_runner_hours": 7.128977127950297
}