{
  "simulation_id": "delivery_dynamic_01",
  "runner_id": "3_runners",
  "revenue_per_round": 37.74193548387097,
  "orders_per_runner_hour": 5.353839481710007,
  "on_time_rate": 0.9487179487179487,
  "delivery_cycle_time_p90": 20.717633414679344,
  "delivery_cycle_time_avg": 16.522275611309087,
  "failed_rate": 0.0,
  "second_runner_break_even_orders": 7.284491836789898,
  "queue_wait_avg": 2.6715686274509802,
  "runner_utilization_driving_pct": 86.17179757614393,
  "runner_utilization_prep_pct": 0.0,
  "runner_utilization_idle_pct": 13.82820242385607,
  "distance_per_delivery_avg": 1408.9205028357478,
  "zone_service_times": {
    "hole_10": 13.771734515268337,
    "hole_18": 15.370234183375254,
    "hole_12": 15.942386046374304,
    "hole_8": 13.97044110832782,
    "hole_11": 14.546405166995601,
    "hole_15": 23.200312315512083,
    "hole_17": 18.31385576859333,
    "hole_2": 14.452198119375499,
    "hole_4": 24.104935493374978,
    "hole_3": 17.21196359471687,
    "hole_9": 11.983804536851828,
    "hole_16": 17.98992160924172,
    "hole_14": 17.71152888936825
  },
  "total_revenue": 1170.0,
  "total_orders": 40,
  "successful_orders": 39,
  "failed_orders": 0,
  "total_rounds": 31,
  "active_runner_hours": 7.284491836789898
}