{
  "simulation_id": "delivery_dynamic_02",
  "runner_id": "3_runners",
  "revenue_per_round": 48.38709677419355,
  "orders_per_runner_hour": 6.769552990201276,
  "on_time_rate": 0.84,
  "delivery_cycle_time_p90": 32.68439559170697,
  "delivery_cycle_time_avg": 21.900723456543293,
  "failed_rate": 0.0,
  "second_runner_break_even_orders": 7.3860120560949145,
  "queue_wait_avg": 8.166666666666666,
  "runner_utilization_driving_pct": 100.0,
  "runner_utilization_prep_pct": 0.0,
  "runner_utilization_idle_pct": 0.0,
  "distance_per_delivery_avg": 1474.1630813985466,
  "zone_service_times": {
    "hole_18": 18.700965338757083,
    "hole_6": 20.957318847204647,
    "hole_12": 19.286803677411868,
    "hole_14": 22.078951365732685,
    "hole_17": 23.923651489167483,
    "hole_10": 29.40920130740745,
    "hole_15": 27.05948629611224,
    "hole_13": 29.921387292830406,
    "hole_8": 30.769138023856854,
    "hole_9": 20.114874036334278,
    "hole_7": 26.61056572878606,
    "hole_11": 13.026373219765325,
    "hole_16": 22.755792797150754
  },
  "total_revenue": 1500.0,
  "total_orders": 50,
  "successful_orders": 50,
  "failed_orders": 0,
  "total_rounds": 31,
  "active_runner_hours": 7.3860120560949145
}