{
  "simulation_id": "delivery_dynamic_09",
  "runner_id": "2_runners",
  "revenue_per_round": 43.333333333333336,
  "orders_per_runner_hour": 5.481915295376498,
  "on_time_rate": 0.48717948717948717,
  "delivery_cycle_time_p90": 54.85900345647442,
  "delivery_cycle_time_avg": 32.76736807554904,
  "failed_rate": 0.0,
  "second_runner_break_even_orders": 7.114301826752593,
  "queue_wait_avg": 18.86622807017544,
  "runner_utilization_driving_pct": 91.93670001287407,
  "runner_utilization_prep_pct": 0.0,
  "runner_utilization_idle_pct": 8.06329998712593,
  "distance_per_delivery_avg": 1473.322852871657,
  "zone_service_times": {
    "hole_17": 18.151418362735267,
    "hole_18": 31.792327413602646,
    "hole_7": 32.323325842326255,
    "hole_8": 42.72442187773825,
    "hole_10": 36.276374689333444,
    "hole_6": 32.52718449115355,
    "hole_-1": 30.528174493917867,
    "hole_13": 40.66769319287517,
    "hole_11": 40.14280581320787,
    "hole_12": 52.33155077142949,
    "hole_9": 44.779599368438355,
    "hole_14": 46.204334906163965,
    "hole_4": 40.58842690565992,
    "hole_15": 17.570170886797253
  },
  "total_revenue": 1170.0,
  "total_orders": 40,
  "successful_orders": 39,
  "failed_orders": 0,
  "total_rounds": 27,
  "active_runner_hours": 7.114301826752593
}