{
  "simulation_id": "delivery_dynamic_02",
  "runner_id": "2_runners",
  "revenue_per_round": 40.714285714285715,
  "orders_per_runner_hour": 5.2454493528381585,
  "on_time_rate": 0.47368421052631576,
  "delivery_cycle_time_p90": 50.58916354865703,
  "delivery_cycle_time_avg": 32.739084231067544,
  "failed_rate": 0.025,
  "second_runner_break_even_orders": 7.244374589078686,
  "queue_wait_avg": 19.009722222222223,
  "runner_utilization_driving_pct": 82.98107202534433,
  "runner_utilization_prep_pct": 0.0,
  "runner_utilization_idle_pct": 17.018927974655668,
  "distance_per_delivery_avg": 1589.2375647965914,
  "zone_service_times": {
    "hole_14": 28.22371642328807,
    "hole_8": 32.90615904912484,
    "hole_16": 40.490569826061865,
    "hole_13": 33.938109761663114,
    "hole_9": 25.70654070300091,
    "hole_18": 35.288218819488705,
    "hole_17": 32.2665057752054,
    "hole_15": 31.37633063522609,
    "hole_11": 45.98732033683714,
    "hole_-1": 20.236507827251142,
    "hole_12": 25.51787735724356
  },
  "total_revenue": 1140.0,
  "total_orders": 40,
  "successful_orders": 38,
  "failed_orders": 1,
  "total_rounds": 28,
  "active_runner_hours": 7.244374589078687
}