{
  "simulation_id": "delivery_dynamic_04",
  "runner_id": "2_runners",
  "revenue_per_round": 33.333333333333336,
  "orders_per_runner_hour": 2.889927990027548,
  "on_time_rate": 1.0,
  "delivery_cycle_time_p90": 27.02888153097748,
  "delivery_cycle_time_avg": 16.992462775692292,
  "failed_rate": 0.0,
  "second_runner_break_even_orders": 6.920587664819064,
  "queue_wait_avg": 3.311764705882353,
  "runner_utilization_driving_pct": 52.2312553382583,
  "runner_utilization_prep_pct": 0.0,
  "runner_utilization_idle_pct": 47.7687446617417,
  "distance_per_delivery_avg": 1403.6274926326112,
  "zone_service_times": {
    "hole_10": 11.640014906513382,
    "hole_14": 21.123982586376677,
    "hole_15": 16.107755773350256,
    "hole_8": 18.750541182201516,
    "hole_18": 20.211390431213296,
    "hole_7": 16.179857334884975,
    "hole_16": 17.06764819073291,
    "hole_6": 18.07160760500586,
    "hole_17": 14.309296309072426,
    "hole_9": 12.850527066585224
  },
  "total_revenue": 600.0,
  "total_orders": 20,
  "successful_orders": 20,
  "failed_orders": 0,
  "total_rounds": 18,
  "active_runner_hours": 6.920587664819064
}