{
  "simulation_id": "delivery_dynamic_03",
  "runner_id": "runner_1",
  "revenue_per_round": 20.192307692307693,
  "orders_per_runner_hour": 2.5643276158239705,
  "on_time_rate": 0.3333333333333333,
  "delivery_cycle_time_p90": 63.17677429292397,
  "delivery_cycle_time_avg": 39.87786905506345,
  "failed_rate": 0.3,
  "second_runner_break_even_orders": 10.236601531729535,
  "queue_wait_avg": 31.872549019607842,
  "runner_utilization_driving_pct": 33.109854323223495,
  "runner_utilization_prep_pct": 0.0,
  "runner_utilization_idle_pct": 66.89014567677651,
  "distance_per_delivery_avg": 1310.9322119179274,
  "zone_service_times": {
    "hole_13": 27.02534253953474,
    "hole_16": 58.903896581738,
    "hole_18": 36.36309242849032,
    "hole_11": 57.33527149849825,
    "hole_17": 64.31018073313341,
    "hole_10": 38.56658910185652,
    "hole_15": 25.564049526834605,
    "hole_14": 15.575291466587563,
    "hole_7": 29.42126794905659
  },
  "total_revenue": 525.0,
  "total_orders": 30,
  "successful_orders": 21,
  "failed_orders": 9,
  "total_rounds": 26,
  "active_runner_hours": 8.189281225383628
}