{
  "simulation_id": "delivery_dynamic_06",
  "runner_id": "runner_1",
  "revenue_per_round": 36.0,
  "orders_per_runner_hour": 2.5119879908393212,
  "on_time_rate": 0.5,
  "delivery_cycle_time_p90": 55.20483040726282,
  "delivery_cycle_time_avg": 33.47508979873032,
  "failed_rate": 0.1,
  "second_runner_break_even_orders": 7.165639352434056,
  "queue_wait_avg": 21.295833333333334,
  "runner_utilization_driving_pct": 42.28938365935941,
  "runner_utilization_prep_pct": 0.0,
  "runner_utilization_idle_pct": 57.71061634064059,
  "distance_per_delivery_avg": 1527.2746168178387,
  "zone_service_times": {
    "hole_17": 18.310328914133887,
    "hole_6": 17.644608079286265,
    "hole_16": 25.92285390332769,
    "hole_7": 43.74678668702327,
    "hole_18": 47.73633584503793,
    "hole_10": 47.54636256364532,
    "hole_12": 37.460405088320236,
    "hole_8": 53.73949238245817,
    "hole_9": 56.476712437849166,
    "hole_15": 17.725388452663175,
    "hole_2": 20.566932574614718
  },
  "total_revenue": 540.0,
  "total_orders": 20,
  "successful_orders": 18,
  "failed_orders": 2,
  "total_rounds": 15,
  "active_runner_hours": 7.165639352434056
}