{
  "simulation_id": "delivery_dynamic_09",
  "runner_id": "3_runners",
  "revenue_per_round": 40.0,
  "orders_per_runner_hour": 5.46550091981782,
  "on_time_rate": 0.925,
  "delivery_cycle_time_p90": 29.244955398432637,
  "delivery_cycle_time_avg": 19.67405675996427,
  "failed_rate": 0.0,
  "second_runner_break_even_orders": 7.318633842867108,
  "queue_wait_avg": 4.621296296296296,
  "runner_utilization_driving_pct": 100.0,
  "runner_utilization_prep_pct": 0.0,
  "runner_utilization_idle_pct": 0.0,
  "distance_per_delivery_avg": 1853.0030713479928,
  "zone_service_times": {
    "hole_12": 19.40870359632138,
    "hole_9": 13.751204618174718,
    "hole_7": 20.82722254010524,
    "hole_18": 22.307507141871927,
    "hole_17": 31.4416533793655,
    "hole_6": 26.72028543873021,
    "hole_15": 13.621275012970818,
    "hole_8": 25.22079738304134,
    "hole_16": 12.280521522509936,
    "hole_2": 24.786259382622937,
    "hole_14": 14.637419875512325,
    "hole_5": 22.201681640316686,
    "hole_10": 20.07877675633584,
    "hole_4": 22.578523486594836,
    "hole_3": 20.822792476788404
  },
  "total_revenue": 1200.0,
  "total_orders": 40,
  "successful_orders": 40,
  "failed_orders": 0,
  "total_rounds": 30,
  "active_runner_hours": 7.318633842867108
}