{
  "simulation_id": "delivery_dynamic_08",
  "runner_id": "2_runners",
  "revenue_per_round": 46.15384615384615,
  "orders_per_runner_hour": 2.9260463124440763,
  "on_time_rate": 0.9,
  "delivery_cycle_time_p90": 30.071000166651494,
  "delivery_cycle_time_avg": 18.17773587920382,
  "failed_rate": 0.0,
  "second_runner_break_even_orders": 6.835161806886899,
  "queue_wait_avg": 6.1899999999999995,
  "runner_utilization_driving_pct": 49.461783168164004,
  "runner_utilization_prep_pct": 0.0,
  "runner_utilization_idle_pct": 50.538216831835996,
  "distance_per_delivery_avg": 1187.8392554124846,
  "zone_service_times": {
    "hole_10": 16.59670297136272,
    "hole_18": 19.051682346720472,
    "hole_9": 14.419774763265341,
    "hole_17": 24.15312866996334,
    "hole_16": 17.439607377527135,
    "hole_15": 18.211127703614874
  },
  "total_revenue": 600.0,
  "total_orders": 20,
  "successful_orders": 20,
  "failed_orders": 0,
  "total_rounds": 13,
  "active_runner_hours": 6.835161806886899
}