{
  "simulation_id": "delivery_dynamic_07",
  "runner_id": "3_runners",
  "revenue_per_round": 37.5,
  "orders_per_runner_hour": 4.10535568203292,
  "on_time_rate": 1.0,
  "delivery_cycle_time_p90": 22.579037225574403,
  "delivery_cycle_time_avg": 16.41883166455701,
  "failed_rate": 0.0,
  "second_runner_break_even_orders": 7.307527611138527,
  "queue_wait_avg": 0.46944444444444444,
  "runner_utilization_driving_pct": 85.8786533889159,
  "runner_utilization_prep_pct": 0.0,
  "runner_utilization_idle_pct": 14.121346611084107,
  "distance_per_delivery_avg": 2030.5407726244905,
  "zone_service_times": {
    "hole_3": 20.8394591434551,
    "hole_5": 22.141595379623443,
    "hole_16": 13.442779310686001,
    "hole_15": 12.707116403080757,
    "hole_7": 15.048420369201711,
    "hole_4": 21.657389282638114,
    "hole_6": 20.60333444975595,
    "hole_18": 13.556101805277406,
    "hole_14": 14.73222206423646,
    "hole_17": 14.024966099941139,
    "hole_9": 12.58205721038145,
    "hole_2": 23.051143407814198,
    "hole_11": 14.107964328058369,
    "hole_12": 17.938133393608343,
    "hole_-1": 10.414396839894835,
    "hole_10": 12.02070428735921
  },
  "total_revenue": 900.0,
  "total_orders": 30,
  "successful_orders": 30,
  "failed_orders": 0,
  "total_rounds": 24,
  "active_runner_hours": 7.307527611138527
}