{
  "simulation_id": "delivery_dynamic_02",
  "runner_id": "2_runners",
  "revenue_per_round": 42.69230769230769,
  "orders_per_runner_hour": 5.101687769899665,
  "on_time_rate": 0.5135135135135135,
  "delivery_cycle_time_p90": 58.5704622248252,
  "delivery_cycle_time_avg": 31.63505070905409,
  "failed_rate": 0.05,
  "second_runner_break_even_orders": 7.252501852093485,
  "queue_wait_avg": 20.238020833333334,
  "runner_utilization_driving_pct": 85.47115560970045,
  "runner_utilization_prep_pct": 0.0,
  "runner_utilization_idle_pct": 14.528844390299554,
  "distance_per_delivery_avg": 1388.3175787827126,
  "zone_service_times": {
    "hole_9": 13.515663234842235,
    "hole_5": 29.9371982968483,
    "hole_18": 29.532577567203145,
    "hole_15": 26.17592388820762,
    "hole_-1": 34.26639631719556,
    "hole_4": 40.851536480720746,
    "hole_10": 20.836840989858715,
    "hole_7": 52.752277038722305,
    "hole_12": 53.20787590690925,
    "hole_16": 51.111186905394725,
    "hole_6": 51.33677495357297,
    "hole_2": 24.92878015721896,
    "hole_14": 14.92792683886837
  },
  "total_revenue": 1110.0,
  "total_orders": 40,
  "successful_orders": 37,
  "failed_orders": 2,
  "total_rounds": 26,
  "active_runner_hours": 7.252501852093485
}