{
  "simulation_id": "delivery_dynamic_01",
  "runner_id": "2_runners",
  "revenue_per_round": 37.5,
  "orders_per_runner_hour": 2.9208735194262885,
  "on_time_rate": 1.0,
  "delivery_cycle_time_p90": 26.18237230842368,
  "delivery_cycle_time_avg": 16.508446009994532,
  "failed_rate": 0.0,
  "second_runner_break_even_orders": 6.847266705313674,
  "queue_wait_avg": 1.5862745098039215,
  "runner_utilization_driving_pct": 55.835595816572294,
  "runner_utilization_prep_pct": 0.0,
  "runner_utilization_idle_pct": 44.164404183427706,
  "distance_per_delivery_avg": 1733.7978593581638,
  "zone_service_times": {
    "hole_15": 13.967462167619184,
    "hole_3": 24.6824476146399,
    "hole_6": 22.87809466611364,
    "hole_16": 11.812993593269615,
    "hole_9": 11.537737979428735,
    "hole_7": 16.034685073983535,
    "hole_18": 11.317487780912051,
    "hole_11": 17.07989185664632,
    "hole_-1": 10.397730173228167,
    "hole_17": 15.749518523922639,
    "hole_12": 17.521898319013477
  },
  "total_revenue": 600.0,
  "total_orders": 20,
  "successful_orders": 20,
  "failed_orders": 0,
  "total_rounds": 16,
  "active_runner_hours": 6.847266705313674
}