{
  "simulation_id": "delivery_dynamic_08",
  "runner_id": "3_runners",
  "revenue_per_round": 38.70967741935484,
  "orders_per_runner_hour": 5.424607140204107,
  "on_time_rate": 0.875,
  "delivery_cycle_time_p90": 31.860181019909334,
  "delivery_cycle_time_avg": 19.445489954207073,
  "failed_rate": 0.0,
  "second_runner_break_even_orders": 7.373805874999264,
  "queue_wait_avg": 5.3,
  "runner_utilization_driving_pct": 100.0,
  "runner_utilization_prep_pct": 0.0,
  "runner_utilization_idle_pct": 0.0,
  "distance_per_delivery_avg": 1660.0046246135776,
  "zone_service_times": {
    "hole_17": 16.096455536939864,
    "hole_8": 20.387581762213742,
    "hole_15": 19.540884088181762,
    "hole_6": 22.509589444468627,
    "hole_9": 18.261561528298614,
    "hole_16": 17.271978221836456,
    "hole_7": 20.41982683898452,
    "hole_18": 20.48716806918797,
    "hole_4": 21.537464520451675,
    "hole_-1": 17.807755950928065,
    "hole_2": 27.278054962229362,
    "hole_10": 21.153759512991414,
    "hole_3": 17.325742880361638
  },
  "total_revenue": 1200.0,
  "total_orders": 40,
  "successful_orders": 40,
  "failed_orders": 0,
  "total_rounds": 31,
  "active_runner_hours": 7.373805874999264
}