{
  "simulation_id": "delivery_dynamic_10",
  "runner_id": "runner_1",
  "revenue_per_round": 35.625,
  "orders_per_runner_hour": 2.7052988993802103,
  "on_time_rate": 0.7368421052631579,
  "delivery_cycle_time_p90": 46.21564393139767,
  "delivery_cycle_time_avg": 24.7876631675456,
  "failed_rate": 0.05,
  "second_runner_break_even_orders": 7.023253513448344,
  "queue_wait_avg": 12.344736842105263,
  "runner_utilization_driving_pct": 23.539275107376184,
  "runner_utilization_prep_pct": 0.0,
  "runner_utilization_idle_pct": 76.46072489262382,
  "distance_per_delivery_avg": 1758.9069543170392,
  "zone_service_times": {
    "hole_17": 19.42855287881667,
    "hole_8": 12.14422008446909,
    "hole_9": 18.406862874509837,
    "hole_-1": 31.60776411465804,
    "hole_18": 37.252966996207704,
    "hole_15": 39.9122970814244,
    "hole_4": 22.924930335981966,
    "hole_11": 40.14831223209003,
    "hole_10": 17.57031056726528,
    "hole_2": 11.871235201486888
  },
  "total_revenue": 570.0,
  "total_orders": 20,
  "successful_orders": 19,
  "failed_orders": 1,
  "total_rounds": 16,
  "active_runner_hours": 7.023253513448344
}