{
  "simulation_id": "delivery_dynamic_03",
  "runner_id": "runner_1",
  "revenue_per_round": 33.333333333333336,
  "orders_per_runner_hour": 2.766370630783804,
  "on_time_rate": 0.85,
  "delivery_cycle_time_p90": 39.20624538580713,
  "delivery_cycle_time_avg": 21.06672350690587,
  "failed_rate": 0.0,
  "second_runner_break_even_orders": 7.22968924606221,
  "queue_wait_avg": 9.712962962962964,
  "runner_utilization_driving_pct": 21.349983557116754,
  "runner_utilization_prep_pct": 0.0,
  "runner_utilization_idle_pct": 78.65001644288324,
  "distance_per_delivery_avg": 1674.0409249722243,
  "zone_service_times": {
    "hole_17": 13.091668004338771,
    "hole_15": 16.14190696382981,
    "hole_14": 37.56970633554838,
    "hole_10": 10.830962415991173,
    "hole_18": 22.465177680501654,
    "hole_13": 24.777263879392798,
    "hole_16": 23.280469334056942,
    "hole_9": 13.13936855339992,
    "hole_12": 23.156438569140967
  },
  "total_revenue": 600.0,
  "total_orders": 20,
  "successful_orders": 20,
  "failed_orders": 0,
  "total_rounds": 18,
  "active_runner_hours": 7.229689246062209
}