{
  "simulation_id": "delivery_dynamic_09",
  "runner_id": "runner_1",
  "revenue_per_round": 35.294117647058826,
  "orders_per_runner_hour": 2.799880671568958,
  "on_time_rate": 0.75,
  "delivery_cycle_time_p90": 37.68421411324686,
  "delivery_cycle_time_avg": 21.07540316302204,
  "failed_rate": 0.0,
  "second_runner_break_even_orders": 7.143161565093658,
  "queue_wait_avg": 9.478070175438596,
  "runner_utilization_driving_pct": 28.831208222467357,
  "runner_utilization_prep_pct": 0.0,
  "runner_utilization_idle_pct": 71.16879177753265,
  "distance_per_delivery_avg": 695.9354627754083,
  "zone_service_times": {
    "hole_15": 17.58683755346392,
    "hole_18": 24.01316998787845,
    "hole_8": 17.668175629390557,
    "hole_9": 16.409285723471932,
    "hole_17": 24.54079940100322,
    "hole_10": 11.375867974074087,
    "hole_16": 17.456274013824927
  },
  "total_revenue": 600.0,
  "total_orders": 20,
  "successful_orders": 20,
  "failed_orders": 0,
  "total_rounds": 17,
  "active_runner_hours": 7.143161565093657
}