{
  "simulation_id": "delivery_dynamic_03",
  "runner_id": "runner_1",
  "revenue_per_round": 23.68421052631579,
  "orders_per_runner_hour": 2.074626588890949,
  "on_time_rate": 0.4666666666666667,
  "delivery_cycle_time_p90": 59.28403351943895,
  "delivery_cycle_time_avg": 30.47795386684617,
  "failed_rate": 0.25,
  "second_runner_break_even_orders": 7.230216791937809,
  "queue_wait_avg": 17.14777777777778,
  "runner_utilization_driving_pct": 34.840614483150105,
  "runner_utilization_prep_pct": 0.0,
  "runner_utilization_idle_pct": 65.1593855168499,
  "distance_per_delivery_avg": 1118.9391659269788,
  "zone_service_times": {
    "hole_15": 19.601011898913725,
    "hole_5": 36.23938162004658,
    "hole_-1": 32.33939683989483,
    "hole_18": 28.55782821826721,
    "hole_6": 59.12275259806635,
    "hole_7": 59.52595490149785,
    "hole_9": 19.001646463408946
  },
  "total_revenue": 450.0,
  "total_orders": 20,
  "successful_orders": 15,
  "failed_orders": 5,
  "total_rounds": 19,
  "active_runner_hours": 7.230216791937809
}