{
  "simulation_id": "delivery_dynamic_02",
  "runner_id": "runner_1",
  "revenue_per_round": 15.0,
  "orders_per_runner_hour": 2.07732256203116,
  "on_time_rate": 0.06666666666666667,
  "delivery_cycle_time_p90": 63.9586372797829,
  "delivery_cycle_time_avg": 49.48727146825611,
  "failed_rate": 0.5,
  "second_runner_break_even_orders": 7.220833333333334,
  "queue_wait_avg": 36.343333333333334,
  "runner_utilization_driving_pct": 33.1419834858426,
  "runner_utilization_prep_pct": 0.0,
  "runner_utilization_idle_pct": 66.8580165141574,
  "distance_per_delivery_avg": 1056.363213334051,
  "zone_service_times": {
    "hole_8": 13.556080401806138,
    "hole_4": 55.435725673517084,
    "hole_18": 51.4565839972634,
    "hole_-1": 52.57890794274635,
    "hole_7": 44.4035315102311,
    "hole_11": 51.312792071962335,
    "hole_9": 60.49739347705484
  },
  "total_revenue": 450.0,
  "total_orders": 40,
  "successful_orders": 15,
  "failed_orders": 20,
  "total_rounds": 30,
  "active_runner_hours": 7.220833333333333
}