{
  "simulation_id": "delivery_dynamic_08",
  "runner_id": "3_runners",
  "revenue_per_round": 41.37931034482759,
  "orders_per_runner_hour": 5.474691018011915,
  "on_time_rate": 0.875,
  "delivery_cycle_time_p90": 32.37057318700646,
  "delivery_cycle_time_avg": 20.50279215899072,
  "failed_rate": 0.0,
  "second_runner_break_even_orders": 7.306348407316262,
  "queue_wait_avg": 4.690740740740741,
  "runner_utilization_driving_pct": 100.0,
  "runner_utilization_prep_pct": 0.0,
  "runner_utilization_idle_pct": 0.0,
  "distance_per_delivery_avg": 2110.4581654208814,
  "zone_service_times": {
    "hole_9": 12.042396237170447,
    "hole_12": 19.498173735073124,
    "hole_18": 12.724465197075471,
    "hole_5": 24.51361264905132,
    "hole_15": 19.332494321049783,
    "hole_16": 15.148929206262952,
    "hole_4": 21.778111065580276,
    "hole_6": 26.254764100499145,
    "hole_11": 32.99863365712044,
    "hole_14": 31.21539554660212,
    "hole_-1": 30.464396839894835,
    "hole_2": 22.977457841498655,
    "hole_7": 15.632825072547787,
    "hole_8": 13.734986914249749
  },
  "total_revenue": 1200.0,
  "total_orders": 40,
  "successful_orders": 40,
  "failed_orders": 0,
  "total_rounds": 29,
  "active_runner_hours": 7.306348407316262
}