{
  "simulation_id": "delivery_dynamic_09",
  "runner_id": "runner_1",
  "revenue_per_round": 9.705882352941176,
  "orders_per_runner_hour": 1.5636722606120435,
  "on_time_rate": 0.09090909090909091,
  "delivery_cycle_time_p90": 65.0327283120294,
  "delivery_cycle_time_avg": 48.53452174647775,
  "failed_rate": 0.62,
  "second_runner_break_even_orders": 7.034722222222223,
  "queue_wait_avg": 34.59090909090909,
  "runner_utilization_driving_pct": 31.14905681496388,
  "runner_utilization_prep_pct": 0.0,
  "runner_utilization_idle_pct": 68.85094318503612,
  "distance_per_delivery_avg": 1325.0538522710744,
  "zone_service_times": {
    "hole_2": 22.16608734174139,
    "hole_-1": 43.66199176374111,
    "hole_15": 48.987080411937285,
    "hole_12": 65.76753141517916,
    "hole_9": 61.39834364388195,
    "hole_10": 52.377614689774845,
    "hole_7": 33.09605943566433
  },
  "total_revenue": 330.0,
  "total_orders": 50,
  "successful_orders": 11,
  "failed_orders": 31,
  "total_rounds": 34,
  "active_runner_hours": 7.034722222222222
}