{
  "simulation_id": "delivery_dynamic_06",
  "runner_id": "2_runners",
  "revenue_per_round": 37.5,
  "orders_per_runner_hour": 4.173819035172198,
  "on_time_rate": 0.9,
  "delivery_cycle_time_p90": 30.412314004157537,
  "delivery_cycle_time_avg": 19.724574771757425,
  "failed_rate": 0.0,
  "second_runner_break_even_orders": 7.187661886438806,
  "queue_wait_avg": 6.493827160493828,
  "runner_utilization_driving_pct": 78.6122485064957,
  "runner_utilization_prep_pct": 0.0,
  "runner_utilization_idle_pct": 21.387751493504297,
  "distance_per_delivery_avg": 1303.7237899771621,
  "zone_service_times": {
    "hole_10": 15.038356896169102,
    "hole_11": 15.551972060992664,
    "hole_17": 19.109156858259304,
    "hole_18": 21.45289446607482,
    "hole_15": 17.825869694566883,
    "hole_8": 21.186672199609895,
    "hole_12": 30.83646895319301,
    "hole_9": 25.27157051808507,
    "hole_7": 17.122665280691095,
    "hole_6": 19.518232553760452
  },
  "total_revenue": 900.0,
  "total_orders": 30,
  "successful_orders": 30,
  "failed_orders": 0,
  "total_rounds": 24,
  "active_runner_hours": 7.187661886438806
}