{
  "simulation_id": "delivery_dynamic_02",
  "runner_id": "3_runners",
  "revenue_per_round": 50.0,
  "orders_per_runner_hour": 5.855148631571469,
  "on_time_rate": 0.975,
  "delivery_cycle_time_p90": 24.90299522595067,
  "delivery_cycle_time_avg": 16.77156441161426,
  "failed_rate": 0.0,
  "second_runner_break_even_orders": 6.831594297080101,
  "queue_wait_avg": 3.033333333333333,
  "runner_utilization_driving_pct": 100.0,
  "runner_utilization_prep_pct": 0.0,
  "runner_utilization_idle_pct": 0.0,
  "distance_per_delivery_avg": 1332.48564230239,
  "zone_service_times": {
    "hole_11": 14.627245051699129,
    "hole_7": 19.88184056674151,
    "hole_5": 21.580647938276403,
    "hole_9": 13.326052449809302,
    "hole_14": 14.99592982275887,
    "hole_6": 18.358883981390903,
    "hole_10": 19.042498905178036,
    "hole_8": 20.46957970970543,
    "hole_-1": 14.53610343781107,
    "hole_13": 16.223190598091634,
    "hole_18": 19.270127879408573,
    "hole_15": 21.71933926447958,
    "hole_17": 14.190136067681154,
    "hole_12": 16.950864748512444
  },
  "total_revenue": 1200.0,
  "total_orders": 40,
  "successful_orders": 40,
  "failed_orders": 0,
  "total_rounds": 24,
  "active_runner_hours": 6.831594297080101
}