{
  "simulation_id": "delivery_dynamic_08",
  "runner_id": "2_runners",
  "revenue_per_round": 36.0,
  "orders_per_runner_hour": 4.124519503382095,
  "on_time_rate": 0.7666666666666667,
  "delivery_cycle_time_p90": 35.404158752758164,
  "delivery_cycle_time_avg": 20.856622340514708,
  "failed_rate": 0.0,
  "second_runner_break_even_orders": 7.273574527990491,
  "queue_wait_avg": 6.972619047619047,
  "runner_utilization_driving_pct": 76.81396090142849,
  "runner_utilization_prep_pct": 0.0,
  "runner_utilization_idle_pct": 23.186039098571513,
  "distance_per_delivery_avg": 1461.2117730796083,
  "zone_service_times": {
    "hole_14": 23.02069521327567,
    "hole_11": 25.21930546797802,
    "hole_2": 23.45813987958039,
    "hole_17": 13.855086150283265,
    "hole_15": 21.041604375235803,
    "hole_-1": 17.625480409450148,
    "hole_12": 22.7743889539379,
    "hole_13": 33.68611468278735,
    "hole_18": 21.210166808083905,
    "hole_9": 13.030852995591461
  },
  "total_revenue": 900.0,
  "total_orders": 30,
  "successful_orders": 30,
  "failed_orders": 0,
  "total_rounds": 25,
  "active_runner_hours": 7.273574527990491
}