{
  "simulation_id": "delivery_dynamic_04",
  "runner_id": "2_runners",
  "revenue_per_round": 41.111111111111114,
  "orders_per_runner_hour": 5.270029673590504,
  "on_time_rate": 0.43243243243243246,
  "delivery_cycle_time_p90": 54.890614495401806,
  "delivery_cycle_time_avg": 34.05391957073232,
  "failed_rate": 0.025,
  "second_runner_break_even_orders": 7.020833333333332,
  "queue_wait_avg": 21.303703703703704,
  "runner_utilization_driving_pct": 81.77810378927805,
  "runner_utilization_prep_pct": 0.0,
  "runner_utilization_idle_pct": 18.22189621072195,
  "distance_per_delivery_avg": 1117.5331919822745,
  "zone_service_times": {
    "hole_10": 21.37855071640483,
    "hole_8": 13.718320247583142,
    "hole_14": 39.07751072171492,
    "hole_18": 41.69640983962551,
    "hole_12": 49.66193869160352,
    "hole_11": 22.112148434487377,
    "hole_15": 24.359939401011008,
    "hole_16": 43.851683219291985,
    "hole_17": 36.3914568243144,
    "hole_13": 54.6302377752314,
    "hole_-1": 37.725574609413016
  },
  "total_revenue": 1110.0,
  "total_orders": 40,
  "successful_orders": 37,
  "failed_orders": 1,
  "total_rounds": 27,
  "active_runner_hours": 7.020833333333333
}