{
  "simulation_id": "delivery_dynamic_01",
  "runner_id": "runner_1",
  "revenue_per_round": 23.80952380952381,
  "orders_per_runner_hour": 2.2163112099991698,
  "on_time_rate": 0.55,
  "delivery_cycle_time_p90": 45.023034232324946,
  "delivery_cycle_time_avg": 27.780641491559464,
  "failed_rate": 0.16666666666666666,
  "second_runner_break_even_orders": 11.280004309507312,
  "queue_wait_avg": 22.694444444444446,
  "runner_utilization_driving_pct": 30.6646468694714,
  "runner_utilization_prep_pct": 0.0,
  "runner_utilization_idle_pct": 69.3353531305286,
  "distance_per_delivery_avg": 1339.1343036855244,
  "zone_service_times": {
    "hole_13": 17.442009206201387,
    "hole_14": 37.57529146658756,
    "hole_17": 61.143514066466714,
    "hole_18": 30.446425761823654,
    "hole_16": 25.903896581738017,
    "hole_12": 19.173477332752856,
    "hole_15": 29.064049526834577,
    "hole_9": 11.511922663093355,
    "hole_11": 16.057493720720473
  },
  "total_revenue": 500.0,
  "total_orders": 24,
  "successful_orders": 20,
  "failed_orders": 4,
  "total_rounds": 21,
  "active_runner_hours": 9.02400344760585
}