{
  "simulation_id": "delivery_dynamic_09",
  "runner_id": "2_runners",
  "revenue_per_round": 37.5,
  "orders_per_runner_hour": 4.900825697923025,
  "on_time_rate": 0.4857142857142857,
  "delivery_cycle_time_p90": 57.24970620452272,
  "delivery_cycle_time_avg": 32.66262852141335,
  "failed_rate": 0.1,
  "second_runner_break_even_orders": 7.14165370436109,
  "queue_wait_avg": 19.24607843137255,
  "runner_utilization_driving_pct": 92.13032183617558,
  "runner_utilization_prep_pct": 0.0,
  "runner_utilization_idle_pct": 7.8696781638244175,
  "distance_per_delivery_avg": 1332.723183194885,
  "zone_service_times": {
    "hole_15": 18.796240937682047,
    "hole_9": 18.74200623919461,
    "hole_7": 31.772778864394713,
    "hole_2": 23.117810074480865,
    "hole_-1": 42.39548261763236,
    "hole_11": 39.19348108149679,
    "hole_12": 52.0120357630162,
    "hole_6": 31.800341334588747,
    "hole_17": 38.78464216132998,
    "hole_10": 18.517659391428484,
    "hole_4": 21.051832485356258,
    "hole_18": 18.34207940452252
  },
  "total_revenue": 1050.0,
  "total_orders": 40,
  "successful_orders": 35,
  "failed_orders": 4,
  "total_rounds": 28,
  "active_runner_hours": 7.14165370436109
}