{
  "simulation_id": "delivery_dynamic_03",
  "runner_id": "3_runners",
  "revenue_per_round": 46.15384615384615,
  "orders_per_runner_hour": 5.396101259221774,
  "on_time_rate": 1.0,
  "delivery_cycle_time_p90": 24.688168155866155,
  "delivery_cycle_time_avg": 16.777902168244033,
  "failed_rate": 0.0,
  "second_runner_break_even_orders": 7.412759338354004,
  "queue_wait_avg": 3.18921568627451,
  "runner_utilization_driving_pct": 99.74583779560953,
  "runner_utilization_prep_pct": 0.0,
  "runner_utilization_idle_pct": 0.2541622043904681,
  "distance_per_delivery_avg": 1366.5351285299946,
  "zone_service_times": {
    "hole_13": 15.705201963695345,
    "hole_15": 15.823279543598659,
    "hole_9": 13.103434693950794,
    "hole_12": 21.63776174893034,
    "hole_4": 21.976239180713524,
    "hole_18": 11.656509958649835,
    "hole_14": 15.765594111575775,
    "hole_16": 14.44915039094961,
    "hole_11": 15.922311605957201,
    "hole_-1": 15.822730173228168,
    "hole_10": 17.70230738908046,
    "hole_17": 20.808007135925134,
    "hole_7": 14.33597531515928,
    "hole_2": 23.610798396478277
  },
  "total_revenue": 1200.0,
  "total_orders": 40,
  "successful_orders": 40,
  "failed_orders": 0,
  "total_rounds": 26,
  "active_runner_hours": 7.412759338354004
}