{
  "simulation_id": "delivery_dynamic_02",
  "runner_id": "2_runners",
  "revenue_per_round": 33.63636363636363,
  "orders_per_runner_hour": 5.130970724191063,
  "on_time_rate": 0.4594594594594595,
  "delivery_cycle_time_p90": 62.545862128555655,
  "delivery_cycle_time_avg": 35.26685369861249,
  "failed_rate": 0.18,
  "second_runner_break_even_orders": 7.211111111111111,
  "queue_wait_avg": 20.660648148148148,
  "runner_utilization_driving_pct": 83.51194501234764,
  "runner_utilization_prep_pct": 0.0,
  "runner_utilization_idle_pct": 16.48805498765236,
  "distance_per_delivery_avg": 1735.3060859770403,
  "zone_service_times": {
    "hole_2": 15.72651589763127,
    "hole_15": 30.577668333472484,
    "hole_18": 32.6246937886827,
    "hole_11": 16.90054037296604,
    "hole_12": 33.38395415011249,
    "hole_-1": 27.637149380021118,
    "hole_7": 45.0301200203566,
    "hole_17": 32.08601011407766,
    "hole_6": 54.09867849045016,
    "hole_14": 64.41056605270053,
    "hole_9": 62.28444458065757,
    "hole_16": 59.75624510834954,
    "hole_4": 49.22160216004165,
    "hole_10": 12.864524360187836
  },
  "total_revenue": 1110.0,
  "total_orders": 50,
  "successful_orders": 37,
  "failed_orders": 9,
  "total_rounds": 33,
  "active_runner_hours": 7.211111111111111
}