{
  "simulation_id": "delivery_dynamic_09",
  "runner_id": "2_runners",
  "revenue_per_round": 36.0,
  "orders_per_runner_hour": 4.062999858459375,
  "on_time_rate": 0.9666666666666667,
  "delivery_cycle_time_p90": 28.810377601063998,
  "delivery_cycle_time_avg": 18.550457392847008,
  "failed_rate": 0.0,
  "second_runner_break_even_orders": 7.383706877945972,
  "queue_wait_avg": 4.001724137931035,
  "runner_utilization_driving_pct": 68.25128369087474,
  "runner_utilization_prep_pct": 0.0,
  "runner_utilization_idle_pct": 31.748716309125257,
  "distance_per_delivery_avg": 1573.1936839965972,
  "zone_service_times": {
    "hole_12": 19.14170021957028,
    "hole_18": 18.806325624117264,
    "hole_9": 13.172228665532263,
    "hole_16": 16.98720121822844,
    "hole_15": 17.9893532840933,
    "hole_17": 19.004262117376463,
    "hole_7": 29.17627006887178,
    "hole_6": 21.45243613980377,
    "hole_-1": 20.621766017817997,
    "hole_8": 15.118012723558058,
    "hole_14": 16.99101235755164,
    "hole_10": 12.130176848308716
  },
  "total_revenue": 900.0,
  "total_orders": 30,
  "successful_orders": 30,
  "failed_orders": 0,
  "total_rounds": 25,
  "active_runner_hours": 7.383706877945972
}