{
  "simulation_id": "delivery_blocked_02",
  "runner_id": "3_runners",
  "revenue_per_round": 26.785714285714285,
  "orders_per_runner_hour": 3.0,
  "on_time_rate": 0.7333333333333333,
  "delivery_cycle_time_p90": 53.674604005195036,
  "delivery_cycle_time_avg": 27.155792798676046,
  "failed_rate": 0.15789473684210525,
  "second_runner_break_even_orders": 12.5,
  "queue_wait_avg": 0.0,
  "runner_utilization_driving_pct": 29.11868022453592,
  "runner_utilization_waiting_pct": 20.60772102050837,
  "distance_per_delivery_avg": 987.6005824022698,
  "zone_service_times": {
    "hole_10": 15.225630763530793,
    "hole_8": 31.76356170195502,
    "hole_4": 31.096971181556007,
    "hole_7": 34.591229800099306,
    "hole_12": 34.95362951067175,
    "hole_6": 42.6728664564204,
    "hole_18": 35.717404196990174,
    "hole_17": 30.92673336125569,
    "hole_9": 18.927099980909325,
    "hole_15": 16.65294663557567,
    "hole_11": 23.50556079335805,
    "hole_13": 24.243837084959583,
    "hole_5": 29.90851764320022,
    "hole_14": 22.97263266641615
  },
  "total_revenue": 750.0,
  "total_orders": 38,
  "successful_orders": 30,
  "failed_orders": 6,
  "total_rounds": 28,
  "active_runner_hours": 10.0
}