{
  "simulation_id": "delivery_dynamic_03",
  "runner_id": "2_runners",
  "revenue_per_round": 27.63157894736842,
  "orders_per_runner_hour": 4.845222072678331,
  "on_time_rate": 0.2857142857142857,
  "delivery_cycle_time_p90": 60.94492936041858,
  "delivery_cycle_time_avg": 40.188589495092224,
  "failed_rate": 0.24,
  "second_runner_break_even_orders": 7.2236111111111105,
  "queue_wait_avg": 25.784761904761904,
  "runner_utilization_driving_pct": 85.82759665880502,
  "runner_utilization_prep_pct": 0.0,
  "runner_utilization_idle_pct": 14.172403341194979,
  "distance_per_delivery_avg": 1479.68607035099,
  "zone_service_times": {
    "hole_16": 16.936720001550597,
    "hole_10": 18.35183008858406,
    "hole_17": 27.933357309648486,
    "hole_11": 29.150540372966013,
    "hole_12": 43.5166649284997,
    "hole_6": 39.957477584246014,
    "hole_13": 65.73524208351856,
    "hole_8": 57.571235721324854,
    "hole_18": 46.19005760550899,
    "hole_7": 60.463453353689935,
    "hole_-1": 54.588432684484665,
    "hole_9": 13.301111247324297,
    "hole_3": 17.580555245681776,
    "hole_15": 17.184912681257266,
    "hole_14": 51.27773764348046
  },
  "total_revenue": 1050.0,
  "total_orders": 50,
  "successful_orders": 35,
  "failed_orders": 12,
  "total_rounds": 38,
  "active_runner_hours": 7.223611111111111
}