{
  "simulation_id": "delivery_dynamic_03",
  "runner_id": "3_runners",
  "revenue_per_round": 37.5,
  "orders_per_runner_hour": 5.379824516131436,
  "on_time_rate": 0.975,
  "delivery_cycle_time_p90": 23.09820434872777,
  "delivery_cycle_time_avg": 16.93466258632121,
  "failed_rate": 0.0,
  "second_runner_break_even_orders": 7.435186757497343,
  "queue_wait_avg": 2.696078431372549,
  "runner_utilization_driving_pct": 94.46840100676475,
  "runner_utilization_prep_pct": 0.0,
  "runner_utilization_idle_pct": 5.531598993235249,
  "distance_per_delivery_avg": 1560.0466290039246,
  "zone_service_times": {
    "hole_2": 22.608615374777795,
    "hole_10": 12.73505462635767,
    "hole_3": 20.70456248871642,
    "hole_18": 12.729782117317841,
    "hole_16": 14.80813780186647,
    "hole_9": 18.44989353775547,
    "hole_14": 15.075847588631547,
    "hole_17": 18.826365199356392,
    "hole_8": 13.673662887936551,
    "hole_15": 12.343955285953719,
    "hole_7": 14.531822783311872,
    "hole_-1": 17.260497594267385,
    "hole_5": 24.48184665262129
  },
  "total_revenue": 1200.0,
  "total_orders": 40,
  "successful_orders": 40,
  "failed_orders": 0,
  "total_rounds": 32,
  "active_runner_hours": 7.435186757497342
}