{
  "variantKey": "mid_back",
  "blockedHoles": [
    4,
    5,
    6,
    10,
    11,
    12
  ],
  "deliveryMetrics": {
    "totalOrders": 40,
    "successfulDeliveries": 40,
    "failedDeliveries": 0,
    "avgOrderTime": 16.93466258632121,
    "onTimePercentage": 97.5,
    "revenue": 1200.0,
    "ordersPerRunnerHour": 4.0,
    "lateOrders": 1,
    "runnerUtilizationPct": 23.413006805581524,
    "totalRunnerDriveMinutes": 421.4341225004674,
    "totalRunnerShiftMinutes": 1800.0,
    "runnerUtilizationByRunner": {
      "runner_1": {
        "driveMinutes": 182.81852044910963,
        "utilizationPct": 30.469753408184935,
        "shiftMinutes": 600.0
      },
      "runner_3": {
        "driveMinutes": 120.25393034550022,
        "utilizationPct": 20.042321724250037,
        "shiftMinutes": 600.0
      },
      "runner_2": {
        "driveMinutes": 118.36167170585763,
        "utilizationPct": 19.726945284309604,
        "shiftMinutes": 600.0
      }
    }
  },
  "bevCartMetrics": null,
  "hasRunners": true,
  "hasBevCart": false
}