{
  "simulation_id": "delivery_dynamic_05",
  "runner_id": "2_runners",
  "revenue_per_round": 33.333333333333336,
  "orders_per_runner_hour": 2.8801144364467275,
  "on_time_rate": 0.95,
  "delivery_cycle_time_p90": 28.5984741737589,
  "delivery_cycle_time_avg": 17.374418353028567,
  "failed_rate": 0.0,
  "second_runner_break_even_orders": 6.944168518760152,
  "queue_wait_avg": 3.5033333333333334,
  "runner_utilization_driving_pct": 53.0730311468423,
  "runner_utilization_prep_pct": 0.0,
  "runner_utilization_idle_pct": 46.9269688531577,
  "distance_per_delivery_avg": 1594.9645666175986,
  "zone_service_times": {
    "hole_4": 25.98361074332503,
    "hole_15": 16.908271042883726,
    "hole_-1": 10.469271732129023,
    "hole_8": 20.78861961732449,
    "hole_9": 13.214304650252172,
    "hole_17": 14.31206113038,
    "hole_13": 15.386351699878196,
    "hole_11": 28.865436401161606,
    "hole_5": 22.325359454560022,
    "hole_2": 23.49147321291372,
    "hole_18": 12.587712646515017
  },
  "total_revenue": 600.0,
  "total_orders": 20,
  "successful_orders": 20,
  "failed_orders": 0,
  "total_rounds": 18,
  "active_runner_hours": 6.944168518760152
}