{
  "simulation_id": "delivery_dynamic_03",
  "runner_id": "3_runners",
  "revenue_per_round": 44.11764705882353,
  "orders_per_runner_hour": 6.791229356376602,
  "on_time_rate": 0.94,
  "delivery_cycle_time_p90": 28.362308745848388,
  "delivery_cycle_time_avg": 18.788909524462937,
  "failed_rate": 0.0,
  "second_runner_break_even_orders": 7.362437251961262,
  "queue_wait_avg": 6.462195121951219,
  "runner_utilization_driving_pct": 100.0,
  "runner_utilization_prep_pct": 0.0,
  "runner_utilization_idle_pct": 0.0,
  "distance_per_delivery_avg": 1172.6096002195443,
  "zone_service_times": {
    "hole_8": 13.62790259584217,
    "hole_15": 19.18349154639047,
    "hole_2": 22.79500822941235,
    "hole_18": 14.172311364762027,
    "hole_17": 18.0432110241942,
    "hole_10": 18.244618455851256,
    "hole_7": 16.556822783311873,
    "hole_-1": 19.16556879095758,
    "hole_9": 19.407375145107935,
    "hole_14": 14.979986231684032,
    "hole_16": 16.74804945400762,
    "hole_4": 34.77659962228481,
    "hole_11": 29.631910666936104,
    "hole_3": 21.629803668760907
  },
  "total_revenue": 1500.0,
  "total_orders": 50,
  "successful_orders": 50,
  "failed_orders": 0,
  "total_rounds": 34,
  "active_runner_hours": 7.3624372519612615
}