{
  "simulation_id": "delivery_dynamic_09",
  "runner_id": "runner_1",
  "revenue_per_round": 14.571428571428571,
  "orders_per_runner_hour": 2.3720930232558137,
  "on_time_rate": 0.058823529411764705,
  "delivery_cycle_time_p90": 60.82629870355269,
  "delivery_cycle_time_avg": 49.66180516014198,
  "failed_rate": 0.52,
  "second_runner_break_even_orders": 7.166666666666668,
  "queue_wait_avg": 38.119791666666664,
  "runner_utilization_driving_pct": 33.23382549469201,
  "runner_utilization_prep_pct": 0.0,
  "runner_utilization_idle_pct": 66.76617450530799,
  "distance_per_delivery_avg": 1271.543004395945,
  "zone_service_times": {
    "hole_13": 40.59637783248421,
    "hole_-1": 39.02545172907285,
    "hole_18": 49.0549091047879,
    "hole_12": 54.50113826287632,
    "hole_17": 60.02276049533757,
    "hole_8": 60.33467939022473,
    "hole_15": 56.190884088181704
  },
  "total_revenue": 510.0,
  "total_orders": 50,
  "successful_orders": 17,
  "failed_orders": 26,
  "total_rounds": 35,
  "active_runner_hours": 7.166666666666667
}