{
  "simulation_id": "delivery_dynamic_07",
  "runner_id": "runner_1",
  "revenue_per_round": 17.142857142857142,
  "orders_per_runner_hour": 2.236893203883495,
  "on_time_rate": 0.125,
  "delivery_cycle_time_p90": 66.48951714315459,
  "delivery_cycle_time_avg": 50.4238770875433,
  "failed_rate": 0.475,
  "second_runner_break_even_orders": 7.152777777777777,
  "queue_wait_avg": 35.110416666666666,
  "runner_utilization_driving_pct": 33.40163885064689,
  "runner_utilization_prep_pct": 0.0,
  "runner_utilization_idle_pct": 66.59836114935311,
  "distance_per_delivery_avg": 1785.3227014145518,
  "zone_service_times": {
    "hole_17": 33.78088262709525,
    "hole_12": 39.072457123301135,
    "hole_18": 56.09142649984547,
    "hole_16": 62.27270007974765,
    "hole_14": 53.38915391011772,
    "hole_15": 55.053504220130584
  },
  "total_revenue": 480.0,
  "total_orders": 40,
  "successful_orders": 16,
  "failed_orders": 19,
  "total_rounds": 28,
  "active_runner_hours": 7.152777777777778
}