{
  "simulation_id": "delivery_dynamic_08",
  "runner_id": "2_runners",
  "revenue_per_round": 33.529411764705884,
  "orders_per_runner_hour": 2.6467430222726893,
  "on_time_rate": 0.8947368421052632,
  "delivery_cycle_time_p90": 30.29586239209481,
  "delivery_cycle_time_avg": 17.917059153916902,
  "failed_rate": 0.0,
  "second_runner_break_even_orders": 7.178634208199478,
  "queue_wait_avg": 3.247916666666667,
  "runner_utilization_driving_pct": 56.02611701987974,
  "runner_utilization_prep_pct": 0.0,
  "runner_utilization_idle_pct": 43.97388298012026,
  "distance_per_delivery_avg": 1741.1424020318705,
  "zone_service_times": {
    "hole_6": 24.405052787635956,
    "hole_10": 11.536509327799529,
    "hole_7": 21.75816270210741,
    "hole_14": 16.702392706957855,
    "hole_18": 12.468940593252288,
    "hole_8": 13.561309060720184,
    "hole_4": 20.24220753810987,
    "hole_9": 11.380726810388175
  },
  "total_revenue": 570.0,
  "total_orders": 20,
  "successful_orders": 19,
  "failed_orders": 0,
  "total_rounds": 17,
  "active_runner_hours": 7.178634208199478
}