{
  "simulation_id": "delivery_dynamic_03",
  "runner_id": "3_runners",
  "revenue_per_round": 35.294117647058826,
  "orders_per_runner_hour": 2.7347610977286654,
  "on_time_rate": 1.0,
  "delivery_cycle_time_p90": 24.081304773846483,
  "delivery_cycle_time_avg": 16.114466698764254,
  "failed_rate": 0.0,
  "second_runner_break_even_orders": 7.3132530723107205,
  "queue_wait_avg": 0.33,
  "runner_utilization_driving_pct": 59.02662788615793,
  "runner_utilization_prep_pct": 0.0,
  "runner_utilization_idle_pct": 40.97337211384207,
  "distance_per_delivery_avg": 1971.3008107847868,
  "zone_service_times": {
    "hole_4": 21.270218418846586,
    "hole_11": 16.09373053221866,
    "hole_17": 14.121716604534777,
    "hole_6": 19.577119586415513,
    "hole_-1": 10.407479957696543,
    "hole_10": 10.434525092190537,
    "hole_2": 23.23009702624422,
    "hole_9": 11.547863579663902,
    "hole_5": 24.325359454560022,
    "hole_18": 12.951734906105836,
    "hole_12": 18.002380156837535,
    "hole_14": 14.552157189093972
  },
  "total_revenue": 600.0,
  "total_orders": 20,
  "successful_orders": 20,
  "failed_orders": 0,
  "total_rounds": 17,
  "active_runner_hours": 7.3132530723107205
}