{
  "simulation_id": "delivery_dynamic_10",
  "runner_id": "runner_1",
  "revenue_per_round": 33.333333333333336,
  "orders_per_runner_hour": 2.4938312158904283,
  "on_time_rate": 0.8,
  "delivery_cycle_time_p90": 36.008863358866314,
  "delivery_cycle_time_avg": 22.584445137275818,
  "failed_rate": 0.0,
  "second_runner_break_even_orders": 8.019788938626688,
  "queue_wait_avg": 11.30802469135803,
  "runner_utilization_driving_pct": 43.04349179659515,
  "runner_utilization_prep_pct": 0.0,
  "runner_utilization_idle_pct": 56.95650820340485,
  "distance_per_delivery_avg": 1733.2004988385847,
  "zone_service_times": {
    "hole_9": 11.176044203876108,
    "hole_13": 13.468499817518174,
    "hole_11": 13.172755494981033,
    "hole_14": 20.3624349200707,
    "hole_5": 20.832370247974925,
    "hole_3": 19.75519901943456,
    "hole_10": 26.449852111994034,
    "hole_15": 36.094164344208366,
    "hole_7": 34.6853130622709,
    "hole_8": 21.76121628962513,
    "hole_18": 26.29384795139231,
    "hole_16": 41.02189646672487
  },
  "total_revenue": 600.0,
  "total_orders": 20,
  "successful_orders": 20,
  "failed_orders": 0,
  "total_rounds": 18,
  "active_runner_hours": 8.019788938626688
}