{
  "simulation_id": "delivery_dynamic_03",
  "runner_id": "runner_1",
  "revenue_per_round": 14.0625,
  "orders_per_runner_hour": 2.101985208252238,
  "on_time_rate": 0.13333333333333333,
  "delivery_cycle_time_p90": 59.873072228798925,
  "delivery_cycle_time_avg": 44.52075212514087,
  "failed_rate": 0.56,
  "second_runner_break_even_orders": 7.136111111111111,
  "queue_wait_avg": 29.80666666666667,
  "runner_utilization_driving_pct": 30.972995822936937,
  "runner_utilization_prep_pct": 0.0,
  "runner_utilization_idle_pct": 69.02700417706306,
  "distance_per_delivery_avg": 1583.932714047334,
  "zone_service_times": {
    "hole_15": 39.023233056619446,
    "hole_16": 50.84717544791829,
    "hole_18": 47.85161301888233,
    "hole_13": 36.486284868530795,
    "hole_12": 56.96883982125546,
    "hole_10": 29.75869820026073,
    "hole_17": 32.73260595000526
  },
  "total_revenue": 450.0,
  "total_orders": 50,
  "successful_orders": 15,
  "failed_orders": 28,
  "total_rounds": 32,
  "active_runner_hours": 7.136111111111111
}