{
  "simulation_id": "delivery_dynamic_03",
  "runner_id": "3_runners",
  "revenue_per_round": 33.333333333333336,
  "orders_per_runner_hour": 2.8026194902791324,
  "on_time_rate": 1.0,
  "delivery_cycle_time_p90": 22.46026721463592,
  "delivery_cycle_time_avg": 15.205179273352215,
  "failed_rate": 0.0,
  "second_runner_break_even_orders": 7.136181015428556,
  "queue_wait_avg": 0.04642857142857143,
  "runner_utilization_driving_pct": 54.18981888137612,
  "runner_utilization_prep_pct": 0.0,
  "runner_utilization_idle_pct": 45.81018111862388,
  "distance_per_delivery_avg": 1738.0202358463446,
  "zone_service_times": {
    "hole_8": 13.526464411294244,
    "hole_15": 13.213336963385558,
    "hole_6": 18.6420639005754,
    "hole_4": 20.668499152022925,
    "hole_18": 11.821854010089252,
    "hole_13": 15.452781349454018,
    "hole_16": 12.76471611841692,
    "hole_9": 13.231216035722294,
    "hole_5": 22.458963409907543,
    "hole_-1": 10.414396839894835,
    "hole_17": 13.871752816949932
  },
  "total_revenue": 600.0,
  "total_orders": 20,
  "successful_orders": 20,
  "failed_orders": 0,
  "total_rounds": 18,
  "active_runner_hours": 7.136181015428556
}