{
  "simulation_id": "delivery_dynamic_01",
  "runner_id": "2_runners",
  "revenue_per_round": 35.294117647058826,
  "orders_per_runner_hour": 2.7239969696843196,
  "on_time_rate": 0.95,
  "delivery_cycle_time_p90": 29.094781904792306,
  "delivery_cycle_time_avg": 18.676762796307667,
  "failed_rate": 0.0,
  "second_runner_break_even_orders": 7.342152073802701,
  "queue_wait_avg": 3.1666666666666665,
  "runner_utilization_driving_pct": 55.282441596178074,
  "runner_utilization_prep_pct": 0.0,
  "runner_utilization_idle_pct": 44.717558403821926,
  "distance_per_delivery_avg": 1851.392299559377,
  "zone_service_times": {
    "hole_18": 16.58031538873437,
    "hole_9": 12.243379104515832,
    "hole_8": 16.223460187288946,
    "hole_-1": 18.430946387000436,
    "hole_6": 20.86974469238089,
    "hole_10": 13.300185322887733,
    "hole_4": 19.896602034084815,
    "hole_17": 29.108838285755095,
    "hole_12": 32.934544023910284,
    "hole_2": 15.77651589763124,
    "hole_16": 17.472940680491593
  },
  "total_revenue": 600.0,
  "total_orders": 20,
  "successful_orders": 20,
  "failed_orders": 0,
  "total_rounds": 17,
  "active_runner_hours": 7.342152073802701
}