{
  "simulation_id": "delivery_dynamic_01",
  "runner_id": "2_runners",
  "revenue_per_round": 36.774193548387096,
  "orders_per_runner_hour": 5.199041936725937,
  "on_time_rate": 0.5,
  "delivery_cycle_time_p90": 57.80613824648832,
  "delivery_cycle_time_avg": 34.431155292722785,
  "failed_rate": 0.24,
  "second_runner_break_even_orders": 7.309038946496795,
  "queue_wait_avg": 21.627777777777776,
  "runner_utilization_driving_pct": 77.86034303770968,
  "runner_utilization_prep_pct": 0.0,
  "runner_utilization_idle_pct": 22.139656962290317,
  "distance_per_delivery_avg": 1324.4050204601183,
  "zone_service_times": {
    "hole_16": 24.692748209006023,
    "hole_-1": 20.638432684484663,
    "hole_6": 26.66438269179665,
    "hole_10": 26.29785769352117,
    "hole_17": 26.824369323484177,
    "hole_18": 35.25251567559584,
    "hole_8": 41.987107774994485,
    "hole_9": 31.350567511831517,
    "hole_12": 48.03553574517947,
    "hole_15": 59.25254140236821,
    "hole_13": 60.834359859541834,
    "hole_7": 40.40960340220518
  },
  "total_revenue": 1140.0,
  "total_orders": 50,
  "successful_orders": 38,
  "failed_orders": 12,
  "total_rounds": 31,
  "active_runner_hours": 7.309038946496795
}