{
  "simulation_id": "delivery_dynamic_08",
  "runner_id": "3_runners",
  "revenue_per_round": 47.41935483870968,
  "orders_per_runner_hour": 6.736044360146148,
  "on_time_rate": 0.7142857142857143,
  "delivery_cycle_time_p90": 38.664396839894835,
  "delivery_cycle_time_avg": 22.29729034818849,
  "failed_rate": 0.0,
  "second_runner_break_even_orders": 7.274298888218259,
  "queue_wait_avg": 10.917407407407408,
  "runner_utilization_driving_pct": 100.0,
  "runner_utilization_prep_pct": 0.0,
  "runner_utilization_idle_pct": 0.0,
  "distance_per_delivery_avg": 763.0895569913307,
  "zone_service_times": {
    "hole_10": 17.22261134428487,
    "hole_9": 21.650163048093116,
    "hole_17": 13.855086150283265,
    "hole_18": 23.737668674701794,
    "hole_8": 13.62939561518918,
    "hole_-1": 30.21719680170015,
    "hole_15": 23.639271279014046,
    "hole_11": 37.4899754967921,
    "hole_14": 15.197072785284762,
    "hole_16": 13.173062217604304,
    "hole_7": 14.951348192189107
  },
  "total_revenue": 1470.0,
  "total_orders": 50,
  "successful_orders": 49,
  "failed_orders": 0,
  "total_rounds": 31,
  "active_runner_hours": 7.274298888218259
}