{
  "variantKey": "front_mid_back",
  "blockedHoles": [
    1,
    2,
    3,
    4,
    5,
    6,
    10,
    11,
    12
  ],
  "deliveryMetrics": {
    "totalOrders": 50,
    "successfulDeliveries": 49,
    "failedDeliveries": 0,
    "avgOrderTime": 22.29729034818849,
    "onTimePercentage": 71.42857142857143,
    "revenue": 1500.0,
    "ordersPerRunnerHour": 4.9,
    "lateOrders": 14,
    "runnerUtilizationPct": 26.42053377853427,
    "totalRunnerDriveMinutes": 475.5696080136169,
    "totalRunnerShiftMinutes": 1800.0,
    "runnerUtilizationByRunner": {
      "runner_1": {
        "driveMinutes": 172.62700022961565,
        "utilizationPct": 28.77116670493594,
        "shiftMinutes": 600.0
      },
      "runner_2": {
        "driveMinutes": 146.17464240555483,
        "utilizationPct": 24.362440400925806,
        "shiftMinutes": 600.0
      },
      "runner_3": {
        "driveMinutes": 156.76796537844658,
        "utilizationPct": 26.1279942297411,
        "shiftMinutes": 600.0
      }
    }
  },
  "bevCartMetrics": null,
  "hasRunners": true,
  "hasBevCart": false
}