{
  "simulation_id": "delivery_dynamic_08",
  "runner_id": "3_runners",
  "revenue_per_round": 42.857142857142854,
  "orders_per_runner_hour": 7.091375393318354,
  "on_time_rate": 0.6,
  "delivery_cycle_time_p90": 40.36506978854741,
  "delivery_cycle_time_avg": 26.038039311181045,
  "failed_rate": 0.0,
  "second_runner_break_even_orders": 7.0508183852614925,
  "queue_wait_avg": 12.215646258503401,
  "runner_utilization_driving_pct": 100.0,
  "runner_utilization_prep_pct": 0.0,
  "runner_utilization_idle_pct": 0.0,
  "distance_per_delivery_avg": 1366.4132085568333,
  "zone_service_times": {
    "hole_17": 25.11194044659315,
    "hole_10": 11.370159114289143,
    "hole_6": 18.59684882853635,
    "hole_8": 23.738059410603242,
    "hole_18": 32.320783684117615,
    "hole_7": 36.39210579540041,
    "hole_11": 23.6383456971999,
    "hole_9": 23.730118923391,
    "hole_16": 22.02795935265765,
    "hole_12": 28.111811683667653,
    "hole_15": 17.352541831731347
  },
  "total_revenue": 1500.0,
  "total_orders": 50,
  "successful_orders": 50,
  "failed_orders": 0,
  "total_rounds": 35,
  "active_runner_hours": 7.0508183852614925
}