{
  "simulation_id": "delivery_dynamic_07",
  "runner_id": "runner_1",
  "revenue_per_round": 15.882352941176471,
  "orders_per_runner_hour": 2.5189504373177845,
  "on_time_rate": 0.05555555555555555,
  "delivery_cycle_time_p90": 60.658025178848526,
  "delivery_cycle_time_avg": 47.82882897548243,
  "failed_rate": 0.45,
  "second_runner_break_even_orders": 7.145833333333332,
  "queue_wait_avg": 34.608333333333334,
  "runner_utilization_driving_pct": 33.78978039963748,
  "runner_utilization_prep_pct": 0.0,
  "runner_utilization_idle_pct": 66.21021960036252,
  "distance_per_delivery_avg": 1082.0865357621014,
  "zone_service_times": {
    "hole_3": 16.876705327977895,
    "hole_6": 32.06534515711682,
    "hole_18": 50.164347455787386,
    "hole_-1": 47.22352565005991,
    "hole_10": 49.113536070531275,
    "hole_8": 59.05046542023108,
    "hole_12": 49.722689689858086
  },
  "total_revenue": 540.0,
  "total_orders": 40,
  "successful_orders": 18,
  "failed_orders": 18,
  "total_rounds": 34,
  "active_runner_hours": 7.145833333333333
}