{
  "simulation_id": "delivery_dynamic_07",
  "runner_id": "2_runners",
  "revenue_per_round": 33.333333333333336,
  "orders_per_runner_hour": 2.9635298629140405,
  "on_time_rate": 0.95,
  "delivery_cycle_time_p90": 24.473641850664286,
  "delivery_cycle_time_avg": 17.215141617741537,
  "failed_rate": 0.0,
  "second_runner_break_even_orders": 6.748708778096802,
  "queue_wait_avg": 2.713888888888889,
  "runner_utilization_driving_pct": 60.91123419682825,
  "runner_utilization_prep_pct": 0.0,
  "runner_utilization_idle_pct": 39.08876580317175,
  "distance_per_delivery_avg": 1603.6075835611548,
  "zone_service_times": {
    "hole_12": 18.122353065932806,
    "hole_18": 12.77805709787996,
    "hole_7": 16.07635172382543,
    "hole_16": 17.150670152543142,
    "hole_10": 12.784465768379778,
    "hole_6": 18.02218453720543,
    "hole_9": 24.83509290719394,
    "hole_15": 21.273783012311107,
    "hole_13": 20.443125655308297,
    "hole_11": 14.962255798166522,
    "hole_5": 20.842176809831773,
    "hole_-1": 10.397730173228167
  },
  "total_revenue": 600.0,
  "total_orders": 20,
  "successful_orders": 20,
  "failed_orders": 0,
  "total_rounds": 18,
  "active_runner_hours": 6.748708778096803
}