{
  "simulation_id": "delivery_dynamic_01",
  "runner_id": "runner_1",
  "revenue_per_round": 33.75,
  "orders_per_runner_hour": 2.5648129823867007,
  "on_time_rate": 0.5555555555555556,
  "delivery_cycle_time_p90": 44.176982152763294,
  "delivery_cycle_time_avg": 25.45110042786176,
  "failed_rate": 0.05,
  "second_runner_break_even_orders": 7.018055555555556,
  "queue_wait_avg": 13.866666666666667,
  "runner_utilization_driving_pct": 34.097039515215805,
  "runner_utilization_prep_pct": 0.0,
  "runner_utilization_idle_pct": 65.90296048478419,
  "distance_per_delivery_avg": 791.2141882059971,
  "zone_service_times": {
    "hole_10": 28.165445319695067,
    "hole_18": 22.2638447859771,
    "hole_-1": 45.61439683989484,
    "hole_16": 23.178994834225463,
    "hole_11": 37.27330883012543,
    "hole_15": 11.994808349265835,
    "hole_14": 14.36953092100254,
    "hole_9": 12.726849232763682
  },
  "total_revenue": 540.0,
  "total_orders": 20,
  "successful_orders": 18,
  "failed_orders": 1,
  "total_rounds": 16,
  "active_runner_hours": 7.018055555555556
}