{
  "simulation_id": "delivery_dynamic_09",
  "runner_id": "2_runners",
  "revenue_per_round": 40.90909090909091,
  "orders_per_runner_hour": 4.123527094073294,
  "on_time_rate": 0.6,
  "delivery_cycle_time_p90": 51.55911935256354,
  "delivery_cycle_time_avg": 28.261621851014553,
  "failed_rate": 0.0,
  "second_runner_break_even_orders": 7.275325059248116,
  "queue_wait_avg": 14.443678160919541,
  "runner_utilization_driving_pct": 79.18286645054233,
  "runner_utilization_prep_pct": 0.0,
  "runner_utilization_idle_pct": 20.817133549457665,
  "distance_per_delivery_avg": 1444.5982752742236,
  "zone_service_times": {
    "hole_13": 15.12124441111473,
    "hole_15": 24.654321253528806,
    "hole_6": 18.75823362350119,
    "hole_7": 28.12006835863644,
    "hole_18": 12.86489607257287,
    "hole_-1": 35.74074844059951,
    "hole_9": 45.44545456335784,
    "hole_17": 38.4166533793655,
    "hole_8": 32.82053365802794,
    "hole_11": 55.709074922364685,
    "hole_10": 23.822490220860224,
    "hole_14": 15.310382689568845,
    "hole_16": 21.748074983458356
  },
  "total_revenue": 900.0,
  "total_orders": 30,
  "successful_orders": 30,
  "failed_orders": 0,
  "total_rounds": 22,
  "active_runner_hours": 7.275325059248116
}