{
  "simulation_id": "delivery_dynamic_05",
  "runner_id": "2_runners",
  "revenue_per_round": 35.294117647058826,
  "orders_per_runner_hour": 2.823988167733555,
  "on_time_rate": 1.0,
  "delivery_cycle_time_p90": 13.358557069920062,
  "delivery_cycle_time_avg": 12.036332791497465,
  "failed_rate": 0.0,
  "second_runner_break_even_orders": 7.082182648113352,
  "queue_wait_avg": 0.08137254901960785,
  "runner_utilization_driving_pct": 21.679074764457024,
  "runner_utilization_prep_pct": 0.0,
  "runner_utilization_idle_pct": 78.32092523554297,
  "distance_per_delivery_avg": 1416.3596098781738,
  "zone_service_times": {
    "hole_2": 12.611925057518206,
    "hole_17": 12.036945676431221,
    "hole_15": 13.335512427212628,
    "hole_8": 13.112401373043637,
    "hole_16": 13.45247872338532,
    "hole_11": 11.622641289988922,
    "hole_9": 10.876200870910846,
    "hole_10": 10.714294534536869,
    "hole_18": 10.681408474719563,
    "hole_3": 13.00600865232979,
    "hole_13": 13.32893743791974,
    "hole_14": 13.135166455846411
  },
  "total_revenue": 600.0,
  "total_orders": 20,
  "successful_orders": 20,
  "failed_orders": 0,
  "total_rounds": 17,
  "active_runner_hours": 7.082182648113352
}