{
  "simulation_id": "delivery_dynamic_06",
  "runner_id": "2_runners",
  "revenue_per_round": 32.72727272727273,
  "orders_per_runner_hour": 4.970278044103548,
  "on_time_rate": 0.5,
  "delivery_cycle_time_p90": 59.88047561484126,
  "delivery_cycle_time_avg": 35.53250717301489,
  "failed_rate": 0.24,
  "second_runner_break_even_orders": 7.243055555555555,
  "queue_wait_avg": 23.023611111111112,
  "runner_utilization_driving_pct": 73.37871987726894,
  "runner_utilization_prep_pct": 0.0,
  "runner_utilization_idle_pct": 26.621280122731065,
  "distance_per_delivery_avg": 842.9890767996692,
  "zone_service_times": {
    "hole_7": 14.33597531515925,
    "hole_14": 14.775835041698095,
    "hole_16": 25.767360448463172,
    "hole_18": 31.06093139275719,
    "hole_15": 25.54682978030043,
    "hole_-1": 44.062413721441835,
    "hole_11": 46.884707030006794,
    "hole_17": 39.95929630907246,
    "hole_13": 63.48800415469604,
    "hole_12": 53.0508647485125,
    "hole_9": 25.648098863879476,
    "hole_10": 21.945924553341644,
    "hole_8": 13.734986914249749
  },
  "total_revenue": 1080.0,
  "total_orders": 50,
  "successful_orders": 36,
  "failed_orders": 12,
  "total_rounds": 33,
  "active_runner_hours": 7.243055555555555
}