{
  "simulation_id": "delivery_dynamic_01",
  "runner_id": "3_runners",
  "revenue_per_round": 44.11764705882353,
  "orders_per_runner_hour": 6.797909472497261,
  "on_time_rate": 0.68,
  "delivery_cycle_time_p90": 36.332244530426955,
  "delivery_cycle_time_avg": 23.74154462406583,
  "failed_rate": 0.0,
  "second_runner_break_even_orders": 7.355202390130115,
  "queue_wait_avg": 11.375,
  "runner_utilization_driving_pct": 100.0,
  "runner_utilization_prep_pct": 0.0,
  "runner_utilization_idle_pct": 0.0,
  "distance_per_delivery_avg": 1100.9189936861208,
  "zone_service_times": {
    "hole_18": 24.373461459570024,
    "hole_17": 26.012083030149412,
    "hole_9": 18.65598016230518,
    "hole_8": 25.110849722543886,
    "hole_7": 25.473281040112628,
    "hole_10": 19.577592904392223,
    "hole_12": 28.712431420342426,
    "hole_13": 37.04625406507651,
    "hole_11": 34.22470752616676,
    "hole_6": 18.708506314539893,
    "hole_16": 17.64056982606186,
    "hole_15": 17.570170886797253
  },
  "total_revenue": 1500.0,
  "total_orders": 50,
  "successful_orders": 50,
  "failed_orders": 0,
  "total_rounds": 34,
  "active_runner_hours": 7.355202390130115
}