{
  "variantKey": "front_back",
  "blockedHoles": [
    1,
    2,
    3,
    10,
    11,
    12
  ],
  "deliveryMetrics": {
    "totalOrders": 50,
    "successfulDeliveries": 50,
    "failedDeliveries": 0,
    "avgOrderTime": 23.741544624065835,
    "onTimePercentage": 68.0,
    "revenue": 1500.0,
    "ordersPerRunnerHour": 5.0,
    "lateOrders": 16,
    "runnerUtilizationPct": 25.50362924674371,
    "totalRunnerDriveMinutes": 459.06532644138673,
    "totalRunnerShiftMinutes": 1800.0,
    "runnerUtilizationByRunner": {
      "runner_1": {
        "driveMinutes": 171.89330573825083,
        "utilizationPct": 28.64888428970847,
        "shiftMinutes": 600.0
      },
      "runner_2": {
        "driveMinutes": 144.4527873715024,
        "utilizationPct": 24.075464561917066,
        "shiftMinutes": 600.0
      },
      "runner_3": {
        "driveMinutes": 142.71923333163372,
        "utilizationPct": 23.78653888860562,
        "shiftMinutes": 600.0
      }
    }
  },
  "bevCartMetrics": null,
  "hasRunners": true,
  "hasBevCart": false
}