{
  "simulation_id": "delivery_dynamic_05",
  "runner_id": "runner_1",
  "revenue_per_round": 24.285714285714285,
  "orders_per_runner_hour": 2.3976493633692457,
  "on_time_rate": 0.058823529411764705,
  "delivery_cycle_time_p90": 63.37698201789094,
  "delivery_cycle_time_avg": 48.40583131862487,
  "failed_rate": 0.3333333333333333,
  "second_runner_break_even_orders": 7.090277777777777,
  "queue_wait_avg": 34.85980392156863,
  "runner_utilization_driving_pct": 40.474960467318645,
  "runner_utilization_prep_pct": 0.0,
  "runner_utilization_idle_pct": 59.525039532681355,
  "distance_per_delivery_avg": 1191.4652054109,
  "zone_service_times": {
    "hole_8": 45.43173267747685,
    "hole_7": 40.661010770601266,
    "hole_15": 55.6116195211948,
    "hole_11": 47.13103051483625,
    "hole_16": 59.80770493769184,
    "hole_18": 42.4556712057821,
    "hole_-1": 46.39773017322817,
    "hole_10": 54.86898183355012,
    "hole_14": 54.6112601722017,
    "hole_12": 44.12058234189741,
    "hole_9": 57.9597097746675
  },
  "total_revenue": 510.0,
  "total_orders": 30,
  "successful_orders": 17,
  "failed_orders": 10,
  "total_rounds": 21,
  "active_runner_hours": 7.090277777777778
}