{
  "simulation_id": "delivery_dynamic_07",
  "runner_id": "3_runners",
  "revenue_per_round": 40.0,
  "orders_per_runner_hour": 2.8861330741601505,
  "on_time_rate": 1.0,
  "delivery_cycle_time_p90": 16.92475017685881,
  "delivery_cycle_time_avg": 13.103382747370738,
  "failed_rate": 0.0,
  "second_runner_break_even_orders": 6.929687400439736,
  "queue_wait_avg": 0.03333333333333333,
  "runner_utilization_driving_pct": 45.70650702723474,
  "runner_utilization_prep_pct": 0.0,
  "runner_utilization_idle_pct": 54.29349297276526,
  "distance_per_delivery_avg": 1032.6566031165673,
  "zone_service_times": {
    "hole_13": 15.469448016120714,
    "hole_6": 17.8818400297551,
    "hole_10": 11.757793945498028,
    "hole_16": 12.361804883126124,
    "hole_-1": 10.3935635065615,
    "hole_11": 16.68971903197556,
    "hole_12": 16.950864748512505,
    "hole_7": 14.439480875773128,
    "hole_17": 14.110272572112747,
    "hole_18": 13.167079510396949,
    "hole_15": 11.819339264479519
  },
  "total_revenue": 600.0,
  "total_orders": 20,
  "successful_orders": 20,
  "failed_orders": 0,
  "total_rounds": 15,
  "active_runner_hours": 6.929687400439737
}