{
  "simulation_id": "delivery_dynamic_04",
  "runner_id": "3_runners",
  "revenue_per_round": 37.5,
  "orders_per_runner_hour": 2.86079059717879,
  "on_time_rate": 1.0,
  "delivery_cycle_time_p90": 17.571375004126644,
  "delivery_cycle_time_avg": 14.62700331982638,
  "failed_rate": 0.0,
  "second_runner_break_even_orders": 6.991074432264735,
  "queue_wait_avg": 0.04111111111111111,
  "runner_utilization_driving_pct": 57.67434893205934,
  "runner_utilization_prep_pct": 0.0,
  "runner_utilization_idle_pct": 42.32565106794066,
  "distance_per_delivery_avg": 1544.3131154616667,
  "zone_service_times": {
    "hole_14": 17.333277409006275,
    "hole_7": 16.949454653515456,
    "hole_13": 17.518655566962178,
    "hole_10": 12.881191026854504,
    "hole_9": 12.44648403459689,
    "hole_8": 14.468745873400895,
    "hole_11": 13.644237568886698,
    "hole_18": 10.431101385460291,
    "hole_16": 17.17983034102108,
    "hole_12": 13.71787735724356
  },
  "total_revenue": 600.0,
  "total_orders": 20,
  "successful_orders": 20,
  "failed_orders": 0,
  "total_rounds": 16,
  "active_runner_hours": 6.9910744322647345
}