{
  "simulation_id": "delivery_dynamic_05",
  "runner_id": "runner_1",
  "revenue_per_round": 13.448275862068966,
  "orders_per_runner_hour": 1.8538324420677361,
  "on_time_rate": 0.07692307692307693,
  "delivery_cycle_time_p90": 63.8043607712252,
  "delivery_cycle_time_avg": 49.826572516461255,
  "failed_rate": 0.55,
  "second_runner_break_even_orders": 7.0125,
  "queue_wait_avg": 35.36025641025641,
  "runner_utilization_driving_pct": 29.644391217428318,
  "runner_utilization_prep_pct": 0.0,
  "runner_utilization_idle_pct": 70.35560878257168,
  "distance_per_delivery_avg": 1500.6822116848302,
  "zone_service_times": {
    "hole_4": 33.548606596395636,
    "hole_8": 32.736145689910394,
    "hole_6": 61.45345982578128,
    "hole_18": 53.47300251170459,
    "hole_7": 63.99389906211939,
    "hole_16": 63.5200533348839,
    "hole_9": 44.09282149652317,
    "hole_15": 47.48683755346392
  },
  "total_revenue": 390.0,
  "total_orders": 40,
  "successful_orders": 13,
  "failed_orders": 22,
  "total_rounds": 29,
  "active_runner_hours": 7.0125
}