{
  "simulation_id": "delivery_dynamic_08",
  "runner_id": "3_runners",
  "revenue_per_round": 46.875,
  "orders_per_runner_hour": 6.772342611147689,
  "on_time_rate": 0.98,
  "delivery_cycle_time_p90": 26.833149206232427,
  "delivery_cycle_time_avg": 18.56116843873534,
  "failed_rate": 0.0,
  "second_runner_break_even_orders": 7.382969656274765,
  "queue_wait_avg": 4.928148148148148,
  "runner_utilization_driving_pct": 100.0,
  "runner_utilization_prep_pct": 0.0,
  "runner_utilization_idle_pct": 0.0,
  "distance_per_delivery_avg": 1386.2805954150733,
  "zone_service_times": {
    "hole_17": 18.339867298686794,
    "hole_18": 18.913273914716264,
    "hole_16": 21.056230625242975,
    "hole_12": 20.267136876362887,
    "hole_15": 25.460810058672404,
    "hole_9": 16.641931860317094,
    "hole_11": 14.818398123739144,
    "hole_13": 20.06124309157726,
    "hole_14": 18.468418091159826,
    "hole_10": 14.174111200081764
  },
  "total_revenue": 1500.0,
  "total_orders": 50,
  "successful_orders": 50,
  "failed_orders": 0,
  "total_rounds": 32,
  "active_runner_hours": 7.382969656274765
}