{
  "simulation_id": "delivery_dynamic_01",
  "runner_id": "runner_1",
  "revenue_per_round": 27.391304347826086,
  "orders_per_runner_hour": 2.9325058184639254,
  "on_time_rate": 0.47619047619047616,
  "delivery_cycle_time_p90": 66.18585311951425,
  "delivery_cycle_time_avg": 34.91519670334303,
  "failed_rate": 0.26666666666666666,
  "second_runner_break_even_orders": 7.1611111111111105,
  "queue_wait_avg": 24.155263157894737,
  "runner_utilization_driving_pct": 36.84641190484623,
  "runner_utilization_prep_pct": 0.0,
  "runner_utilization_idle_pct": 63.15358809515377,
  "distance_per_delivery_avg": 1028.306092323259,
  "zone_service_times": {
    "hole_12": 16.04373842165357,
    "hole_18": 29.514924233279142,
    "hole_17": 31.383191012105335,
    "hole_15": 58.01754607860832,
    "hole_10": 26.556064290251964,
    "hole_11": 38.51815751981894
  },
  "total_revenue": 630.0,
  "total_orders": 30,
  "successful_orders": 21,
  "failed_orders": 8,
  "total_rounds": 23,
  "active_runner_hours": 7.161111111111111
}