{
  "simulation_id": "delivery_dynamic_01",
  "runner_id": "runner_1",
  "revenue_per_round": 12.0,
  "orders_per_runner_hour": 1.9317746262935993,
  "on_time_rate": 0.07142857142857142,
  "delivery_cycle_time_p90": 62.67762206279265,
  "delivery_cycle_time_avg": 50.22217906390284,
  "failed_rate": 0.58,
  "second_runner_break_even_orders": 7.247222222222222,
  "queue_wait_avg": 37.1047619047619,
  "runner_utilization_driving_pct": 31.66534134356279,
  "runner_utilization_prep_pct": 0.0,
  "runner_utilization_idle_pct": 68.33465865643721,
  "distance_per_delivery_avg": 1047.452165471354,
  "zone_service_times": {
    "hole_8": 13.544642394053486,
    "hole_14": 45.37938207922995,
    "hole_-1": 52.58652551812544,
    "hole_12": 56.10313258070018,
    "hole_18": 62.18070155200937,
    "hole_11": 52.79784793926386
  },
  "total_revenue": 420.0,
  "total_orders": 50,
  "successful_orders": 14,
  "failed_orders": 29,
  "total_rounds": 35,
  "active_runner_hours": 7.247222222222222
}