{
  "simulation_id": "delivery_dynamic_09",
  "runner_id": "2_runners",
  "revenue_per_round": 36.0,
  "orders_per_runner_hour": 4.160098385528054,
  "on_time_rate": 0.7,
  "delivery_cycle_time_p90": 50.99497104910446,
  "delivery_cycle_time_avg": 27.285822806334156,
  "failed_rate": 0.0,
  "second_runner_break_even_orders": 7.211367910038505,
  "queue_wait_avg": 15.278666666666666,
  "runner_utilization_driving_pct": 74.4940274065892,
  "runner_utilization_prep_pct": 0.0,
  "runner_utilization_idle_pct": 25.505972593410803,
  "distance_per_delivery_avg": 1530.0097962616076,
  "zone_service_times": {
    "hole_9": 12.69351589943041,
    "hole_2": 23.615150926159426,
    "hole_10": 17.669121261600534,
    "hole_18": 18.09175581699682,
    "hole_15": 12.377288590570181,
    "hole_7": 30.813033527758794,
    "hole_8": 28.390329650485484,
    "hole_-1": 41.90761792043824,
    "hole_6": 37.712908164873326,
    "hole_12": 58.2620357630162,
    "hole_4": 21.39062186436525,
    "hole_3": 20.822792476788404,
    "hole_17": 14.121716604534717,
    "hole_14": 15.090925419511647,
    "hole_11": 26.993481081496792
  },
  "total_revenue": 900.0,
  "total_orders": 30,
  "successful_orders": 30,
  "failed_orders": 0,
  "total_rounds": 25,
  "active_runner_hours": 7.211367910038504
}