{
  "simulation_id": "delivery_dynamic_07",
  "runner_id": "runner_1",
  "revenue_per_round": 35.294117647058826,
  "orders_per_runner_hour": 2.841139497601362,
  "on_time_rate": 0.65,
  "delivery_cycle_time_p90": 45.512195020853824,
  "delivery_cycle_time_avg": 25.258375152329524,
  "failed_rate": 0.0,
  "second_runner_break_even_orders": 7.039429080087424,
  "queue_wait_avg": 13.96140350877193,
  "runner_utilization_driving_pct": 19.838191496199222,
  "runner_utilization_prep_pct": 0.0,
  "runner_utilization_idle_pct": 80.16180850380078,
  "distance_per_delivery_avg": 1436.4301096772585,
  "zone_service_times": {
    "hole_9": 10.79019620784317,
    "hole_18": 25.995335645256365,
    "hole_12": 19.871867762492744,
    "hole_2": 12.215254265970847,
    "hole_15": 37.59252184329677,
    "hole_4": 42.8332635549816,
    "hole_17": 24.93554310844876,
    "hole_8": 29.189753371937513,
    "hole_16": 19.44713600072355
  },
  "total_revenue": 600.0,
  "total_orders": 20,
  "successful_orders": 20,
  "failed_orders": 0,
  "total_rounds": 17,
  "active_runner_hours": 7.039429080087424
}