{
  "simulation_id": "delivery_dynamic_09",
  "runner_id": "runner_1",
  "revenue_per_round": 12.352941176470589,
  "orders_per_runner_hour": 1.966829268292683,
  "on_time_rate": 0.21428571428571427,
  "delivery_cycle_time_p90": 59.32682377182067,
  "delivery_cycle_time_avg": 45.016444450770365,
  "failed_rate": 0.6,
  "second_runner_break_even_orders": 7.118055555555555,
  "queue_wait_avg": 32.016666666666666,
  "runner_utilization_driving_pct": 29.066867384267468,
  "runner_utilization_prep_pct": 0.0,
  "runner_utilization_idle_pct": 70.93313261573253,
  "distance_per_delivery_avg": 1007.9253354588442,
  "zone_service_times": {
    "hole_8": 28.030283981141714,
    "hole_18": 45.40111986107858,
    "hole_12": 56.784544023910286,
    "hole_15": 58.484059910967154,
    "hole_9": 41.07416991276171,
    "hole_11": 57.87637321976533,
    "hole_13": 46.469618201864066
  },
  "total_revenue": 420.0,
  "total_orders": 50,
  "successful_orders": 14,
  "failed_orders": 30,
  "total_rounds": 34,
  "active_runner_hours": 7.118055555555555
}