{
  "simulation_id": "delivery_dynamic_07",
  "runner_id": "3_runners",
  "revenue_per_round": 42.0,
  "orders_per_runner_hour": 6.799682581565182,
  "on_time_rate": 0.6938775510204082,
  "delivery_cycle_time_p90": 36.69625406507651,
  "delivery_cycle_time_avg": 23.079260221619602,
  "failed_rate": 0.0,
  "second_runner_break_even_orders": 7.206218733334014,
  "queue_wait_avg": 9.162592592592592,
  "runner_utilization_driving_pct": 100.0,
  "runner_utilization_prep_pct": 0.0,
  "runner_utilization_idle_pct": 0.0,
  "distance_per_delivery_avg": 1567.3171487499008,
  "zone_service_times": {
    "hole_10": 18.718728672646982,
    "hole_2": 16.117894811829988,
    "hole_3": 21.773564509616346,
    "hole_18": 23.905405514309496,
    "hole_4": 28.316722389780423,
    "hole_15": 18.87897886864924,
    "hole_16": 17.949860753642053,
    "hole_13": 36.69625406507651,
    "hole_17": 21.587382897636612,
    "hole_12": 38.553135619859674,
    "hole_6": 34.22462546030505,
    "hole_-1": 36.83795142044541,
    "hole_9": 20.410708269580127,
    "hole_8": 13.97044110832782,
    "hole_11": 13.210669068764279
  },
  "total_revenue": 1470.0,
  "total_orders": 50,
  "successful_orders": 49,
  "failed_orders": 0,
  "total_rounds": 35,
  "active_runner_hours": 7.206218733334014
}