{
  "simulation_id": "delivery_dynamic_06",
  "runner_id": "3_runners",
  "revenue_per_round": 37.5,
  "orders_per_runner_hour": 5.503184824317529,
  "on_time_rate": 1.0,
  "delivery_cycle_time_p90": 18.24462822367523,
  "delivery_cycle_time_avg": 14.67917788165878,
  "failed_rate": 0.0,
  "second_runner_break_even_orders": 7.268518371988452,
  "queue_wait_avg": 0.8180555555555555,
  "runner_utilization_driving_pct": 77.11075045999624,
  "runner_utilization_prep_pct": 0.0,
  "runner_utilization_idle_pct": 22.88924954000376,
  "distance_per_delivery_avg": 1324.8237682373506,
  "zone_service_times": {
    "hole_17": 14.600585076150072,
    "hole_18": 13.134980193254526,
    "hole_16": 18.821785742249993,
    "hole_9": 12.4321821302355,
    "hole_11": 13.855068109259385,
    "hole_8": 14.276117117157657,
    "hole_15": 17.62253907263043,
    "hole_10": 11.442994423481165
  },
  "total_revenue": 1200.0,
  "total_orders": 40,
  "successful_orders": 40,
  "failed_orders": 0,
  "total_rounds": 32,
  "active_runner_hours": 7.268518371988452
}