{
  "simulation_id": "delivery_dynamic_09",
  "runner_id": "3_runners",
  "revenue_per_round": 44.44444444444444,
  "orders_per_runner_hour": 5.531196557619308,
  "on_time_rate": 1.0,
  "delivery_cycle_time_p90": 20.75754241605439,
  "delivery_cycle_time_avg": 17.20646102635213,
  "failed_rate": 0.0,
  "second_runner_break_even_orders": 7.231708290116609,
  "queue_wait_avg": 1.3738095238095238,
  "runner_utilization_driving_pct": 100.0,
  "runner_utilization_prep_pct": 0.0,
  "runner_utilization_idle_pct": 0.0,
  "distance_per_delivery_avg": 2017.470904854318,
  "zone_service_times": {
    "hole_2": 15.201420064177666,
    "hole_-1": 20.67208489926807,
    "hole_7": 19.294861532067685,
    "hole_17": 16.098335302674005,
    "hole_4": 18.931535640178684,
    "hole_18": 14.28571368731216,
    "hole_8": 17.67163312572514,
    "hole_6": 18.68633728917343,
    "hole_16": 17.841532320147962,
    "hole_9": 19.69089663585443,
    "hole_15": 17.936356359264302,
    "hole_3": 17.21196359471687,
    "hole_10": 11.995881612315255
  },
  "total_revenue": 1200.0,
  "total_orders": 40,
  "successful_orders": 40,
  "failed_orders": 0,
  "total_rounds": 27,
  "active_runner_hours": 7.231708290116609
}