{
  "variantKey": "back",
  "blockedHoles": [
    10,
    11,
    12
  ],
  "deliveryMetrics": {
    "totalOrders": 40,
    "successfulDeliveries": 40,
    "failedDeliveries": 0,
    "avgOrderTime": 17.20646102635213,
    "onTimePercentage": 100.0,
    "revenue": 1200.0,
    "ordersPerRunnerHour": 4.0,
    "lateOrders": 0,
    "runnerUtilizationPct": 24.58644778342801,
    "totalRunnerDriveMinutes": 442.55606010170413,
    "totalRunnerShiftMinutes": 1800.0,
    "runnerUtilizationByRunner": {
      "runner_3": {
        "driveMinutes": 124.39815868014139,
        "utilizationPct": 20.733026446690232,
        "shiftMinutes": 600.0
      },
      "runner_1": {
        "driveMinutes": 153.89396301600758,
        "utilizationPct": 25.64899383600126,
        "shiftMinutes": 600.0
      },
      "runner_2": {
        "driveMinutes": 164.26393840555528,
        "utilizationPct": 27.377323067592545,
        "shiftMinutes": 600.0
      }
    }
  },
  "bevCartMetrics": null,
  "hasRunners": true,
  "hasBevCart": false
}