{
  "simulation_id": "delivery_dynamic_08",
  "runner_id": "2_runners",
  "revenue_per_round": 40.90909090909091,
  "orders_per_runner_hour": 4.09259391823393,
  "on_time_rate": 0.6,
  "delivery_cycle_time_p90": 44.5860635065615,
  "delivery_cycle_time_avg": 27.792327498173066,
  "failed_rate": 0.0,
  "second_runner_break_even_orders": 7.330314367702001,
  "queue_wait_avg": 12.921264367816091,
  "runner_utilization_driving_pct": 84.34334044793492,
  "runner_utilization_prep_pct": 0.0,
  "runner_utilization_idle_pct": 15.65665955206508,
  "distance_per_delivery_avg": 1781.3953727194807,
  "zone_service_times": {
    "hole_2": 21.977440044080353,
    "hole_9": 12.113341539958219,
    "hole_10": 22.661510126440923,
    "hole_5": 40.24696066339114,
    "hole_17": 21.90156246373511,
    "hole_-1": 35.164396839894835,
    "hole_7": 30.822691320630817,
    "hole_15": 26.814195672467,
    "hole_12": 58.23419808184584,
    "hole_4": 39.1362550786814,
    "hole_6": 31.5490748754001,
    "hole_8": 14.178964153253158,
    "hole_16": 12.84410141425554,
    "hole_18": 13.556101805277406,
    "hole_3": 20.99647041963508,
    "hole_11": 35.24505253831048
  },
  "total_revenue": 900.0,
  "total_orders": 30,
  "successful_orders": 30,
  "failed_orders": 0,
  "total_rounds": 22,
  "active_runner_hours": 7.330314367702001
}