{
  "simulation_id": "delivery_dynamic_04",
  "runner_id": "runner_1",
  "revenue_per_round": 25.0,
  "orders_per_runner_hour": 2.6231009757254578,
  "on_time_rate": 0.5833333333333334,
  "delivery_cycle_time_p90": 49.58984076517342,
  "delivery_cycle_time_avg": 28.233071101595623,
  "failed_rate": 0.07692307692307693,
  "second_runner_break_even_orders": 11.436845274971946,
  "queue_wait_avg": 17.657894736842106,
  "runner_utilization_driving_pct": 34.66185153697737,
  "runner_utilization_prep_pct": 0.0,
  "runner_utilization_idle_pct": 65.33814846302263,
  "distance_per_delivery_avg": 1368.055666273153,
  "zone_service_times": {
    "hole_15": 14.64738286016794,
    "hole_13": 35.358675872868055,
    "hole_18": 33.23346279886069,
    "hole_9": 28.17858932976005,
    "hole_12": 20.590143999419524,
    "hole_11": 35.39082705405381,
    "hole_17": 39.14351406646674,
    "hole_6": 29.12802286241943,
    "hole_4": 27.64478974836763,
    "hole_16": 12.959452137293535,
    "hole_10": 46.64992243518985
  },
  "total_revenue": 600.0,
  "total_orders": 26,
  "successful_orders": 24,
  "failed_orders": 2,
  "total_rounds": 24,
  "active_runner_hours": 9.149476219977556
}