{
  "simulation_id": "delivery_dynamic_05",
  "runner_id": "2_runners",
  "revenue_per_round": 36.25,
  "orders_per_runner_hour": 3.9437683889680493,
  "on_time_rate": 0.9655172413793104,
  "delivery_cycle_time_p90": 26.934299804522016,
  "delivery_cycle_time_avg": 16.27848317409968,
  "failed_rate": 0.0,
  "second_runner_break_even_orders": 7.35337300261396,
  "queue_wait_avg": 3.2888888888888888,
  "runner_utilization_driving_pct": 68.36077023768746,
  "runner_utilization_prep_pct": 0.0,
  "runner_utilization_idle_pct": 31.63922976231254,
  "distance_per_delivery_avg": 1080.7151740836987,
  "zone_service_times": {
    "hole_15": 16.916746245769264,
    "hole_12": 22.246686848826972,
    "hole_10": 12.623399266274145,
    "hole_9": 12.071136065916956,
    "hole_16": 14.512951478847208,
    "hole_11": 15.119148182789164,
    "hole_-1": 11.35865419635607,
    "hole_18": 20.922770408862092,
    "hole_17": 14.251308827996642,
    "hole_8": 19.72406004272628,
    "hole_7": 14.901348192189108
  },
  "total_revenue": 870.0,
  "total_orders": 30,
  "successful_orders": 29,
  "failed_orders": 0,
  "total_rounds": 24,
  "active_runner_hours": 7.353373002613959
}