{
  "simulation_id": "delivery_dynamic_09",
  "runner_id": "runner_1",
  "revenue_per_round": 36.42857142857143,
  "orders_per_runner_hour": 2.3668968107570927,
  "on_time_rate": 0.47058823529411764,
  "delivery_cycle_time_p90": 55.21219440830746,
  "delivery_cycle_time_avg": 33.90212346575888,
  "failed_rate": 0.15,
  "second_runner_break_even_orders": 7.182400146359679,
  "queue_wait_avg": 21.636458333333334,
  "runner_utilization_driving_pct": 34.12450909924685,
  "runner_utilization_prep_pct": 0.0,
  "runner_utilization_idle_pct": 65.87549090075315,
  "distance_per_delivery_avg": 1188.9017197891008,
  "zone_service_times": {
    "hole_16": 17.48960734715826,
    "hole_10": 31.919918969228306,
    "hole_18": 43.24417655068605,
    "hole_17": 32.84056179953926,
    "hole_-1": 50.304422310868176,
    "hole_8": 54.422825715791504,
    "hole_9": 11.960355954358207,
    "hole_15": 18.500160029882316,
    "hole_3": 22.71235076383297
  },
  "total_revenue": 510.0,
  "total_orders": 20,
  "successful_orders": 17,
  "failed_orders": 3,
  "total_rounds": 14,
  "active_runner_hours": 7.1824001463596785
}