{
  "simulation_id": "delivery_dynamic_07",
  "runner_id": "3_runners",
  "revenue_per_round": 42.857142857142854,
  "orders_per_runner_hour": 4.360710067805682,
  "on_time_rate": 1.0,
  "delivery_cycle_time_p90": 21.60468637659259,
  "delivery_cycle_time_avg": 15.944305652328843,
  "failed_rate": 0.0,
  "second_runner_break_even_orders": 6.879613533925235,
  "queue_wait_avg": 1.582,
  "runner_utilization_driving_pct": 73.70941176314878,
  "runner_utilization_prep_pct": 0.0,
  "runner_utilization_idle_pct": 26.29058823685122,
  "distance_per_delivery_avg": 1554.3266991824944,
  "zone_service_times": {
    "hole_17": 15.15126277072242,
    "hole_-1": 20.19247932179019,
    "hole_18": 13.766876095681505,
    "hole_2": 14.821746139705223,
    "hole_6": 21.93788820130089,
    "hole_9": 12.812932963781805,
    "hole_8": 15.82929188047302,
    "hole_15": 19.123273473158314,
    "hole_10": 11.776833947628983,
    "hole_11": 13.805068109259325,
    "hole_16": 17.65723649272853
  },
  "total_revenue": 900.0,
  "total_orders": 30,
  "successful_orders": 30,
  "failed_orders": 0,
  "total_rounds": 21,
  "active_runner_hours": 6.879613533925236
}