{
  "simulation_id": "delivery_dynamic_09",
  "runner_id": "runner_1",
  "revenue_per_round": 14.516129032258064,
  "orders_per_runner_hour": 2.0793222949557184,
  "on_time_rate": 0.13333333333333333,
  "delivery_cycle_time_p90": 62.976080201760986,
  "delivery_cycle_time_avg": 49.39721542147919,
  "failed_rate": 0.58,
  "second_runner_break_even_orders": 7.2138888888888895,
  "queue_wait_avg": 36.37444444444444,
  "runner_utilization_driving_pct": 30.553637249199017,
  "runner_utilization_prep_pct": 0.0,
  "runner_utilization_idle_pct": 69.44636275080099,
  "distance_per_delivery_avg": 1015.6510482836746,
  "zone_service_times": {
    "hole_11": 13.694237568886729,
    "hole_18": 46.83193161177187,
    "hole_15": 40.1877998464491,
    "hole_8": 57.98580469052352,
    "hole_16": 64.85338666821723,
    "hole_9": 52.99337910451583,
    "hole_10": 52.20086806746097,
    "hole_17": 61.72454255745682,
    "hole_12": 55.47884334617865
  },
  "total_revenue": 450.0,
  "total_orders": 50,
  "successful_orders": 15,
  "failed_orders": 29,
  "total_rounds": 31,
  "active_runner_hours": 7.213888888888889
}