{
  "simulation_id": "delivery_dynamic_03",
  "runner_id": "3_runners",
  "revenue_per_round": 42.857142857142854,
  "orders_per_runner_hour": 4.241313936641947,
  "on_time_rate": 1.0,
  "delivery_cycle_time_p90": 23.590136829622637,
  "delivery_cycle_time_avg": 16.27222197242032,
  "failed_rate": 0.0,
  "second_runner_break_even_orders": 7.073279754375466,
  "queue_wait_avg": 1.9046666666666667,
  "runner_utilization_driving_pct": 76.87717945799342,
  "runner_utilization_prep_pct": 0.0,
  "runner_utilization_idle_pct": 23.12282054200658,
  "distance_per_delivery_avg": 1574.1599160665578,
  "zone_service_times": {
    "hole_10": 11.258698076862448,
    "hole_14": 17.670883129022,
    "hole_12": 16.970936140452416,
    "hole_8": 16.062588933274583,
    "hole_16": 18.28972108961804,
    "hole_18": 14.643971762799522,
    "hole_9": 16.743720773770654,
    "hole_17": 15.490732027171603,
    "hole_13": 17.015807829857295,
    "hole_15": 17.624907163052015
  },
  "total_revenue": 900.0,
  "total_orders": 30,
  "successful_orders": 30,
  "failed_orders": 0,
  "total_rounds": 21,
  "active_runner_hours": 7.073279754375467
}