{
  "simulation_id": "delivery_dynamic_05",
  "runner_id": "3_runners",
  "revenue_per_round": 41.785714285714285,
  "orders_per_runner_hour": 5.376764152282788,
  "on_time_rate": 1.0,
  "delivery_cycle_time_p90": 23.4810635065615,
  "delivery_cycle_time_avg": 16.40972981252707,
  "failed_rate": 0.0,
  "second_runner_break_even_orders": 7.253433272397108,
  "queue_wait_avg": 3.2964646464646465,
  "runner_utilization_driving_pct": 92.89655263183865,
  "runner_utilization_prep_pct": 0.0,
  "runner_utilization_idle_pct": 7.103447368161355,
  "distance_per_delivery_avg": 1216.4589605988365,
  "zone_service_times": {
    "hole_10": 20.23783157025708,
    "hole_9": 13.483126342845669,
    "hole_15": 15.50831029386104,
    "hole_18": 16.792061863803227,
    "hole_16": 22.463831317715268,
    "hole_7": 14.385975315159278,
    "hole_11": 15.595984449596978,
    "hole_14": 17.950031651882913,
    "hole_-1": 15.675507951005946,
    "hole_13": 18.088571108564764,
    "hole_12": 17.257875970443305,
    "hole_8": 13.888041833516247,
    "hole_17": 14.519072252637367
  },
  "total_revenue": 1170.0,
  "total_orders": 40,
  "successful_orders": 39,
  "failed_orders": 0,
  "total_rounds": 28,
  "active_runner_hours": 7.253433272397108
}