{
  "simulation_id": "delivery_dynamic_04",
  "runner_id": "2_runners",
  "revenue_per_round": 40.0,
  "orders_per_runner_hour": 2.839489007059537,
  "on_time_rate": 1.0,
  "delivery_cycle_time_p90": 18.890031549495575,
  "delivery_cycle_time_avg": 13.144560230709956,
  "failed_rate": 0.0,
  "second_runner_break_even_orders": 7.043520841347159,
  "queue_wait_avg": 1.303921568627451,
  "runner_utilization_driving_pct": 25.016971939872278,
  "runner_utilization_prep_pct": 0.0,
  "runner_utilization_idle_pct": 74.98302806012772,
  "distance_per_delivery_avg": 1466.0833661111717,
  "zone_service_times": {
    "hole_10": 11.068542023313492,
    "hole_13": 13.309599209488928,
    "hole_17": 14.487601105590734,
    "hole_9": 11.49471153443016,
    "hole_18": 10.421812737213017,
    "hole_15": 13.41184814014232,
    "hole_8": 12.30167579839104,
    "hole_12": 19.56008506537052,
    "hole_16": 13.146220710441836,
    "hole_11": 11.478974169223815,
    "hole_14": 13.256299231709605
  },
  "total_revenue": 600.0,
  "total_orders": 20,
  "successful_orders": 20,
  "failed_orders": 0,
  "total_rounds": 15,
  "active_runner_hours": 7.043520841347159
}