{
  "simulation_id": "delivery_dynamic_03",
  "runner_id": "2_runners",
  "revenue_per_round": 42.0,
  "orders_per_runner_hour": 5.865011636927851,
  "on_time_rate": 0.42857142857142855,
  "delivery_cycle_time_p90": 56.73700635717954,
  "delivery_cycle_time_avg": 33.08606258329255,
  "failed_rate": 0.12,
  "second_runner_break_even_orders": 7.1611111111111105,
  "queue_wait_avg": 20.776016260162603,
  "runner_utilization_driving_pct": 75.34918761458532,
  "runner_utilization_prep_pct": 0.0,
  "runner_utilization_idle_pct": 24.65081238541468,
  "distance_per_delivery_avg": 942.3836946529673,
  "zone_service_times": {
    "hole_17": 20.91513178336611,
    "hole_16": 18.006588275908356,
    "hole_18": 38.28369247177416,
    "hole_9": 13.089241772558369,
    "hole_11": 34.465357040066465,
    "hole_10": 24.461037300372713,
    "hole_13": 50.79786370681792,
    "hole_14": 52.8610474710344,
    "hole_12": 36.12118063230187,
    "hole_8": 14.37236597292358
  },
  "total_revenue": 1260.0,
  "total_orders": 50,
  "successful_orders": 42,
  "failed_orders": 6,
  "total_rounds": 30,
  "active_runner_hours": 7.161111111111111
}