{
  "simulation_id": "delivery_dynamic_02",
  "runner_id": "runner_1",
  "revenue_per_round": 15.0,
  "orders_per_runner_hour": 1.9112627986348123,
  "on_time_rate": 0.07142857142857142,
  "delivery_cycle_time_p90": 60.33186293869976,
  "delivery_cycle_time_avg": 45.559462915455335,
  "failed_rate": 0.55,
  "second_runner_break_even_orders": 7.325,
  "queue_wait_avg": 34.22435897435898,
  "runner_utilization_driving_pct": 34.251390618601974,
  "runner_utilization_prep_pct": 0.0,
  "runner_utilization_idle_pct": 65.74860938139803,
  "distance_per_delivery_avg": 1269.9795395929962,
  "zone_service_times": {
    "hole_8": 15.620900082723226,
    "hole_18": 45.690502511704594,
    "hole_6": 50.34781129306103,
    "hole_9": 55.95508059631375,
    "hole_12": 47.771504849913434,
    "hole_11": 42.66488781771301,
    "hole_14": 45.971001572830694
  },
  "total_revenue": 420.0,
  "total_orders": 40,
  "successful_orders": 14,
  "failed_orders": 22,
  "total_rounds": 28,
  "active_runner_hours": 7.325
}