{
  "simulation_id": "delivery_dynamic_10",
  "runner_id": "runner_1",
  "revenue_per_round": 15.483870967741936,
  "orders_per_runner_hour": 2.2780304528376507,
  "on_time_rate": 0.0625,
  "delivery_cycle_time_p90": 59.26532683085238,
  "delivery_cycle_time_avg": 47.93137682688638,
  "failed_rate": 0.45,
  "second_runner_break_even_orders": 7.023611111111111,
  "queue_wait_avg": 35.0,
  "runner_utilization_driving_pct": 41.35645203349048,
  "runner_utilization_prep_pct": 0.0,
  "runner_utilization_idle_pct": 58.64354796650952,
  "distance_per_delivery_avg": 984.9426138338227,
  "zone_service_times": {
    "hole_10": 38.54446903003423,
    "hole_15": 34.42027743405209,
    "hole_14": 52.73556788857995,
    "hole_11": 49.23108330059528,
    "hole_9": 58.58121603572229,
    "hole_-1": 54.582057292518364,
    "hole_6": 45.245862392094814,
    "hole_7": 36.177677437267874
  },
  "total_revenue": 480.0,
  "total_orders": 40,
  "successful_orders": 16,
  "failed_orders": 18,
  "total_rounds": 31,
  "active_runner_hours": 7.023611111111111
}