{
  "simulation_id": "delivery_dynamic_02",
  "runner_id": "2_runners",
  "revenue_per_round": 37.5,
  "orders_per_runner_hour": 4.202388958285939,
  "on_time_rate": 0.8666666666666667,
  "delivery_cycle_time_p90": 33.22957905916123,
  "delivery_cycle_time_avg": 19.616933632093517,
  "failed_rate": 0.0,
  "second_runner_break_even_orders": 7.138796598265463,
  "queue_wait_avg": 5.958641975308642,
  "runner_utilization_driving_pct": 65.37180885605156,
  "runner_utilization_prep_pct": 0.0,
  "runner_utilization_idle_pct": 34.62819114394844,
  "distance_per_delivery_avg": 1429.39636705009,
  "zone_service_times": {
    "hole_17": 22.93369149769003,
    "hole_18": 12.511599773159032,
    "hole_8": 13.782204508767927,
    "hole_16": 17.296978224365617,
    "hole_15": 18.756415597796256,
    "hole_11": 27.970896086467718,
    "hole_14": 46.6253077867915,
    "hole_10": 12.130176848308716
  },
  "total_revenue": 900.0,
  "total_orders": 30,
  "successful_orders": 30,
  "failed_orders": 0,
  "total_rounds": 24,
  "active_runner_hours": 7.138796598265463
}