{
  "simulation_id": "delivery_dynamic_06",
  "runner_id": "2_runners",
  "revenue_per_round": 40.0,
  "orders_per_runner_hour": 2.7177366608012905,
  "on_time_rate": 0.95,
  "delivery_cycle_time_p90": 21.130521121948,
  "delivery_cycle_time_avg": 16.26678797598724,
  "failed_rate": 0.0,
  "second_runner_break_even_orders": 7.359064727817762,
  "queue_wait_avg": 1.177450980392157,
  "runner_utilization_driving_pct": 48.387585942996004,
  "runner_utilization_prep_pct": 0.0,
  "runner_utilization_idle_pct": 51.612414057003996,
  "distance_per_delivery_avg": 1769.3607599317115,
  "zone_service_times": {
    "hole_12": 14.836236398474588,
    "hole_15": 17.592536468694863,
    "hole_11": 16.626608436737662,
    "hole_8": 14.368575373707518,
    "hole_6": 21.434899220427116,
    "hole_14": 17.07906572041129,
    "hole_18": 10.735336776031726,
    "hole_2": 14.52861433550388,
    "hole_17": 14.92969678515789,
    "hole_13": 31.484359859541897
  },
  "total_revenue": 600.0,
  "total_orders": 20,
  "successful_orders": 20,
  "failed_orders": 0,
  "total_rounds": 15,
  "active_runner_hours": 7.359064727817762
}