{
  "simulation_id": "delivery_dynamic_04",
  "runner_id": "2_runners",
  "revenue_per_round": 36.0,
  "orders_per_runner_hour": 4.031139267290639,
  "on_time_rate": 0.6333333333333333,
  "delivery_cycle_time_p90": 53.85352065639377,
  "delivery_cycle_time_avg": 27.746650483798682,
  "failed_rate": 0.0,
  "second_runner_break_even_orders": 7.442064888064072,
  "queue_wait_avg": 15.405797101449275,
  "runner_utilization_driving_pct": 87.60145317178211,
  "runner_utilization_prep_pct": 0.0,
  "runner_utilization_idle_pct": 12.398546828217889,
  "distance_per_delivery_avg": 1994.3412292230228,
  "zone_service_times": {
    "hole_3": 22.243395122384968,
    "hole_8": 13.517375419914622,
    "hole_16": 12.59566150089213,
    "hole_15": 15.30103460243199,
    "hole_12": 25.819046823504202,
    "hole_4": 32.43665617731947,
    "hole_11": 29.05776032965779,
    "hole_6": 34.68413096708955,
    "hole_13": 42.62957774444809,
    "hole_14": 34.526188105930004,
    "hole_7": 62.82595490149785,
    "hole_-1": 37.3575715103374,
    "hole_10": 42.11898183355012,
    "hole_9": 10.975045917398983,
    "hole_5": 24.578003782856165,
    "hole_17": 15.621752816949932
  },
  "total_revenue": 900.0,
  "total_orders": 30,
  "successful_orders": 30,
  "failed_orders": 0,
  "total_rounds": 25,
  "active_runner_hours": 7.442064888064073
}