{
  "simulation_id": "delivery_dynamic_06",
  "runner_id": "3_runners",
  "revenue_per_round": 37.5,
  "orders_per_runner_hour": 4.205537246969346,
  "on_time_rate": 1.0,
  "delivery_cycle_time_p90": 18.93446560200207,
  "delivery_cycle_time_avg": 14.07119670914942,
  "failed_rate": 0.0,
  "second_runner_break_even_orders": 7.133452455240773,
  "queue_wait_avg": 1.1766666666666667,
  "runner_utilization_driving_pct": 56.98729853665216,
  "runner_utilization_prep_pct": 0.0,
  "runner_utilization_idle_pct": 43.01270146334784,
  "distance_per_delivery_avg": 1038.4554276075405,
  "zone_service_times": {
    "hole_17": 15.682664796017757,
    "hole_18": 12.43903416438662,
    "hole_11": 13.275645970873544,
    "hole_9": 14.259526278621918,
    "hole_8": 13.67480714274732,
    "hole_15": 18.09823504693559,
    "hole_10": 11.141112426763204,
    "hole_16": 17.321978216778067
  },
  "total_revenue": 900.0,
  "total_orders": 30,
  "successful_orders": 30,
  "failed_orders": 0,
  "total_rounds": 24,
  "active_runner_hours": 7.133452455240773
}