{
  "simulation_id": "delivery_dynamic_10",
  "runner_id": "2_runners",
  "revenue_per_round": 40.90909090909091,
  "orders_per_runner_hour": 4.201246401522594,
  "on_time_rate": 0.7333333333333333,
  "delivery_cycle_time_p90": 36.56082350079331,
  "delivery_cycle_time_avg": 22.025191248854927,
  "failed_rate": 0.0,
  "second_runner_break_even_orders": 7.14073804124594,
  "queue_wait_avg": 7.747701149425287,
  "runner_utilization_driving_pct": 77.60658483766245,
  "runner_utilization_prep_pct": 0.0,
  "runner_utilization_idle_pct": 22.393415162337547,
  "distance_per_delivery_avg": 1524.0109262819217,
  "zone_service_times": {
    "hole_17": 17.348048004756684,
    "hole_18": 15.476141035695324,
    "hole_16": 26.27878814675126,
    "hole_9": 17.33465937800439,
    "hole_7": 16.675827593029954,
    "hole_15": 30.70784183807207,
    "hole_12": 34.7891237899678,
    "hole_11": 46.243039886431994,
    "hole_14": 34.02038823489293,
    "hole_10": 18.480034731654875,
    "hole_6": 19.853459825781282,
    "hole_-1": 16.424422617594733,
    "hole_13": 16.83151187828201,
    "hole_8": 14.389032639590248
  },
  "total_revenue": 900.0,
  "total_orders": 30,
  "successful_orders": 30,
  "failed_orders": 0,
  "total_rounds": 22,
  "active_runner_hours": 7.14073804124594
}