{
  "simulation_id": "delivery_dynamic_04",
  "runner_id": "runner_1",
  "revenue_per_round": 26.31578947368421,
  "orders_per_runner_hour": 2.503354111062681,
  "on_time_rate": 0.7,
  "delivery_cycle_time_p90": 54.90832564075977,
  "delivery_cycle_time_avg": 26.16104268226132,
  "failed_rate": 0.13043478260869565,
  "second_runner_break_even_orders": 9.986601531729535,
  "queue_wait_avg": 18.237179487179485,
  "runner_utilization_driving_pct": 41.57307296852533,
  "runner_utilization_prep_pct": 0.0,
  "runner_utilization_idle_pct": 58.42692703147467,
  "distance_per_delivery_avg": 1385.0913266152418,
  "zone_service_times": {
    "hole_11": 26.724160387387126,
    "hole_12": 34.92347733275285,
    "hole_18": 22.265870206268097,
    "hole_15": 34.43904952683461,
    "hole_10": 19.622144657412072,
    "hole_6": 26.461356195752767,
    "hole_8": 21.029842865078173,
    "hole_7": 42.25460128238992,
    "hole_17": 27.810180733133407
  },
  "total_revenue": 500.0,
  "total_orders": 23,
  "successful_orders": 20,
  "failed_orders": 3,
  "total_rounds": 19,
  "active_runner_hours": 7.989281225383628
}