{
  "simulation_id": "delivery_dynamic_03",
  "runner_id": "2_runners",
  "revenue_per_round": 42.857142857142854,
  "orders_per_runner_hour": 2.750680264949465,
  "on_time_rate": 1.0,
  "delivery_cycle_time_p90": 28.11243849268481,
  "delivery_cycle_time_avg": 17.06083794619892,
  "failed_rate": 0.0,
  "second_runner_break_even_orders": 7.270928669845762,
  "queue_wait_avg": 1.7407407407407407,
  "runner_utilization_driving_pct": 59.84423577689043,
  "runner_utilization_prep_pct": 0.0,
  "runner_utilization_idle_pct": 40.15576422310957,
  "distance_per_delivery_avg": 1846.0415499228388,
  "zone_service_times": {
    "hole_14": 14.946822293706019,
    "hole_8": 15.533175251839971,
    "hole_15": 29.32728859057018,
    "hole_11": 14.406865124000252,
    "hole_18": 12.447368218676031,
    "hole_4": 28.811488042000867,
    "hole_16": 12.921727303656734,
    "hole_5": 21.82099254884033,
    "hole_3": 21.455664518862886,
    "hole_9": 13.332402748940694,
    "hole_12": 17.888133393608282,
    "hole_10": 12.569121261600474,
    "hole_7": 14.52631976972031
  },
  "total_revenue": 600.0,
  "total_orders": 20,
  "successful_orders": 20,
  "failed_orders": 0,
  "total_rounds": 14,
  "active_runner_hours": 7.270928669845762
}