{
  "simulation_id": "delivery_dynamic_07",
  "runner_id": "2_runners",
  "revenue_per_round": 28.42105263157895,
  "orders_per_runner_hour": 4.841194683844753,
  "on_time_rate": 0.3611111111111111,
  "delivery_cycle_time_p90": 58.84409400429729,
  "delivery_cycle_time_avg": 35.91199842197121,
  "failed_rate": 0.26,
  "second_runner_break_even_orders": 7.436181015428556,
  "queue_wait_avg": 23.485294117647058,
  "runner_utilization_driving_pct": 79.20274343003764,
  "runner_utilization_prep_pct": 0.0,
  "runner_utilization_idle_pct": 20.797256569962357,
  "distance_per_delivery_avg": 1253.7648031156582,
  "zone_service_times": {
    "hole_4": 31.141926978181132,
    "hole_9": 10.966703728651556,
    "hole_18": 31.26661432461798,
    "hole_10": 22.86609894009395,
    "hole_-1": 41.20985138534938,
    "hole_6": 51.899275257958394,
    "hole_11": 60.94769718150292,
    "hole_12": 58.19673019622272,
    "hole_15": 21.47463613305951,
    "hole_14": 15.277049356235512,
    "hole_3": 32.09647041963508,
    "hole_5": 38.878003782856226
  },
  "total_revenue": 1080.0,
  "total_orders": 50,
  "successful_orders": 36,
  "failed_orders": 13,
  "total_rounds": 38,
  "active_runner_hours": 7.436181015428556
}