{
  "simulation_id": "delivery_blocked_01",
  "runner_id": "runner_1",
  "revenue_per_round": 2.6315789473684212,
  "orders_per_runner_hour": 0.2,
  "on_time_rate": 0.5,
  "delivery_cycle_time_p90": 53.46608133215425,
  "delivery_cycle_time_avg": 37.59892188450095,
  "failed_rate": 0.7727272727272727,
  "second_runner_break_even_orders": 12.5,
  "queue_wait_avg": 0.0,
  "runner_utilization_driving_pct": 35.87914964380799,
  "runner_utilization_waiting_pct": 27.056096823621555,
  "distance_per_delivery_avg": 1745.9729391052042,
  "zone_service_times": {
    "hole_4": 21.731762436847657,
    "hole_5": 53.46608133215425
  },
  "total_revenue": 50.0,
  "total_orders": 22,
  "successful_orders": 2,
  "failed_orders": 17,
  "total_rounds": 19,
  "active_runner_hours": 10.0
}