{
  "simulation_id": "delivery_dynamic_08",
  "runner_id": "3_runners",
  "revenue_per_round": 45.45454545454545,
  "orders_per_runner_hour": 6.846626917627218,
  "on_time_rate": 0.62,
  "delivery_cycle_time_p90": 44.5202033477767,
  "delivery_cycle_time_avg": 25.73291252950486,
  "failed_rate": 0.0,
  "second_runner_break_even_orders": 7.302866156073261,
  "queue_wait_avg": 12.414539007092198,
  "runner_utilization_driving_pct": 100.0,
  "runner_utilization_prep_pct": 0.0,
  "runner_utilization_idle_pct": 0.0,
  "distance_per_delivery_avg": 1365.2506099136297,
  "zone_service_times": {
    "hole_8": 14.530646996000677,
    "hole_18": 19.118386437222036,
    "hole_-1": 22.325538250281888,
    "hole_9": 23.178435189718417,
    "hole_16": 29.211028846993333,
    "hole_3": 33.43416990432015,
    "hole_4": 31.606418801245475,
    "hole_5": 45.90884347649844,
    "hole_12": 50.44822043041222,
    "hole_11": 36.891448859063956,
    "hole_14": 22.01644866865466,
    "hole_6": 41.65476373523179,
    "hole_2": 22.099420675074725,
    "hole_15": 13.087080411119436
  },
  "total_revenue": 1500.0,
  "total_orders": 50,
  "successful_orders": 50,
  "failed_orders": 0,
  "total_rounds": 33,
  "active_runner_hours": 7.302866156073261
}