{
  "variantKey": "front_mid",
  "blockedHoles": [
    1,
    2,
    3,
    4,
    5,
    6
  ],
  "deliveryMetrics": {
    "totalOrders": 50,
    "successfulDeliveries": 49,
    "failedDeliveries": 0,
    "avgOrderTime": 24.276266305358313,
    "onTimePercentage": 63.26530612244898,
    "revenue": 1500.0,
    "ordersPerRunnerHour": 4.9,
    "lateOrders": 18,
    "runnerUtilizationPct": 25.567402191041555,
    "totalRunnerDriveMinutes": 460.21323943874796,
    "totalRunnerShiftMinutes": 1800.0,
    "runnerUtilizationByRunner": {
      "runner_1": {
        "driveMinutes": 159.5108625510042,
        "utilizationPct": 26.585143758500703,
        "shiftMinutes": 600.0
      },
      "runner_2": {
        "driveMinutes": 155.52430053580358,
        "utilizationPct": 25.92071675596726,
        "shiftMinutes": 600.0
      },
      "runner_3": {
        "driveMinutes": 145.17807635194012,
        "utilizationPct": 24.196346058656687,
        "shiftMinutes": 600.0
      }
    }
  },
  "bevCartMetrics": null,
  "hasRunners": true,
  "hasBevCart": false
}