{
  "simulation_id": "delivery_dynamic_09",
  "runner_id": "2_runners",
  "revenue_per_round": 37.5,
  "orders_per_runner_hour": 3.012830755405522,
  "on_time_rate": 1.0,
  "delivery_cycle_time_p90": 17.99353084894132,
  "delivery_cycle_time_avg": 12.946559110086104,
  "failed_rate": 0.0,
  "second_runner_break_even_orders": 6.638275304418164,
  "queue_wait_avg": 0.996078431372549,
  "runner_utilization_driving_pct": 25.74800424333335,
  "runner_utilization_prep_pct": 0.0,
  "runner_utilization_idle_pct": 74.25199575666664,
  "distance_per_delivery_avg": 1511.9225592619898,
  "zone_service_times": {
    "hole_10": 14.61028868101016,
    "hole_18": 10.78963526796041,
    "hole_13": 13.645696462278647,
    "hole_12": 12.378470500124907,
    "hole_11": 13.72647164941559,
    "hole_15": 13.479282819884883,
    "hole_17": 11.888119860146496,
    "hole_14": 13.002561291819136,
    "hole_16": 13.274349716913578,
    "hole_9": 10.722306325634781
  },
  "total_revenue": 600.0,
  "total_orders": 20,
  "successful_orders": 20,
  "failed_orders": 0,
  "total_rounds": 16,
  "active_runner_hours": 6.638275304418165
}