{
  "simulation_id": "delivery_dynamic_03",
  "runner_id": "runner_1",
  "revenue_per_round": 27.083333333333332,
  "orders_per_runner_hour": 2.96564674546212,
  "on_time_rate": 0.4230769230769231,
  "delivery_cycle_time_p90": 60.03954123310241,
  "delivery_cycle_time_avg": 35.694608041067696,
  "failed_rate": 0.16129032258064516,
  "second_runner_break_even_orders": 10.958823753951757,
  "queue_wait_avg": 22.729166666666668,
  "runner_utilization_driving_pct": 37.1973917301668,
  "runner_utilization_prep_pct": 0.0,
  "runner_utilization_idle_pct": 62.8026082698332,
  "distance_per_delivery_avg": 1515.970561391985,
  "zone_service_times": {
    "hole_16": 24.087229915071337,
    "hole_13": 37.65867587286805,
    "hole_14": 38.84195813325423,
    "hole_18": 37.56309242849032,
    "hole_17": 34.89351406646674,
    "hole_12": 64.34014399941952,
    "hole_11": 33.39082705405381
  },
  "total_revenue": 650.0,
  "total_orders": 31,
  "successful_orders": 26,
  "failed_orders": 5,
  "total_rounds": 24,
  "active_runner_hours": 8.767059003161405
}