{
  "variantKey": "back",
  "blockedHoles": [
    10,
    11,
    12
  ],
  "deliveryMetrics": {
    "totalOrders": 50,
    "successfulDeliveries": 50,
    "failedDeliveries": 0,
    "avgOrderTime": 13.693255221573816,
    "onTimePercentage": 100.0,
    "revenue": 1500.0,
    "ordersPerRunnerHour": 5.0,
    "lateOrders": 0,
    "runnerUtilizationPct": 26.383771412609658,
    "totalRunnerDriveMinutes": 474.90788542697385,
    "totalRunnerShiftMinutes": 1800.0,
    "runnerUtilizationByRunner": {
      "runner_1": {
        "driveMinutes": 191.79043919424652,
        "utilizationPct": 31.96507319904109,
        "shiftMinutes": 600.0
      },
      "runner_2": {
        "driveMinutes": 137.3422807985141,
        "utilizationPct": 22.890380133085685,
        "shiftMinutes": 600.0
      },
      "runner_3": {
        "driveMinutes": 145.7751654342133,
        "utilizationPct": 24.29586090570222,
        "shiftMinutes": 600.0
      }
    }
  },
  "bevCartMetrics": null,
  "hasRunners": true,
  "hasBevCart": false
}