{
  "simulation_id": "delivery_dynamic_03",
  "runner_id": "runner_1",
  "revenue_per_round": 21.923076923076923,
  "orders_per_runner_hour": 2.6136797860145204,
  "on_time_rate": 0.10526315789473684,
  "delivery_cycle_time_p90": 64.44486149622183,
  "delivery_cycle_time_avg": 46.542961900455886,
  "failed_rate": 0.425,
  "second_runner_break_even_orders": 7.269444444444445,
  "queue_wait_avg": 31.659649122807018,
  "runner_utilization_driving_pct": 40.37820621520714,
  "runner_utilization_prep_pct": 0.0,
  "runner_utilization_idle_pct": 59.62179378479286,
  "distance_per_delivery_avg": 1640.7930932900233,
  "zone_service_times": {
    "hole_17": 40.35652593828178,
    "hole_14": 44.33138001632939,
    "hole_15": 48.65755075484843,
    "hole_7": 64.44486149622183,
    "hole_11": 31.292336523011425,
    "hole_18": 49.690502511704594,
    "hole_6": 56.53093908369368,
    "hole_12": 49.092336789807696,
    "hole_16": 48.203386668217235
  },
  "total_revenue": 570.0,
  "total_orders": 40,
  "successful_orders": 19,
  "failed_orders": 17,
  "total_rounds": 26,
  "active_runner_hours": 7.269444444444445
}