{
  "simulation_id": "delivery_dynamic_10",
  "runner_id": "3_runners",
  "revenue_per_round": 37.5,
  "orders_per_runner_hour": 2.7761634214577344,
  "on_time_rate": 1.0,
  "delivery_cycle_time_p90": 18.071281828985768,
  "delivery_cycle_time_avg": 14.559168064915143,
  "failed_rate": 0.0,
  "second_runner_break_even_orders": 7.2041868448429485,
  "queue_wait_avg": 0.046875,
  "runner_utilization_driving_pct": 55.623525244540005,
  "runner_utilization_prep_pct": 0.0,
  "runner_utilization_idle_pct": 44.376474755459995,
  "distance_per_delivery_avg": 1519.2804698114899,
  "zone_service_times": {
    "hole_10": 11.551830340337393,
    "hole_13": 16.278034220760674,
    "hole_18": 12.285000520224154,
    "hole_17": 14.108191012105333,
    "hole_6": 18.747716025129982,
    "hole_9": 12.316056792899932,
    "hole_12": 14.609561335883699,
    "hole_15": 18.174217421515095,
    "hole_8": 15.038136271933006,
    "hole_7": 17.144861496221832,
    "hole_14": 17.02434569088497,
    "hole_16": 17.071015768239644
  },
  "total_revenue": 600.0,
  "total_orders": 20,
  "successful_orders": 20,
  "failed_orders": 0,
  "total_rounds": 16,
  "active_runner_hours": 7.2041868448429485
}