{
  "simulation_id": "delivery_dynamic_03",
  "runner_id": "runner_1",
  "revenue_per_round": 25.714285714285715,
  "orders_per_runner_hour": 2.5362035225048922,
  "on_time_rate": 0.2777777777777778,
  "delivery_cycle_time_p90": 59.678763050243845,
  "delivery_cycle_time_avg": 41.34932655419873,
  "failed_rate": 0.3,
  "second_runner_break_even_orders": 7.097222222222223,
  "queue_wait_avg": 27.677777777777777,
  "runner_utilization_driving_pct": 40.68040746421157,
  "runner_utilization_prep_pct": 0.0,
  "runner_utilization_idle_pct": 59.31959253578843,
  "distance_per_delivery_avg": 1233.6403888774446,
  "zone_service_times": {
    "hole_11": 36.47660843654679,
    "hole_4": 38.70509357232659,
    "hole_9": 53.48874097255654,
    "hole_12": 52.33907934342503,
    "hole_18": 40.41014342588068,
    "hole_8": 48.129485702850914,
    "hole_2": 28.92747885690272,
    "hole_6": 32.62777599892476
  },
  "total_revenue": 540.0,
  "total_orders": 30,
  "successful_orders": 18,
  "failed_orders": 9,
  "total_rounds": 21,
  "active_runner_hours": 7.097222222222222
}