{
  "simulation_id": "delivery_dynamic_09",
  "runner_id": "3_runners",
  "revenue_per_round": 47.41935483870968,
  "orders_per_runner_hour": 6.857468918046276,
  "on_time_rate": 0.8979591836734694,
  "delivery_cycle_time_p90": 32.12566985634476,
  "delivery_cycle_time_avg": 19.216817603523033,
  "failed_rate": 0.0,
  "second_runner_break_even_orders": 7.145493561195801,
  "queue_wait_avg": 6.1045454545454545,
  "runner_utilization_driving_pct": 100.0,
  "runner_utilization_prep_pct": 0.0,
  "runner_utilization_idle_pct": 0.0,
  "distance_per_delivery_avg": 1255.022143355167,
  "zone_service_times": {
    "hole_10": 14.545119528162399,
    "hole_8": 13.802812356577032,
    "hole_18": 17.109698536812406,
    "hole_17": 23.521455019982067,
    "hole_11": 19.81911546744727,
    "hole_16": 28.704349101572976,
    "hole_12": 16.66280508924148,
    "hole_15": 28.824867658994464,
    "hole_14": 19.78016557074757,
    "hole_13": 17.84826798812889
  },
  "total_revenue": 1470.0,
  "total_orders": 50,
  "successful_orders": 49,
  "failed_orders": 0,
  "total_rounds": 31,
  "active_runner_hours": 7.145493561195801
}