{
  "simulation_id": "delivery_dynamic_10",
  "runner_id": "3_runners",
  "revenue_per_round": 40.0,
  "orders_per_runner_hour": 5.446751307440768,
  "on_time_rate": 0.9,
  "delivery_cycle_time_p90": 29.797307803215073,
  "delivery_cycle_time_avg": 17.72389180671424,
  "failed_rate": 0.0,
  "second_runner_break_even_orders": 7.343827125970721,
  "queue_wait_avg": 3.922727272727273,
  "runner_utilization_driving_pct": 100.0,
  "runner_utilization_prep_pct": 0.0,
  "runner_utilization_idle_pct": 0.0,
  "distance_per_delivery_avg": 1507.8476470559842,
  "zone_service_times": {
    "hole_11": 13.518275103213469,
    "hole_9": 13.168822011330994,
    "hole_16": 17.551039304816488,
    "hole_18": 13.699142766470239,
    "hole_12": 15.454492298823991,
    "hole_6": 21.096593171340803,
    "hole_10": 17.80383033951356,
    "hole_8": 16.750318540658554,
    "hole_15": 22.78683755346392,
    "hole_7": 33.245824037861894,
    "hole_17": 19.723537958073333,
    "hole_14": 23.144633266424353
  },
  "total_revenue": 1200.0,
  "total_orders": 40,
  "successful_orders": 40,
  "failed_orders": 0,
  "total_rounds": 30,
  "active_runner_hours": 7.343827125970721
}