{
  "simulation_id": "delivery_dynamic_01",
  "runner_id": "3_runners",
  "revenue_per_round": 40.0,
  "orders_per_runner_hour": 5.404073342422636,
  "on_time_rate": 0.95,
  "delivery_cycle_time_p90": 24.69319539939251,
  "delivery_cycle_time_avg": 17.56809445141717,
  "failed_rate": 0.0,
  "second_runner_break_even_orders": 7.401824043725519,
  "queue_wait_avg": 2.908333333333333,
  "runner_utilization_driving_pct": 100.0,
  "runner_utilization_prep_pct": 0.0,
  "runner_utilization_idle_pct": 0.0,
  "distance_per_delivery_avg": 1614.5397356761684,
  "zone_service_times": {
    "hole_18": 14.395215686367257,
    "hole_17": 20.632923653511604,
    "hole_2": 14.654116284223255,
    "hole_12": 16.106986175678284,
    "hole_8": 15.25230836455424,
    "hole_15": 16.926634204682614,
    "hole_9": 19.115841995553133,
    "hole_14": 22.326041667182714,
    "hole_16": 25.071978216778067,
    "hole_3": 27.094815729688342,
    "hole_11": 17.025669856344756,
    "hole_10": 12.757455612441209,
    "hole_13": 17.62490800282784,
    "hole_-1": 20.642118395739512,
    "hole_4": 20.256860781737245,
    "hole_6": 18.747716025130043
  },
  "total_revenue": 1200.0,
  "total_orders": 40,
  "successful_orders": 40,
  "failed_orders": 0,
  "total_rounds": 30,
  "active_runner_hours": 7.401824043725519
}