{
  "simulation_id": "delivery_dynamic_05",
  "runner_id": "runner_1",
  "revenue_per_round": 31.875,
  "orders_per_runner_hour": 2.339214877140746,
  "on_time_rate": 0.47058823529411764,
  "delivery_cycle_time_p90": 63.59859789857038,
  "delivery_cycle_time_avg": 33.26671096669695,
  "failed_rate": 0.15,
  "second_runner_break_even_orders": 7.267395640360893,
  "queue_wait_avg": 21.06111111111111,
  "runner_utilization_driving_pct": 40.91950597033151,
  "runner_utilization_prep_pct": 0.0,
  "runner_utilization_idle_pct": 59.08049402966849,
  "distance_per_delivery_avg": 1573.6148848101739,
  "zone_service_times": {
    "hole_18": 19.559592922282338,
    "hole_4": 21.831787901403125,
    "hole_12": 36.55266962246145,
    "hole_17": 30.776317746225004,
    "hole_10": 41.62926616501427,
    "hole_14": 66.284059911041,
    "hole_7": 62.92723239545273,
    "hole_15": 59.79869132399957,
    "hole_2": 16.078054962229363,
    "hole_9": 11.891859009094697,
    "hole_11": 13.210669068764279
  },
  "total_revenue": 510.0,
  "total_orders": 20,
  "successful_orders": 17,
  "failed_orders": 3,
  "total_rounds": 16,
  "active_runner_hours": 7.267395640360893
}