{
  "simulation_id": "delivery_dynamic_05",
  "runner_id": "3_runners",
  "revenue_per_round": 43.333333333333336,
  "orders_per_runner_hour": 5.419173250766344,
  "on_time_rate": 0.9487179487179487,
  "delivery_cycle_time_p90": 24.652541831731348,
  "delivery_cycle_time_avg": 18.151793885515453,
  "failed_rate": 0.0,
  "second_runner_break_even_orders": 7.196669712392914,
  "queue_wait_avg": 3.2185714285714284,
  "runner_utilization_driving_pct": 94.40730463009994,
  "runner_utilization_prep_pct": 0.0,
  "runner_utilization_idle_pct": 5.592695369900056,
  "distance_per_delivery_avg": 1768.4796686101154,
  "zone_service_times": {
    "hole_17": 17.21772706793634,
    "hole_15": 19.98365030903235,
    "hole_18": 16.371662553929127,
    "hole_3": 24.05314903757541,
    "hole_14": 17.02231298187077,
    "hole_4": 19.53738516255077,
    "hole_10": 12.659226819583333,
    "hole_13": 17.407811900744854,
    "hole_9": 12.371933252771447,
    "hole_2": 18.078153809100968,
    "hole_12": 29.5770717549869,
    "hole_-1": 27.342118395739547,
    "hole_16": 17.13768243490631,
    "hole_11": 13.043039886431991
  },
  "total_revenue": 1170.0,
  "total_orders": 40,
  "successful_orders": 39,
  "failed_orders": 0,
  "total_rounds": 27,
  "active_runner_hours": 7.196669712392914
}