{
  "simulation_id": "delivery_dynamic_03",
  "runner_id": "2_runners",
  "revenue_per_round": 34.61538461538461,
  "orders_per_runner_hour": 4.119612911089827,
  "on_time_rate": 0.7333333333333333,
  "delivery_cycle_time_p90": 45.520827616400794,
  "delivery_cycle_time_avg": 24.83659526846053,
  "failed_rate": 0.0,
  "second_runner_break_even_orders": 7.282237590634122,
  "queue_wait_avg": 11.387179487179488,
  "runner_utilization_driving_pct": 76.0673992903741,
  "runner_utilization_prep_pct": 0.0,
  "runner_utilization_idle_pct": 23.932600709625902,
  "distance_per_delivery_avg": 1669.1493435360708,
  "zone_service_times": {
    "hole_16": 20.8356135425962,
    "hole_14": 17.128573035641786,
    "hole_10": 32.42450739550263,
    "hole_9": 25.34616019995201,
    "hole_2": 22.778780277327556,
    "hole_-1": 24.93194503972844,
    "hole_5": 36.765436978879855,
    "hole_4": 32.43589488777313,
    "hole_6": 45.58505300692165,
    "hole_17": 14.385190588206084,
    "hole_15": 12.739724741088503,
    "hole_18": 12.794723764546628
  },
  "total_revenue": 900.0,
  "total_orders": 30,
  "successful_orders": 30,
  "failed_orders": 0,
  "total_rounds": 26,
  "active_runner_hours": 7.282237590634122
}