{
  "simulation_id": "delivery_dynamic_06",
  "runner_id": "3_runners",
  "revenue_per_round": 33.333333333333336,
  "orders_per_runner_hour": 2.8170420789274173,
  "on_time_rate": 1.0,
  "delivery_cycle_time_p90": 13.572583736167598,
  "delivery_cycle_time_avg": 11.98779865117437,
  "failed_rate": 0.0,
  "second_runner_break_even_orders": 7.099645457768583,
  "queue_wait_avg": 0.051041666666666666,
  "runner_utilization_driving_pct": 19.965883736458952,
  "runner_utilization_prep_pct": 0.0,
  "runner_utilization_idle_pct": 80.03411626354105,
  "distance_per_delivery_avg": 1401.8150288455456,
  "zone_service_times": {
    "hole_17": 11.999124533352385,
    "hole_18": 10.470769086013679,
    "hole_2": 11.976577845023833,
    "hole_6": 13.576372659222459,
    "hole_9": 11.055113473575783,
    "hole_8": 12.845019814343111,
    "hole_4": 13.914834353988105,
    "hole_1": 11.219289756006765,
    "hole_3": 13.178018041945203,
    "hole_-1": 13.033619443766414,
    "hole_16": 13.538483428673862,
    "hole_15": 13.189838577225965
  },
  "total_revenue": 600.0,
  "total_orders": 20,
  "successful_orders": 20,
  "failed_orders": 0,
  "total_rounds": 18,
  "active_runner_hours": 7.099645457768582
}