{
  "simulation_id": "delivery_dynamic_05",
  "runner_id": "3_runners",
  "revenue_per_round": 37.5,
  "orders_per_runner_hour": 2.687374931673616,
  "on_time_rate": 1.0,
  "delivery_cycle_time_p90": 18.44333666262419,
  "delivery_cycle_time_avg": 13.790017861385612,
  "failed_rate": 0.0,
  "second_runner_break_even_orders": 7.442206803478889,
  "queue_wait_avg": 0.11770833333333333,
  "runner_utilization_driving_pct": 47.74630782911298,
  "runner_utilization_prep_pct": 0.0,
  "runner_utilization_idle_pct": 52.25369217088702,
  "distance_per_delivery_avg": 1241.8060014255668,
  "zone_service_times": {
    "hole_10": 10.401191758857204,
    "hole_16": 12.541038271025172,
    "hole_14": 14.861097679147028,
    "hole_9": 12.218650058794507,
    "hole_4": 20.428154708667535,
    "hole_7": 15.091692747641597,
    "hole_17": 14.092703880056352,
    "hole_15": 12.455001121796188,
    "hole_8": 13.804130716374676,
    "hole_18": 13.357423973525663,
    "hole_6": 18.815741542066704
  },
  "total_revenue": 600.0,
  "total_orders": 20,
  "successful_orders": 20,
  "failed_orders": 0,
  "total_rounds": 16,
  "active_runner_hours": 7.442206803478889
}