{
  "variantKey": "mid_back",
  "blockedHoles": [
    4,
    5,
    6,
    10,
    11,
    12
  ],
  "deliveryMetrics": {
    "totalOrders": 40,
    "successfulDeliveries": 40,
    "failedDeliveries": 0,
    "avgOrderTime": 22.050784274136525,
    "onTimePercentage": 82.5,
    "revenue": 1200.0,
    "ordersPerRunnerHour": 4.0,
    "lateOrders": 7,
    "runnerUtilizationPct": 27.490499445171118,
    "totalRunnerDriveMinutes": 494.82899001308016,
    "totalRunnerShiftMinutes": 1800.0,
    "runnerUtilizationByRunner": {
      "runner_1": {
        "driveMinutes": 177.44956705171026,
        "utilizationPct": 29.57492784195171,
        "shiftMinutes": 600.0
      },
      "runner_3": {
        "driveMinutes": 152.61197982993977,
        "utilizationPct": 25.43532997165663,
        "shiftMinutes": 600.0
      },
      "runner_2": {
        "driveMinutes": 164.76744313143004,
        "utilizationPct": 27.461240521905005,
        "shiftMinutes": 600.0
      }
    }
  },
  "bevCartMetrics": null,
  "hasRunners": true,
  "hasBevCart": false
}