{
  "simulation_id": "delivery_dynamic_05",
  "runner_id": "runner_1",
  "revenue_per_round": 12.352941176470589,
  "orders_per_runner_hour": 1.9913077834847885,
  "on_time_rate": 0.2857142857142857,
  "delivery_cycle_time_p90": 62.87686454466924,
  "delivery_cycle_time_avg": 43.8455292582451,
  "failed_rate": 0.58,
  "second_runner_break_even_orders": 7.030555555555555,
  "queue_wait_avg": 30.392857142857142,
  "runner_utilization_driving_pct": 24.72298472567659,
  "runner_utilization_prep_pct": 0.0,
  "runner_utilization_idle_pct": 75.27701527432342,
  "distance_per_delivery_avg": 1160.0978307703535,
  "zone_service_times": {
    "hole_16": 30.898097811533308,
    "hole_14": 30.437668239497302,
    "hole_17": 58.76076336181165,
    "hole_18": 54.91714008118094,
    "hole_15": 66.25072657763388,
    "hole_10": 15.30777906835962,
    "hole_11": 21.959941770070994,
    "hole_12": 29.821494487905753
  },
  "total_revenue": 420.0,
  "total_orders": 50,
  "successful_orders": 14,
  "failed_orders": 29,
  "total_rounds": 34,
  "active_runner_hours": 7.030555555555556
}