{
  "simulation_id": "delivery_dynamic_05",
  "runner_id": "3_runners",
  "revenue_per_round": 43.23529411764706,
  "orders_per_runner_hour": 6.727222225979605,
  "on_time_rate": 0.7551020408163265,
  "delivery_cycle_time_p90": 32.80245459493387,
  "delivery_cycle_time_avg": 22.990154713627433,
  "failed_rate": 0.0,
  "second_runner_break_even_orders": 7.283838463187488,
  "queue_wait_avg": 11.5731884057971,
  "runner_utilization_driving_pct": 92.74903439538296,
  "runner_utilization_prep_pct": 0.0,
  "runner_utilization_idle_pct": 7.250965604617036,
  "distance_per_delivery_avg": 714.1776980645317,
  "zone_service_times": {
    "hole_16": 18.969987945714976,
    "hole_9": 20.04382401033155,
    "hole_-1": 26.274992336426354,
    "hole_15": 23.19226055333837,
    "hole_18": 23.579031328723758,
    "hole_8": 17.79055626148426,
    "hole_17": 27.84244125488364,
    "hole_10": 21.71618400277244,
    "hole_14": 19.276729013343196
  },
  "total_revenue": 1470.0,
  "total_orders": 50,
  "successful_orders": 49,
  "failed_orders": 0,
  "total_rounds": 34,
  "active_runner_hours": 7.283838463187488
}