{
  "variantKey": "front_mid_back",
  "blockedHoles": [
    1,
    2,
    3,
    4,
    5,
    6,
    10,
    11,
    12
  ],
  "deliveryMetrics": {
    "totalOrders": 50,
    "successfulDeliveries": 49,
    "failedDeliveries": 0,
    "avgOrderTime": 22.990154713627433,
    "onTimePercentage": 75.51020408163265,
    "revenue": 1500.0,
    "ordersPerRunnerHour": 4.9,
    "lateOrders": 12,
    "runnerUtilizationPct": 22.518966138419657,
    "totalRunnerDriveMinutes": 405.34139049155385,
    "totalRunnerShiftMinutes": 1800.0,
    "runnerUtilizationByRunner": {
      "runner_2": {
        "driveMinutes": 128.86477976854852,
        "utilizationPct": 21.47746329475809,
        "shiftMinutes": 600.0
      },
      "runner_1": {
        "driveMinutes": 147.4981101330741,
        "utilizationPct": 24.58301835551235,
        "shiftMinutes": 600.0
      },
      "runner_3": {
        "driveMinutes": 128.9785005899312,
        "utilizationPct": 21.49641676498853,
        "shiftMinutes": 600.0
      }
    }
  },
  "bevCartMetrics": null,
  "hasRunners": true,
  "hasBevCart": false
}