{
  "simulation_id": "delivery_dynamic_01",
  "runner_id": "runner_1",
  "revenue_per_round": 33.333333333333336,
  "orders_per_runner_hour": 2.8089064938350994,
  "on_time_rate": 0.95,
  "delivery_cycle_time_p90": 27.115861021396427,
  "delivery_cycle_time_avg": 19.063151173749908,
  "failed_rate": 0.0,
  "second_runner_break_even_orders": 7.120208538054,
  "queue_wait_avg": 7.088333333333333,
  "runner_utilization_driving_pct": 25.760460941491143,
  "runner_utilization_prep_pct": 0.0,
  "runner_utilization_idle_pct": 74.23953905850885,
  "distance_per_delivery_avg": 1421.8688450999275,
  "zone_service_times": {
    "hole_6": 13.57637265922249,
    "hole_8": 24.441191369843686,
    "hole_15": 19.591931377579204,
    "hole_7": 24.652957499132267,
    "hole_18": 15.29318579558882,
    "hole_-1": 27.20028611043308,
    "hole_9": 14.925739793642743,
    "hole_12": 41.43707793010502,
    "hole_10": 10.957971815036732,
    "hole_17": 17.195216110002487
  },
  "total_revenue": 600.0,
  "total_orders": 20,
  "successful_orders": 20,
  "failed_orders": 0,
  "total_rounds": 18,
  "active_runner_hours": 7.120208538054
}