{
  "simulation_id": "delivery_dynamic_04",
  "runner_id": "runner_1",
  "revenue_per_round": 37.5,
  "orders_per_runner_hour": 2.521011562533364,
  "on_time_rate": 0.75,
  "delivery_cycle_time_p90": 45.323684779451625,
  "delivery_cycle_time_avg": 21.691354666948012,
  "failed_rate": 0.0,
  "second_runner_break_even_orders": 7.933323391782465,
  "queue_wait_avg": 9.817543859649122,
  "runner_utilization_driving_pct": 40.936682617510975,
  "runner_utilization_prep_pct": 0.0,
  "runner_utilization_idle_pct": 59.063317382489025,
  "distance_per_delivery_avg": 1702.575360202571,
  "zone_service_times": {
    "hole_6": 18.215249715196386,
    "hole_11": 22.826914710019476,
    "hole_15": 23.099509576190304,
    "hole_18": 20.347283688304547,
    "hole_13": 14.16286036586019,
    "hole_9": 28.47422786869747,
    "hole_12": 19.741988781851614,
    "hole_4": 27.62739736530942
  },
  "total_revenue": 600.0,
  "total_orders": 20,
  "successful_orders": 20,
  "failed_orders": 0,
  "total_rounds": 16,
  "active_runner_hours": 7.933323391782465
}