{
  "simulation_id": "delivery_dynamic_06",
  "runner_id": "3_runners",
  "revenue_per_round": 37.5,
  "orders_per_runner_hour": 2.894129582038945,
  "on_time_rate": 0.95,
  "delivery_cycle_time_p90": 19.112095660178856,
  "delivery_cycle_time_avg": 15.981975503823083,
  "failed_rate": 0.0,
  "second_runner_break_even_orders": 6.910540607483714,
  "queue_wait_avg": 1.19375,
  "runner_utilization_driving_pct": 52.67235115611978,
  "runner_utilization_prep_pct": 0.0,
  "runner_utilization_idle_pct": 47.32764884388022,
  "distance_per_delivery_avg": 1689.0637692845555,
  "zone_service_times": {
    "hole_8": 14.037107774994487,
    "hole_14": 17.54815467981107,
    "hole_11": 13.476502795887896,
    "hole_17": 14.86700555715391,
    "hole_18": 11.368119336025343,
    "hole_4": 28.089310618881157,
    "hole_12": 14.220764753051238,
    "hole_13": 16.647216178908273,
    "hole_10": 10.92348332885934,
    "hole_15": 18.28793495051359,
    "hole_2": 14.436486666635878,
    "hole_9": 12.444341210927572
  },
  "total_revenue": 600.0,
  "total_orders": 20,
  "successful_orders": 20,
  "failed_orders": 0,
  "total_rounds": 16,
  "active_runner_hours": 6.910540607483714
}