{
  "simulation_id": "delivery_dynamic_04",
  "runner_id": "2_runners",
  "revenue_per_round": 37.74193548387097,
  "orders_per_runner_hour": 5.356832492751444,
  "on_time_rate": 0.6923076923076923,
  "delivery_cycle_time_p90": 43.3810635065615,
  "delivery_cycle_time_avg": 24.542832420245254,
  "failed_rate": 0.025,
  "second_runner_break_even_orders": 7.280421788953182,
  "queue_wait_avg": 13.056306306306306,
  "runner_utilization_driving_pct": 81.38624216897216,
  "runner_utilization_prep_pct": 0.0,
  "runner_utilization_idle_pct": 18.61375783102784,
  "distance_per_delivery_avg": 724.4429752536844,
  "zone_service_times": {
    "hole_15": 14.01874537251951,
    "hole_9": 16.785306298856447,
    "hole_13": 15.279103867494026,
    "hole_-1": 32.243133694687295,
    "hole_18": 21.208189614989834,
    "hole_11": 32.115244000269456,
    "hole_10": 27.418983839054373,
    "hole_16": 22.760329730836585,
    "hole_17": 41.8416533793655,
    "hole_7": 14.36097531515928,
    "hole_14": 14.706015895264015
  },
  "total_revenue": 1170.0,
  "total_orders": 40,
  "successful_orders": 39,
  "failed_orders": 1,
  "total_rounds": 31,
  "active_runner_hours": 7.280421788953182
}