{
  "simulation_id": "delivery_dynamic_05",
  "runner_id": "3_runners",
  "revenue_per_round": 40.0,
  "orders_per_runner_hour": 5.894882617803164,
  "on_time_rate": 1.0,
  "delivery_cycle_time_p90": 20.91056515457462,
  "delivery_cycle_time_avg": 16.102796700730792,
  "failed_rate": 0.0,
  "second_runner_break_even_orders": 6.785546480466939,
  "queue_wait_avg": 2.63578431372549,
  "runner_utilization_driving_pct": 86.48634024177183,
  "runner_utilization_prep_pct": 0.0,
  "runner_utilization_idle_pct": 13.513659758228172,
  "distance_per_delivery_avg": 1297.7596914455467,
  "zone_service_times": {
    "hole_17": 17.131073940679038,
    "hole_12": 15.223686133883712,
    "hole_13": 17.46388292964453,
    "hole_18": 13.774583211968046,
    "hole_14": 17.259122291538645,
    "hole_16": 17.65723649272853,
    "hole_9": 14.788336793492453,
    "hole_10": 20.91351018164211,
    "hole_15": 20.963832969108505,
    "hole_11": 17.36779387047227,
    "hole_8": 13.836145689910335
  },
  "total_revenue": 1200.0,
  "total_orders": 40,
  "successful_orders": 40,
  "failed_orders": 0,
  "total_rounds": 30,
  "active_runner_hours": 6.78554648046694
}