{
  "simulation_id": "delivery_dynamic_03",
  "runner_id": "3_runners",
  "revenue_per_round": 44.11764705882353,
  "orders_per_runner_hour": 6.992098049261685,
  "on_time_rate": 0.76,
  "delivery_cycle_time_p90": 36.82475934811818,
  "delivery_cycle_time_avg": 20.641229156879184,
  "failed_rate": 0.0,
  "second_runner_break_even_orders": 7.150929470343975,
  "queue_wait_avg": 7.717013888888889,
  "runner_utilization_driving_pct": 100.0,
  "runner_utilization_prep_pct": 0.0,
  "runner_utilization_idle_pct": 0.0,
  "distance_per_delivery_avg": 1086.252996711405,
  "zone_service_times": {
    "hole_9": 15.79527817646978,
    "hole_16": 16.205367881963905,
    "hole_8": 13.73498691424981,
    "hole_7": 25.817929836411647,
    "hole_-1": 20.53387614322453,
    "hole_14": 20.714370337075,
    "hole_18": 21.02038970104762,
    "hole_11": 31.196125405295668,
    "hole_10": 22.171164903590427,
    "hole_15": 22.802136349824934,
    "hole_4": 20.2755408714432,
    "hole_17": 14.228179382932346,
    "hole_13": 15.1462444111147
  },
  "total_revenue": 1500.0,
  "total_orders": 50,
  "successful_orders": 50,
  "failed_orders": 0,
  "total_rounds": 34,
  "active_runner_hours": 7.150929470343975
}