{
  "simulation_id": "delivery_dynamic_06",
  "runner_id": "2_runners",
  "revenue_per_round": 33.75,
  "orders_per_runner_hour": 4.920273348519363,
  "on_time_rate": 0.3888888888888889,
  "delivery_cycle_time_p90": 56.68548630201049,
  "delivery_cycle_time_avg": 35.16987186663804,
  "failed_rate": 0.22,
  "second_runner_break_even_orders": 7.316666666666666,
  "queue_wait_avg": 22.762626262626263,
  "runner_utilization_driving_pct": 75.70152002579846,
  "runner_utilization_prep_pct": 0.0,
  "runner_utilization_idle_pct": 24.29847997420154,
  "distance_per_delivery_avg": 1446.188058301494,
  "zone_service_times": {
    "hole_12": 28.733328691539008,
    "hole_-1": 38.523525650059916,
    "hole_18": 46.76289580485912,
    "hole_10": 14.241112401692893,
    "hole_2": 30.692701210715768,
    "hole_17": 26.75534747878438,
    "hole_13": 31.594200941637954,
    "hole_6": 40.23583074032989,
    "hole_8": 55.788529493229,
    "hole_14": 66.7772327193672,
    "hole_16": 17.3053115501114,
    "hole_4": 25.819835713580567,
    "hole_9": 20.452395827600412
  },
  "total_revenue": 1080.0,
  "total_orders": 50,
  "successful_orders": 36,
  "failed_orders": 11,
  "total_rounds": 32,
  "active_runner_hours": 7.316666666666666
}