{
  "variantKey": "back",
  "blockedHoles": [
    10,
    11,
    12
  ],
  "deliveryMetrics": {
    "totalOrders": 50,
    "successfulDeliveries": 50,
    "failedDeliveries": 0,
    "avgOrderTime": 29.363717196715932,
    "onTimePercentage": 56.00000000000001,
    "revenue": 1500.0,
    "ordersPerRunnerHour": 5.0,
    "lateOrders": 22,
    "runnerUtilizationPct": 29.338500149607764,
    "totalRunnerDriveMinutes": 528.0930026929398,
    "totalRunnerShiftMinutes": 1800.0,
    "runnerUtilizationByRunner": {
      "runner_1": {
        "driveMinutes": 192.13392838408362,
        "utilizationPct": 32.02232139734727,
        "shiftMinutes": 600.0
      },
      "runner_2": {
        "driveMinutes": 176.54232442311417,
        "utilizationPct": 29.423720737185693,
        "shiftMinutes": 600.0
      },
      "runner_3": {
        "driveMinutes": 159.41674988574167,
        "utilizationPct": 26.56945831429028,
        "shiftMinutes": 600.0
      }
    }
  },
  "bevCartMetrics": null,
  "hasRunners": true,
  "hasBevCart": false
}