{
  "variantKey": "back",
  "blockedHoles": [
    10,
    11,
    12
  ],
  "deliveryMetrics": {
    "totalOrders": 50,
    "successfulDeliveries": 50,
    "failedDeliveries": 0,
    "avgOrderTime": 14.803579169987888,
    "onTimePercentage": 100.0,
    "revenue": 1500.0,
    "ordersPerRunnerHour": 5.0,
    "lateOrders": 0,
    "runnerUtilizationPct": 31.12690335460171,
    "totalRunnerDriveMinutes": 560.2842603828308,
    "totalRunnerShiftMinutes": 1800.0,
    "runnerUtilizationByRunner": {
      "runner_1": {
        "driveMinutes": 202.04625489209593,
        "utilizationPct": 33.67437581534932,
        "shiftMinutes": 600.0
      },
      "runner_2": {
        "driveMinutes": 174.96469221640902,
        "utilizationPct": 29.160782036068174,
        "shiftMinutes": 600.0
      },
      "runner_3": {
        "driveMinutes": 183.27331327432586,
        "utilizationPct": 30.545552212387644,
        "shiftMinutes": 600.0
      }
    }
  },
  "bevCartMetrics": null,
  "hasRunners": true,
  "hasBevCart": false
}