{
  "simulation_id": "delivery_dynamic_01",
  "runner_id": "2_runners",
  "revenue_per_round": 33.333333333333336,
  "orders_per_runner_hour": 4.069472111382027,
  "on_time_rate": 0.9666666666666667,
  "delivery_cycle_time_p90": 29.05241136014783,
  "delivery_cycle_time_avg": 17.867068579989382,
  "failed_rate": 0.0,
  "second_runner_break_even_orders": 7.3719635320984525,
  "queue_wait_avg": 5.197916666666667,
  "runner_utilization_driving_pct": 55.567707267611176,
  "runner_utilization_prep_pct": 0.0,
  "runner_utilization_idle_pct": 44.432292732388824,
  "distance_per_delivery_avg": 1246.135042876437,
  "zone_service_times": {
    "hole_17": 17.415812599052416,
    "hole_3": 16.65907621369497,
    "hole_14": 20.206044322188106,
    "hole_18": 17.040019613661116,
    "hole_12": 26.278135620486683,
    "hole_16": 27.03768243490631,
    "hole_2": 18.1316754805408,
    "hole_9": 12.210045771182498,
    "hole_8": 14.154737221172036,
    "hole_10": 11.376327756814499,
    "hole_11": 13.26066906876428
  },
  "total_revenue": 900.0,
  "total_orders": 30,
  "successful_orders": 30,
  "failed_orders": 0,
  "total_rounds": 27,
  "active_runner_hours": 7.3719635320984525
}