{
  "simulation_id": "delivery_dynamic_03",
  "runner_id": "3_runners",
  "revenue_per_round": 43.333333333333336,
  "orders_per_runner_hour": 5.30480373199199,
  "on_time_rate": 0.8974358974358975,
  "delivery_cycle_time_p90": 34.36254827898186,
  "delivery_cycle_time_avg": 19.682189575530067,
  "failed_rate": 0.0,
  "second_runner_break_even_orders": 7.351827130719355,
  "queue_wait_avg": 5.741919191919192,
  "runner_utilization_driving_pct": 100.0,
  "runner_utilization_prep_pct": 0.0,
  "runner_utilization_idle_pct": 0.0,
  "distance_per_delivery_avg": 1620.743902506309,
  "zone_service_times": {
    "hole_16": 19.430792827515944,
    "hole_18": 15.849688654627395,
    "hole_6": 19.065976485902926,
    "hole_8": 14.523549224027223,
    "hole_9": 16.616563491373643,
    "hole_12": 17.788073065320187,
    "hole_10": 27.03980264943025,
    "hole_14": 23.316083601450455,
    "hole_17": 22.413405713576722,
    "hole_15": 17.911050117442148,
    "hole_13": 17.133437366970853
  },
  "total_revenue": 1170.0,
  "total_orders": 40,
  "successful_orders": 39,
  "failed_orders": 0,
  "total_rounds": 27,
  "active_runner_hours": 7.3518271307193555
}