{
  "variantKey": "front",
  "blockedHoles": [
    1,
    2,
    3
  ],
  "deliveryMetrics": {
    "totalOrders": 40,
    "successfulDeliveries": 39,
    "failedDeliveries": 0,
    "avgOrderTime": 19.68218957553007,
    "onTimePercentage": 89.74358974358975,
    "revenue": 1200.0,
    "ordersPerRunnerHour": 3.9,
    "lateOrders": 4,
    "runnerUtilizationPct": 24.538527149098215,
    "totalRunnerDriveMinutes": 441.69348868376784,
    "totalRunnerShiftMinutes": 1800.0,
    "runnerUtilizationByRunner": {
      "runner_1": {
        "driveMinutes": 186.92620243515577,
        "utilizationPct": 31.15436707252596,
        "shiftMinutes": 600.0
      },
      "runner_2": {
        "driveMinutes": 127.20036585693427,
        "utilizationPct": 21.20006097615571,
        "shiftMinutes": 600.0
      },
      "runner_3": {
        "driveMinutes": 127.56692039167793,
        "utilizationPct": 21.261153398612986,
        "shiftMinutes": 600.0
      }
    }
  },
  "bevCartMetrics": null,
  "hasRunners": true,
  "hasBevCart": false
}