{
  "simulation_id": "delivery_dynamic_09",
  "runner_id": "runner_1",
  "revenue_per_round": 20.0,
  "orders_per_runner_hour": 2.209859965470938,
  "on_time_rate": 0.5625,
  "delivery_cycle_time_p90": 48.34289662571484,
  "delivery_cycle_time_avg": 28.78590710018078,
  "failed_rate": 0.4,
  "second_runner_break_even_orders": 7.240277777777778,
  "queue_wait_avg": 15.611458333333333,
  "runner_utilization_driving_pct": 37.1775482794195,
  "runner_utilization_prep_pct": 0.0,
  "runner_utilization_idle_pct": 62.8224517205805,
  "distance_per_delivery_avg": 1066.6147856607415,
  "zone_service_times": {
    "hole_16": 13.287508987371044,
    "hole_14": 20.885821430885304,
    "hole_8": 34.375373016979815,
    "hole_10": 44.078637742109336,
    "hole_-1": 35.516009367779965,
    "hole_18": 33.861390431213295,
    "hole_11": 45.04520362897747,
    "hole_6": 21.510452919748847,
    "hole_9": 16.167193733251892,
    "hole_15": 26.842701279442913,
    "hole_7": 14.727670251464467
  },
  "total_revenue": 480.0,
  "total_orders": 30,
  "successful_orders": 16,
  "failed_orders": 12,
  "total_rounds": 24,
  "active_runner_hours": 7.240277777777778
}