{
  "simulation_id": "delivery_blocked_01",
  "runner_id": "2_runners",
  "revenue_per_round": 21.428571428571427,
  "orders_per_runner_hour": 1.2,
  "on_time_rate": 0.5,
  "delivery_cycle_time_p90": 56.61299079408618,
  "delivery_cycle_time_avg": 35.80553871102317,
  "failed_rate": 0.07142857142857142,
  "second_runner_break_even_orders": 12.5,
  "queue_wait_avg": 0.0,
  "runner_utilization_driving_pct": 20.11677941677547,
  "runner_utilization_waiting_pct": 12.126094864567829,
  "distance_per_delivery_avg": 1316.3945839753699,
  "zone_service_times": {
    "hole_4": 31.54830976116282,
    "hole_7": 50.27967352582145,
    "hole_9": 35.61523518145911,
    "hole_6": 42.854374586938626,
    "hole_5": 35.24279333464507,
    "hole_15": 25.768745755719706
  },
  "total_revenue": 300.0,
  "total_orders": 14,
  "successful_orders": 12,
  "failed_orders": 1,
  "total_rounds": 14,
  "active_runner_hours": 10.0
}