{
  "simulation_id": "delivery_dynamic_09",
  "runner_id": "2_runners",
  "revenue_per_round": 33.333333333333336,
  "orders_per_runner_hour": 4.214369570747472,
  "on_time_rate": 0.9333333333333333,
  "delivery_cycle_time_p90": 28.805950264468443,
  "delivery_cycle_time_avg": 18.642527649213513,
  "failed_rate": 0.0,
  "second_runner_break_even_orders": 7.1185024228141245,
  "queue_wait_avg": 5.70625,
  "runner_utilization_driving_pct": 69.89211305413647,
  "runner_utilization_prep_pct": 0.0,
  "runner_utilization_idle_pct": 30.107886945863527,
  "distance_per_delivery_avg": 1370.0492901357425,
  "zone_service_times": {
    "hole_10": 12.479240711129327,
    "hole_16": 17.682236500319764,
    "hole_18": 20.076735469365538,
    "hole_2": 14.62957923547282,
    "hole_9": 16.328256984076855,
    "hole_11": 13.026373219765325,
    "hole_17": 27.016901663083175,
    "hole_3": 21.239369726591335,
    "hole_12": 38.65602302319142,
    "hole_8": 15.052471357190209,
    "hole_15": 17.721133179782434,
    "hole_4": 19.07023742578185
  },
  "total_revenue": 900.0,
  "total_orders": 30,
  "successful_orders": 30,
  "failed_orders": 0,
  "total_rounds": 27,
  "active_runner_hours": 7.1185024228141245
}