{
  "simulation_id": "delivery_dynamic_08",
  "runner_id": "3_runners",
  "revenue_per_round": 34.61538461538461,
  "orders_per_runner_hour": 4.095084347465584,
  "on_time_rate": 1.0,
  "delivery_cycle_time_p90": 16.084234260490184,
  "delivery_cycle_time_avg": 12.807886051428902,
  "failed_rate": 0.0,
  "second_runner_break_even_orders": 7.3258564304217,
  "queue_wait_avg": 0.7138888888888889,
  "runner_utilization_driving_pct": 65.37150210733988,
  "runner_utilization_prep_pct": 0.0,
  "runner_utilization_idle_pct": 34.62849789266012,
  "distance_per_delivery_avg": 751.5563799467791,
  "zone_service_times": {
    "hole_9": 12.562063479922847,
    "hole_-1": 11.667568972941332,
    "hole_18": 13.048405214594384,
    "hole_14": 14.665613468578764,
    "hole_8": 16.265329650485487,
    "hole_17": 13.964705443853624,
    "hole_10": 10.68331328437002,
    "hole_13": 15.469448016120683,
    "hole_16": 12.115177006196124
  },
  "total_revenue": 900.0,
  "total_orders": 30,
  "successful_orders": 30,
  "failed_orders": 0,
  "total_rounds": 26,
  "active_runner_hours": 7.3258564304217
}