{
  "simulation_id": "delivery_dynamic_03",
  "runner_id": "runner_1",
  "revenue_per_round": 17.96875,
  "orders_per_runner_hour": 2.59224604515289,
  "on_time_rate": 0.17391304347826086,
  "delivery_cycle_time_p90": 61.956733512647745,
  "delivery_cycle_time_avg": 45.6003484816718,
  "failed_rate": 0.46511627906976744,
  "second_runner_break_even_orders": 11.090768198396201,
  "queue_wait_avg": 36.7625,
  "runner_utilization_driving_pct": 24.471551195714355,
  "runner_utilization_prep_pct": 0.0,
  "runner_utilization_idle_pct": 75.52844880428565,
  "distance_per_delivery_avg": 1168.3590282273897,
  "zone_service_times": {
    "hole_16": 37.36222991507134,
    "hole_17": 39.43518073313338,
    "hole_9": 60.92858932976005,
    "hole_14": 57.99195813325423,
    "hole_18": 45.229759095156986,
    "hole_12": 55.840143999419524,
    "hole_15": 47.56404952683461,
    "hole_11": 23.307493720720473
  },
  "total_revenue": 575.0,
  "total_orders": 43,
  "successful_orders": 23,
  "failed_orders": 20,
  "total_rounds": 32,
  "active_runner_hours": 8.872614558716961
}