{
  "simulation_id": "delivery_dynamic_10",
  "runner_id": "2_runners",
  "revenue_per_round": 30.0,
  "orders_per_runner_hour": 2.7373595795282837,
  "on_time_rate": 1.0,
  "delivery_cycle_time_p90": 22.449537301652526,
  "delivery_cycle_time_avg": 15.409012947361026,
  "failed_rate": 0.0,
  "second_runner_break_even_orders": 7.3063108513666695,
  "queue_wait_avg": 1.025,
  "runner_utilization_driving_pct": 43.476063965782394,
  "runner_utilization_prep_pct": 0.0,
  "runner_utilization_idle_pct": 56.523936034217606,
  "distance_per_delivery_avg": 1541.9083503133047,
  "zone_service_times": {
    "hole_18": 13.714437797818325,
    "hole_15": 17.377600607416205,
    "hole_-1": 25.539295349191768,
    "hole_12": 14.52016724242958,
    "hole_8": 14.339032639590187,
    "hole_17": 14.409800776093167,
    "hole_10": 11.937548155573465,
    "hole_14": 17.08581845895184,
    "hole_2": 14.620782950889952,
    "hole_3": 17.764850908387114
  },
  "total_revenue": 600.0,
  "total_orders": 20,
  "successful_orders": 20,
  "failed_orders": 0,
  "total_rounds": 20,
  "active_runner_hours": 7.306310851366669
}