{
  "simulation_id": "delivery_dynamic_05",
  "runner_id": "runner_1",
  "revenue_per_round": 13.783783783783784,
  "orders_per_runner_hour": 2.3239035504082017,
  "on_time_rate": 0.17647058823529413,
  "delivery_cycle_time_p90": 63.86466965536804,
  "delivery_cycle_time_avg": 45.3702521955265,
  "failed_rate": 0.54,
  "second_runner_break_even_orders": 7.315277777777778,
  "queue_wait_avg": 31.686274509803923,
  "runner_utilization_driving_pct": 30.813746332181058,
  "runner_utilization_prep_pct": 0.0,
  "runner_utilization_idle_pct": 69.18625366781895,
  "distance_per_delivery_avg": 1237.8165024027885,
  "zone_service_times": {
    "hole_14": 48.80026502122887,
    "hole_18": 43.89391277495625,
    "hole_15": 40.37209537734737,
    "hole_8": 43.401346056891455,
    "hole_12": 49.451109290197806,
    "hole_11": 33.05994177007099,
    "hole_16": 58.006588275908385
  },
  "total_revenue": 510.0,
  "total_orders": 50,
  "successful_orders": 17,
  "failed_orders": 27,
  "total_rounds": 37,
  "active_runner_hours": 7.315277777777778
}