{
  "simulation_id": "delivery_dynamic_05",
  "runner_id": "runner_1",
  "revenue_per_round": 16.666666666666668,
  "orders_per_runner_hour": 2.2281974781733083,
  "on_time_rate": 0.3,
  "delivery_cycle_time_p90": 56.83657854291429,
  "delivery_cycle_time_avg": 34.876071982291066,
  "failed_rate": 0.42857142857142855,
  "second_runner_break_even_orders": 11.219831386083056,
  "queue_wait_avg": 27.75,
  "runner_utilization_driving_pct": 29.725639899871265,
  "runner_utilization_prep_pct": 0.0,
  "runner_utilization_idle_pct": 70.27436010012873,
  "distance_per_delivery_avg": 1306.844749504809,
  "zone_service_times": {
    "hole_15": 33.54321619350126,
    "hole_13": 35.358675872868055,
    "hole_12": 57.92347733275286,
    "hole_8": 30.029842865078173,
    "hole_10": 25.483255768523183,
    "hole_11": 43.80749372072047,
    "hole_9": 27.886922663093358,
    "hole_16": 37.11222991507131,
    "hole_18": 38.65475909515699,
    "hole_6": 39.461356195752764,
    "hole_17": 14.393514066466741
  },
  "total_revenue": 500.0,
  "total_orders": 35,
  "successful_orders": 20,
  "failed_orders": 15,
  "total_rounds": 30,
  "active_runner_hours": 8.975865108866445
}