{
  "simulation_id": "delivery_dynamic_10",
  "runner_id": "runner_1",
  "revenue_per_round": 12.352941176470589,
  "orders_per_runner_hour": 1.8911819887429644,
  "on_time_rate": 0.07142857142857142,
  "delivery_cycle_time_p90": 64.04601130958017,
  "delivery_cycle_time_avg": 48.26946972134064,
  "failed_rate": 0.6,
  "second_runner_break_even_orders": 7.402777777777777,
  "queue_wait_avg": 34.31785714285714,
  "runner_utilization_driving_pct": 31.75313962019992,
  "runner_utilization_prep_pct": 0.0,
  "runner_utilization_idle_pct": 68.24686037980008,
  "distance_per_delivery_avg": 1327.7418263704503,
  "zone_service_times": {
    "hole_10": 10.384525092190536,
    "hole_18": 50.71748261698564,
    "hole_-1": 47.90865419635607,
    "hole_12": 56.75823716795783,
    "hole_11": 57.76873035193009,
    "hole_14": 47.61504201398117,
    "hole_13": 46.23611468278735
  },
  "total_revenue": 420.0,
  "total_orders": 50,
  "successful_orders": 14,
  "failed_orders": 30,
  "total_rounds": 34,
  "active_runner_hours": 7.402777777777778
}