{
  "simulation_id": "delivery_dynamic_04",
  "runner_id": "3_runners",
  "revenue_per_round": 42.857142857142854,
  "orders_per_runner_hour": 4.085204227677264,
  "on_time_rate": 0.9666666666666667,
  "delivery_cycle_time_p90": 20.588336431676804,
  "delivery_cycle_time_avg": 16.706424309135294,
  "failed_rate": 0.0,
  "second_runner_break_even_orders": 7.343574109893935,
  "queue_wait_avg": 0.7966666666666666,
  "runner_utilization_driving_pct": 80.58872993431362,
  "runner_utilization_prep_pct": 0.0,
  "runner_utilization_idle_pct": 19.41127006568638,
  "distance_per_delivery_avg": 2030.291901202791,
  "zone_service_times": {
    "hole_2": 16.882597615621375,
    "hole_14": 17.378397961698237,
    "hole_6": 19.015719160951328,
    "hole_10": 12.0449448865728,
    "hole_8": 14.3602419969724,
    "hole_13": 30.623267988128827,
    "hole_12": 15.13816115457242,
    "hole_1": 12.318256673892119,
    "hole_17": 15.009339829126763,
    "hole_4": 19.888268826708313,
    "hole_7": 17.111528162888497,
    "hole_-1": 20.5212847537787,
    "hole_18": 11.400004457303476,
    "hole_3": 17.011001121654285,
    "hole_15": 17.40254183173141
  },
  "total_revenue": 900.0,
  "total_orders": 30,
  "successful_orders": 30,
  "failed_orders": 0,
  "total_rounds": 21,
  "active_runner_hours": 7.343574109893935
}