{
  "simulation_id": "delivery_dynamic_10",
  "runner_id": "2_runners",
  "revenue_per_round": 42.857142857142854,
  "orders_per_runner_hour": 5.468084212675788,
  "on_time_rate": 0.625,
  "delivery_cycle_time_p90": 47.944076344561054,
  "delivery_cycle_time_avg": 27.162068441615336,
  "failed_rate": 0.0,
  "second_runner_break_even_orders": 7.315176292873174,
  "queue_wait_avg": 15.453508771929824,
  "runner_utilization_driving_pct": 81.74175610883209,
  "runner_utilization_prep_pct": 0.0,
  "runner_utilization_idle_pct": 18.258243891167908,
  "distance_per_delivery_avg": 833.6949963827524,
  "zone_service_times": {
    "hole_14": 15.054635710236001,
    "hole_10": 33.231326514293045,
    "hole_17": 17.944846057556727,
    "hole_9": 20.612960324420904,
    "hole_-1": 29.741618543172137,
    "hole_13": 15.502781349454017,
    "hole_18": 35.44712126033421,
    "hole_12": 44.35065646290441,
    "hole_11": 36.95049225495519,
    "hole_16": 33.789716118416955,
    "hole_15": 27.68515286783413,
    "hole_8": 18.537631104064832
  },
  "total_revenue": 1200.0,
  "total_orders": 40,
  "successful_orders": 40,
  "failed_orders": 0,
  "total_rounds": 28,
  "active_runner_hours": 7.315176292873174
}