{
  "simulation_id": "delivery_dynamic_08",
  "runner_id": "runner_1",
  "revenue_per_round": 19.655172413793103,
  "orders_per_runner_hour": 2.6765799256505574,
  "on_time_rate": 0.05263157894736842,
  "delivery_cycle_time_p90": 61.34673590861954,
  "delivery_cycle_time_avg": 46.46395817540246,
  "failed_rate": 0.4,
  "second_runner_break_even_orders": 7.0986111111111105,
  "queue_wait_avg": 33.762280701754385,
  "runner_utilization_driving_pct": 38.60546509752725,
  "runner_utilization_prep_pct": 0.0,
  "runner_utilization_idle_pct": 61.39453490247275,
  "distance_per_delivery_avg": 907.7636311457507,
  "zone_service_times": {
    "hole_12": 16.63724900856408,
    "hole_17": 34.443605905446084,
    "hole_18": 47.24899142668528,
    "hole_11": 56.00907492236468,
    "hole_15": 51.13443609151155,
    "hole_14": 52.10858003816287,
    "hole_-1": 44.658175427257774,
    "hole_9": 61.61018256609707,
    "hole_8": 49.389413735139414
  },
  "total_revenue": 570.0,
  "total_orders": 40,
  "successful_orders": 19,
  "failed_orders": 16,
  "total_rounds": 29,
  "active_runner_hours": 7.098611111111111
}