{
  "optimization_type": "SLA",
  "order_count": 5,
  "runner_count": 1,
  "blocking": "none",
  "bev_cart": "with_bev_cart",
  "delivery": {
    "runs": 1,
    "per_run": [
      {
        "on_time_rate": 0.8888888888888888,
        "failed_rate": 0.0,
        "queue_wait_avg": 19.166666666666668,
        "delivery_cycle_time_avg": 18.332461176015617,
        "delivery_cycle_time_p90": 31.279759095156987,
        "revenue_per_round": 25.0,
        "runner_utilization_driving_pct": 19.440554169838283,
        "total_orders": 9,
        "successful_orders": 9
      }
    ],
    "metrics": {
      "on_time_rate": {
        "mean": 0.8888888888888888,
        "min": 0.8888888888888888,
        "max": 0.8888888888888888
      },
      "failed_rate": {
        "mean": 0.0,
        "min": 0.0,
        "max": 0.0
      },
      "queue_wait_avg": {
        "mean": 19.166666666666668,
        "min": 19.166666666666668,
        "max": 19.166666666666668
      },
      "delivery_cycle_time_avg": {
        "mean": 18.332461176015617,
        "min": 18.332461176015617,
        "max": 18.332461176015617
      },
      "delivery_cycle_time_p90": {
        "mean": 31.279759095156987,
        "min": 31.279759095156987,
        "max": 31.279759095156987
      },
      "revenue_per_round": {
        "mean": 25.0,
        "min": 25.0,
        "max": 25.0
      },
      "runner_utilization_driving_pct": {
        "mean": 19.440554169838283,
        "min": 19.440554169838283,
        "max": 19.440554169838283
      },
      "total_orders": {
        "mean": 9.0,
        "min": 9.0,
        "max": 9.0
      },
      "successful_orders": {
        "mean": 9.0,
        "min": 9.0,
        "max": 9.0
      }
    }
  }
}