{
  "simulation_id": "delivery_dynamic_06",
  "runner_id": "3_runners",
  "revenue_per_round": 39.54545454545455,
  "orders_per_runner_hour": 4.026915534211666,
  "on_time_rate": 1.0,
  "delivery_cycle_time_p90": 22.702672597812914,
  "delivery_cycle_time_avg": 17.729591381474552,
  "failed_rate": 0.0,
  "second_runner_break_even_orders": 7.201541664736513,
  "queue_wait_avg": 1.8930555555555555,
  "runner_utilization_driving_pct": 84.89387224332333,
  "runner_utilization_prep_pct": 0.0,
  "runner_utilization_idle_pct": 15.10612775667667,
  "distance_per_delivery_avg": 2070.742704175449,
  "zone_service_times": {
    "hole_5": 22.173903804910495,
    "hole_4": 22.251504180195177,
    "hole_15": 16.573848259914747,
    "hole_8": 13.751653580916475,
    "hole_17": 14.037489007983154,
    "hole_2": 22.265205618472343,
    "hole_-1": 16.571775979168383,
    "hole_6": 27.511143969016516,
    "hole_9": 14.022560233705295,
    "hole_7": 15.29314834494651,
    "hole_18": 12.694111736799096
  },
  "total_revenue": 870.0,
  "total_orders": 30,
  "successful_orders": 29,
  "failed_orders": 0,
  "total_rounds": 22,
  "active_runner_hours": 7.201541664736512
}