{
  "simulation_id": "delivery_dynamic_03",
  "runner_id": "runner_1",
  "revenue_per_round": 40.0,
  "orders_per_runner_hour": 2.4372394569448534,
  "on_time_rate": 0.65,
  "delivery_cycle_time_p90": 45.26268736261706,
  "delivery_cycle_time_avg": 25.543965764369858,
  "failed_rate": 0.0,
  "second_runner_break_even_orders": 8.206005340595688,
  "queue_wait_avg": 13.902631578947364,
  "runner_utilization_driving_pct": 39.92141067499663,
  "runner_utilization_prep_pct": 0.0,
  "runner_utilization_idle_pct": 60.07858932500337,
  "distance_per_delivery_avg": 1682.2553503463018,
  "zone_service_times": {
    "hole_7": 12.557821157454478,
    "hole_13": 17.740554638927097,
    "hole_3": 13.049853878907925,
    "hole_16": 31.83472678984866,
    "hole_12": 27.565109514902147,
    "hole_18": 32.510514618059034,
    "hole_4": 22.80183176548426,
    "hole_6": 50.22107243410289,
    "hole_17": 33.73945491150523,
    "hole_10": 17.27747881056057,
    "hole_15": 10.846485428645973,
    "hole_9": 11.425917985811004
  },
  "total_revenue": 600.0,
  "total_orders": 20,
  "successful_orders": 20,
  "failed_orders": 0,
  "total_rounds": 15,
  "active_runner_hours": 8.206005340595688
}