{
  "simulation_id": "delivery_dynamic_03",
  "runner_id": "3_runners",
  "revenue_per_round": 46.15384615384615,
  "orders_per_runner_hour": 5.517799547940556,
  "on_time_rate": 0.9,
  "delivery_cycle_time_p90": 31.813961961563507,
  "delivery_cycle_time_avg": 18.86430076139949,
  "failed_rate": 0.0,
  "second_runner_break_even_orders": 7.249266605730441,
  "queue_wait_avg": 5.680392156862745,
  "runner_utilization_driving_pct": 96.23537962093542,
  "runner_utilization_prep_pct": 0.0,
  "runner_utilization_idle_pct": 3.7646203790645814,
  "distance_per_delivery_avg": 1356.0850558302293,
  "zone_service_times": {
    "hole_7": 20.51801627529796,
    "hole_15": 14.397884262280787,
    "hole_6": 25.414985425845018,
    "hole_18": 16.81194702733704,
    "hole_14": 19.256857150500135,
    "hole_17": 15.041810339500707,
    "hole_-1": 17.68869920100197,
    "hole_8": 23.39588106490895,
    "hole_16": 17.428994834225463,
    "hole_11": 24.790436401161607,
    "hole_9": 12.395614819006974
  },
  "total_revenue": 1200.0,
  "total_orders": 40,
  "successful_orders": 40,
  "failed_orders": 0,
  "total_rounds": 26,
  "active_runner_hours": 7.249266605730441
}