{
  "simulation_id": "delivery_dynamic_07",
  "runner_id": "2_runners",
  "revenue_per_round": 37.5,
  "orders_per_runner_hour": 2.7575840373905964,
  "on_time_rate": 1.0,
  "delivery_cycle_time_p90": 22.580530578070654,
  "delivery_cycle_time_avg": 15.10772917625994,
  "failed_rate": 0.0,
  "second_runner_break_even_orders": 7.252725475929752,
  "queue_wait_avg": 1.3245098039215686,
  "runner_utilization_driving_pct": 51.12906875585107,
  "runner_utilization_prep_pct": 0.0,
  "runner_utilization_idle_pct": 48.87093124414893,
  "distance_per_delivery_avg": 1337.917003223336,
  "zone_service_times": {
    "hole_9": 11.935092907193939,
    "hole_11": 16.62337416301309,
    "hole_7": 14.744336918131193,
    "hole_8": 13.185028289286553,
    "hole_-1": 11.725507951005946,
    "hole_16": 15.652735839444157,
    "hole_18": 11.888520676755919,
    "hole_10": 12.31991277447987,
    "hole_2": 23.08447674114753,
    "hole_4": 22.197834492925963,
    "hole_15": 15.637080411119374,
    "hole_13": 16.214159516275927
  },
  "total_revenue": 600.0,
  "total_orders": 20,
  "successful_orders": 20,
  "failed_orders": 0,
  "total_rounds": 16,
  "active_runner_hours": 7.252725475929752
}