{
  "simulation_id": "delivery_dynamic_01",
  "runner_id": "runner_1",
  "revenue_per_round": 25.0,
  "orders_per_runner_hour": 2.8514851485148514,
  "on_time_rate": 0.1,
  "delivery_cycle_time_p90": 56.60390373274333,
  "delivery_cycle_time_avg": 45.71431639283161,
  "failed_rate": 0.35,
  "second_runner_break_even_orders": 7.013888888888889,
  "queue_wait_avg": 35.373684210526314,
  "runner_utilization_driving_pct": 38.03013165475843,
  "runner_utilization_prep_pct": 0.0,
  "runner_utilization_idle_pct": 61.96986834524157,
  "distance_per_delivery_avg": 708.7303079914174,
  "zone_service_times": {
    "hole_15": 13.84845843747856,
    "hole_16": 30.391038271025174,
    "hole_18": 44.577714641492115,
    "hole_-1": 51.70429620139826,
    "hole_11": 52.75524446973604,
    "hole_10": 56.509465768379776,
    "hole_9": 23.94474890058579,
    "hole_17": 36.22175281694993,
    "hole_12": 48.7885649856802
  },
  "total_revenue": 600.0,
  "total_orders": 40,
  "successful_orders": 20,
  "failed_orders": 14,
  "total_rounds": 24,
  "active_runner_hours": 7.013888888888889
}