{
  "simulation_id": "delivery_dynamic_01",
  "runner_id": "3_runners",
  "revenue_per_round": 30.0,
  "orders_per_runner_hour": 2.8618333719982143,
  "on_time_rate": 1.0,
  "delivery_cycle_time_p90": 13.801398577458846,
  "delivery_cycle_time_avg": 12.331061283250241,
  "failed_rate": 0.0,
  "second_runner_break_even_orders": 6.988527073480671,
  "queue_wait_avg": 0.04607843137254902,
  "runner_utilization_driving_pct": 23.65096026250638,
  "runner_utilization_prep_pct": 0.0,
  "runner_utilization_idle_pct": 76.34903973749363,
  "distance_per_delivery_avg": 1650.1641239401692,
  "zone_service_times": {
    "hole_17": 12.437201995387658,
    "hole_14": 13.505581028200321,
    "hole_8": 12.041548565142087,
    "hole_9": 11.081449028035756,
    "hole_15": 13.637578396115035,
    "hole_16": 13.263802667390276,
    "hole_18": 10.563057635240057,
    "hole_12": 11.83101413880807,
    "hole_13": 13.319258961047794,
    "hole_10": 10.794957742173574
  },
  "total_revenue": 600.0,
  "total_orders": 20,
  "successful_orders": 20,
  "failed_orders": 0,
  "total_rounds": 20,
  "active_runner_hours": 6.988527073480671
}