{
  "simulation_id": "delivery_dynamic_03",
  "runner_id": "2_runners",
  "revenue_per_round": 33.333333333333336,
  "orders_per_runner_hour": 2.8143426085350454,
  "on_time_rate": 1.0,
  "delivery_cycle_time_p90": 24.794098712630593,
  "delivery_cycle_time_avg": 15.951450152347252,
  "failed_rate": 0.0,
  "second_runner_break_even_orders": 7.106455319031195,
  "queue_wait_avg": 2.120833333333333,
  "runner_utilization_driving_pct": 57.05587200307871,
  "runner_utilization_prep_pct": 0.0,
  "runner_utilization_idle_pct": 42.94412799692129,
  "distance_per_delivery_avg": 1287.0872511886741,
  "zone_service_times": {
    "hole_8": 13.756082946078156,
    "hole_9": 15.077677665515306,
    "hole_-1": 18.380876418578293,
    "hole_14": 15.718547689292366,
    "hole_10": 11.656681573180018,
    "hole_4": 25.01254342119452,
    "hole_7": 17.089516346364842,
    "hole_5": 22.582370558907737,
    "hole_18": 11.181006500401235
  },
  "total_revenue": 600.0,
  "total_orders": 20,
  "successful_orders": 20,
  "failed_orders": 0,
  "total_rounds": 18,
  "active_runner_hours": 7.106455319031195
}