{
  "simulation_id": "delivery_dynamic_02",
  "runner_id": "2_runners",
  "revenue_per_round": 31.25,
  "orders_per_runner_hour": 3.0,
  "on_time_rate": 1.0,
  "delivery_cycle_time_p90": 25.126606085784026,
  "delivery_cycle_time_avg": 17.29657789718892,
  "failed_rate": 0.0,
  "second_runner_break_even_orders": 12.5,
  "queue_wait_avg": 0.0,
  "runner_utilization_driving_pct": 20.78845859631697,
  "runner_utilization_waiting_pct": 19.81732801495799,
  "distance_per_delivery_avg": 1027.5778777719083,
  "zone_service_times": {
    "hole_1": 14.874010503639571,
    "hole_12": 16.198966379886304,
    "hole_6": 19.570719165414992,
    "hole_9": 12.199217752641562,
    "hole_7": 16.46891900093327,
    "hole_15": 12.971649497223796,
    "hole_11": 27.016225840958576,
    "hole_5": 21.32275778823518,
    "hole_16": 16.384184254926776,
    "hole_3": 18.261974665183352,
    "hole_2": 18.98291779435176,
    "hole_14": 15.05115313383376,
    "hole_18": 14.355229964745437,
    "hole_13": 17.428384748183756,
    "hole_10": 13.268560399619552
  },
  "total_revenue": 750.0,
  "total_orders": 30,
  "successful_orders": 30,
  "failed_orders": 0,
  "total_rounds": 24,
  "active_runner_hours": 10.0
}