{
  "simulation_id": "delivery_dynamic_07",
  "runner_id": "2_runners",
  "revenue_per_round": 39.130434782608695,
  "orders_per_runner_hour": 4.201750860180316,
  "on_time_rate": 0.6,
  "delivery_cycle_time_p90": 35.06345733601897,
  "delivery_cycle_time_avg": 24.657072102806566,
  "failed_rate": 0.0,
  "second_runner_break_even_orders": 7.139880730270753,
  "queue_wait_avg": 10.429310344827586,
  "runner_utilization_driving_pct": 73.72522585627019,
  "runner_utilization_prep_pct": 0.0,
  "runner_utilization_idle_pct": 26.274774143729815,
  "distance_per_delivery_avg": 1537.3362265430096,
  "zone_service_times": {
    "hole_13": 20.919242816679297,
    "hole_18": 23.185360308396433,
    "hole_14": 26.476522906251407,
    "hole_15": 31.749013125498763,
    "hole_9": 32.74434121092751,
    "hole_12": 23.67278957062125,
    "hole_7": 32.870342874571335,
    "hole_6": 26.5990339525338,
    "hole_11": 17.942312637540212,
    "hole_8": 15.869138023856856,
    "hole_10": 24.711636976973992
  },
  "total_revenue": 900.0,
  "total_orders": 30,
  "successful_orders": 30,
  "failed_orders": 0,
  "total_rounds": 23,
  "active_runner_hours": 7.139880730270753
}