{
  "simulation_id": "delivery_dynamic_09",
  "runner_id": "runner_1",
  "revenue_per_round": 21.25,
  "orders_per_runner_hour": 2.413249211356467,
  "on_time_rate": 0.17647058823529413,
  "delivery_cycle_time_p90": 62.18583425540557,
  "delivery_cycle_time_avg": 40.205290460403035,
  "failed_rate": 0.26666666666666666,
  "second_runner_break_even_orders": 7.044444444444444,
  "queue_wait_avg": 25.948039215686276,
  "runner_utilization_driving_pct": 42.47227010324339,
  "runner_utilization_prep_pct": 0.0,
  "runner_utilization_idle_pct": 57.52772989675661,
  "distance_per_delivery_avg": 1430.4364182248319,
  "zone_service_times": {
    "hole_13": 16.597216178908276,
    "hole_18": 39.63201045688735,
    "hole_8": 37.37781235657706,
    "hole_12": 50.97992204823814,
    "hole_16": 63.03952056999436,
    "hole_9": 30.91197015867759,
    "hole_15": 44.482049635502335,
    "hole_7": 33.125385117188124,
    "hole_11": 47.0747075261667,
    "hole_17": 34.23663307497821,
    "hole_10": 34.29689529275383
  },
  "total_revenue": 510.0,
  "total_orders": 30,
  "successful_orders": 17,
  "failed_orders": 8,
  "total_rounds": 24,
  "active_runner_hours": 7.044444444444444
}