{
  "simulation_id": "delivery_dynamic_05",
  "runner_id": "2_runners",
  "revenue_per_round": 31.57894736842105,
  "orders_per_runner_hour": 2.8487165442318463,
  "on_time_rate": 1.0,
  "delivery_cycle_time_p90": 14.951289870533037,
  "delivery_cycle_time_avg": 12.684672242645545,
  "failed_rate": 0.0,
  "second_runner_break_even_orders": 7.020705531582815,
  "queue_wait_avg": 0.5745098039215686,
  "runner_utilization_driving_pct": 19.9236334602692,
  "runner_utilization_prep_pct": 0.0,
  "runner_utilization_idle_pct": 80.0763665397308,
  "distance_per_delivery_avg": 1581.3640147047886,
  "zone_service_times": {
    "hole_18": 11.09204211676845,
    "hole_17": 11.89860543161958,
    "hole_8": 12.65642003860418,
    "hole_11": 17.708645932960888,
    "hole_3": 13.125346677502117,
    "hole_4": 14.427141804368855,
    "hole_-1": 14.889152786071705,
    "hole_9": 11.098021359885145
  },
  "total_revenue": 600.0,
  "total_orders": 20,
  "successful_orders": 20,
  "failed_orders": 0,
  "total_rounds": 19,
  "active_runner_hours": 7.020705531582814
}