{
  "simulation_id": "delivery_dynamic_01",
  "runner_id": "2_runners",
  "revenue_per_round": 31.153846153846153,
  "orders_per_runner_hour": 3.702708283224039,
  "on_time_rate": 0.6296296296296297,
  "delivery_cycle_time_p90": 54.22016054284808,
  "delivery_cycle_time_avg": 29.166297134846605,
  "failed_rate": 0.1,
  "second_runner_break_even_orders": 7.291959812856344,
  "queue_wait_avg": 16.18263888888889,
  "runner_utilization_driving_pct": 69.77940392186848,
  "runner_utilization_prep_pct": 0.0,
  "runner_utilization_idle_pct": 30.22059607813152,
  "distance_per_delivery_avg": 1606.6610224936423,
  "zone_service_times": {
    "hole_-1": 25.03659702887242,
    "hole_17": 31.180790700054693,
    "hole_4": 40.8198213753342,
    "hole_7": 24.065370584484057,
    "hole_9": 20.391169816702586,
    "hole_11": 38.215244000269436,
    "hole_13": 59.27645898864163,
    "hole_16": 32.276112644019335,
    "hole_6": 34.57801121474457,
    "hole_15": 21.64270126909866,
    "hole_2": 22.546775737661665,
    "hole_18": 23.243806041318507
  },
  "total_revenue": 810.0,
  "total_orders": 30,
  "successful_orders": 27,
  "failed_orders": 3,
  "total_rounds": 26,
  "active_runner_hours": 7.291959812856344
}