{
  "simulation_id": "delivery_dynamic_07",
  "runner_id": "3_runners",
  "revenue_per_round": 50.0,
  "orders_per_runner_hour": 6.864554759206289,
  "on_time_rate": 0.64,
  "delivery_cycle_time_p90": 39.418078748641825,
  "delivery_cycle_time_avg": 25.4753513363496,
  "failed_rate": 0.0,
  "second_runner_break_even_orders": 7.283793596801496,
  "queue_wait_avg": 11.402173913043478,
  "runner_utilization_driving_pct": 100.0,
  "runner_utilization_prep_pct": 0.0,
  "runner_utilization_idle_pct": 0.0,
  "distance_per_delivery_avg": 1675.0780490134655,
  "zone_service_times": {
    "hole_17": 31.789037761136264,
    "hole_3": 22.588407329760656,
    "hole_13": 21.575083857052867,
    "hole_18": 23.900704551445752,
    "hole_11": 31.307035649468737,
    "hole_4": 26.86794248983083,
    "hole_6": 37.02074704359358,
    "hole_2": 22.209849230964572,
    "hole_16": 26.334343692182625,
    "hole_10": 15.402807730314482,
    "hole_15": 30.20215129759565,
    "hole_14": 21.559772017910877,
    "hole_9": 11.884874901152369,
    "hole_12": 16.060405088320234
  },
  "total_revenue": 1500.0,
  "total_orders": 50,
  "successful_orders": 50,
  "failed_orders": 0,
  "total_rounds": 30,
  "active_runner_hours": 7.2837935968014955
}