{
  "simulation_id": "delivery_dynamic_10",
  "runner_id": "runner_1",
  "revenue_per_round": 33.333333333333336,
  "orders_per_runner_hour": 2.937897715354396,
  "on_time_rate": 0.95,
  "delivery_cycle_time_p90": 28.035025550105996,
  "delivery_cycle_time_avg": 17.118156169409943,
  "failed_rate": 0.0,
  "second_runner_break_even_orders": 6.807588942077044,
  "queue_wait_avg": 5.732456140350878,
  "runner_utilization_driving_pct": 21.92591449401827,
  "runner_utilization_prep_pct": 0.0,
  "runner_utilization_idle_pct": 78.07408550598173,
  "distance_per_delivery_avg": 1204.072441975164,
  "zone_service_times": {
    "hole_17": 17.493711863886674,
    "hole_11": 12.077166618697674,
    "hole_18": 15.010394910136878,
    "hole_16": 13.728630084312803,
    "hole_10": 13.193622014343449,
    "hole_12": 21.989411338804256,
    "hole_7": 24.505610752949543,
    "hole_9": 18.79636644715768
  },
  "total_revenue": 600.0,
  "total_orders": 20,
  "successful_orders": 20,
  "failed_orders": 0,
  "total_rounds": 18,
  "active_runner_hours": 6.807588942077045
}