{
  "simulation_id": "delivery_dynamic_05",
  "runner_id": "3_runners",
  "revenue_per_round": 43.5,
  "orders_per_runner_hour": 3.981119909438972,
  "on_time_rate": 1.0,
  "delivery_cycle_time_p90": 21.16197015867759,
  "delivery_cycle_time_avg": 16.167183914542843,
  "failed_rate": 0.0,
  "second_runner_break_even_orders": 7.28438245008469,
  "queue_wait_avg": 2.0098484848484848,
  "runner_utilization_driving_pct": 75.74658079624358,
  "runner_utilization_prep_pct": 0.0,
  "runner_utilization_idle_pct": 24.253419203756422,
  "distance_per_delivery_avg": 1559.870347010533,
  "zone_service_times": {
    "hole_14": 17.274273839925474,
    "hole_12": 14.372643177656188,
    "hole_15": 17.530391044791124,
    "hole_9": 15.385488559704225,
    "hole_13": 19.518142653053687,
    "hole_16": 21.032393631361508,
    "hole_18": 14.740552912717451,
    "hole_10": 11.999850186525611,
    "hole_17": 13.73989878604613,
    "hole_8": 14.405699306256853
  },
  "total_revenue": 870.0,
  "total_orders": 30,
  "successful_orders": 29,
  "failed_orders": 0,
  "total_rounds": 20,
  "active_runner_hours": 7.28438245008469
}