{
  "variantKey": "none",
  "blockedHoles": [],
  "deliveryMetrics": {
    "totalOrders": 30,
    "successfulDeliveries": 30,
    "failedDeliveries": 0,
    "avgOrderTime": 17.33814065573938,
    "onTimePercentage": 96.66666666666667,
    "revenue": 900.0,
    "ordersPerRunnerHour": 3.0,
    "lateOrders": 1,
    "runnerUtilizationPct": 19.683938129936,
    "totalRunnerDriveMinutes": 354.310886338848,
    "totalRunnerShiftMinutes": 1800.0,
    "runnerUtilizationByRunner": {
      "runner_1": {
        "driveMinutes": 132.77095323944005,
        "utilizationPct": 22.12849220657334,
        "shiftMinutes": 600.0
      },
      "runner_2": {
        "driveMinutes": 137.25363673208219,
        "utilizationPct": 22.875606122013696,
        "shiftMinutes": 600.0
      },
      "runner_3": {
        "driveMinutes": 84.28629636732585,
        "utilizationPct": 14.047716061220974,
        "shiftMinutes": 600.0
      }
    }
  },
  "bevCartMetrics": null,
  "hasRunners": true,
  "hasBevCart": false
}