{
  "simulation_id": "delivery_dynamic_04",
  "runner_id": "3_runners",
  "revenue_per_round": 40.90909090909091,
  "orders_per_runner_hour": 4.3624426805220615,
  "on_time_rate": 1.0,
  "delivery_cycle_time_p90": 15.641951368285827,
  "delivery_cycle_time_avg": 13.126272277220647,
  "failed_rate": 0.0,
  "second_runner_break_even_orders": 6.876881187218223,
  "queue_wait_avg": 0.21346153846153845,
  "runner_utilization_driving_pct": 62.643771335164224,
  "runner_utilization_prep_pct": 0.0,
  "runner_utilization_idle_pct": 37.356228664835776,
  "distance_per_delivery_avg": 988.267485146137,
  "zone_service_times": {
    "hole_10": 11.964688528929148,
    "hole_16": 13.353030832256708,
    "hole_17": 14.094830584954689,
    "hole_18": 12.17396820534838,
    "hole_9": 11.759937905674995,
    "hole_15": 12.18188183196947,
    "hole_11": 14.550492254955195,
    "hole_-1": 11.231063506561501,
    "hole_12": 16.828625242381257,
    "hole_13": 15.659792321974965,
    "hole_8": 13.956975533751454
  },
  "total_revenue": 900.0,
  "total_orders": 30,
  "successful_orders": 30,
  "failed_orders": 0,
  "total_rounds": 22,
  "active_runner_hours": 6.876881187218223
}