{
  "variantKey": "none",
  "blockedHoles": [],
  "deliveryMetrics": {
    "totalOrders": 50,
    "successfulDeliveries": 48,
    "failedDeliveries": 0,
    "avgOrderTime": 27.280763076118067,
    "onTimePercentage": 58.333333333333336,
    "revenue": 1500.0,
    "ordersPerRunnerHour": 4.8,
    "lateOrders": 20,
    "runnerUtilizationPct": 29.043145980759277,
    "totalRunnerDriveMinutes": 522.776627653667,
    "totalRunnerShiftMinutes": 1800.0,
    "runnerUtilizationByRunner": {
      "runner_2": {
        "driveMinutes": 173.71519070379088,
        "utilizationPct": 28.952531783965146,
        "shiftMinutes": 600.0
      },
      "runner_1": {
        "driveMinutes": 188.47436020855636,
        "utilizationPct": 31.41239336809273,
        "shiftMinutes": 600.0
      },
      "runner_3": {
        "driveMinutes": 160.58707674131995,
        "utilizationPct": 26.764512790219992,
        "shiftMinutes": 600.0
      }
    }
  },
  "bevCartMetrics": null,
  "hasRunners": true,
  "hasBevCart": false
}