{
  "simulation_id": "delivery_dynamic_04",
  "runner_id": "2_runners",
  "revenue_per_round": 30.0,
  "orders_per_runner_hour": 4.6478071008164035,
  "on_time_rate": 0.5294117647058824,
  "delivery_cycle_time_p90": 55.745845220675186,
  "delivery_cycle_time_avg": 34.821681392410056,
  "failed_rate": 0.28,
  "second_runner_break_even_orders": 7.315277777777778,
  "queue_wait_avg": 20.844444444444445,
  "runner_utilization_driving_pct": 86.82069504657875,
  "runner_utilization_prep_pct": 0.0,
  "runner_utilization_idle_pct": 13.179304953421251,
  "distance_per_delivery_avg": 1542.3437713791886,
  "zone_service_times": {
    "hole_4": 20.46148804200087,
    "hole_15": 30.793630694452272,
    "hole_18": 22.52713910378846,
    "hole_2": 29.473098090171153,
    "hole_12": 37.04310766577306,
    "hole_-1": 39.8330548483329,
    "hole_8": 36.65169495595322,
    "hole_13": 44.81680345173524,
    "hole_17": 55.7916533793655,
    "hole_9": 53.61139979492873,
    "hole_5": 40.38873811018089,
    "hole_16": 27.188854849070033,
    "hole_3": 31.449114365512408,
    "hole_7": 16.216299423519136,
    "hole_10": 17.0715972004565,
    "hole_11": 27.57574158903141
  },
  "total_revenue": 1020.0,
  "total_orders": 50,
  "successful_orders": 34,
  "failed_orders": 14,
  "total_rounds": 34,
  "active_runner_hours": 7.315277777777778
}