{
  "simulation_id": "delivery_dynamic_02",
  "runner_id": "2_runners",
  "revenue_per_round": 33.333333333333336,
  "orders_per_runner_hour": 2.7530976402874603,
  "on_time_rate": 0.8,
  "delivery_cycle_time_p90": 33.11363895938538,
  "delivery_cycle_time_avg": 19.794479684456597,
  "failed_rate": 0.0,
  "second_runner_break_even_orders": 7.264544383508219,
  "queue_wait_avg": 6.889583333333333,
  "runner_utilization_driving_pct": 52.699767362535376,
  "runner_utilization_prep_pct": 0.0,
  "runner_utilization_idle_pct": 47.300232637464624,
  "distance_per_delivery_avg": 1439.0251739774158,
  "zone_service_times": {
    "hole_4": 21.00184779005537,
    "hole_9": 17.50768788847578,
    "hole_14": 15.190837315023296,
    "hole_8": 21.93975186667725,
    "hole_11": 33.865244000269435,
    "hole_16": 33.22899483422546,
    "hole_-1": 20.105042511579448,
    "hole_3": 32.075436085824734,
    "hole_15": 13.683113931705307,
    "hole_7": 15.835610372055635,
    "hole_17": 14.138383271201382
  },
  "total_revenue": 600.0,
  "total_orders": 20,
  "successful_orders": 20,
  "failed_orders": 0,
  "total_rounds": 18,
  "active_runner_hours": 7.264544383508219
}