{
  "simulation_id": "delivery_dynamic_01",
  "runner_id": "3_runners",
  "revenue_per_round": 50.0,
  "orders_per_runner_hour": 5.601908593372064,
  "on_time_rate": 1.0,
  "delivery_cycle_time_p90": 22.76352147139992,
  "delivery_cycle_time_avg": 16.02269615205042,
  "failed_rate": 0.0,
  "second_runner_break_even_orders": 7.140423541956087,
  "queue_wait_avg": 2.382323232323232,
  "runner_utilization_driving_pct": 84.84129208630765,
  "runner_utilization_prep_pct": 0.0,
  "runner_utilization_idle_pct": 15.158707913692353,
  "distance_per_delivery_avg": 1363.2459070889413,
  "zone_service_times": {
    "hole_14": 17.098318610314497,
    "hole_18": 15.17384927780795,
    "hole_15": 21.110012470321248,
    "hole_17": 16.15221184658516,
    "hole_16": 16.905268169117,
    "hole_12": 14.747731060093166,
    "hole_13": 22.78151187828207,
    "hole_10": 11.37571475540802,
    "hole_8": 14.104416294668408,
    "hole_11": 13.227335735431007,
    "hole_9": 11.657563302521035
  },
  "total_revenue": 1200.0,
  "total_orders": 40,
  "successful_orders": 40,
  "failed_orders": 0,
  "total_rounds": 24,
  "active_runner_hours": 7.140423541956087
}