{
  "simulation_id": "delivery_dynamic_09",
  "runner_id": "3_runners",
  "revenue_per_round": 33.333333333333336,
  "orders_per_runner_hour": 3.0463682387102087,
  "on_time_rate": 1.0,
  "delivery_cycle_time_p90": 13.572825991257233,
  "delivery_cycle_time_avg": 11.60527811659828,
  "failed_rate": 0.0,
  "second_runner_break_even_orders": 6.565194498110881,
  "queue_wait_avg": 0.03461538461538462,
  "runner_utilization_driving_pct": 20.02423146714204,
  "runner_utilization_prep_pct": 0.0,
  "runner_utilization_idle_pct": 79.97576853285796,
  "distance_per_delivery_avg": 1139.6002439507602,
  "zone_service_times": {
    "hole_17": 11.946336534188312,
    "hole_18": 10.594720220065868,
    "hole_10": 11.216659895701438,
    "hole_12": 11.939496455628534,
    "hole_14": 13.615380148371818,
    "hole_13": 13.653599605314351,
    "hole_15": 13.189838577225965,
    "hole_9": 11.550518582084624,
    "hole_11": 11.84236511765436
  },
  "total_revenue": 600.0,
  "total_orders": 20,
  "successful_orders": 20,
  "failed_orders": 0,
  "total_rounds": 18,
  "active_runner_hours": 6.565194498110882
}