{
  "simulation_id": "delivery_dynamic_03",
  "runner_id": "runner_1",
  "revenue_per_round": 26.666666666666668,
  "orders_per_runner_hour": 2.190530519110097,
  "on_time_rate": 0.375,
  "delivery_cycle_time_p90": 65.31158516944326,
  "delivery_cycle_time_avg": 40.11191029894535,
  "failed_rate": 0.15,
  "second_runner_break_even_orders": 7.304166666666666,
  "queue_wait_avg": 25.726666666666667,
  "runner_utilization_driving_pct": 47.95807850971815,
  "runner_utilization_prep_pct": 0.0,
  "runner_utilization_idle_pct": 52.04192149028185,
  "distance_per_delivery_avg": 2013.7018604456323,
  "zone_service_times": {
    "hole_2": 21.960773377413684,
    "hole_9": 36.75932126712357,
    "hole_5": 33.52932586056632,
    "hole_13": 64.8834701184019,
    "hole_-1": 55.8310635065615,
    "hole_18": 44.88852067675592,
    "hole_8": 43.45648132081833,
    "hole_6": 54.488851203872095,
    "hole_12": 60.856450222688665,
    "hole_16": 13.080497984381934,
    "hole_17": 16.634642161329975,
    "hole_4": 20.819588412014735
  },
  "total_revenue": 480.0,
  "total_orders": 20,
  "successful_orders": 16,
  "failed_orders": 3,
  "total_rounds": 18,
  "active_runner_hours": 7.304166666666666
}