{
  "simulation_id": "delivery_dynamic_09",
  "runner_id": "3_runners",
  "revenue_per_round": 39.130434782608695,
  "orders_per_runner_hour": 4.131996013610437,
  "on_time_rate": 1.0,
  "delivery_cycle_time_p90": 18.008416013665677,
  "delivery_cycle_time_avg": 13.57728163458551,
  "failed_rate": 0.0,
  "second_runner_break_even_orders": 7.260413587327431,
  "queue_wait_avg": 0.046296296296296294,
  "runner_utilization_driving_pct": 46.484271185226014,
  "runner_utilization_prep_pct": 0.0,
  "runner_utilization_idle_pct": 53.515728814773986,
  "distance_per_delivery_avg": 1187.9666292207326,
  "zone_service_times": {
    "hole_10": 11.375868067460974,
    "hole_17": 14.540616315031984,
    "hole_18": 11.416175645180552,
    "hole_16": 17.645107263836984,
    "hole_11": 13.277335735431006,
    "hole_15": 18.299197557402415,
    "hole_8": 14.589995419100402
  },
  "total_revenue": 900.0,
  "total_orders": 30,
  "successful_orders": 30,
  "failed_orders": 0,
  "total_rounds": 23,
  "active_runner_hours": 7.260413587327431
}