{
  "simulation_id": "delivery_dynamic_09",
  "runner_id": "runner_1",
  "revenue_per_round": 28.636363636363637,
  "orders_per_runner_hour": 2.961802154750245,
  "on_time_rate": 0.2857142857142857,
  "delivery_cycle_time_p90": 60.411273227263315,
  "delivery_cycle_time_avg": 41.25135263649552,
  "failed_rate": 0.23333333333333334,
  "second_runner_break_even_orders": 7.090277777777777,
  "queue_wait_avg": 26.454761904761906,
  "runner_utilization_driving_pct": 47.46379194285181,
  "runner_utilization_prep_pct": 0.0,
  "runner_utilization_idle_pct": 52.53620805714819,
  "distance_per_delivery_avg": 1611.654485862493,
  "zone_service_times": {
    "hole_4": 32.56754024885925,
    "hole_17": 30.72831493548862,
    "hole_12": 36.83454402391029,
    "hole_6": 57.17868135990823,
    "hole_18": 38.576383962730425,
    "hole_-1": 59.45775595092807,
    "hole_15": 60.43405991096715,
    "hole_7": 57.94389906211939,
    "hole_10": 18.310623733229054
  },
  "total_revenue": 630.0,
  "total_orders": 30,
  "successful_orders": 21,
  "failed_orders": 7,
  "total_rounds": 22,
  "active_runner_hours": 7.090277777777778
}