{
  "simulation_id": "delivery_dynamic_10",
  "runner_id": "3_runners",
  "revenue_per_round": 37.5,
  "orders_per_runner_hour": 2.7729759774476537,
  "on_time_rate": 1.0,
  "delivery_cycle_time_p90": 17.50080956417225,
  "delivery_cycle_time_avg": 14.375479037438348,
  "failed_rate": 0.0,
  "second_runner_break_even_orders": 7.212467818927417,
  "queue_wait_avg": 0.03508771929824561,
  "runner_utilization_driving_pct": 51.703910876775836,
  "runner_utilization_prep_pct": 0.0,
  "runner_utilization_idle_pct": 48.296089123224164,
  "distance_per_delivery_avg": 1458.9609565792864,
  "zone_service_times": {
    "hole_14": 15.223543746580132,
    "hole_11": 16.37924725265081,
    "hole_-1": 10.633267567349716,
    "hole_7": 16.244341702587796,
    "hole_10": 10.68915688752689,
    "hole_6": 19.957809095603505,
    "hole_15": 12.732184523237446,
    "hole_12": 17.555231652346812,
    "hole_9": 13.05753822313133,
    "hole_18": 13.440316560581353,
    "hole_8": 13.387631104064834,
    "hole_17": 13.871752816949932
  },
  "total_revenue": 600.0,
  "total_orders": 20,
  "successful_orders": 20,
  "failed_orders": 0,
  "total_rounds": 16,
  "active_runner_hours": 7.212467818927417
}