{
  "simulation_id": "delivery_dynamic_10",
  "runner_id": "runner_1",
  "revenue_per_round": 35.625,
  "orders_per_runner_hour": 2.713747272366594,
  "on_time_rate": 0.7368421052631579,
  "delivery_cycle_time_p90": 47.123623394351064,
  "delivery_cycle_time_avg": 23.040336651446196,
  "failed_rate": 0.0,
  "second_runner_break_even_orders": 7.001388888888889,
  "queue_wait_avg": 13.432291666666666,
  "runner_utilization_driving_pct": 16.415990673736683,
  "runner_utilization_prep_pct": 0.0,
  "runner_utilization_idle_pct": 83.58400932626331,
  "distance_per_delivery_avg": 1244.8318627254694,
  "zone_service_times": {
    "hole_10": 11.223657543673319,
    "hole_18": 24.21367260003889,
    "hole_8": 12.284118743913575,
    "hole_16": 16.94959454687133,
    "hole_13": 31.248256823341762,
    "hole_17": 37.96132044593226
  },
  "total_revenue": 570.0,
  "total_orders": 20,
  "successful_orders": 19,
  "failed_orders": 0,
  "total_rounds": 16,
  "active_runner_hours": 7.001388888888889
}