{
  "simulation_id": "delivery_dynamic_10",
  "runner_id": "runner_1",
  "revenue_per_round": 18.0,
  "orders_per_runner_hour": 2.513089005235602,
  "on_time_rate": 0.05555555555555555,
  "delivery_cycle_time_p90": 64.83102491126724,
  "delivery_cycle_time_avg": 47.83860444582464,
  "failed_rate": 0.45,
  "second_runner_break_even_orders": 7.1625,
  "queue_wait_avg": 36.50686274509804,
  "runner_utilization_driving_pct": 31.247873686492333,
  "runner_utilization_prep_pct": 0.0,
  "runner_utilization_idle_pct": 68.75212631350766,
  "distance_per_delivery_avg": 1128.9266493526386,
  "zone_service_times": {
    "hole_13": 16.580549512241607,
    "hole_18": 47.5890078084931,
    "hole_12": 34.30217315458879,
    "hole_10": 54.076855917487194,
    "hole_9": 44.19722857819912,
    "hole_17": 54.842211155747655,
    "hole_16": 43.273903159395196
  },
  "total_revenue": 540.0,
  "total_orders": 40,
  "successful_orders": 18,
  "failed_orders": 18,
  "total_rounds": 30,
  "active_runner_hours": 7.1625
}