{
  "simulation_id": "delivery_dynamic_05",
  "runner_id": "runner_1",
  "revenue_per_round": 26.666666666666668,
  "orders_per_runner_hour": 2.199009602453724,
  "on_time_rate": 0.625,
  "delivery_cycle_time_p90": 58.7254820054337,
  "delivery_cycle_time_avg": 28.460682792106823,
  "failed_rate": 0.2,
  "second_runner_break_even_orders": 7.276002788776683,
  "queue_wait_avg": 16.055555555555557,
  "runner_utilization_driving_pct": 34.85353230717256,
  "runner_utilization_prep_pct": 0.0,
  "runner_utilization_idle_pct": 65.14646769282744,
  "distance_per_delivery_avg": 1145.2894181478916,
  "zone_service_times": {
    "hole_15": 18.31586422406908,
    "hole_18": 23.143276919823045,
    "hole_7": 28.995824037861894,
    "hole_-1": 58.38775564420151,
    "hole_10": 35.74636256364535,
    "hole_8": 45.99581790833975,
    "hole_9": 15.050471203518494,
    "hole_2": 17.22651589763124
  },
  "total_revenue": 480.0,
  "total_orders": 20,
  "successful_orders": 16,
  "failed_orders": 4,
  "total_rounds": 18,
  "active_runner_hours": 7.276002788776683
}