{
  "simulation_id": "delivery_dynamic_09",
  "runner_id": "runner_1",
  "revenue_per_round": 12.0,
  "orders_per_runner_hour": 1.9823008849557522,
  "on_time_rate": 0.14285714285714285,
  "delivery_cycle_time_p90": 64.75553187364503,
  "delivery_cycle_time_avg": 46.105452581037746,
  "failed_rate": 0.56,
  "second_runner_break_even_orders": 7.0625,
  "queue_wait_avg": 35.024358974358975,
  "runner_utilization_driving_pct": 33.188403526620014,
  "runner_utilization_prep_pct": 0.0,
  "runner_utilization_idle_pct": 66.81159647337998,
  "distance_per_delivery_avg": 1203.8320672286832,
  "zone_service_times": {
    "hole_11": 33.77326073125249,
    "hole_18": 26.4924835255174,
    "hole_12": 65.03724900856407,
    "hole_16": 60.42172730365674,
    "hole_13": 64.47381473872598,
    "hole_-1": 56.4060635065615,
    "hole_7": 51.69262156816452,
    "hole_15": 51.480393263124704
  },
  "total_revenue": 420.0,
  "total_orders": 50,
  "successful_orders": 14,
  "failed_orders": 28,
  "total_rounds": 35,
  "active_runner_hours": 7.0625
}