{
  "simulation_id": "delivery_dynamic_05",
  "runner_id": "3_runners",
  "revenue_per_round": 35.294117647058826,
  "orders_per_runner_hour": 2.9156130879359354,
  "on_time_rate": 1.0,
  "delivery_cycle_time_p90": 22.359044939568207,
  "delivery_cycle_time_avg": 15.82409779869625,
  "failed_rate": 0.0,
  "second_runner_break_even_orders": 6.859620737317618,
  "queue_wait_avg": 0.51875,
  "runner_utilization_driving_pct": 59.548170193863484,
  "runner_utilization_prep_pct": 0.0,
  "runner_utilization_idle_pct": 40.451829806136516,
  "distance_per_delivery_avg": 1817.456860361943,
  "zone_service_times": {
    "hole_10": 13.30823286393458,
    "hole_8": 13.691053221880763,
    "hole_12": 17.166105603215392,
    "hole_7": 15.58382381160315,
    "hole_9": 14.153787620744545,
    "hole_16": 16.96474165012496,
    "hole_2": 23.49147321291372,
    "hole_5": 22.549037225574406,
    "hole_18": 13.324531355098406,
    "hole_15": 14.055469615639868,
    "hole_13": 15.643125655308298,
    "hole_3": 20.649114365512407,
    "hole_14": 14.60215718909397
  },
  "total_revenue": 600.0,
  "total_orders": 20,
  "successful_orders": 20,
  "failed_orders": 0,
  "total_rounds": 17,
  "active_runner_hours": 6.859620737317618
}