{
  "simulation_id": "delivery_dynamic_05",
  "runner_id": "runner_1",
  "revenue_per_round": 18.214285714285715,
  "orders_per_runner_hour": 2.384105960264901,
  "on_time_rate": 0.058823529411764705,
  "delivery_cycle_time_p90": 62.0607004625396,
  "delivery_cycle_time_avg": 51.20316940810306,
  "failed_rate": 0.45,
  "second_runner_break_even_orders": 7.1305555555555555,
  "queue_wait_avg": 37.83039215686274,
  "runner_utilization_driving_pct": 38.166636748765,
  "runner_utilization_prep_pct": 0.0,
  "runner_utilization_idle_pct": 61.833363251235,
  "distance_per_delivery_avg": 1133.2531564167439,
  "zone_service_times": {
    "hole_14": 39.99661421275213,
    "hole_12": 35.19778934475423,
    "hole_-1": 49.453285728783726,
    "hole_13": 55.10013678506857,
    "hole_18": 52.390757271566656,
    "hole_15": 59.64673590861955,
    "hole_10": 54.36850475751059,
    "hole_11": 57.8829643253559,
    "hole_16": 61.437532682917904
  },
  "total_revenue": 510.0,
  "total_orders": 40,
  "successful_orders": 17,
  "failed_orders": 18,
  "total_rounds": 28,
  "active_runner_hours": 7.1305555555555555
}