{
  "simulation_id": "delivery_dynamic_02",
  "runner_id": "2_runners",
  "revenue_per_round": 37.5,
  "orders_per_runner_hour": 2.8297331729783948,
  "on_time_rate": 1.0,
  "delivery_cycle_time_p90": 13.867559068920801,
  "delivery_cycle_time_avg": 12.430329129146607,
  "failed_rate": 0.0,
  "second_runner_break_even_orders": 7.067804198283929,
  "queue_wait_avg": 0.7039215686274509,
  "runner_utilization_driving_pct": 23.050776989339596,
  "runner_utilization_prep_pct": 0.0,
  "runner_utilization_idle_pct": 76.9492230106604,
  "distance_per_delivery_avg": 1319.0369729855527,
  "zone_service_times": {
    "hole_9": 11.282095225032167,
    "hole_18": 10.181956727684398,
    "hole_14": 13.002561291819136,
    "hole_17": 14.271761332442003,
    "hole_12": 12.129563024169876,
    "hole_8": 12.365072604327118,
    "hole_15": 13.489651319531518,
    "hole_10": 10.827308188355588,
    "hole_11": 11.74197926629422,
    "hole_13": 13.034918563702377
  },
  "total_revenue": 600.0,
  "total_orders": 20,
  "successful_orders": 20,
  "failed_orders": 0,
  "total_rounds": 16,
  "active_runner_hours": 7.067804198283929
}