{
  "simulation_id": "delivery_dynamic_02",
  "runner_id": "3_runners",
  "revenue_per_round": 35.869565217391305,
  "orders_per_runner_hour": 3.3,
  "on_time_rate": 1.0,
  "delivery_cycle_time_p90": 18.00245982834091,
  "delivery_cycle_time_avg": 15.64646178603404,
  "failed_rate": 0.0,
  "second_runner_break_even_orders": 12.5,
  "queue_wait_avg": 0.0,
  "runner_utilization_driving_pct": 21.934365621044517,
  "runner_utilization_waiting_pct": 21.154482057107327,
  "distance_per_delivery_avg": 1001.1201480929772,
  "zone_service_times": {
    "hole_18": 13.082519225688777,
    "hole_13": 14.697408802972316,
    "hole_7": 14.312480216559532,
    "hole_4": 19.378480975892096,
    "hole_8": 14.236964262735,
    "hole_16": 15.873209667463637,
    "hole_5": 16.8912509974902,
    "hole_2": 16.673672965796726,
    "hole_17": 13.799618333802755,
    "hole_12": 16.405567852490215,
    "hole_6": 16.196958706429207,
    "hole_14": 15.950604299860395,
    "hole_15": 15.8098239091861
  },
  "total_revenue": 825.0,
  "total_orders": 33,
  "successful_orders": 33,
  "failed_orders": 0,
  "total_rounds": 23,
  "active_runner_hours": 10.0
}