{
  "simulation_id": "delivery_dynamic_05",
  "runner_id": "2_runners",
  "revenue_per_round": 33.333333333333336,
  "orders_per_runner_hour": 2.8392561114917783,
  "on_time_rate": 1.0,
  "delivery_cycle_time_p90": 13.76657122938403,
  "delivery_cycle_time_avg": 11.986814779811864,
  "failed_rate": 0.0,
  "second_runner_break_even_orders": 7.044098599999761,
  "queue_wait_avg": 0.03888888888888889,
  "runner_utilization_driving_pct": 19.385196198295805,
  "runner_utilization_prep_pct": 0.0,
  "runner_utilization_idle_pct": 80.6148038017042,
  "distance_per_delivery_avg": 1409.5066414645385,
  "zone_service_times": {
    "hole_18": 10.608042091780808,
    "hole_16": 13.476081600445509,
    "hole_17": 11.888119860146496,
    "hole_10": 10.516963565234438,
    "hole_3": 13.6580415350251,
    "hole_8": 11.852872517219657,
    "hole_2": 12.19858090523784,
    "hole_15": 13.720630414757732,
    "hole_9": 11.213359726497766
  },
  "total_revenue": 600.0,
  "total_orders": 20,
  "successful_orders": 20,
  "failed_orders": 0,
  "total_rounds": 18,
  "active_runner_hours": 7.044098599999761
}