{
  "simulation_id": "delivery_dynamic_09",
  "runner_id": "3_runners",
  "revenue_per_round": 46.15384615384615,
  "orders_per_runner_hour": 5.505256695460066,
  "on_time_rate": 0.95,
  "delivery_cycle_time_p90": 24.98429684219429,
  "delivery_cycle_time_avg": 16.336639293604616,
  "failed_rate": 0.0,
  "second_runner_break_even_orders": 7.265782907631933,
  "queue_wait_avg": 3.3413978494623655,
  "runner_utilization_driving_pct": 92.81957827002154,
  "runner_utilization_prep_pct": 0.0,
  "runner_utilization_idle_pct": 7.1804217299784625,
  "distance_per_delivery_avg": 1259.0108026511505,
  "zone_service_times": {
    "hole_14": 14.893120623213488,
    "hole_18": 13.00366508396434,
    "hole_17": 14.234642161329976,
    "hole_-1": 20.69273535314838,
    "hole_9": 14.048225440717927,
    "hole_15": 13.881791770811894,
    "hole_8": 16.442634801810506,
    "hole_12": 23.28578163309109,
    "hole_11": 16.478574946720208,
    "hole_16": 13.461186905394728,
    "hole_13": 15.883470118401844
  },
  "total_revenue": 1200.0,
  "total_orders": 40,
  "successful_orders": 40,
  "failed_orders": 0,
  "total_rounds": 26,
  "active_runner_hours": 7.265782907631933
}