{
  "simulation_id": "delivery_dynamic_08",
  "runner_id": "2_runners",
  "revenue_per_round": 39.310344827586206,
  "orders_per_runner_hour": 5.304585855654735,
  "on_time_rate": 0.5789473684210527,
  "delivery_cycle_time_p90": 51.38533633243198,
  "delivery_cycle_time_avg": 29.791507871468283,
  "failed_rate": 0.05,
  "second_runner_break_even_orders": 7.163612963204596,
  "queue_wait_avg": 17.041441441441442,
  "runner_utilization_driving_pct": 85.05754165947559,
  "runner_utilization_prep_pct": 0.0,
  "runner_utilization_idle_pct": 14.94245834052441,
  "distance_per_delivery_avg": 1074.704539550184,
  "zone_service_times": {
    "hole_14": 35.66716473421802,
    "hole_12": 20.4558309345435,
    "hole_13": 29.266607525473553,
    "hole_-1": 28.32191680551962,
    "hole_15": 30.34822799905649,
    "hole_11": 35.25164274088487,
    "hole_10": 24.697795488252765,
    "hole_16": 29.74103827328051,
    "hole_18": 50.9195524635276,
    "hole_7": 15.235975315159278,
    "hole_17": 14.160272572112747
  },
  "total_revenue": 1140.0,
  "total_orders": 40,
  "successful_orders": 38,
  "failed_orders": 2,
  "total_rounds": 29,
  "active_runner_hours": 7.163612963204596
}