{
  "course": "C:\\Main\\GIT\\simulation\\courses\\keswick_hall",
  "tee_scenario": "real_tee_sheet",
  "orders": 50,
  "variant": "front",
  "runners": 2,
  "runs": 10,
  "on_time_mean": 0.3953727792355747,
  "failed_mean": 0.22800000000000004,
  "p90_mean": 58.559593092669175,
  "avg_delivery_time_mean": 36.78124618073251,
  "oph_mean": 4.989504162445832,
  "on_time_wilson_lo": 0.6832216523131053,
  "on_time_wilson_hi": 0.76136251858505,
  "total_successful_orders": 362,
  "total_orders": 500,
  "group_dir": "C:\\Main\\GIT\\simulation\\output\\keswick_hall\\20250828_090448_real_tee_sheet\\first_pass\\orders_050\\runners_2\\front"
}