{
  "variantKey": "back",
  "blockedHoles": [
    10,
    11,
    12
  ],
  "deliveryMetrics": {
    "totalOrders": 40,
    "successfulDeliveries": 40,
    "failedDeliveries": 0,
    "avgOrderTime": 12.582300342464475,
    "onTimePercentage": 100.0,
    "revenue": 1200.0,
    "ordersPerRunnerHour": 4.0,
    "lateOrders": 0,
    "runnerUtilizationPct": 23.136487653046125,
    "totalRunnerDriveMinutes": 416.4567777548302,
    "totalRunnerShiftMinutes": 1800.0,
    "runnerUtilizationByRunner": {
      "runner_1": {
        "driveMinutes": 158.7265525177292,
        "utilizationPct": 26.454425419621536,
        "shiftMinutes": 600.0
      },
      "runner_2": {
        "driveMinutes": 154.33668586860907,
        "utilizationPct": 25.72278097810151,
        "shiftMinutes": 600.0
      },
      "runner_3": {
        "driveMinutes": 103.39353936849189,
        "utilizationPct": 17.232256561415316,
        "shiftMinutes": 600.0
      }
    }
  },
  "bevCartMetrics": null,
  "hasRunners": true,
  "hasBevCart": false
}