{
  "variantKey": "back",
  "blockedHoles": [
    10,
    11,
    12
  ],
  "deliveryMetrics": {
    "totalOrders": 40,
    "successfulDeliveries": 40,
    "failedDeliveries": 0,
    "avgOrderTime": 19.07784131623418,
    "onTimePercentage": 92.5,
    "revenue": 1200.0,
    "ordersPerRunnerHour": 4.0,
    "lateOrders": 3,
    "runnerUtilizationPct": 23.804726734488657,
    "totalRunnerDriveMinutes": 428.48508122079585,
    "totalRunnerShiftMinutes": 1800.0,
    "runnerUtilizationByRunner": {
      "runner_1": {
        "driveMinutes": 151.39329425150436,
        "utilizationPct": 25.23221570858406,
        "shiftMinutes": 600.0
      },
      "runner_3": {
        "driveMinutes": 131.62856553365035,
        "utilizationPct": 21.93809425560839,
        "shiftMinutes": 600.0
      },
      "runner_2": {
        "driveMinutes": 145.4632214356411,
        "utilizationPct": 24.243870239273516,
        "shiftMinutes": 600.0
      }
    }
  },
  "bevCartMetrics": null,
  "hasRunners": true,
  "hasBevCart": false
}