{
  "simulation_id": "delivery_dynamic_07",
  "runner_id": "3_runners",
  "revenue_per_round": 40.0,
  "orders_per_runner_hour": 5.472306279483166,
  "on_time_rate": 0.975,
  "delivery_cycle_time_p90": 23.74771411109151,
  "delivery_cycle_time_avg": 16.980836540529967,
  "failed_rate": 0.0,
  "second_runner_break_even_orders": 7.309532390386932,
  "queue_wait_avg": 2.2569444444444446,
  "runner_utilization_driving_pct": 95.08840839515094,
  "runner_utilization_prep_pct": 0.0,
  "runner_utilization_idle_pct": 4.911591604849065,
  "distance_per_delivery_avg": 1663.0610776180697,
  "zone_service_times": {
    "hole_8": 17.47726756814521,
    "hole_18": 13.709961911631773,
    "hole_2": 14.792306999174176,
    "hole_17": 14.848120232311642,
    "hole_7": 21.29205178385479,
    "hole_9": 12.96389533219893,
    "hole_16": 18.46033023745509,
    "hole_4": 22.38928264393347,
    "hole_6": 24.03453406294825,
    "hole_3": 19.332902528001977,
    "hole_12": 21.592336789807753,
    "hole_10": 11.36753473412764,
    "hole_15": 18.114901713602254
  },
  "total_revenue": 1200.0,
  "total_orders": 40,
  "successful_orders": 40,
  "failed_orders": 0,
  "total_rounds": 30,
  "active_runner_hours": 7.309532390386932
}