{
  "simulation_id": "delivery_dynamic_06",
  "runner_id": "2_runners",
  "revenue_per_round": 35.172413793103445,
  "orders_per_runner_hour": 4.756168641927336,
  "on_time_rate": 0.5588235294117647,
  "delivery_cycle_time_p90": 59.88477311926088,
  "delivery_cycle_time_avg": 34.88696498702749,
  "failed_rate": 0.1,
  "second_runner_break_even_orders": 7.148611111111111,
  "queue_wait_avg": 20.754166666666666,
  "runner_utilization_driving_pct": 97.67124261830892,
  "runner_utilization_prep_pct": 0.0,
  "runner_utilization_idle_pct": 2.3287573816910765,
  "distance_per_delivery_avg": 1798.8202356412376,
  "zone_service_times": {
    "hole_15": 18.768955257236804,
    "hole_5": 21.216910647287982,
    "hole_11": 37.79400494471932,
    "hole_3": 27.2921027524914,
    "hole_16": 30.210079152401402,
    "hole_6": 42.212528958838206,
    "hole_12": 29.35787590690925,
    "hole_18": 35.69817613096123,
    "hole_7": 52.91188987816792,
    "hole_13": 29.48109521269382,
    "hole_14": 55.092501708364765,
    "hole_-1": 57.014396839894836,
    "hole_9": 39.489765530546144,
    "hole_8": 18.43941373513941
  },
  "total_revenue": 1020.0,
  "total_orders": 40,
  "successful_orders": 34,
  "failed_orders": 4,
  "total_rounds": 29,
  "active_runner_hours": 7.148611111111111
}