{
  "variantKey": "none",
  "blockedHoles": [],
  "deliveryMetrics": {
    "totalOrders": 30,
    "successfulDeliveries": 30,
    "failedDeliveries": 0,
    "avgOrderTime": 17.82480144721685,
    "onTimePercentage": 96.66666666666667,
    "revenue": 900.0,
    "ordersPerRunnerHour": 3.0,
    "lateOrders": 1,
    "runnerUtilizationPct": 18.239351618377295,
    "totalRunnerDriveMinutes": 328.3083291307913,
    "totalRunnerShiftMinutes": 1800.0,
    "runnerUtilizationByRunner": {
      "runner_1": {
        "driveMinutes": 138.4526079780553,
        "utilizationPct": 23.07543466300922,
        "shiftMinutes": 600.0
      },
      "runner_2": {
        "driveMinutes": 97.36228659967988,
        "utilizationPct": 16.22704776661331,
        "shiftMinutes": 600.0
      },
      "runner_3": {
        "driveMinutes": 92.49343455305613,
        "utilizationPct": 15.415572425509355,
        "shiftMinutes": 600.0
      }
    }
  },
  "bevCartMetrics": null,
  "hasRunners": true,
  "hasBevCart": false
}