{
  "simulation_id": "delivery_dynamic_06",
  "runner_id": "2_runners",
  "revenue_per_round": 35.625,
  "orders_per_runner_hour": 2.673364324003098,
  "on_time_rate": 1.0,
  "delivery_cycle_time_p90": 21.186790966813472,
  "delivery_cycle_time_avg": 15.999647932332584,
  "failed_rate": 0.0,
  "second_runner_break_even_orders": 7.1071495304274075,
  "queue_wait_avg": 1.8787037037037038,
  "runner_utilization_driving_pct": 49.23177426495203,
  "runner_utilization_prep_pct": 0.0,
  "runner_utilization_idle_pct": 50.76822573504797,
  "distance_per_delivery_avg": 1417.8606526321682,
  "zone_service_times": {
    "hole_15": 13.83615354279886,
    "hole_14": 14.842148202394027,
    "hole_6": 19.006085958454968,
    "hole_18": 17.276274113308258,
    "hole_9": 11.925290665566111,
    "hole_11": 28.98382558828853,
    "hole_8": 13.40870635031315,
    "hole_13": 15.749512880284389,
    "hole_-1": 14.322730173228166
  },
  "total_revenue": 570.0,
  "total_orders": 20,
  "successful_orders": 19,
  "failed_orders": 0,
  "total_rounds": 16,
  "active_runner_hours": 7.1071495304274075
}