{
  "simulation_id": "delivery_dynamic_07",
  "runner_id": "runner_1",
  "revenue_per_round": 35.294117647058826,
  "orders_per_runner_hour": 2.749811805595878,
  "on_time_rate": 0.75,
  "delivery_cycle_time_p90": 35.5887136232276,
  "delivery_cycle_time_avg": 22.404886415275918,
  "failed_rate": 0.0,
  "second_runner_break_even_orders": 7.273225010998906,
  "queue_wait_avg": 9.72962962962963,
  "runner_utilization_driving_pct": 40.998955221376995,
  "runner_utilization_prep_pct": 0.0,
  "runner_utilization_idle_pct": 59.001044778623005,
  "distance_per_delivery_avg": 1225.8018355327063,
  "zone_service_times": {
    "hole_17": 26.24973582391036,
    "hole_18": 19.14826767492815,
    "hole_16": 17.831912384318457,
    "hole_12": 25.753616856884186,
    "hole_9": 11.657563302521096,
    "hole_15": 26.040884088181762,
    "hole_10": 28.735644901824493,
    "hole_13": 33.16136755409401,
    "hole_8": 15.927641702192524
  },
  "total_revenue": 600.0,
  "total_orders": 20,
  "successful_orders": 20,
  "failed_orders": 0,
  "total_rounds": 17,
  "active_runner_hours": 7.273225010998906
}