{
  "simulation_id": "delivery_dynamic_06",
  "runner_id": "3_runners",
  "revenue_per_round": 42.857142857142854,
  "orders_per_runner_hour": 2.7870987831627967,
  "on_time_rate": 1.0,
  "delivery_cycle_time_p90": 21.93012862788971,
  "delivery_cycle_time_avg": 15.361829297474944,
  "failed_rate": 0.0,
  "second_runner_break_even_orders": 7.17592075344528,
  "queue_wait_avg": 0.0462962962962963,
  "runner_utilization_driving_pct": 54.298306105845775,
  "runner_utilization_prep_pct": 0.0,
  "runner_utilization_idle_pct": 45.701693894154225,
  "distance_per_delivery_avg": 1787.5746439515801,
  "zone_service_times": {
    "hole_6": 19.78413096708955,
    "hole_13": 15.694997064221054,
    "hole_15": 13.691447261769948,
    "hole_2": 21.94410671074705,
    "hole_5": 22.185014887207366,
    "hole_-1": 10.489256523907429,
    "hole_9": 13.39906941560736,
    "hole_14": 14.589349648016984,
    "hole_11": 13.789114235881607,
    "hole_4": 21.39062186436519,
    "hole_16": 13.461186905394788,
    "hole_18": 11.491165165680771
  },
  "total_revenue": 600.0,
  "total_orders": 20,
  "successful_orders": 20,
  "failed_orders": 0,
  "total_rounds": 14,
  "active_runner_hours": 7.17592075344528
}