{
  "simulation_id": "delivery_dynamic_06",
  "runner_id": "runner_1",
  "revenue_per_round": 21.923076923076923,
  "orders_per_runner_hour": 2.681827092726916,
  "on_time_rate": 0.42105263157894735,
  "delivery_cycle_time_p90": 62.651579347924,
  "delivery_cycle_time_avg": 34.275295014056816,
  "failed_rate": 0.3,
  "second_runner_break_even_orders": 7.084722222222222,
  "queue_wait_avg": 20.812280701754386,
  "runner_utilization_driving_pct": 38.16330367276636,
  "runner_utilization_prep_pct": 0.0,
  "runner_utilization_idle_pct": 61.83669632723364,
  "distance_per_delivery_avg": 1163.5728089336153,
  "zone_service_times": {
    "hole_10": 11.979214945648557,
    "hole_11": 33.39400240209768,
    "hole_12": 53.73068428465761,
    "hole_17": 35.51428747376671,
    "hole_15": 64.41657386409646,
    "hole_6": 20.478352499955932,
    "hole_18": 28.825072287518466,
    "hole_9": 13.693860157721701
  },
  "total_revenue": 570.0,
  "total_orders": 30,
  "successful_orders": 19,
  "failed_orders": 9,
  "total_rounds": 26,
  "active_runner_hours": 7.084722222222222
}