{
  "simulation_id": "delivery_dynamic_03",
  "runner_id": "runner_1",
  "revenue_per_round": 17.586206896551722,
  "orders_per_runner_hour": 2.3684210526315788,
  "on_time_rate": 0.17647058823529413,
  "delivery_cycle_time_p90": 59.3092304690519,
  "delivery_cycle_time_avg": 41.07039633397976,
  "failed_rate": 0.475,
  "second_runner_break_even_orders": 7.177777777777778,
  "queue_wait_avg": 28.434313725490195,
  "runner_utilization_driving_pct": 35.836814365665354,
  "runner_utilization_prep_pct": 0.0,
  "runner_utilization_idle_pct": 64.16318563433464,
  "distance_per_delivery_avg": 885.7237564524918,
  "zone_service_times": {
    "hole_9": 11.173715393463802,
    "hole_14": 34.856015895264015,
    "hole_-1": 52.524396839894834,
    "hole_12": 60.35523165234681,
    "hole_15": 41.653439812388086,
    "hole_11": 35.05470814816696,
    "hole_10": 38.12971231139585,
    "hole_18": 24.796446374278943,
    "hole_16": 34.05944597735264
  },
  "total_revenue": 510.0,
  "total_orders": 40,
  "successful_orders": 17,
  "failed_orders": 19,
  "total_rounds": 29,
  "active_runner_hours": 7.177777777777778
}