{
  "simulation_id": "delivery_dynamic_10",
  "runner_id": "runner_1",
  "revenue_per_round": 21.0,
  "orders_per_runner_hour": 2.9810725552050474,
  "on_time_rate": 0.23809523809523808,
  "delivery_cycle_time_p90": 58.407848553237116,
  "delivery_cycle_time_avg": 39.4225367445814,
  "failed_rate": 0.35,
  "second_runner_break_even_orders": 7.044444444444444,
  "queue_wait_avg": 26.894444444444446,
  "runner_utilization_driving_pct": 31.995140878328048,
  "runner_utilization_prep_pct": 0.0,
  "runner_utilization_idle_pct": 68.00485912167196,
  "distance_per_delivery_avg": 849.4390128460177,
  "zone_service_times": {
    "hole_10": 11.174445735026227,
    "hole_18": 43.08703216853719,
    "hole_12": 36.821494573689144,
    "hole_14": 57.49389938603387,
    "hole_17": 42.61999679599903,
    "hole_13": 65.93054951224161,
    "hole_9": 13.301111247324297,
    "hole_16": 18.53952056999442,
    "hole_11": 28.126373219765323
  },
  "total_revenue": 630.0,
  "total_orders": 40,
  "successful_orders": 21,
  "failed_orders": 14,
  "total_rounds": 30,
  "active_runner_hours": 7.044444444444444
}