{
  "simulation_id": "delivery_dynamic_03",
  "runner_id": "runner_1",
  "revenue_per_round": 11.142857142857142,
  "orders_per_runner_hour": 1.845789785052258,
  "on_time_rate": 0.07692307692307693,
  "delivery_cycle_time_p90": 59.29623731621166,
  "delivery_cycle_time_avg": 49.897434674348915,
  "failed_rate": 0.6,
  "second_runner_break_even_orders": 7.043055555555555,
  "queue_wait_avg": 35.90769230769231,
  "runner_utilization_driving_pct": 32.275399792627596,
  "runner_utilization_prep_pct": 0.0,
  "runner_utilization_idle_pct": 67.7246002073724,
  "distance_per_delivery_avg": 1340.5534351966187,
  "zone_service_times": {
    "hole_4": 32.80993841167639,
    "hole_18": 57.31219880305428,
    "hole_7": 54.68468152552244,
    "hole_-1": 52.61773017322817,
    "hole_6": 60.08413096708955,
    "hole_10": 45.30456814335636,
    "hole_17": 57.26797549466331
  },
  "total_revenue": 390.0,
  "total_orders": 50,
  "successful_orders": 13,
  "failed_orders": 30,
  "total_rounds": 35,
  "active_runner_hours": 7.043055555555555
}