{
  "simulation_id": "delivery_dynamic_09",
  "runner_id": "2_runners",
  "revenue_per_round": 35.0,
  "orders_per_runner_hour": 3.95371641498333,
  "on_time_rate": 1.0,
  "delivery_cycle_time_p90": 27.840262392436237,
  "delivery_cycle_time_avg": 16.51176538310408,
  "failed_rate": 0.0,
  "second_runner_break_even_orders": 7.081944444444445,
  "queue_wait_avg": 3.8653333333333335,
  "runner_utilization_driving_pct": 71.43829933337294,
  "runner_utilization_prep_pct": 0.0,
  "runner_utilization_idle_pct": 28.56170066662706,
  "distance_per_delivery_avg": 1028.3531687229727,
  "zone_service_times": {
    "hole_10": 12.498949008968172,
    "hole_14": 14.82991310266122,
    "hole_11": 18.582847307634225,
    "hole_-1": 17.530969962569888,
    "hole_9": 13.426057003464363,
    "hole_18": 18.010068345310053,
    "hole_17": 25.355086150283267,
    "hole_12": 23.438133393608283,
    "hole_16": 19.337508987371013,
    "hole_8": 13.787464049708008
  },
  "total_revenue": 840.0,
  "total_orders": 30,
  "successful_orders": 28,
  "failed_orders": 0,
  "total_rounds": 24,
  "active_runner_hours": 7.081944444444445
}