{
  "simulation_id": "delivery_dynamic_09",
  "runner_id": "3_runners",
  "revenue_per_round": 44.44444444444444,
  "orders_per_runner_hour": 5.589093970230698,
  "on_time_rate": 0.775,
  "delivery_cycle_time_p90": 36.7285051881462,
  "delivery_cycle_time_avg": 21.499436510502488,
  "failed_rate": 0.0,
  "second_runner_break_even_orders": 7.1567950392412065,
  "queue_wait_avg": 7.279047619047619,
  "runner_utilization_driving_pct": 100.0,
  "runner_utilization_prep_pct": 0.0,
  "runner_utilization_idle_pct": 0.0,
  "distance_per_delivery_avg": 1723.7706675288357,
  "zone_service_times": {
    "hole_4": 19.374433822181253,
    "hole_14": 21.625307786791502,
    "hole_16": 22.171497007687748,
    "hole_3": 18.116775848949388,
    "hole_15": 28.283797700510856,
    "hole_11": 14.825557343300929,
    "hole_13": 17.809597489855697,
    "hole_10": 12.324638552012644,
    "hole_9": 13.131524716636099,
    "hole_17": 21.450907978503967,
    "hole_12": 30.06746244145559,
    "hole_8": 26.454613097751967,
    "hole_18": 20.952500521412468,
    "hole_6": 41.880663393564674,
    "hole_2": 19.494799578118847,
    "hole_7": 16.575385117188127
  },
  "total_revenue": 1200.0,
  "total_orders": 40,
  "successful_orders": 40,
  "failed_orders": 0,
  "total_rounds": 27,
  "active_runner_hours": 7.156795039241207
}