{
  "simulation_id": "delivery_dynamic_01",
  "runner_id": "runner_1",
  "revenue_per_round": 11.842105263157896,
  "orders_per_runner_hour": 0.9,
  "on_time_rate": 0.4444444444444444,
  "delivery_cycle_time_p90": 58.618184894470325,
  "delivery_cycle_time_avg": 38.291846670401846,
  "failed_rate": 0.6086956521739131,
  "second_runner_break_even_orders": 12.5,
  "queue_wait_avg": 0.0,
  "runner_utilization_driving_pct": 20.731158766465473,
  "runner_utilization_waiting_pct": 31.127497166124403,
  "distance_per_delivery_avg": 1212.7113963536326,
  "zone_service_times": {
    "hole_14": 11.99256404983292,
    "hole_12": 18.811335274610308,
    "hole_4": 27.032317056266525,
    "hole_3": 46.620299434660836,
    "hole_7": 57.99984583261054,
    "hole_2": 58.618184894470325,
    "hole_11": 47.81477917324737,
    "hole_16": 56.92595904330749
  },
  "total_revenue": 225.0,
  "total_orders": 23,
  "successful_orders": 9,
  "failed_orders": 14,
  "total_rounds": 19,
  "active_runner_hours": 10.0
}