{
  "simulation_id": "delivery_dynamic_03",
  "runner_id": "2_runners",
  "revenue_per_round": 30.0,
  "orders_per_runner_hour": 4.560357675111773,
  "on_time_rate": 0.5,
  "delivery_cycle_time_p90": 54.324732539667,
  "delivery_cycle_time_avg": 31.939250886070358,
  "failed_rate": 0.28,
  "second_runner_break_even_orders": 7.455555555555556,
  "queue_wait_avg": 19.27916666666667,
  "runner_utilization_driving_pct": 83.393923064235,
  "runner_utilization_prep_pct": 0.0,
  "runner_utilization_idle_pct": 16.606076935765003,
  "distance_per_delivery_avg": 1274.8353565431696,
  "zone_service_times": {
    "hole_-1": 31.262700857146935,
    "hole_9": 18.83643319869634,
    "hole_10": 35.400524016779734,
    "hole_12": 23.656110531694825,
    "hole_11": 32.61715892162186,
    "hole_16": 42.32966025993628,
    "hole_18": 36.61659917474523,
    "hole_6": 49.47919572542814,
    "hole_14": 45.13796902052436,
    "hole_4": 54.72653507649375,
    "hole_8": 13.77079738304128,
    "hole_13": 23.895770534160693,
    "hole_15": 14.072136281488929,
    "hole_17": 14.519072252637367
  },
  "total_revenue": 1020.0,
  "total_orders": 50,
  "successful_orders": 34,
  "failed_orders": 14,
  "total_rounds": 34,
  "active_runner_hours": 7.455555555555556
}