{
  "simulation_id": "delivery_dynamic_08",
  "runner_id": "runner_1",
  "revenue_per_round": 25.0,
  "orders_per_runner_hour": 2.7549263439831644,
  "on_time_rate": 0.35,
  "delivery_cycle_time_p90": 56.866356135529124,
  "delivery_cycle_time_avg": 34.416558164160485,
  "failed_rate": 0.26666666666666666,
  "second_runner_break_even_orders": 7.259722222222222,
  "queue_wait_avg": 23.0359649122807,
  "runner_utilization_driving_pct": 38.68489905651869,
  "runner_utilization_prep_pct": 0.0,
  "runner_utilization_idle_pct": 61.31510094348131,
  "distance_per_delivery_avg": 850.8835431579203,
  "zone_service_times": {
    "hole_9": 12.417441473302683,
    "hole_14": 23.168271522824035,
    "hole_15": 35.850173373046104,
    "hole_16": 37.04490065944944,
    "hole_-1": 39.93661906211705,
    "hole_12": 59.2459328515735,
    "hole_18": 28.98797951339594
  },
  "total_revenue": 600.0,
  "total_orders": 30,
  "successful_orders": 20,
  "failed_orders": 8,
  "total_rounds": 24,
  "active_runner_hours": 7.259722222222222
}