{
  "variantKey": "mid",
  "blockedHoles": [
    4,
    5,
    6
  ],
  "deliveryMetrics": {
    "totalOrders": 50,
    "successfulDeliveries": 49,
    "failedDeliveries": 0,
    "avgOrderTime": 31.1719331615447,
    "onTimePercentage": 57.14285714285714,
    "revenue": 1500.0,
    "ordersPerRunnerHour": 4.9,
    "lateOrders": 21,
    "runnerUtilizationPct": 32.31843709849074,
    "totalRunnerDriveMinutes": 581.7318677728334,
    "totalRunnerShiftMinutes": 1800.0,
    "runnerUtilizationByRunner": {
      "runner_1": {
        "driveMinutes": 191.9104461785622,
        "utilizationPct": 31.985074363093702,
        "shiftMinutes": 600.0
      },
      "runner_2": {
        "driveMinutes": 186.8168616528885,
        "utilizationPct": 31.13614360881475,
        "shiftMinutes": 600.0
      },
      "runner_3": {
        "driveMinutes": 203.0045599413825,
        "utilizationPct": 33.83409332356375,
        "shiftMinutes": 600.0
      }
    }
  },
  "bevCartMetrics": null,
  "hasRunners": true,
  "hasBevCart": false
}