{
  "simulation_id": "delivery_dynamic_07",
  "runner_id": "2_runners",
  "revenue_per_round": 37.5,
  "orders_per_runner_hour": 2.8698318165663963,
  "on_time_rate": 1.0,
  "delivery_cycle_time_p90": 16.301583432208012,
  "delivery_cycle_time_avg": 12.591189253788562,
  "failed_rate": 0.0,
  "second_runner_break_even_orders": 6.969049504764692,
  "queue_wait_avg": 0.7764705882352941,
  "runner_utilization_driving_pct": 21.061750592148908,
  "runner_utilization_prep_pct": 0.0,
  "runner_utilization_idle_pct": 78.93824940785109,
  "distance_per_delivery_avg": 1390.4562627277617,
  "zone_service_times": {
    "hole_18": 10.395508187988694,
    "hole_15": 14.055618577342404,
    "hole_17": 14.886032979856887,
    "hole_8": 12.040272570255526,
    "hole_16": 16.460492860513476,
    "hole_11": 11.758645932960887,
    "hole_12": 12.41447520546711,
    "hole_14": 13.093958954061145,
    "hole_13": 13.481590156675034,
    "hole_10": 10.6529682670669
  },
  "total_revenue": 600.0,
  "total_orders": 20,
  "successful_orders": 20,
  "failed_orders": 0,
  "total_rounds": 16,
  "active_runner_hours": 6.969049504764692
}