{
  "simulation_id": "delivery_dynamic_06",
  "runner_id": "2_runners",
  "revenue_per_round": 35.294117647058826,
  "orders_per_runner_hour": 2.909470342347964,
  "on_time_rate": 1.0,
  "delivery_cycle_time_p90": 24.52025266005697,
  "delivery_cycle_time_avg": 17.377812627200225,
  "failed_rate": 0.0,
  "second_runner_break_even_orders": 6.874103409440446,
  "queue_wait_avg": 3.26140350877193,
  "runner_utilization_driving_pct": 63.758748497814665,
  "runner_utilization_prep_pct": 0.0,
  "runner_utilization_idle_pct": 36.241251502185335,
  "distance_per_delivery_avg": 1437.905042739275,
  "zone_service_times": {
    "hole_10": 13.986675165279681,
    "hole_11": 19.14431227422673,
    "hole_4": 20.4948213753342,
    "hole_-1": 19.014396839894836,
    "hole_7": 19.86658727476985,
    "hole_6": 19.650983128901377,
    "hole_12": 24.688133393608283,
    "hole_9": 12.3226380897219,
    "hole_17": 13.998038777186958,
    "hole_15": 12.56763313785535
  },
  "total_revenue": 600.0,
  "total_orders": 20,
  "successful_orders": 20,
  "failed_orders": 0,
  "total_rounds": 17,
  "active_runner_hours": 6.874103409440446
}