{
  "simulation_id": "delivery_blocked_02",
  "runner_id": "3_runners",
  "revenue_per_round": 23.333333333333332,
  "orders_per_runner_hour": 1.4,
  "on_time_rate": 0.7857142857142857,
  "delivery_cycle_time_p90": 41.23888500786073,
  "delivery_cycle_time_avg": 24.158864452523698,
  "failed_rate": 0.0,
  "second_runner_break_even_orders": 12.5,
  "queue_wait_avg": 0.0,
  "runner_utilization_driving_pct": 11.988035119801932,
  "runner_utilization_waiting_pct": 6.387606051314111,
  "distance_per_delivery_avg": 1031.6770515321298,
  "zone_service_times": {
    "hole_9": 10.868519775162591,
    "hole_10": 13.736965987498055,
    "hole_4": 23.972382159269895,
    "hole_5": 31.76950533713589,
    "hole_6": 29.61185377073897,
    "hole_16": 47.68888220648617,
    "hole_7": 26.782229984280455,
    "hole_18": 15.459946210988225,
    "hole_17": 21.27915053381833,
    "hole_13": 20.121610681707292
  },
  "total_revenue": 350.0,
  "total_orders": 16,
  "successful_orders": 14,
  "failed_orders": 0,
  "total_rounds": 15,
  "active_runner_hours": 10.0
}