{
  "simulation_id": "delivery_dynamic_03",
  "runner_id": "runner_1",
  "revenue_per_round": 14.0625,
  "orders_per_runner_hour": 2.072538860103627,
  "on_time_rate": 0.13333333333333333,
  "delivery_cycle_time_p90": 65.71349296958432,
  "delivery_cycle_time_avg": 50.66656786270183,
  "failed_rate": 0.56,
  "second_runner_break_even_orders": 7.2375,
  "queue_wait_avg": 39.101190476190474,
  "runner_utilization_driving_pct": 28.667038152820435,
  "runner_utilization_prep_pct": 0.0,
  "runner_utilization_idle_pct": 71.33296184717956,
  "distance_per_delivery_avg": 1401.833468534483,
  "zone_service_times": {
    "hole_18": 45.835603718930415,
    "hole_3": 26.877667788320952,
    "hole_14": 52.03586407526919,
    "hole_10": 56.60424024597472,
    "hole_15": 67.72445156896926,
    "hole_16": 64.3728539033277,
    "hole_-1": 46.94211839573958,
    "hole_17": 61.787595328099755
  },
  "total_revenue": 450.0,
  "total_orders": 50,
  "successful_orders": 15,
  "failed_orders": 28,
  "total_rounds": 32,
  "active_runner_hours": 7.2375
}