{
  "simulation_id": "delivery_dynamic_04",
  "runner_id": "3_runners",
  "revenue_per_round": 45.45454545454545,
  "orders_per_runner_hour": 6.966483075448209,
  "on_time_rate": 0.64,
  "delivery_cycle_time_p90": 42.68255822304074,
  "delivery_cycle_time_avg": 25.3868408519385,
  "failed_rate": 0.0,
  "second_runner_break_even_orders": 7.177222632782052,
  "queue_wait_avg": 11.245486111111111,
  "runner_utilization_driving_pct": 100.0,
  "runner_utilization_prep_pct": 0.0,
  "runner_utilization_idle_pct": 0.0,
  "distance_per_delivery_avg": 1542.6345262513353,
  "zone_service_times": {
    "hole_14": 22.868409606058187,
    "hole_9": 13.996222445801752,
    "hole_7": 14.369308648492582,
    "hole_10": 20.238780457048637,
    "hole_-1": 22.415378246760167,
    "hole_4": 25.659673412194692,
    "hole_17": 22.57478410472175,
    "hole_15": 25.9876091613178,
    "hole_8": 20.070964437398167,
    "hole_5": 41.42279507097242,
    "hole_18": 36.13435754855926,
    "hole_3": 33.72543608582473,
    "hole_11": 21.011719250048557,
    "hole_13": 16.210359590312024,
    "hole_16": 26.328994834225522
  },
  "total_revenue": 1500.0,
  "total_orders": 50,
  "successful_orders": 50,
  "failed_orders": 0,
  "total_rounds": 33,
  "active_runner_hours": 7.177222632782052
}