{
  "simulation_id": "delivery_dynamic_08",
  "runner_id": "2_runners",
  "revenue_per_round": 40.90909090909091,
  "orders_per_runner_hour": 4.318523641803604,
  "on_time_rate": 0.8666666666666667,
  "delivery_cycle_time_p90": 33.32297165003537,
  "delivery_cycle_time_avg": 18.579608692909403,
  "failed_rate": 0.0,
  "second_runner_break_even_orders": 6.9468185167722485,
  "queue_wait_avg": 5.853703703703704,
  "runner_utilization_driving_pct": 59.53511524680525,
  "runner_utilization_prep_pct": 0.0,
  "runner_utilization_idle_pct": 40.46488475319475,
  "distance_per_delivery_avg": 1112.5885208175614,
  "zone_service_times": {
    "hole_15": 18.483493363215622,
    "hole_9": 13.681321928789785,
    "hole_17": 22.656128023956082,
    "hole_18": 13.62085282614968,
    "hole_16": 25.92750485167069,
    "hole_8": 14.213070207292336,
    "hole_12": 22.276210690576953,
    "hole_14": 46.927232719367204,
    "hole_11": 23.018638727659344
  },
  "total_revenue": 900.0,
  "total_orders": 30,
  "successful_orders": 30,
  "failed_orders": 0,
  "total_rounds": 22,
  "active_runner_hours": 6.9468185167722485
}