{
  "simulation_id": "delivery_dynamic_02",
  "runner_id": "2_runners",
  "revenue_per_round": 40.90909090909091,
  "orders_per_runner_hour": 4.200984617211463,
  "on_time_rate": 1.0,
  "delivery_cycle_time_p90": 26.05618194896285,
  "delivery_cycle_time_avg": 16.977880601182232,
  "failed_rate": 0.0,
  "second_runner_break_even_orders": 7.141183016259996,
  "queue_wait_avg": 2.918888888888889,
  "runner_utilization_driving_pct": 61.20506486760768,
  "runner_utilization_prep_pct": 0.0,
  "runner_utilization_idle_pct": 38.79493513239232,
  "distance_per_delivery_avg": 1363.821215330565,
  "zone_service_times": {
    "hole_2": 14.268857286955805,
    "hole_11": 13.677570902220031,
    "hole_18": 13.07564924869251,
    "hole_8": 13.987107774994486,
    "hole_6": 26.236793159114615,
    "hole_17": 18.890682848887703,
    "hole_9": 17.82894770721247,
    "hole_10": 18.78713215825622,
    "hole_4": 19.888268826708252,
    "hole_16": 19.95819898681463,
    "hole_3": 16.742890770836432
  },
  "total_revenue": 900.0,
  "total_orders": 30,
  "successful_orders": 30,
  "failed_orders": 0,
  "total_rounds": 22,
  "active_runner_hours": 7.141183016259996
}