{
  "simulation_id": "delivery_dynamic_03",
  "runner_id": "3_runners",
  "revenue_per_round": 37.5,
  "orders_per_runner_hour": 4.242069673676279,
  "on_time_rate": 1.0,
  "delivery_cycle_time_p90": 16.639347834917615,
  "delivery_cycle_time_avg": 14.70831057281051,
  "failed_rate": 0.0,
  "second_runner_break_even_orders": 7.072019629041426,
  "queue_wait_avg": 0.7706666666666667,
  "runner_utilization_driving_pct": 69.14838036302,
  "runner_utilization_prep_pct": 0.0,
  "runner_utilization_idle_pct": 30.851619636980004,
  "distance_per_delivery_avg": 1366.2056857976656,
  "zone_service_times": {
    "hole_14": 14.912320390994298,
    "hole_11": 14.966534391784565,
    "hole_17": 18.751078259824965,
    "hole_13": 15.949842895676042,
    "hole_-1": 10.69716890927854,
    "hole_7": 16.688214384651413,
    "hole_10": 11.102315166883454,
    "hole_15": 12.851563658187358,
    "hole_18": 13.039997816411192,
    "hole_16": 13.461186905394728,
    "hole_9": 12.883860399918557,
    "hole_12": 16.570582341897413
  },
  "total_revenue": 900.0,
  "total_orders": 30,
  "successful_orders": 30,
  "failed_orders": 0,
  "total_rounds": 24,
  "active_runner_hours": 7.072019629041426
}