{
  "simulation_id": "delivery_dynamic_10",
  "runner_id": "2_runners",
  "revenue_per_round": 39.54545454545455,
  "orders_per_runner_hour": 4.0919385476594545,
  "on_time_rate": 0.6896551724137931,
  "delivery_cycle_time_p90": 41.086032436345825,
  "delivery_cycle_time_avg": 20.770715939437274,
  "failed_rate": 0.0,
  "second_runner_break_even_orders": 7.087105454354316,
  "queue_wait_avg": 9.947826086956521,
  "runner_utilization_driving_pct": 66.96227871592066,
  "runner_utilization_prep_pct": 0.0,
  "runner_utilization_idle_pct": 33.03772128407934,
  "distance_per_delivery_avg": 968.0364177198924,
  "zone_service_times": {
    "hole_14": 14.725835041698065,
    "hole_15": 17.313378362577424,
    "hole_9": 16.44559563510918,
    "hole_18": 12.869283033955252,
    "hole_-1": 27.961648894525545,
    "hole_11": 42.17838587164382,
    "hole_12": 43.59801312458494,
    "hole_16": 21.073498679855703,
    "hole_10": 34.395304408776006,
    "hole_8": 13.729431358694233,
    "hole_13": 15.833470118401843
  },
  "total_revenue": 870.0,
  "total_orders": 30,
  "successful_orders": 29,
  "failed_orders": 0,
  "total_rounds": 22,
  "active_runner_hours": 7.087105454354316
}