{
  "simulation_id": "delivery_dynamic_10",
  "runner_id": "3_runners",
  "revenue_per_round": 39.130434782608695,
  "orders_per_runner_hour": 4.091802632029517,
  "on_time_rate": 1.0,
  "delivery_cycle_time_p90": 20.199997612989513,
  "delivery_cycle_time_avg": 15.114430672110585,
  "failed_rate": 0.0,
  "second_runner_break_even_orders": 7.331731927920512,
  "queue_wait_avg": 0.9384615384615385,
  "runner_utilization_driving_pct": 87.78639233374724,
  "runner_utilization_prep_pct": 0.0,
  "runner_utilization_idle_pct": 12.213607666252756,
  "distance_per_delivery_avg": 1445.1687058291554,
  "zone_service_times": {
    "hole_9": 11.506637472395106,
    "hole_10": 12.809465768379777,
    "hole_11": 15.222772560383389,
    "hole_12": 16.999932786418366,
    "hole_14": 15.222660439529804,
    "hole_8": 15.36130900915732,
    "hole_-1": 15.51711139817409,
    "hole_7": 16.34535154245838,
    "hole_6": 19.3701082869063,
    "hole_4": 20.29220753810987,
    "hole_5": 21.010042075006034,
    "hole_18": 12.02886546972101,
    "hole_15": 11.819339264479519
  },
  "total_revenue": 900.0,
  "total_orders": 30,
  "successful_orders": 30,
  "failed_orders": 0,
  "total_rounds": 23,
  "active_runner_hours": 7.331731927920512
}