{
  "simulation_id": "delivery_dynamic_05",
  "runner_id": "2_runners",
  "revenue_per_round": 44.0,
  "orders_per_runner_hour": 6.003411028993747,
  "on_time_rate": 0.3409090909090909,
  "delivery_cycle_time_p90": 57.95366870893429,
  "delivery_cycle_time_avg": 37.73660574326522,
  "failed_rate": 0.06,
  "second_runner_break_even_orders": 7.329166666666667,
  "queue_wait_avg": 25.63015873015873,
  "runner_utilization_driving_pct": 81.46212628145932,
  "runner_utilization_prep_pct": 0.0,
  "runner_utilization_idle_pct": 18.53787371854068,
  "distance_per_delivery_avg": 1099.2086206462088,
  "zone_service_times": {
    "hole_17": 30.411746894734648,
    "hole_11": 22.639120379282403,
    "hole_10": 18.30823887617025,
    "hole_9": 25.67519234242803,
    "hole_12": 40.71238034147937,
    "hole_18": 41.82970044210992,
    "hole_14": 49.066264840163555,
    "hole_15": 52.813532804959806,
    "hole_8": 13.786456193805922,
    "hole_13": 36.15660132146222
  },
  "total_revenue": 1320.0,
  "total_orders": 50,
  "successful_orders": 44,
  "failed_orders": 3,
  "total_rounds": 30,
  "active_runner_hours": 7.329166666666667
}