{
  "simulation_id": "delivery_dynamic_06",
  "runner_id": "3_runners",
  "revenue_per_round": 33.333333333333336,
  "orders_per_runner_hour": 2.801385786343636,
  "on_time_rate": 1.0,
  "delivery_cycle_time_p90": 13.46150822509193,
  "delivery_cycle_time_avg": 12.012051712462819,
  "failed_rate": 0.0,
  "second_runner_break_even_orders": 7.139323722386685,
  "queue_wait_avg": 0.08437499999999999,
  "runner_utilization_driving_pct": 23.085994811890707,
  "runner_utilization_prep_pct": 0.0,
  "runner_utilization_idle_pct": 76.91400518810929,
  "distance_per_delivery_avg": 1400.0772329732292,
  "zone_service_times": {
    "hole_17": 12.266176190433868,
    "hole_10": 10.890631246803256,
    "hole_18": 10.91649701359996,
    "hole_12": 12.898105195553065,
    "hole_2": 11.837901868153555,
    "hole_8": 12.001160640486326,
    "hole_11": 11.539978898756697,
    "hole_16": 13.745296750979469,
    "hole_14": 12.983223252375925,
    "hole_15": 13.464519521474601
  },
  "total_revenue": 600.0,
  "total_orders": 20,
  "successful_orders": 20,
  "failed_orders": 0,
  "total_rounds": 18,
  "active_runner_hours": 7.139323722386685
}