{
  "simulation_id": "delivery_blocked_01",
  "runner_id": "2_runners",
  "revenue_per_round": 14.473684210526315,
  "orders_per_runner_hour": 1.1,
  "on_time_rate": 0.6363636363636364,
  "delivery_cycle_time_p90": 51.13914909118537,
  "delivery_cycle_time_avg": 29.20874692852129,
  "failed_rate": 0.4090909090909091,
  "second_runner_break_even_orders": 12.5,
  "queue_wait_avg": 0.0,
  "runner_utilization_driving_pct": 17.81662562782537,
  "runner_utilization_waiting_pct": 15.802217286367876,
  "distance_per_delivery_avg": 906.463352096061,
  "zone_service_times": {
    "hole_2": 16.84758750149437,
    "hole_4": 21.731762436847657,
    "hole_7": 40.562165257134865,
    "hole_6": 51.99343081259303,
    "hole_14": 45.26979769306387,
    "hole_13": 35.87206901766137,
    "hole_9": 15.329484065833276,
    "hole_18": 15.454679549845604,
    "hole_1": 18.061659843742866,
    "hole_16": 24.301511017855894
  },
  "total_revenue": 275.0,
  "total_orders": 22,
  "successful_orders": 11,
  "failed_orders": 9,
  "total_rounds": 19,
  "active_runner_hours": 10.0
}