{
  "simulation_id": "delivery_dynamic_06",
  "runner_id": "runner_1",
  "revenue_per_round": 15.0,
  "orders_per_runner_hour": 2.2408091810931725,
  "on_time_rate": 0.125,
  "delivery_cycle_time_p90": 61.773556618022624,
  "delivery_cycle_time_avg": 45.77154758634921,
  "failed_rate": 0.5,
  "second_runner_break_even_orders": 7.1402777777777775,
  "queue_wait_avg": 33.153125,
  "runner_utilization_driving_pct": 27.285297346412126,
  "runner_utilization_prep_pct": 0.0,
  "runner_utilization_idle_pct": 72.71470265358788,
  "distance_per_delivery_avg": 879.7899890133335,
  "zone_service_times": {
    "hole_11": 13.508040859500094,
    "hole_18": 47.87110908672376,
    "hole_12": 55.92254626485483,
    "hole_10": 31.654266134863914,
    "hole_13": 47.36292073174324,
    "hole_17": 57.42875603226154
  },
  "total_revenue": 480.0,
  "total_orders": 40,
  "successful_orders": 16,
  "failed_orders": 20,
  "total_rounds": 32,
  "active_runner_hours": 7.1402777777777775
}