{
  "simulation_id": "delivery_dynamic_03",
  "runner_id": "runner_1",
  "revenue_per_round": 23.75,
  "orders_per_runner_hour": 2.635330379502986,
  "on_time_rate": 0.3684210526315789,
  "delivery_cycle_time_p90": 59.81966917837126,
  "delivery_cycle_time_avg": 37.30561088844601,
  "failed_rate": 0.26666666666666666,
  "second_runner_break_even_orders": 7.209722222222222,
  "queue_wait_avg": 23.589473684210528,
  "runner_utilization_driving_pct": 43.56703904549038,
  "runner_utilization_prep_pct": 0.0,
  "runner_utilization_idle_pct": 56.43296095450962,
  "distance_per_delivery_avg": 1248.622100623121,
  "zone_service_times": {
    "hole_11": 13.694237568886729,
    "hole_17": 36.91349432327079,
    "hole_18": 50.86834901338714,
    "hole_12": 47.34891825551152,
    "hole_14": 50.77870012161784,
    "hole_10": 30.52584631187098,
    "hole_13": 50.1584171780329,
    "hole_9": 18.260729145094896,
    "hole_8": 14.573328752433735
  },
  "total_revenue": 570.0,
  "total_orders": 30,
  "successful_orders": 19,
  "failed_orders": 8,
  "total_rounds": 24,
  "active_runner_hours": 7.209722222222222
}