{
  "variantKey": "mid_back",
  "blockedHoles": [
    4,
    5,
    6,
    10,
    11,
    12
  ],
  "deliveryMetrics": {
    "totalOrders": 30,
    "successfulDeliveries": 30,
    "failedDeliveries": 0,
    "avgOrderTime": 11.61599371141832,
    "onTimePercentage": 100.0,
    "revenue": 900.0,
    "ordersPerRunnerHour": 3.0,
    "lateOrders": 0,
    "runnerUtilizationPct": 11.131261441621989,
    "totalRunnerDriveMinutes": 200.3627059491958,
    "totalRunnerShiftMinutes": 1800.0,
    "runnerUtilizationByRunner": {
      "runner_1": {
        "driveMinutes": 120.9840526011856,
        "utilizationPct": 20.164008766864267,
        "shiftMinutes": 600.0
      },
      "runner_2": {
        "driveMinutes": 63.246112738936446,
        "utilizationPct": 10.541018789822742,
        "shiftMinutes": 600.0
      },
      "runner_3": {
        "driveMinutes": 16.132540609073747,
        "utilizationPct": 2.688756768178958,
        "shiftMinutes": 600.0
      }
    }
  },
  "bevCartMetrics": null,
  "hasRunners": true,
  "hasBevCart": false
}