{
  "simulation_id": "delivery_dynamic_01",
  "runner_id": "runner_1",
  "revenue_per_round": 17.8125,
  "orders_per_runner_hour": 2.611185340713877,
  "on_time_rate": 0.21052631578947367,
  "delivery_cycle_time_p90": 57.60579045663447,
  "delivery_cycle_time_avg": 42.00004588024503,
  "failed_rate": 0.45,
  "second_runner_break_even_orders": 7.2763888888888895,
  "queue_wait_avg": 29.696491228070176,
  "runner_utilization_driving_pct": 28.294585184934622,
  "runner_utilization_prep_pct": 0.0,
  "runner_utilization_idle_pct": 71.70541481506538,
  "distance_per_delivery_avg": 773.9943631307558,
  "zone_service_times": {
    "hole_10": 11.325408191333706,
    "hole_11": 29.8351878109315,
    "hole_18": 41.453850756064135,
    "hole_12": 50.812680094221164,
    "hole_13": 58.26388297167932,
    "hole_14": 52.85960346295245
  },
  "total_revenue": 570.0,
  "total_orders": 40,
  "successful_orders": 19,
  "failed_orders": 18,
  "total_rounds": 32,
  "active_runner_hours": 7.276388888888889
}