{
  "simulation_id": "delivery_dynamic_04",
  "runner_id": "runner_1",
  "revenue_per_round": 37.5,
  "orders_per_runner_hour": 2.8865162113891225,
  "on_time_rate": 0.95,
  "delivery_cycle_time_p90": 28.92446328118645,
  "delivery_cycle_time_avg": 17.669975305209753,
  "failed_rate": 0.0,
  "second_runner_break_even_orders": 6.928767599186665,
  "queue_wait_avg": 6.764705882352941,
  "runner_utilization_driving_pct": 22.33296403233817,
  "runner_utilization_prep_pct": 0.0,
  "runner_utilization_idle_pct": 77.66703596766183,
  "distance_per_delivery_avg": 1382.382219751023,
  "zone_service_times": {
    "hole_18": 13.899194039469862,
    "hole_17": 19.07504386806599,
    "hole_12": 25.576073778177367,
    "hole_10": 19.53831290522212,
    "hole_14": 16.757270836399705,
    "hole_9": 10.88453420424421,
    "hole_-1": 14.709841522849578,
    "hole_15": 18.76362891260863,
    "hole_8": 24.064486633355408
  },
  "total_revenue": 600.0,
  "total_orders": 20,
  "successful_orders": 20,
  "failed_orders": 0,
  "total_rounds": 16,
  "active_runner_hours": 6.928767599186665
}