{
  "course": "C:\\Main\\GIT\\simulation\\courses\\pinetree_country_club",
  "tee_scenario": "real_tee_sheet",
  "orders": 30,
  "variant": "front",
  "runners": 1,
  "runs": 10,
  "on_time_mean": 0.25886996904024767,
  "failed_mean": 0.33999999999999997,
  "p90_mean": 60.63278363363082,
  "avg_delivery_time_mean": 40.778022763363694,
  "oph_mean": 2.382218280513173,
  "on_time_wilson_lo": 0.5134401182890381,
  "on_time_wilson_hi": 0.6247898015112788,
  "total_successful_orders": 171,
  "total_orders": 300,
  "group_dir": "C:\\Main\\GIT\\simulation\\output\\pinetree_country_club\\20250828_082152_real_tee_sheet\\first_pass\\orders_030\\runners_1\\front"
}