{
  "simulation_id": "delivery_dynamic_01",
  "runner_id": "3_runners",
  "revenue_per_round": 48.0,
  "orders_per_runner_hour": 5.614339325900869,
  "on_time_rate": 1.0,
  "delivery_cycle_time_p90": 19.915404248599337,
  "delivery_cycle_time_avg": 15.01052270894284,
  "failed_rate": 0.0,
  "second_runner_break_even_orders": 7.124613899887795,
  "queue_wait_avg": 1.6053763440860216,
  "runner_utilization_driving_pct": 78.12998236756854,
  "runner_utilization_prep_pct": 0.0,
  "runner_utilization_idle_pct": 21.870017632431455,
  "distance_per_delivery_avg": 1265.4956302047942,
  "zone_service_times": {
    "hole_10": 13.009254272094191,
    "hole_18": 13.082494565821898,
    "hole_15": 18.198701441097274,
    "hole_17": 16.08127972220636,
    "hole_16": 26.036720001550567,
    "hole_8": 14.753774441661154,
    "hole_9": 12.265415241458706,
    "hole_11": 15.593039886431992
  },
  "total_revenue": 1200.0,
  "total_orders": 40,
  "successful_orders": 40,
  "failed_orders": 0,
  "total_rounds": 25,
  "active_runner_hours": 7.124613899887795
}