{
  "simulation_id": "delivery_dynamic_05",
  "runner_id": "2_runners",
  "revenue_per_round": 31.57894736842105,
  "orders_per_runner_hour": 2.934636450172953,
  "on_time_rate": 1.0,
  "delivery_cycle_time_p90": 17.650752043618105,
  "delivery_cycle_time_avg": 13.579215709336777,
  "failed_rate": 0.0,
  "second_runner_break_even_orders": 6.815154224238338,
  "queue_wait_avg": 1.5655555555555556,
  "runner_utilization_driving_pct": 25.485383635653065,
  "runner_utilization_prep_pct": 0.0,
  "runner_utilization_idle_pct": 74.51461636434694,
  "distance_per_delivery_avg": 1731.6353107224807,
  "zone_service_times": {
    "hole_16": 15.244145393592847,
    "hole_18": 10.532965110405833,
    "hole_10": 11.147983615806272,
    "hole_17": 19.01583450989947,
    "hole_3": 13.066890865866966,
    "hole_6": 14.418508525088207,
    "hole_4": 14.273275569602992,
    "hole_-1": 14.950157474981703,
    "hole_14": 13.59871348170515,
    "hole_11": 17.728634786407685,
    "hole_9": 11.417040043915069,
    "hole_8": 12.673086705270785,
    "hole_2": 12.559253454300293
  },
  "total_revenue": 600.0,
  "total_orders": 20,
  "successful_orders": 20,
  "failed_orders": 0,
  "total_rounds": 19,
  "active_runner_hours": 6.815154224238338
}