{
  "simulation_id": "delivery_dynamic_07",
  "runner_id": "3_runners",
  "revenue_per_round": 44.44444444444444,
  "orders_per_runner_hour": 5.53194320097112,
  "on_time_rate": 0.95,
  "delivery_cycle_time_p90": 26.51744168824922,
  "delivery_cycle_time_avg": 18.078728035012723,
  "failed_rate": 0.0,
  "second_runner_break_even_orders": 7.230732230399273,
  "queue_wait_avg": 5.038725490196079,
  "runner_utilization_driving_pct": 94.54224344038225,
  "runner_utilization_prep_pct": 0.0,
  "runner_utilization_idle_pct": 5.457756559617749,
  "distance_per_delivery_avg": 1275.3926197642757,
  "zone_service_times": {
    "hole_8": 13.441136749059162,
    "hole_10": 23.18937061280624,
    "hole_6": 18.625432620881092,
    "hole_-1": 20.675735471565925,
    "hole_7": 23.764226902715443,
    "hole_18": 13.775089277682188,
    "hole_4": 20.225540871443204,
    "hole_14": 14.98958831082768,
    "hole_15": 14.519669986717563,
    "hole_16": 22.02701592311629,
    "hole_9": 16.497393477054842,
    "hole_11": 26.612792071962335,
    "hole_5": 21.250386582369174,
    "hole_17": 15.7066338153805
  },
  "total_revenue": 1200.0,
  "total_orders": 40,
  "successful_orders": 40,
  "failed_orders": 0,
  "total_rounds": 27,
  "active_runner_hours": 7.230732230399273
}