{
  "simulation_id": "delivery_dynamic_01",
  "runner_id": "runner_1",
  "revenue_per_round": 35.294117647058826,
  "orders_per_runner_hour": 2.815006912580364,
  "on_time_rate": 0.85,
  "delivery_cycle_time_p90": 33.87702496161775,
  "delivery_cycle_time_avg": 20.253697254225557,
  "failed_rate": 0.0,
  "second_runner_break_even_orders": 7.104778290461491,
  "queue_wait_avg": 9.079629629629629,
  "runner_utilization_driving_pct": 24.494874027043263,
  "runner_utilization_prep_pct": 0.0,
  "runner_utilization_idle_pct": 75.50512597295673,
  "distance_per_delivery_avg": 1499.062023042405,
  "zone_service_times": {
    "hole_12": 20.640216707205006,
    "hole_15": 13.31884571601698,
    "hole_17": 15.509211420639076,
    "hole_11": 25.85214342770614,
    "hole_13": 21.906928000811057,
    "hole_18": 31.970260019884783,
    "hole_14": 25.68503740205909,
    "hole_9": 11.51161023440891,
    "hole_10": 11.018976605078297,
    "hole_16": 13.146220710441776
  },
  "total_revenue": 600.0,
  "total_orders": 20,
  "successful_orders": 20,
  "failed_orders": 0,
  "total_rounds": 17,
  "active_runner_hours": 7.104778290461491
}