{
  "simulation_id": "delivery_dynamic_03",
  "runner_id": "3_runners",
  "revenue_per_round": 37.5,
  "orders_per_runner_hour": 3.024225211167076,
  "on_time_rate": 1.0,
  "delivery_cycle_time_p90": 13.597001149202175,
  "delivery_cycle_time_avg": 12.036448720935354,
  "failed_rate": 0.0,
  "second_runner_break_even_orders": 6.613264093609556,
  "queue_wait_avg": 0.04,
  "runner_utilization_driving_pct": 24.394318175122248,
  "runner_utilization_prep_pct": 0.0,
  "runner_utilization_idle_pct": 75.60568182487775,
  "distance_per_delivery_avg": 1444.6430790734537,
  "zone_service_times": {
    "hole_14": 13.615380148371848,
    "hole_13": 13.327597034556842,
    "hole_15": 13.85740330456556,
    "hole_18": 10.452130804095606,
    "hole_17": 12.204196818483473,
    "hole_8": 11.953570845901535,
    "hole_12": 11.950352179327153,
    "hole_10": 10.88163612967528
  },
  "total_revenue": 600.0,
  "total_orders": 20,
  "successful_orders": 20,
  "failed_orders": 0,
  "total_rounds": 16,
  "active_runner_hours": 6.613264093609556
}