{
  "simulation_id": "delivery_dynamic_09",
  "runner_id": "runner_1",
  "revenue_per_round": 17.77777777777778,
  "orders_per_runner_hour": 2.262372348782404,
  "on_time_rate": 0.125,
  "delivery_cycle_time_p90": 61.54513388692372,
  "delivery_cycle_time_avg": 46.31734655163843,
  "failed_rate": 0.3333333333333333,
  "second_runner_break_even_orders": 7.072222222222222,
  "queue_wait_avg": 34.782222222222224,
  "runner_utilization_driving_pct": 44.56546337504784,
  "runner_utilization_prep_pct": 0.0,
  "runner_utilization_idle_pct": 55.43453662495216,
  "distance_per_delivery_avg": 1246.2284413505167,
  "zone_service_times": {
    "hole_15": 41.1958053329078,
    "hole_10": 43.14422097559009,
    "hole_18": 49.09466917837126,
    "hole_8": 57.23878123700639,
    "hole_12": 51.329440856800346,
    "hole_11": 48.151972086084335,
    "hole_4": 45.405093572326585,
    "hole_9": 29.0742299691877
  },
  "total_revenue": 480.0,
  "total_orders": 30,
  "successful_orders": 16,
  "failed_orders": 10,
  "total_rounds": 27,
  "active_runner_hours": 7.072222222222222
}