{
  "simulation_id": "delivery_dynamic_07",
  "runner_id": "2_runners",
  "revenue_per_round": 37.5,
  "orders_per_runner_hour": 2.798214572492186,
  "on_time_rate": 1.0,
  "delivery_cycle_time_p90": 22.977492464247753,
  "delivery_cycle_time_avg": 14.642931615115222,
  "failed_rate": 0.0,
  "second_runner_break_even_orders": 7.147414711012427,
  "queue_wait_avg": 1.7718749999999999,
  "runner_utilization_driving_pct": 49.46489709874045,
  "runner_utilization_prep_pct": 0.0,
  "runner_utilization_idle_pct": 50.53510290125955,
  "distance_per_delivery_avg": 1083.7450226787155,
  "zone_service_times": {
    "hole_14": 14.820976806760902,
    "hole_18": 11.871854010089253,
    "hole_-1": 12.03911620792002,
    "hole_16": 12.193682592043295,
    "hole_9": 24.094748900585788,
    "hole_10": 11.397333629489811,
    "hole_6": 17.927012283480266,
    "hole_7": 16.21629942351907,
    "hole_15": 12.170277434052089,
    "hole_13": 15.676458988641631,
    "hole_8": 13.589413735139411
  },
  "total_revenue": 600.0,
  "total_orders": 20,
  "successful_orders": 20,
  "failed_orders": 0,
  "total_rounds": 16,
  "active_runner_hours": 7.147414711012427
}