{
  "variantKey": "front",
  "blockedHoles": [
    1,
    2,
    3
  ],
  "deliveryMetrics": {
    "totalOrders": 40,
    "successfulDeliveries": 39,
    "failedDeliveries": 0,
    "avgOrderTime": 21.08477082713092,
    "onTimePercentage": 79.48717948717949,
    "revenue": 1200.0,
    "ordersPerRunnerHour": 3.9,
    "lateOrders": 8,
    "runnerUtilizationPct": 24.25589234767255,
    "totalRunnerDriveMinutes": 436.6060622581059,
    "totalRunnerShiftMinutes": 1800.0,
    "runnerUtilizationByRunner": {
      "runner_3": {
        "driveMinutes": 125.30569650462398,
        "utilizationPct": 20.884282750770662,
        "shiftMinutes": 600.0
      },
      "runner_1": {
        "driveMinutes": 169.1625512794823,
        "utilizationPct": 28.193758546580383,
        "shiftMinutes": 600.0
      },
      "runner_2": {
        "driveMinutes": 142.13781447399973,
        "utilizationPct": 23.68963574566662,
        "shiftMinutes": 600.0
      }
    }
  },
  "bevCartMetrics": null,
  "hasRunners": true,
  "hasBevCart": false
}