{
  "simulation_id": "delivery_dynamic_01",
  "runner_id": "runner_1",
  "revenue_per_round": 25.0,
  "orders_per_runner_hour": 1.5135143045010002,
  "on_time_rate": 0.8461538461538461,
  "delivery_cycle_time_p90": 37.88881836920176,
  "delivery_cycle_time_avg": 20.26115871079553,
  "failed_rate": 0.0,
  "second_runner_break_even_orders": 10.736601531729535,
  "queue_wait_avg": 12.761904761904763,
  "runner_utilization_driving_pct": 20.34113552322233,
  "runner_utilization_prep_pct": 0.0,
  "runner_utilization_idle_pct": 79.65886447677767,
  "distance_per_delivery_avg": 1090.0194106226133,
  "zone_service_times": {
    "hole_16": 12.820563248404657,
    "hole_10": 24.27492243518985,
    "hole_17": 14.393514066466725,
    "hole_12": 36.090143999419524,
    "hole_9": 13.761922663093355,
    "hole_18": 17.633925761823654,
    "hole_7": 39.087934615723256
  },
  "total_revenue": 325.0,
  "total_orders": 13,
  "successful_orders": 13,
  "failed_orders": 0,
  "total_rounds": 13,
  "active_runner_hours": 8.589281225383628
}