{
  "simulation_id": "delivery_dynamic_06",
  "runner_id": "3_runners",
  "revenue_per_round": 37.74193548387097,
  "orders_per_runner_hour": 5.451317031944568,
  "on_time_rate": 1.0,
  "delivery_cycle_time_p90": 26.886335845037927,
  "delivery_cycle_time_avg": 16.62055225316541,
  "failed_rate": 0.0,
  "second_runner_break_even_orders": 7.154234430223205,
  "queue_wait_avg": 2.7083333333333335,
  "runner_utilization_driving_pct": 80.7018153529459,
  "runner_utilization_prep_pct": 0.0,
  "runner_utilization_idle_pct": 19.2981846470541,
  "distance_per_delivery_avg": 1384.5055570635786,
  "zone_service_times": {
    "hole_17": 18.41056513644571,
    "hole_9": 12.536489192805478,
    "hole_18": 15.695118944254455,
    "hole_11": 15.832093610161468,
    "hole_3": 21.528630274107876,
    "hole_13": 17.736284868530795,
    "hole_1": 12.877049477157318,
    "hole_14": 19.423311497098094,
    "hole_16": 18.03992160924172,
    "hole_10": 13.502290276493023,
    "hole_15": 17.53683755346392,
    "hole_4": 19.157019077720665,
    "hole_12": 13.969321053890901,
    "hole_2": 15.058053703514169
  },
  "total_revenue": 1170.0,
  "total_orders": 40,
  "successful_orders": 39,
  "failed_orders": 0,
  "total_rounds": 31,
  "active_runner_hours": 7.154234430223205
}