{
  "simulation_id": "delivery_dynamic_10",
  "runner_id": "runner_1",
  "revenue_per_round": 17.419354838709676,
  "orders_per_runner_hour": 2.5248392752776154,
  "on_time_rate": 0.16666666666666666,
  "delivery_cycle_time_p90": 60.44005156835168,
  "delivery_cycle_time_avg": 42.981007826832354,
  "failed_rate": 0.475,
  "second_runner_break_even_orders": 7.129166666666666,
  "queue_wait_avg": 31.19814814814815,
  "runner_utilization_driving_pct": 30.60222046191456,
  "runner_utilization_prep_pct": 0.0,
  "runner_utilization_idle_pct": 69.39777953808544,
  "distance_per_delivery_avg": 599.0408520378912,
  "zone_service_times": {
    "hole_10": 26.551942401063773,
    "hole_15": 31.384299804522016,
    "hole_11": 51.68103051483625,
    "hole_-1": 47.55480143770553,
    "hole_18": 43.901228247685005,
    "hole_13": 62.5931256553083,
    "hole_17": 43.70506804407566
  },
  "total_revenue": 540.0,
  "total_orders": 40,
  "successful_orders": 18,
  "failed_orders": 19,
  "total_rounds": 31,
  "active_runner_hours": 7.129166666666666
}