{
  "simulation_id": "delivery_dynamic_08",
  "runner_id": "2_runners",
  "revenue_per_round": 37.5,
  "orders_per_runner_hour": 2.9902931757222704,
  "on_time_rate": 0.95,
  "delivery_cycle_time_p90": 26.110391668546033,
  "delivery_cycle_time_avg": 16.12934401546497,
  "failed_rate": 0.0,
  "second_runner_break_even_orders": 6.688307408242415,
  "queue_wait_avg": 2.7357142857142858,
  "runner_utilization_driving_pct": 60.16214135996694,
  "runner_utilization_prep_pct": 0.0,
  "runner_utilization_idle_pct": 39.83785864003306,
  "distance_per_delivery_avg": 1416.019589196229,
  "zone_service_times": {
    "hole_12": 17.840545409511126,
    "hole_-1": 10.6676218956651,
    "hole_11": 15.154859116776061,
    "hole_8": 13.185028289286553,
    "hole_9": 14.23054492761988,
    "hole_16": 19.749371613386515,
    "hole_13": 18.345770534160692,
    "hole_4": 33.07395519769859,
    "hole_2": 21.910773377413715,
    "hole_17": 13.964705443853624,
    "hole_10": 11.569842794236017,
    "hole_15": 12.534299804522016
  },
  "total_revenue": 600.0,
  "total_orders": 20,
  "successful_orders": 20,
  "failed_orders": 0,
  "total_rounds": 16,
  "active_runner_hours": 6.688307408242415
}