{
  "simulation_id": "delivery_dynamic_05",
  "runner_id": "3_runners",
  "revenue_per_round": 35.294117647058826,
  "orders_per_runner_hour": 2.8645619979223835,
  "on_time_rate": 1.0,
  "delivery_cycle_time_p90": 17.37769319287517,
  "delivery_cycle_time_avg": 14.604160938792702,
  "failed_rate": 0.0,
  "second_runner_break_even_orders": 6.98187018277337,
  "queue_wait_avg": 0.07254901960784314,
  "runner_utilization_driving_pct": 57.77830182477282,
  "runner_utilization_prep_pct": 0.0,
  "runner_utilization_idle_pct": 42.22169817522718,
  "distance_per_delivery_avg": 1526.2780754343478,
  "zone_service_times": {
    "hole_13": 17.406902873126395,
    "hole_17": 15.297347679954571,
    "hole_9": 11.960355954358178,
    "hole_8": 13.97004421498316,
    "hole_3": 17.027667788320954,
    "hole_15": 16.933468669295113,
    "hole_11": 13.516201922345136,
    "hole_10": 11.174445735026287,
    "hole_18": 11.098079426351251
  },
  "total_revenue": 600.0,
  "total_orders": 20,
  "successful_orders": 20,
  "failed_orders": 0,
  "total_rounds": 17,
  "active_runner_hours": 6.98187018277337
}