{
  "simulation_id": "delivery_dynamic_02",
  "runner_id": "3_runners",
  "revenue_per_round": 42.857142857142854,
  "orders_per_runner_hour": 2.833141314660502,
  "on_time_rate": 1.0,
  "delivery_cycle_time_p90": 14.580455681216256,
  "delivery_cycle_time_avg": 12.239799240679671,
  "failed_rate": 0.0,
  "second_runner_break_even_orders": 7.059301947455671,
  "queue_wait_avg": 0.21212121212121213,
  "runner_utilization_driving_pct": 25.24024252455449,
  "runner_utilization_prep_pct": 0.0,
  "runner_utilization_idle_pct": 74.75975747544551,
  "distance_per_delivery_avg": 1528.6554532893642,
  "zone_service_times": {
    "hole_10": 10.87585600289169,
    "hole_9": 10.842255956450586,
    "hole_17": 12.241667985074493,
    "hole_8": 12.108972560773388,
    "hole_4": 14.62341434135275,
    "hole_18": 11.148623394351064,
    "hole_15": 13.121199934505299,
    "hole_7": 13.532944898388632,
    "hole_11": 11.545301453074353,
    "hole_-1": 14.86415273965619,
    "hole_6": 14.193827739987803
  },
  "total_revenue": 600.0,
  "total_orders": 20,
  "successful_orders": 20,
  "failed_orders": 0,
  "total_rounds": 14,
  "active_runner_hours": 7.059301947455671
}