{
  "variantKey": "front",
  "blockedHoles": [
    1,
    2,
    3
  ],
  "deliveryMetrics": {
    "totalOrders": 50,
    "successfulDeliveries": 49,
    "failedDeliveries": 0,
    "avgOrderTime": 22.87972533620689,
    "onTimePercentage": 75.51020408163265,
    "revenue": 1500.0,
    "ordersPerRunnerHour": 4.9,
    "lateOrders": 12,
    "runnerUtilizationPct": 30.55195071681715,
    "totalRunnerDriveMinutes": 549.9351129027087,
    "totalRunnerShiftMinutes": 1800.0,
    "runnerUtilizationByRunner": {
      "runner_1": {
        "driveMinutes": 179.77249549110635,
        "utilizationPct": 29.962082581851057,
        "shiftMinutes": 600.0
      },
      "runner_3": {
        "driveMinutes": 185.25547915763934,
        "utilizationPct": 30.87591319293989,
        "shiftMinutes": 600.0
      },
      "runner_2": {
        "driveMinutes": 184.90713825396338,
        "utilizationPct": 30.81785637566056,
        "shiftMinutes": 600.0
      }
    }
  },
  "bevCartMetrics": null,
  "hasRunners": true,
  "hasBevCart": false
}