{
  "simulation_id": "delivery_dynamic_09",
  "runner_id": "runner_1",
  "revenue_per_round": 36.0,
  "orders_per_runner_hour": 2.473754533307883,
  "on_time_rate": 0.6666666666666666,
  "delivery_cycle_time_p90": 37.572823427345064,
  "delivery_cycle_time_avg": 24.024357664228354,
  "failed_rate": 0.0,
  "second_runner_break_even_orders": 7.2763888888888895,
  "queue_wait_avg": 13.297916666666666,
  "runner_utilization_driving_pct": 39.354371849353136,
  "runner_utilization_prep_pct": 0.0,
  "runner_utilization_idle_pct": 60.645628150646864,
  "distance_per_delivery_avg": 740.5397307362798,
  "zone_service_times": {
    "hole_9": 15.343530980543134,
    "hole_7": 14.52631976972031,
    "hole_18": 29.571449947753926,
    "hole_17": 29.834642161329974,
    "hole_10": 30.14156619726788,
    "hole_-1": 24.9685635065615,
    "hole_15": 26.47478059510328,
    "hole_16": 41.54103827102517,
    "hole_14": 17.053371470258085,
    "hole_11": 37.131910666936164
  },
  "total_revenue": 540.0,
  "total_orders": 20,
  "successful_orders": 18,
  "failed_orders": 0,
  "total_rounds": 15,
  "active_runner_hours": 7.276388888888889
}