{
  "simulation_id": "delivery_dynamic_09",
  "runner_id": "2_runners",
  "revenue_per_round": 40.0,
  "orders_per_runner_hour": 2.7581953275739464,
  "on_time_rate": 1.0,
  "delivery_cycle_time_p90": 17.577035292766478,
  "delivery_cycle_time_avg": 13.735603494642618,
  "failed_rate": 0.0,
  "second_runner_break_even_orders": 7.25111807712023,
  "queue_wait_avg": 0.4077777777777778,
  "runner_utilization_driving_pct": 43.67693658498176,
  "runner_utilization_prep_pct": 0.0,
  "runner_utilization_idle_pct": 56.32306341501824,
  "distance_per_delivery_avg": 1152.4027741999205,
  "zone_service_times": {
    "hole_17": 14.974124593395487,
    "hole_18": 10.759582421855976,
    "hole_16": 17.69056982606186,
    "hole_9": 12.975673403047601,
    "hole_8": 16.487418857578813,
    "hole_11": 13.665838272998522,
    "hole_10": 11.929214945648589
  },
  "total_revenue": 600.0,
  "total_orders": 20,
  "successful_orders": 20,
  "failed_orders": 0,
  "total_rounds": 15,
  "active_runner_hours": 7.251118077120231
}