{
  "simulation_id": "delivery_dynamic_01",
  "runner_id": "3_runners",
  "revenue_per_round": 35.294117647058826,
  "orders_per_runner_hour": 2.776285511790786,
  "on_time_rate": 1.0,
  "delivery_cycle_time_p90": 23.40459738696034,
  "delivery_cycle_time_avg": 17.681519182020477,
  "failed_rate": 0.0,
  "second_runner_break_even_orders": 7.2038700324807055,
  "queue_wait_avg": 0.781578947368421,
  "runner_utilization_driving_pct": 56.06981874999729,
  "runner_utilization_prep_pct": 0.0,
  "runner_utilization_idle_pct": 43.93018125000271,
  "distance_per_delivery_avg": 2331.5104451588795,
  "zone_service_times": {
    "hole_14": 14.568823855760638,
    "hole_9": 11.571071312762069,
    "hole_15": 12.645345606138592,
    "hole_3": 20.772792476788407,
    "hole_16": 15.097164651048601,
    "hole_2": 22.696455624844443,
    "hole_5": 22.756048286713245,
    "hole_13": 26.513571108564733,
    "hole_4": 21.216943838712663,
    "hole_18": 12.078865469720949,
    "hole_17": 14.325962975739094,
    "hole_-1": 10.381063506561501,
    "hole_12": 17.57189831901354
  },
  "total_revenue": 600.0,
  "total_orders": 20,
  "successful_orders": 20,
  "failed_orders": 0,
  "total_rounds": 17,
  "active_runner_hours": 7.2038700324807055
}