{
  "simulation_id": "delivery_dynamic_05",
  "runner_id": "3_runners",
  "revenue_per_round": 37.5,
  "orders_per_runner_hour": 4.135729009424435,
  "on_time_rate": 1.0,
  "delivery_cycle_time_p90": 20.67024144380705,
  "delivery_cycle_time_avg": 15.32466802476716,
  "failed_rate": 0.0,
  "second_runner_break_even_orders": 7.2538601856254274,
  "queue_wait_avg": 0.8118055555555556,
  "runner_utilization_driving_pct": 84.46942969739088,
  "runner_utilization_prep_pct": 0.0,
  "runner_utilization_idle_pct": 15.53057030260912,
  "distance_per_delivery_avg": 1570.875122988432,
  "zone_service_times": {
    "hole_9": 12.435152915180273,
    "hole_14": 14.549004872921069,
    "hole_13": 16.32002196403737,
    "hole_10": 14.087724474339868,
    "hole_17": 14.519072252637367,
    "hole_12": 17.22619170961252,
    "hole_18": 13.634607446641592,
    "hole_5": 21.113547662020938,
    "hole_7": 16.177224891518524,
    "hole_15": 13.206753601094714,
    "hole_-1": 10.414396839894835,
    "hole_8": 14.195630819919824,
    "hole_11": 27.359074922364744
  },
  "total_revenue": 900.0,
  "total_orders": 30,
  "successful_orders": 30,
  "failed_orders": 0,
  "total_rounds": 24,
  "active_runner_hours": 7.2538601856254274
}