{
  "simulation_id": "delivery_dynamic_07",
  "runner_id": "3_runners",
  "revenue_per_round": 41.37931034482759,
  "orders_per_runner_hour": 5.792669108860655,
  "on_time_rate": 1.0,
  "delivery_cycle_time_p90": 21.440184454978272,
  "delivery_cycle_time_avg": 16.02389966049139,
  "failed_rate": 0.0,
  "second_runner_break_even_orders": 6.905279629871263,
  "queue_wait_avg": 1.3676190476190475,
  "runner_utilization_driving_pct": 100.0,
  "runner_utilization_prep_pct": 0.0,
  "runner_utilization_idle_pct": 0.0,
  "distance_per_delivery_avg": 1621.9502859251081,
  "zone_service_times": {
    "hole_7": 16.414977256572698,
    "hole_2": 22.873952314297547,
    "hole_6": 19.123856945446438,
    "hole_9": 13.504404646095402,
    "hole_-1": 14.353445824857944,
    "hole_10": 13.125332124586526,
    "hole_18": 12.665606230796463,
    "hole_4": 20.959388295878583,
    "hole_17": 14.180049937868109,
    "hole_5": 27.382370558907738,
    "hole_14": 14.839291233027325,
    "hole_16": 13.113831317715267,
    "hole_15": 14.587476968597262,
    "hole_13": 15.643125655308298,
    "hole_3": 21.463137086301685,
    "hole_8": 15.8542977707315
  },
  "total_revenue": 1200.0,
  "total_orders": 40,
  "successful_orders": 40,
  "failed_orders": 0,
  "total_rounds": 29,
  "active_runner_hours": 6.905279629871263
}