{
  "simulation_id": "delivery_dynamic_07",
  "runner_id": "3_runners",
  "revenue_per_round": 39.0,
  "orders_per_runner_hour": 5.438907714259086,
  "on_time_rate": 0.9743589743589743,
  "delivery_cycle_time_p90": 27.49591047559097,
  "delivery_cycle_time_avg": 18.749404604757032,
  "failed_rate": 0.0,
  "second_runner_break_even_orders": 7.17055740764904,
  "queue_wait_avg": 4.529901960784314,
  "runner_utilization_driving_pct": 100.0,
  "runner_utilization_prep_pct": 0.0,
  "runner_utilization_idle_pct": 0.0,
  "distance_per_delivery_avg": 1612.8871266855413,
  "zone_service_times": {
    "hole_11": 20.12433642077007,
    "hole_12": 19.394116582970213,
    "hole_16": 17.269402565356156,
    "hole_9": 17.122687601917544,
    "hole_4": 23.962032592129255,
    "hole_13": 15.262437200827359,
    "hole_14": 16.649441814245648,
    "hole_-1": 18.64773017322817,
    "hole_7": 23.461900529479166,
    "hole_18": 13.33242392646971,
    "hole_5": 21.770992548840333,
    "hole_6": 18.468386340254984
  },
  "total_revenue": 1170.0,
  "total_orders": 40,
  "successful_orders": 39,
  "failed_orders": 0,
  "total_rounds": 30,
  "active_runner_hours": 7.17055740764904
}