{
  "simulation_id": "delivery_dynamic_01",
  "runner_id": "3_runners",
  "revenue_per_round": 42.857142857142854,
  "orders_per_runner_hour": 5.443425172616961,
  "on_time_rate": 0.925,
  "delivery_cycle_time_p90": 29.931699775744608,
  "delivery_cycle_time_avg": 19.48546301865182,
  "failed_rate": 0.0,
  "second_runner_break_even_orders": 7.34831447692515,
  "queue_wait_avg": 4.366228070175438,
  "runner_utilization_driving_pct": 100.0,
  "runner_utilization_prep_pct": 0.0,
  "runner_utilization_idle_pct": 0.0,
  "distance_per_delivery_avg": 1793.4155742670112,
  "zone_service_times": {
    "hole_7": 15.172486370032514,
    "hole_4": 22.996287132933443,
    "hole_12": 22.8053646756486,
    "hole_14": 15.902157189093971,
    "hole_11": 17.969569307456247,
    "hole_10": 10.782937111505513,
    "hole_-1": 19.978811453791906,
    "hole_9": 20.75173703085138,
    "hole_13": 16.667684973197012,
    "hole_8": 32.71351329894814,
    "hole_18": 21.83211912937972,
    "hole_5": 22.72271495337991,
    "hole_2": 22.79879277337968,
    "hole_17": 16.46797549466331,
    "hole_15": 14.072136281488929
  },
  "total_revenue": 1200.0,
  "total_orders": 40,
  "successful_orders": 40,
  "failed_orders": 0,
  "total_rounds": 28,
  "active_runner_hours": 7.34831447692515
}