{
  "simulation_id": "delivery_dynamic_03",
  "runner_id": "2_runners",
  "revenue_per_round": 35.0,
  "orders_per_runner_hour": 4.850069966587677,
  "on_time_rate": 0.6285714285714286,
  "delivery_cycle_time_p90": 53.09999245259443,
  "delivery_cycle_time_avg": 28.14640829175922,
  "failed_rate": 0.1,
  "second_runner_break_even_orders": 7.216390740982374,
  "queue_wait_avg": 14.889047619047618,
  "runner_utilization_driving_pct": 79.94543096683844,
  "runner_utilization_prep_pct": 0.0,
  "runner_utilization_idle_pct": 20.054569033161556,
  "distance_per_delivery_avg": 1094.4731860310956,
  "zone_service_times": {
    "hole_-1": 34.65752597423176,
    "hole_14": 15.70143383887091,
    "hole_9": 24.83996559784508,
    "hole_16": 13.880521513483895,
    "hole_2": 26.065613497476473,
    "hole_15": 23.141874209892617,
    "hole_10": 41.32553204197627,
    "hole_6": 51.963097068565126,
    "hole_11": 54.32838587164382,
    "hole_8": 30.545136606986674,
    "hole_18": 17.695567378015525,
    "hole_13": 15.676458988641631,
    "hole_5": 23.970992548840393
  },
  "total_revenue": 1050.0,
  "total_orders": 40,
  "successful_orders": 35,
  "failed_orders": 4,
  "total_rounds": 30,
  "active_runner_hours": 7.216390740982374
}