{
  "simulation_id": "delivery_dynamic_04",
  "runner_id": "2_runners",
  "revenue_per_round": 36.0,
  "orders_per_runner_hour": 4.194186379105117,
  "on_time_rate": 0.7333333333333333,
  "delivery_cycle_time_p90": 44.62762679229618,
  "delivery_cycle_time_avg": 24.181263942951414,
  "failed_rate": 0.0,
  "second_runner_break_even_orders": 7.152757957885715,
  "queue_wait_avg": 10.960344827586207,
  "runner_utilization_driving_pct": 76.10946231261165,
  "runner_utilization_prep_pct": 0.0,
  "runner_utilization_idle_pct": 23.890537687388345,
  "distance_per_delivery_avg": 1204.9846848316747,
  "zone_service_times": {
    "hole_9": 17.548054187373477,
    "hole_13": 15.502781349454017,
    "hole_11": 39.62475954866832,
    "hole_12": 29.41284245498747,
    "hole_16": 22.7971646510486,
    "hole_-1": 13.689396839894835,
    "hole_15": 18.85491042732425,
    "hole_14": 32.874708400186925,
    "hole_18": 22.205492269750053,
    "hole_10": 14.431581417149875,
    "hole_7": 14.826319769720309
  },
  "total_revenue": 900.0,
  "total_orders": 30,
  "successful_orders": 30,
  "failed_orders": 0,
  "total_rounds": 25,
  "active_runner_hours": 7.152757957885715
}