{
  "simulation_id": "delivery_dynamic_02",
  "runner_id": "2_runners",
  "revenue_per_round": 42.857142857142854,
  "orders_per_runner_hour": 2.9412707457787146,
  "on_time_rate": 0.95,
  "delivery_cycle_time_p90": 29.062270610324322,
  "delivery_cycle_time_avg": 20.089307530566565,
  "failed_rate": 0.0,
  "second_runner_break_even_orders": 6.799782042745919,
  "queue_wait_avg": 4.112745098039215,
  "runner_utilization_driving_pct": 69.08787227118208,
  "runner_utilization_prep_pct": 0.0,
  "runner_utilization_idle_pct": 30.91212772881792,
  "distance_per_delivery_avg": 2215.4073302703646,
  "zone_service_times": {
    "hole_5": 25.810876089477155,
    "hole_9": 10.80970977466756,
    "hole_10": 24.235257472909474,
    "hole_13": 16.09048140539265,
    "hole_14": 21.81476584751287,
    "hole_4": 26.09939586572889,
    "hole_2": 21.910773377413715,
    "hole_11": 19.010933576075935,
    "hole_12": 18.411025178468865,
    "hole_-1": 10.381063506561501,
    "hole_8": 13.572747068472745,
    "hole_18": 13.746446374278943
  },
  "total_revenue": 600.0,
  "total_orders": 20,
  "successful_orders": 20,
  "failed_orders": 0,
  "total_rounds": 14,
  "active_runner_hours": 6.799782042745919
}