{
  "simulation_id": "delivery_dynamic_07",
  "runner_id": "2_runners",
  "revenue_per_round": 29.142857142857142,
  "orders_per_runner_hour": 4.639878695981804,
  "on_time_rate": 0.3235294117647059,
  "delivery_cycle_time_p90": 59.37260090703112,
  "delivery_cycle_time_avg": 38.116112301636356,
  "failed_rate": 0.28,
  "second_runner_break_even_orders": 7.3277777777777775,
  "queue_wait_avg": 23.952525252525252,
  "runner_utilization_driving_pct": 90.44518773278847,
  "runner_utilization_prep_pct": 0.0,
  "runner_utilization_idle_pct": 9.554812267211531,
  "distance_per_delivery_avg": 1635.672556879228,
  "zone_service_times": {
    "hole_14": 29.780563807223455,
    "hole_5": 22.39202612122669,
    "hole_13": 31.616226124715283,
    "hole_12": 43.45159404452008,
    "hole_11": 50.1333647062101,
    "hole_6": 55.8544798080853,
    "hole_-1": 41.74083900098165,
    "hole_18": 35.72846145976139,
    "hole_7": 58.80134819218911,
    "hole_17": 36.294444739019774,
    "hole_9": 17.102710462760115
  },
  "total_revenue": 1020.0,
  "total_orders": 50,
  "successful_orders": 34,
  "failed_orders": 14,
  "total_rounds": 35,
  "active_runner_hours": 7.3277777777777775
}