{
  "simulation_id": "delivery_dynamic_01",
  "runner_id": "runner_1",
  "revenue_per_round": 30.0,
  "orders_per_runner_hour": 1.3616567933752668,
  "on_time_rate": 1.0,
  "delivery_cycle_time_p90": 20.71235418395564,
  "delivery_cycle_time_avg": 13.048729471733814,
  "failed_rate": 0.0,
  "second_runner_break_even_orders": 7.343994498945699,
  "queue_wait_avg": 1.8925925925925926,
  "runner_utilization_driving_pct": 13.671401430103552,
  "runner_utilization_prep_pct": 0.0,
  "runner_utilization_idle_pct": 86.32859856989644,
  "distance_per_delivery_avg": 968.685219648352,
  "zone_service_times": {
    "hole_14": 12.698567079139245,
    "hole_8": 13.887963596758224,
    "hole_12": 10.258871132405693,
    "hole_9": 12.539552575613955,
    "hole_18": 15.858692974751952
  },
  "total_revenue": 300.0,
  "total_orders": 10,
  "successful_orders": 10,
  "failed_orders": 0,
  "total_rounds": 10,
  "active_runner_hours": 7.343994498945699
}