{
  "simulation_id": "delivery_dynamic_10",
  "runner_id": "2_runners",
  "revenue_per_round": 42.857142857142854,
  "orders_per_runner_hour": 4.07885623071659,
  "on_time_rate": 0.6,
  "delivery_cycle_time_p90": 48.58827701855385,
  "delivery_cycle_time_avg": 28.16455055061868,
  "failed_rate": 0.0,
  "second_runner_break_even_orders": 7.355003045726247,
  "queue_wait_avg": 14.983333333333333,
  "runner_utilization_driving_pct": 67.26300287672389,
  "runner_utilization_prep_pct": 0.0,
  "runner_utilization_idle_pct": 32.73699712327611,
  "distance_per_delivery_avg": 1404.5156516745426,
  "zone_service_times": {
    "hole_15": 32.635722691055705,
    "hole_13": 16.722697361928503,
    "hole_14": 17.12704950919906,
    "hole_11": 30.175796224883367,
    "hole_10": 32.88321491057381,
    "hole_17": 25.42225375869372,
    "hole_18": 28.74592896190083,
    "hole_16": 48.95819898681463,
    "hole_12": 33.47753802399369,
    "hole_9": 14.301111247324297
  },
  "total_revenue": 900.0,
  "total_orders": 30,
  "successful_orders": 30,
  "failed_orders": 0,
  "total_rounds": 21,
  "active_runner_hours": 7.355003045726248
}