{
  "simulation_id": "delivery_dynamic_08",
  "runner_id": "2_runners",
  "revenue_per_round": 38.4375,
  "orders_per_runner_hour": 5.549634783597222,
  "on_time_rate": 0.2682926829268293,
  "delivery_cycle_time_p90": 59.634095658212416,
  "delivery_cycle_time_avg": 40.89230450937877,
  "failed_rate": 0.16,
  "second_runner_break_even_orders": 7.3878735446126385,
  "queue_wait_avg": 27.447154471544714,
  "runner_utilization_driving_pct": 83.43009164260931,
  "runner_utilization_prep_pct": 0.0,
  "runner_utilization_idle_pct": 16.569908357390688,
  "distance_per_delivery_avg": 1157.5704127122433,
  "zone_service_times": {
    "hole_12": 41.19322917482828,
    "hole_6": 17.677941412619596,
    "hole_11": 19.627570902220032,
    "hole_10": 41.836490337241756,
    "hole_18": 38.36298988038092,
    "hole_17": 47.08206014454182,
    "hole_16": 57.94054813556651,
    "hole_9": 33.47763657733672,
    "hole_8": 42.5200067208688,
    "hole_14": 56.04486222270158,
    "hole_15": 39.004466513115766
  },
  "total_revenue": 1230.0,
  "total_orders": 50,
  "successful_orders": 41,
  "failed_orders": 8,
  "total_rounds": 32,
  "active_runner_hours": 7.3878735446126385
}