{
  "simulation_id": "delivery_dynamic_10",
  "runner_id": "runner_1",
  "revenue_per_round": 12.162162162162161,
  "orders_per_runner_hour": 2.066194757987373,
  "on_time_rate": 0.26666666666666666,
  "delivery_cycle_time_p90": 62.678354767143944,
  "delivery_cycle_time_avg": 42.46064808793648,
  "failed_rate": 0.56,
  "second_runner_break_even_orders": 7.259722222222222,
  "queue_wait_avg": 30.848809523809525,
  "runner_utilization_driving_pct": 29.304481103063644,
  "runner_utilization_prep_pct": 0.0,
  "runner_utilization_idle_pct": 70.69551889693636,
  "distance_per_delivery_avg": 1232.5910908799863,
  "zone_service_times": {
    "hole_14": 16.795366788284507,
    "hole_18": 41.62962138024566,
    "hole_17": 50.31999679599903,
    "hole_16": 67.79153232014797,
    "hole_12": 59.26956973180792,
    "hole_-1": 46.67080348973947,
    "hole_10": 26.458698200260795,
    "hole_9": 32.90556199886559,
    "hole_15": 54.01490171360226
  },
  "total_revenue": 450.0,
  "total_orders": 50,
  "successful_orders": 15,
  "failed_orders": 28,
  "total_rounds": 37,
  "active_runner_hours": 7.259722222222222
}