{
  "simulation_id": "delivery_dynamic_01",
  "runner_id": "2_runners",
  "revenue_per_round": 38.18181818181818,
  "orders_per_runner_hour": 5.92360430950049,
  "on_time_rate": 0.5238095238095238,
  "delivery_cycle_time_p90": 55.41960940379757,
  "delivery_cycle_time_avg": 32.309700332088,
  "failed_rate": 0.1,
  "second_runner_break_even_orders": 7.090277777777777,
  "queue_wait_avg": 20.191056910569106,
  "runner_utilization_driving_pct": 77.71267041165932,
  "runner_utilization_prep_pct": 0.0,
  "runner_utilization_idle_pct": 22.287329588340683,
  "distance_per_delivery_avg": 873.3926449149028,
  "zone_service_times": {
    "hole_17": 27.26765083454622,
    "hole_18": 34.77359479936657,
    "hole_9": 22.66132892907691,
    "hole_12": 43.550137490259,
    "hole_10": 19.607066226445518,
    "hole_14": 55.6410123575517,
    "hole_15": 57.38405991096715,
    "hole_11": 16.760786652158853
  },
  "total_revenue": 1260.0,
  "total_orders": 50,
  "successful_orders": 42,
  "failed_orders": 5,
  "total_rounds": 33,
  "active_runner_hours": 7.090277777777778
}