{
  "simulation_id": "delivery_dynamic_01",
  "runner_id": "runner_1",
  "revenue_per_round": 27.272727272727273,
  "orders_per_runner_hour": 2.7671022290545735,
  "on_time_rate": 0.25,
  "delivery_cycle_time_p90": 58.66966917837126,
  "delivery_cycle_time_avg": 41.33168415389857,
  "failed_rate": 0.26666666666666666,
  "second_runner_break_even_orders": 7.227777777777778,
  "queue_wait_avg": 32.02685185185185,
  "runner_utilization_driving_pct": 36.819560169511384,
  "runner_utilization_prep_pct": 0.0,
  "runner_utilization_idle_pct": 63.180439830488616,
  "distance_per_delivery_avg": 842.525875709924,
  "zone_service_times": {
    "hole_8": 30.302042216994998,
    "hole_18": 45.60822495010447,
    "hole_9": 49.09292943048934,
    "hole_13": 45.53435985954184,
    "hole_10": 47.22731570022758,
    "hole_12": 45.0094426235312,
    "hole_16": 26.98952056999442,
    "hole_17": 15.079718561544967
  },
  "total_revenue": 600.0,
  "total_orders": 30,
  "successful_orders": 20,
  "failed_orders": 8,
  "total_rounds": 22,
  "active_runner_hours": 7.227777777777778
}