{
  "simulation_id": "delivery_dynamic_10",
  "runner_id": "2_runners",
  "revenue_per_round": 37.5,
  "orders_per_runner_hour": 2.8410094201255043,
  "on_time_rate": 0.9,
  "delivery_cycle_time_p90": 33.562708162252775,
  "delivery_cycle_time_avg": 18.803630241523273,
  "failed_rate": 0.0,
  "second_runner_break_even_orders": 7.0397513849554505,
  "queue_wait_avg": 5.190740740740741,
  "runner_utilization_driving_pct": 58.17783805015375,
  "runner_utilization_prep_pct": 0.0,
  "runner_utilization_idle_pct": 41.82216194984625,
  "distance_per_delivery_avg": 1388.3397611518221,
  "zone_service_times": {
    "hole_7": 14.33597531515925,
    "hole_8": 13.48624616949725,
    "hole_15": 12.820368318909964,
    "hole_2": 25.801603812973646,
    "hole_9": 17.838027034747906,
    "hole_10": 22.783567420549076,
    "hole_-1": 10.920846951435367,
    "hole_14": 15.666532625749793,
    "hole_16": 26.46471611841692,
    "hole_11": 36.27838587164381
  },
  "total_revenue": 600.0,
  "total_orders": 20,
  "successful_orders": 20,
  "failed_orders": 0,
  "total_rounds": 16,
  "active_runner_hours": 7.0397513849554505
}