{
  "simulation_id": "delivery_dynamic_10",
  "runner_id": "3_runners",
  "revenue_per_round": 36.0,
  "orders_per_runner_hour": 4.13729299136092,
  "on_time_rate": 1.0,
  "delivery_cycle_time_p90": 17.714765939034812,
  "delivery_cycle_time_avg": 14.801663831556391,
  "failed_rate": 0.0,
  "second_runner_break_even_orders": 7.25111807712023,
  "queue_wait_avg": 0.33690476190476193,
  "runner_utilization_driving_pct": 67.88168486262242,
  "runner_utilization_prep_pct": 0.0,
  "runner_utilization_idle_pct": 32.11831513737758,
  "distance_per_delivery_avg": 1507.705714069616,
  "zone_service_times": {
    "hole_11": 14.269670760475988,
    "hole_16": 17.321978216778067,
    "hole_2": 14.805079473038555,
    "hole_18": 11.19009712772124,
    "hole_13": 16.814832256731098,
    "hole_12": 13.717877357243621,
    "hole_17": 15.377430170551726,
    "hole_4": 24.4531690469139,
    "hole_15": 17.544689406357822,
    "hole_8": 14.653041981752661,
    "hole_14": 17.25760717325882,
    "hole_10": 11.350408191333706,
    "hole_1": 12.978897673897155
  },
  "total_revenue": 900.0,
  "total_orders": 30,
  "successful_orders": 30,
  "failed_orders": 0,
  "total_rounds": 25,
  "active_runner_hours": 7.251118077120231
}