{
  "simulation_id": "delivery_dynamic_10",
  "runner_id": "runner_1",
  "revenue_per_round": 27.142857142857142,
  "orders_per_runner_hour": 2.663551401869159,
  "on_time_rate": 0.5263157894736842,
  "delivery_cycle_time_p90": 62.86152888936825,
  "delivery_cycle_time_avg": 32.9440790319638,
  "failed_rate": 0.26666666666666666,
  "second_runner_break_even_orders": 7.133333333333334,
  "queue_wait_avg": 19.3,
  "runner_utilization_driving_pct": 37.59443183971468,
  "runner_utilization_prep_pct": 0.0,
  "runner_utilization_idle_pct": 62.40556816028532,
  "distance_per_delivery_avg": 1224.4105547398356,
  "zone_service_times": {
    "hole_9": 15.602022621024858,
    "hole_17": 23.5663191437675,
    "hole_13": 42.11769319287517,
    "hole_18": 42.66491314176263,
    "hole_14": 63.785566176160344,
    "hole_10": 23.8753648669274,
    "hole_12": 32.77268968985809
  },
  "total_revenue": 570.0,
  "total_orders": 30,
  "successful_orders": 19,
  "failed_orders": 8,
  "total_rounds": 21,
  "active_runner_hours": 7.133333333333334
}