{
  "simulation_id": "delivery_dynamic_07",
  "runner_id": "3_runners",
  "revenue_per_round": 37.5,
  "orders_per_runner_hour": 4.129175408898578,
  "on_time_rate": 1.0,
  "delivery_cycle_time_p90": 20.731372225557553,
  "delivery_cycle_time_avg": 15.108479713508125,
  "failed_rate": 0.0,
  "second_runner_break_even_orders": 7.265373114290206,
  "queue_wait_avg": 0.4646666666666667,
  "runner_utilization_driving_pct": 84.37928677642512,
  "runner_utilization_prep_pct": 0.0,
  "runner_utilization_idle_pct": 15.620713223574882,
  "distance_per_delivery_avg": 1586.342517072061,
  "zone_service_times": {
    "hole_15": 13.985297359483715,
    "hole_10": 10.93376442063812,
    "hole_9": 14.287737979428735,
    "hole_11": 14.348884039664213,
    "hole_16": 12.44586601625127,
    "hole_6": 18.44220237289189,
    "hole_5": 21.207594459603104,
    "hole_18": 13.399495108738423,
    "hole_-1": 12.219805739007581,
    "hole_8": 13.53369473126316,
    "hole_7": 15.290370558511071,
    "hole_12": 17.681122678087558
  },
  "total_revenue": 900.0,
  "total_orders": 30,
  "successful_orders": 30,
  "failed_orders": 0,
  "total_rounds": 24,
  "active_runner_hours": 7.265373114290206
}