{
  "simulation_id": "delivery_dynamic_05",
  "runner_id": "3_runners",
  "revenue_per_round": 44.44444444444444,
  "orders_per_runner_hour": 5.391462640644611,
  "on_time_rate": 1.0,
  "delivery_cycle_time_p90": 21.934068564254623,
  "delivery_cycle_time_avg": 16.908717405048378,
  "failed_rate": 0.0,
  "second_runner_break_even_orders": 7.419137007173537,
  "queue_wait_avg": 2.8304761904761904,
  "runner_utilization_driving_pct": 100.0,
  "runner_utilization_prep_pct": 0.0,
  "runner_utilization_idle_pct": 0.0,
  "distance_per_delivery_avg": 1489.1690480962536,
  "zone_service_times": {
    "hole_15": 13.402160396782081,
    "hole_6": 22.0399384084784,
    "hole_4": 20.29220753810987,
    "hole_7": 16.679056837563824,
    "hole_18": 15.754036589635467,
    "hole_17": 17.702071193674342,
    "hole_10": 15.392799101713111,
    "hole_-1": 12.128539368849548,
    "hole_13": 15.640592947850928,
    "hole_11": 20.651546203147504,
    "hole_9": 21.505971069978813,
    "hole_16": 12.683813807347441,
    "hole_8": 16.45870635031315,
    "hole_12": 17.314887097078948
  },
  "total_revenue": 1200.0,
  "total_orders": 40,
  "successful_orders": 40,
  "failed_orders": 0,
  "total_rounds": 27,
  "active_runner_hours": 7.419137007173538
}