{
  "simulation_id": "delivery_dynamic_10",
  "runner_id": "3_runners",
  "revenue_per_round": 41.37931034482759,
  "orders_per_runner_hour": 5.547411456288618,
  "on_time_rate": 0.8,
  "delivery_cycle_time_p90": 37.064784885221556,
  "delivery_cycle_time_avg": 21.607204720841455,
  "failed_rate": 0.0,
  "second_runner_break_even_orders": 7.210570247976736,
  "queue_wait_avg": 7.632828282828283,
  "runner_utilization_driving_pct": 100.0,
  "runner_utilization_prep_pct": 0.0,
  "runner_utilization_idle_pct": 0.0,
  "distance_per_delivery_avg": 1784.200786202729,
  "zone_service_times": {
    "hole_13": 20.201459067261293,
    "hole_2": 22.38493691391641,
    "hole_18": 15.39504576149776,
    "hole_14": 29.01174086806269,
    "hole_12": 24.04071250610369,
    "hole_9": 24.536186780547105,
    "hole_-1": 10.376896839894833,
    "hole_15": 12.14633233573586,
    "hole_4": 31.108038449995135,
    "hole_16": 26.714716118416952,
    "hole_17": 28.256684991950138,
    "hole_3": 21.70564345003274,
    "hole_5": 22.56570389224107,
    "hole_10": 10.895304408775944
  },
  "total_revenue": 1200.0,
  "total_orders": 40,
  "successful_orders": 40,
  "failed_orders": 0,
  "total_rounds": 29,
  "active_runner_hours": 7.210570247976735
}