{
  "simulation_id": "delivery_dynamic_03",
  "runner_id": "runner_1",
  "revenue_per_round": 35.294117647058826,
  "orders_per_runner_hour": 2.8145219787414013,
  "on_time_rate": 0.45,
  "delivery_cycle_time_p90": 53.97363759607693,
  "delivery_cycle_time_avg": 31.24809006659527,
  "failed_rate": 0.0,
  "second_runner_break_even_orders": 7.106002422814124,
  "queue_wait_avg": 18.646491228070175,
  "runner_utilization_driving_pct": 36.6809035533941,
  "runner_utilization_prep_pct": 0.0,
  "runner_utilization_idle_pct": 63.3190964466059,
  "distance_per_delivery_avg": 1187.3982623760116,
  "zone_service_times": {
    "hole_15": 17.184912681257327,
    "hole_10": 21.68518925082053,
    "hole_11": 33.925645970873546,
    "hole_6": 39.418232553760454,
    "hole_18": 38.22120341712396,
    "hole_4": 27.557767155514618,
    "hole_13": 43.901026526208504,
    "hole_12": 38.64083654523808,
    "hole_17": 19.495728941253038,
    "hole_16": 16.706187236661087
  },
  "total_revenue": 600.0,
  "total_orders": 20,
  "successful_orders": 20,
  "failed_orders": 0,
  "total_rounds": 17,
  "active_runner_hours": 7.106002422814124
}