{
  "simulation_id": "delivery_dynamic_08",
  "runner_id": "3_runners",
  "revenue_per_round": 37.5,
  "orders_per_runner_hour": 4.167570438584122,
  "on_time_rate": 1.0,
  "delivery_cycle_time_p90": 19.379774701560628,
  "delivery_cycle_time_avg": 15.151131537338616,
  "failed_rate": 0.0,
  "second_runner_break_even_orders": 7.198438620797998,
  "queue_wait_avg": 1.2094202898550723,
  "runner_utilization_driving_pct": 70.95964378763692,
  "runner_utilization_prep_pct": 0.0,
  "runner_utilization_idle_pct": 29.04035621236308,
  "distance_per_delivery_avg": 1419.2335298791088,
  "zone_service_times": {
    "hole_14": 16.530898777260717,
    "hole_11": 13.409460537138951,
    "hole_16": 17.198378531361474,
    "hole_15": 17.45556711233389,
    "hole_18": 15.775324372316875,
    "hole_9": 15.614587840847747,
    "hole_17": 16.475038705436084,
    "hole_2": 15.165911740234304,
    "hole_13": 16.647216178908273,
    "hole_1": 12.702492381330588,
    "hole_10": 11.802554019087408,
    "hole_8": 13.669138023856915
  },
  "total_revenue": 900.0,
  "total_orders": 30,
  "successful_orders": 30,
  "failed_orders": 0,
  "total_rounds": 24,
  "active_runner_hours": 7.198438620797998
}