{
  "simulation_id": "delivery_dynamic_09",
  "runner_id": "2_runners",
  "revenue_per_round": 35.294117647058826,
  "orders_per_runner_hour": 2.9070743178689824,
  "on_time_rate": 1.0,
  "delivery_cycle_time_p90": 15.828258299734765,
  "delivery_cycle_time_avg": 13.786691800487963,
  "failed_rate": 0.0,
  "second_runner_break_even_orders": 6.879769078164093,
  "queue_wait_avg": 1.0333333333333334,
  "runner_utilization_driving_pct": 49.352322725982475,
  "runner_utilization_prep_pct": 0.0,
  "runner_utilization_idle_pct": 50.647677274017525,
  "distance_per_delivery_avg": 942.4884449639527,
  "zone_service_times": {
    "hole_17": 14.059877690860867,
    "hole_13": 15.137911077781428,
    "hole_8": 13.690329554603219,
    "hole_10": 13.644115259518085,
    "hole_-1": 10.419952395450391,
    "hole_14": 14.765042013981171,
    "hole_9": 16.26469358119735,
    "hole_18": 13.365757259803043,
    "hole_15": 13.310758248588415,
    "hole_16": 12.764716118416981
  },
  "total_revenue": 600.0,
  "total_orders": 20,
  "successful_orders": 20,
  "failed_orders": 0,
  "total_rounds": 17,
  "active_runner_hours": 6.879769078164093
}