{
  "simulation_id": "delivery_dynamic_04",
  "runner_id": "2_runners",
  "revenue_per_round": 39.130434782608695,
  "orders_per_runner_hour": 4.248352087204131,
  "on_time_rate": 0.7666666666666667,
  "delivery_cycle_time_p90": 40.785439746013054,
  "delivery_cycle_time_avg": 22.476057221748388,
  "failed_rate": 0.0,
  "second_runner_break_even_orders": 7.061561608878609,
  "queue_wait_avg": 9.912962962962963,
  "runner_utilization_driving_pct": 78.2715719790851,
  "runner_utilization_prep_pct": 0.0,
  "runner_utilization_idle_pct": 21.728428020914905,
  "distance_per_delivery_avg": 1194.2752265074594,
  "zone_service_times": {
    "hole_15": 29.42257445172231,
    "hole_13": 15.187674139304393,
    "hole_18": 14.56311684419849,
    "hole_-1": 23.175507951005947,
    "hole_6": 23.10476377581966,
    "hole_17": 14.26797549466331,
    "hole_7": 20.578996085580336,
    "hole_9": 18.228665443480168,
    "hole_10": 19.323798393053785,
    "hole_12": 25.389783556022,
    "hole_8": 24.024386658340397,
    "hole_14": 37.36827152282403
  },
  "total_revenue": 900.0,
  "total_orders": 30,
  "successful_orders": 30,
  "failed_orders": 0,
  "total_rounds": 23,
  "active_runner_hours": 7.061561608878609
}