{
  "simulation_id": "delivery_dynamic_09",
  "runner_id": "2_runners",
  "revenue_per_round": 33.333333333333336,
  "orders_per_runner_hour": 2.8092744180834,
  "on_time_rate": 1.0,
  "delivery_cycle_time_p90": 22.903741858167702,
  "delivery_cycle_time_avg": 17.373624348334484,
  "failed_rate": 0.0,
  "second_runner_break_even_orders": 7.1192760206191625,
  "queue_wait_avg": 1.6564814814814814,
  "runner_utilization_driving_pct": 61.266398106980965,
  "runner_utilization_prep_pct": 0.0,
  "runner_utilization_idle_pct": 38.733601893019035,
  "distance_per_delivery_avg": 1976.6177810403863,
  "zone_service_times": {
    "hole_16": 12.971727303656735,
    "hole_9": 13.152710462760144,
    "hole_11": 13.962695874216479,
    "hole_5": 22.279509546783082,
    "hole_7": 15.22263173755464,
    "hole_3": 20.615781032179015,
    "hole_-1": 13.050955228998465,
    "hole_10": 22.212110089669174,
    "hole_6": 22.654764100499143,
    "hole_2": 28.403786950872565,
    "hole_18": 12.523633803872265,
    "hole_13": 15.295770534160692
  },
  "total_revenue": 600.0,
  "total_orders": 20,
  "successful_orders": 20,
  "failed_orders": 0,
  "total_rounds": 18,
  "active_runner_hours": 7.119276020619162
}