{
  "simulation_id": "delivery_dynamic_10",
  "runner_id": "3_runners",
  "revenue_per_round": 37.5,
  "orders_per_runner_hour": 2.78335488207923,
  "on_time_rate": 1.0,
  "delivery_cycle_time_p90": 14.651184927524918,
  "delivery_cycle_time_avg": 12.356467241021896,
  "failed_rate": 0.0,
  "second_runner_break_even_orders": 7.185573111345234,
  "queue_wait_avg": 0.23461538461538461,
  "runner_utilization_driving_pct": 21.821350309065103,
  "runner_utilization_prep_pct": 0.0,
  "runner_utilization_idle_pct": 78.17864969093489,
  "distance_per_delivery_avg": 1586.85641353576,
  "zone_service_times": {
    "hole_3": 13.512367830171918,
    "hole_-1": 14.69317485618291,
    "hole_15": 16.526741347278403,
    "hole_7": 13.499611565055298,
    "hole_11": 11.49831223209003,
    "hole_1": 11.176287420937207,
    "hole_8": 12.33098191779133,
    "hole_17": 12.16280067995655,
    "hole_10": 10.589614715677271,
    "hole_18": 10.679302635099916,
    "hole_9": 11.461378201096826,
    "hole_16": 13.505150095340529,
    "hole_4": 14.273275569602992
  },
  "total_revenue": 600.0,
  "total_orders": 20,
  "successful_orders": 20,
  "failed_orders": 0,
  "total_rounds": 16,
  "active_runner_hours": 7.185573111345234
}