{
  "simulation_id": "delivery_dynamic_02",
  "runner_id": "runner_1",
  "revenue_per_round": 10.909090909090908,
  "orders_per_runner_hour": 1.6548553916874162,
  "on_time_rate": 0.08333333333333333,
  "delivery_cycle_time_p90": 59.579570562930506,
  "delivery_cycle_time_avg": 45.92088216778378,
  "failed_rate": 0.62,
  "second_runner_break_even_orders": 7.251388888888889,
  "queue_wait_avg": 33.0875,
  "runner_utilization_driving_pct": 28.336249829332242,
  "runner_utilization_prep_pct": 0.0,
  "runner_utilization_idle_pct": 71.66375017066775,
  "distance_per_delivery_avg": 952.0164083753513,
  "zone_service_times": {
    "hole_5": 21.010042075006034,
    "hole_17": 36.56206113038,
    "hole_-1": 45.37581491301103,
    "hole_18": 52.08852067675592,
    "hole_8": 43.995630819919825,
    "hole_9": 50.084937558492555,
    "hole_11": 57.31715892162186,
    "hole_10": 58.40403762069254
  },
  "total_revenue": 360.0,
  "total_orders": 50,
  "successful_orders": 12,
  "failed_orders": 31,
  "total_rounds": 33,
  "active_runner_hours": 7.251388888888889
}