{
  "simulation_id": "delivery_dynamic_07",
  "runner_id": "runner_1",
  "revenue_per_round": 36.0,
  "orders_per_runner_hour": 2.529240122398263,
  "on_time_rate": 0.4444444444444444,
  "delivery_cycle_time_p90": 60.19224026756383,
  "delivery_cycle_time_avg": 33.51507076550879,
  "failed_rate": 0.1,
  "second_runner_break_even_orders": 7.116762003179094,
  "queue_wait_avg": 21.53529411764706,
  "runner_utilization_driving_pct": 45.17165704648661,
  "runner_utilization_prep_pct": 0.0,
  "runner_utilization_idle_pct": 54.82834295351339,
  "distance_per_delivery_avg": 1067.1971105442824,
  "zone_service_times": {
    "hole_6": 19.767464300422883,
    "hole_-1": 26.686472405674248,
    "hole_8": 42.79411802171987,
    "hole_11": 37.157868127612346,
    "hole_18": 50.18852067675592,
    "hole_14": 29.025835041698095,
    "hole_10": 46.147096393716005,
    "hole_13": 62.95714807205932,
    "hole_9": 11.52107131276207,
    "hole_17": 14.036530822473287
  },
  "total_revenue": 540.0,
  "total_orders": 20,
  "successful_orders": 18,
  "failed_orders": 2,
  "total_rounds": 15,
  "active_runner_hours": 7.116762003179095
}