{
  "variantKey": "front_mid_back",
  "blockedHoles": [
    1,
    2,
    3,
    4,
    5,
    6,
    10,
    11,
    12
  ],
  "deliveryMetrics": {
    "totalOrders": 50,
    "successfulDeliveries": 50,
    "failedDeliveries": 0,
    "avgOrderTime": 18.581867427624015,
    "onTimePercentage": 90.0,
    "revenue": 1500.0,
    "ordersPerRunnerHour": 5.0,
    "lateOrders": 5,
    "runnerUtilizationPct": 22.093282537050836,
    "totalRunnerDriveMinutes": 397.67908566691506,
    "totalRunnerShiftMinutes": 1800.0,
    "runnerUtilizationByRunner": {
      "runner_1": {
        "driveMinutes": 158.91203358659902,
        "utilizationPct": 26.48533893109984,
        "shiftMinutes": 600.0
      },
      "runner_3": {
        "driveMinutes": 94.03345615753253,
        "utilizationPct": 15.672242692922087,
        "shiftMinutes": 600.0
      },
      "runner_2": {
        "driveMinutes": 144.73359592278362,
        "utilizationPct": 24.122265987130604,
        "shiftMinutes": 600.0
      }
    }
  },
  "bevCartMetrics": null,
  "hasRunners": true,
  "hasBevCart": false
}