{
  "simulation_id": "delivery_dynamic_05",
  "runner_id": "runner_1",
  "revenue_per_round": 40.0,
  "orders_per_runner_hour": 2.782793294332655,
  "on_time_rate": 0.9,
  "delivery_cycle_time_p90": 30.66746191870383,
  "delivery_cycle_time_avg": 19.982735926045603,
  "failed_rate": 0.0,
  "second_runner_break_even_orders": 7.187023211796341,
  "queue_wait_avg": 8.894444444444444,
  "runner_utilization_driving_pct": 21.15418824997752,
  "runner_utilization_prep_pct": 0.0,
  "runner_utilization_idle_pct": 78.84581175002248,
  "distance_per_delivery_avg": 1423.96986675283,
  "zone_service_times": {
    "hole_-1": 13.016952777099778,
    "hole_4": 23.236004594656755,
    "hole_9": 13.34678002983522,
    "hole_10": 18.375296910267267,
    "hole_18": 25.668504120395593,
    "hole_16": 26.312887377108503,
    "hole_17": 16.57266365140513,
    "hole_6": 22.61352945348396,
    "hole_11": 11.56196811974102,
    "hole_15": 15.559176714282996
  },
  "total_revenue": 600.0,
  "total_orders": 20,
  "successful_orders": 20,
  "failed_orders": 0,
  "total_rounds": 15,
  "active_runner_hours": 7.187023211796341
}