{
  "simulation_id": "delivery_dynamic_07",
  "runner_id": "runner_1",
  "revenue_per_round": 14.0,
  "orders_per_runner_hour": 1.903682719546742,
  "on_time_rate": 0.2857142857142857,
  "delivery_cycle_time_p90": 66.92678939050447,
  "delivery_cycle_time_avg": 42.76437464179388,
  "failed_rate": 0.55,
  "second_runner_break_even_orders": 7.354166666666668,
  "queue_wait_avg": 28.88452380952381,
  "runner_utilization_driving_pct": 37.131268255091335,
  "runner_utilization_prep_pct": 0.0,
  "runner_utilization_idle_pct": 62.868731744908665,
  "distance_per_delivery_avg": 1303.6298796427393,
  "zone_service_times": {
    "hole_10": 12.30350765652538,
    "hole_11": 32.48118127259719,
    "hole_6": 59.81842140254246,
    "hole_12": 59.6363815019941,
    "hole_-1": 35.51417233431497,
    "hole_13": 65.31415951627592
  },
  "total_revenue": 420.0,
  "total_orders": 40,
  "successful_orders": 14,
  "failed_orders": 22,
  "total_rounds": 30,
  "active_runner_hours": 7.354166666666667
}