{
  "simulation_id": "delivery_dynamic_05",
  "runner_id": "2_runners",
  "revenue_per_round": 31.714285714285715,
  "orders_per_runner_hour": 5.183887915936952,
  "on_time_rate": 0.4594594594594595,
  "delivery_cycle_time_p90": 51.6210635065615,
  "delivery_cycle_time_avg": 32.572419898128544,
  "failed_rate": 0.22,
  "second_runner_break_even_orders": 7.1375,
  "queue_wait_avg": 19.583333333333332,
  "runner_utilization_driving_pct": 84.6053457965238,
  "runner_utilization_prep_pct": 0.0,
  "runner_utilization_idle_pct": 15.394654203476193,
  "distance_per_delivery_avg": 1182.1709236090244,
  "zone_service_times": {
    "hole_12": 23.59296136918124,
    "hole_4": 20.68516581868962,
    "hole_17": 35.71907225263737,
    "hole_8": 29.218266735451927,
    "hole_-1": 39.85668462278454,
    "hole_15": 30.65665831046293,
    "hole_16": 32.980497984381934,
    "hole_7": 34.26066955540685,
    "hole_14": 26.911994648267644,
    "hole_18": 26.794094123827065,
    "hole_13": 63.31680345173524,
    "hole_11": 38.74024400026947,
    "hole_6": 17.5501034008276,
    "hole_10": 24.862110089669173,
    "hole_9": 37.59616019995204
  },
  "total_revenue": 1110.0,
  "total_orders": 50,
  "successful_orders": 37,
  "failed_orders": 11,
  "total_rounds": 35,
  "active_runner_hours": 7.1375
}