{
  "simulation_id": "delivery_dynamic_10",
  "runner_id": "runner_1",
  "revenue_per_round": 18.75,
  "orders_per_runner_hour": 2.1155729676787463,
  "on_time_rate": 0.3333333333333333,
  "delivery_cycle_time_p90": 65.9864053844926,
  "delivery_cycle_time_avg": 43.399717173372714,
  "failed_rate": 0.4,
  "second_runner_break_even_orders": 7.090277777777777,
  "queue_wait_avg": 29.454444444444444,
  "runner_utilization_driving_pct": 39.376084058904766,
  "runner_utilization_prep_pct": 0.0,
  "runner_utilization_idle_pct": 60.623915941095234,
  "distance_per_delivery_avg": 1325.6116369198971,
  "zone_service_times": {
    "hole_10": 30.909660596540952,
    "hole_17": 35.86996640831155,
    "hole_8": 49.20247135719019,
    "hole_16": 61.382193111737834,
    "hole_18": 42.98633584503793,
    "hole_15": 65.11632076072237,
    "hole_12": 62.926109290197864,
    "hole_14": 56.524345690885035,
    "hole_11": 13.491374192833367,
    "hole_9": 32.43626359793897
  },
  "total_revenue": 450.0,
  "total_orders": 30,
  "successful_orders": 15,
  "failed_orders": 12,
  "total_rounds": 24,
  "active_runner_hours": 7.090277777777778
}