{
  "simulation_id": "delivery_dynamic_03",
  "runner_id": "3_runners",
  "revenue_per_round": 37.5,
  "orders_per_runner_hour": 4.035221004064583,
  "on_time_rate": 1.0,
  "delivery_cycle_time_p90": 20.674515236977804,
  "delivery_cycle_time_avg": 15.849077152620692,
  "failed_rate": 0.0,
  "second_runner_break_even_orders": 7.43453703521609,
  "queue_wait_avg": 1.1606666666666667,
  "runner_utilization_driving_pct": 80.06997878827534,
  "runner_utilization_prep_pct": 0.0,
  "runner_utilization_idle_pct": 19.930021211724664,
  "distance_per_delivery_avg": 1640.3032566138854,
  "zone_service_times": {
    "hole_15": 18.45016002988232,
    "hole_9": 12.444476218404159,
    "hole_8": 15.169384916155458,
    "hole_16": 19.681650070301583,
    "hole_6": 18.831433693110476,
    "hole_17": 14.635945080580374,
    "hole_18": 12.045129335930405,
    "hole_10": 14.866837341847834,
    "hole_11": 13.660904235553366,
    "hole_-1": 20.255465222422934
  },
  "total_revenue": 900.0,
  "total_orders": 30,
  "successful_orders": 30,
  "failed_orders": 0,
  "total_rounds": 24,
  "active_runner_hours": 7.43453703521609
}