{
  "simulation_id": "delivery_dynamic_03",
  "runner_id": "3_runners",
  "revenue_per_round": 40.0,
  "orders_per_runner_hour": 5.436528746684501,
  "on_time_rate": 0.975,
  "delivery_cycle_time_p90": 24.179540785618908,
  "delivery_cycle_time_avg": 17.151740948777334,
  "failed_rate": 0.0,
  "second_runner_break_even_orders": 7.357636069595739,
  "queue_wait_avg": 2.734375,
  "runner_utilization_driving_pct": 88.12745125094229,
  "runner_utilization_prep_pct": 0.0,
  "runner_utilization_idle_pct": 11.872548749057714,
  "distance_per_delivery_avg": 1667.9849587891838,
  "zone_service_times": {
    "hole_18": 13.688955211435331,
    "hole_15": 22.32411348345708,
    "hole_2": 17.47174613970522,
    "hole_17": 18.684985134541574,
    "hole_4": 19.89300585422258,
    "hole_10": 15.736505067760481,
    "hole_13": 19.99175038928879,
    "hole_12": 16.951422659015954,
    "hole_11": 13.509941770070993,
    "hole_16": 17.364126160849267,
    "hole_14": 16.97434569088497,
    "hole_9": 12.578636825344317,
    "hole_3": 17.429592747172986
  },
  "total_revenue": 1200.0,
  "total_orders": 40,
  "successful_orders": 40,
  "failed_orders": 0,
  "total_rounds": 30,
  "active_runner_hours": 7.357636069595739
}