{
  "variantKey": "front_back",
  "blockedHoles": [
    1,
    2,
    3,
    10,
    11,
    12
  ],
  "deliveryMetrics": {
    "totalOrders": 30,
    "successfulDeliveries": 30,
    "failedDeliveries": 0,
    "avgOrderTime": 15.610609270661831,
    "onTimePercentage": 100.0,
    "revenue": 900.0,
    "ordersPerRunnerHour": 3.0,
    "lateOrders": 0,
    "runnerUtilizationPct": 20.350750900838502,
    "totalRunnerDriveMinutes": 366.31351621509305,
    "totalRunnerShiftMinutes": 1800.0,
    "runnerUtilizationByRunner": {
      "runner_1": {
        "driveMinutes": 156.93410342458535,
        "utilizationPct": 26.15568390409756,
        "shiftMinutes": 600.0
      },
      "runner_2": {
        "driveMinutes": 126.4560083465878,
        "utilizationPct": 21.076001391097964,
        "shiftMinutes": 600.0
      },
      "runner_3": {
        "driveMinutes": 82.9234044439199,
        "utilizationPct": 13.820567407319984,
        "shiftMinutes": 600.0
      }
    }
  },
  "bevCartMetrics": null,
  "hasRunners": true,
  "hasBevCart": false
}