{
  "simulation_id": "delivery_dynamic_09",
  "runner_id": "runner_1",
  "revenue_per_round": 35.294117647058826,
  "orders_per_runner_hour": 2.8459946164301617,
  "on_time_rate": 0.85,
  "delivery_cycle_time_p90": 34.42917073358531,
  "delivery_cycle_time_avg": 19.219027368597192,
  "failed_rate": 0.0,
  "second_runner_break_even_orders": 7.027420180115012,
  "queue_wait_avg": 8.083333333333334,
  "runner_utilization_driving_pct": 24.50519753767763,
  "runner_utilization_prep_pct": 0.0,
  "runner_utilization_idle_pct": 75.49480246232237,
  "distance_per_delivery_avg": 1399.699705389969,
  "zone_service_times": {
    "hole_18": 15.633341916108177,
    "hole_9": 12.816372181477528,
    "hole_10": 21.063436870708877,
    "hole_6": 14.16049440665453,
    "hole_16": 21.474488141051065,
    "hole_-1": 28.400461918718975,
    "hole_12": 47.98368551149009,
    "hole_8": 24.445148627048912,
    "hole_15": 13.446648964841824
  },
  "total_revenue": 600.0,
  "total_orders": 20,
  "successful_orders": 20,
  "failed_orders": 0,
  "total_rounds": 17,
  "active_runner_hours": 7.027420180115011
}