{
  "simulation_id": "delivery_blocked_01",
  "runner_id": "3_runners",
  "revenue_per_round": 22.36842105263158,
  "orders_per_runner_hour": 1.7,
  "on_time_rate": 0.6470588235294118,
  "delivery_cycle_time_p90": 49.27209328102058,
  "delivery_cycle_time_avg": 26.866222794722503,
  "failed_rate": 0.13636363636363635,
  "second_runner_break_even_orders": 12.5,
  "queue_wait_avg": 0.0,
  "runner_utilization_driving_pct": 15.136132518653111,
  "runner_utilization_waiting_pct": 11.274140644605207,
  "distance_per_delivery_avg": 865.2155428883123,
  "zone_service_times": {
    "hole_7": 16.797911088973827,
    "hole_2": 16.84758750149437,
    "hole_4": 21.731762436847657,
    "hole_10": 36.87480693498425,
    "hole_6": 42.14291279805256,
    "hole_17": 51.23573038001326,
    "hole_1": 24.107747477607397,
    "hole_3": 31.100893652759925,
    "hole_14": 22.461672987491966,
    "hole_13": 25.326413976283735,
    "hole_9": 15.329484065833276,
    "hole_18": 14.561659843742866,
    "hole_16": 15.075639544801136
  },
  "total_revenue": 425.0,
  "total_orders": 22,
  "successful_orders": 17,
  "failed_orders": 3,
  "total_rounds": 19,
  "active_runner_hours": 10.0
}