{
  "variantKey": "front_mid_back",
  "blockedHoles": [
    1,
    2,
    3,
    4,
    5,
    6,
    10,
    11,
    12
  ],
  "deliveryMetrics": {
    "totalOrders": 50,
    "successfulDeliveries": 48,
    "failedDeliveries": 0,
    "avgOrderTime": 17.67494129014245,
    "onTimePercentage": 95.83333333333334,
    "revenue": 1500.0,
    "ordersPerRunnerHour": 4.8,
    "lateOrders": 2,
    "runnerUtilizationPct": 23.222197937734368,
    "totalRunnerDriveMinutes": 417.9995628792186,
    "totalRunnerShiftMinutes": 1800.0,
    "runnerUtilizationByRunner": {
      "runner_1": {
        "driveMinutes": 161.19226763833348,
        "utilizationPct": 26.865377939722247,
        "shiftMinutes": 600.0
      },
      "runner_2": {
        "driveMinutes": 136.4821926151709,
        "utilizationPct": 22.747032102528483,
        "shiftMinutes": 600.0
      },
      "runner_3": {
        "driveMinutes": 120.3251026257142,
        "utilizationPct": 20.054183770952367,
        "shiftMinutes": 600.0
      }
    }
  },
  "bevCartMetrics": null,
  "hasRunners": true,
  "hasBevCart": false
}