{
  "simulation_id": "delivery_dynamic_08",
  "runner_id": "runner_1",
  "revenue_per_round": 33.75,
  "orders_per_runner_hour": 2.5362035225048922,
  "on_time_rate": 0.3333333333333333,
  "delivery_cycle_time_p90": 54.535238401553194,
  "delivery_cycle_time_avg": 35.16034425602192,
  "failed_rate": 0.05,
  "second_runner_break_even_orders": 7.097222222222223,
  "queue_wait_avg": 21.897222222222222,
  "runner_utilization_driving_pct": 37.55616582360959,
  "runner_utilization_prep_pct": 0.0,
  "runner_utilization_idle_pct": 62.44383417639041,
  "distance_per_delivery_avg": 1096.409003356697,
  "zone_service_times": {
    "hole_12": 29.720672444486787,
    "hole_18": 37.55217569624781,
    "hole_13": 39.997216178908275,
    "hole_11": 40.73569576663275,
    "hole_16": 40.40338666821723,
    "hole_9": 13.301111247324297,
    "hole_8": 23.767050561284,
    "hole_14": 41.18309744556755
  },
  "total_revenue": 540.0,
  "total_orders": 20,
  "successful_orders": 18,
  "failed_orders": 1,
  "total_rounds": 16,
  "active_runner_hours": 7.097222222222222
}