{
  "simulation_id": "delivery_dynamic_10",
  "runner_id": "runner_1",
  "revenue_per_round": 19.0,
  "orders_per_runner_hour": 2.697160883280757,
  "on_time_rate": 0.15789473684210525,
  "delivery_cycle_time_p90": 61.967283435368266,
  "delivery_cycle_time_avg": 47.61730702074938,
  "failed_rate": 0.4,
  "second_runner_break_even_orders": 7.044444444444444,
  "queue_wait_avg": 34.5859649122807,
  "runner_utilization_driving_pct": 30.80785828390044,
  "runner_utilization_prep_pct": 0.0,
  "runner_utilization_idle_pct": 69.19214171609956,
  "distance_per_delivery_avg": 1018.5309484454777,
  "zone_service_times": {
    "hole_15": 48.850785382169306,
    "hole_10": 27.5253648669274,
    "hole_18": 51.36084078316888,
    "hole_17": 55.65267840663282,
    "hole_9": 16.82519234242803,
    "hole_12": 40.164240073246276
  },
  "total_revenue": 570.0,
  "total_orders": 40,
  "successful_orders": 19,
  "failed_orders": 16,
  "total_rounds": 30,
  "active_runner_hours": 7.044444444444444
}