{
  "simulation_id": "delivery_dynamic_01",
  "runner_id": "3_runners",
  "revenue_per_round": 37.5,
  "orders_per_runner_hour": 2.892503055896813,
  "on_time_rate": 1.0,
  "delivery_cycle_time_p90": 20.867450964214388,
  "delivery_cycle_time_avg": 15.030742306056704,
  "failed_rate": 0.0,
  "second_runner_break_even_orders": 6.914426575704707,
  "queue_wait_avg": 1.0433333333333334,
  "runner_utilization_driving_pct": 49.74946591495918,
  "runner_utilization_prep_pct": 0.0,
  "runner_utilization_idle_pct": 50.25053408504082,
  "distance_per_delivery_avg": 1427.4094148350518,
  "zone_service_times": {
    "hole_9": 11.968426240527272,
    "hole_15": 12.153610767385453,
    "hole_17": 14.363147770347737,
    "hole_16": 12.914273718066124,
    "hole_18": 13.430010145185921,
    "hole_7": 16.266299423519072,
    "hole_8": 13.235028289286584,
    "hole_6": 19.73413096708955,
    "hole_14": 14.632062213268789,
    "hole_11": 28.839114235881606,
    "hole_5": 20.993375408339368,
    "hole_10": 10.384525092190536
  },
  "total_revenue": 600.0,
  "total_orders": 20,
  "successful_orders": 20,
  "failed_orders": 0,
  "total_rounds": 16,
  "active_runner_hours": 6.914426575704707
}