{
  "simulation_id": "delivery_dynamic_05",
  "runner_id": "2_runners",
  "revenue_per_round": 38.275862068965516,
  "orders_per_runner_hour": 5.058047495704893,
  "on_time_rate": 0.6216216216216216,
  "delivery_cycle_time_p90": 57.31713391869969,
  "delivery_cycle_time_avg": 30.466640091087825,
  "failed_rate": 0.075,
  "second_runner_break_even_orders": 7.315075635691248,
  "queue_wait_avg": 18.38904761904762,
  "runner_utilization_driving_pct": 90.4484496145616,
  "runner_utilization_prep_pct": 0.0,
  "runner_utilization_idle_pct": 9.551550385438404,
  "distance_per_delivery_avg": 1032.0559354703742,
  "zone_service_times": {
    "hole_9": 29.664494703445303,
    "hole_7": 21.306453569850337,
    "hole_15": 24.56660957314122,
    "hole_16": 19.26471611841692,
    "hole_18": 25.698812438672956,
    "hole_-1": 37.67463334678231,
    "hole_10": 24.14441365163963,
    "hole_8": 32.48018452594179,
    "hole_11": 43.25664216615893,
    "hole_12": 52.27168252297754,
    "hole_6": 28.765173363088433,
    "hole_14": 20.4768810226257
  },
  "total_revenue": 1110.0,
  "total_orders": 40,
  "successful_orders": 37,
  "failed_orders": 3,
  "total_rounds": 29,
  "active_runner_hours": 7.315075635691248
}