{
  "simulation_id": "delivery_dynamic_09",
  "runner_id": "2_runners",
  "revenue_per_round": 33.333333333333336,
  "orders_per_runner_hour": 2.7593354581316922,
  "on_time_rate": 0.85,
  "delivery_cycle_time_p90": 31.96709278663973,
  "delivery_cycle_time_avg": 18.795257884505602,
  "failed_rate": 0.0,
  "second_runner_break_even_orders": 7.248121985697861,
  "queue_wait_avg": 3.922916666666667,
  "runner_utilization_driving_pct": 58.59107554409695,
  "runner_utilization_prep_pct": 0.0,
  "runner_utilization_idle_pct": 41.40892445590305,
  "distance_per_delivery_avg": 1900.726649193878,
  "zone_service_times": {
    "hole_5": 21.86616470285773,
    "hole_15": 13.344091582741626,
    "hole_9": 15.86832284288925,
    "hole_7": 31.968021922128354,
    "hole_4": 32.43371146329906,
    "hole_16": 12.104571910383957,
    "hole_3": 21.013137086301686,
    "hole_8": 13.364835393855659,
    "hole_6": 24.8084463851661,
    "hole_18": 12.252543843197904,
    "hole_14": 15.118271522824095
  },
  "total_revenue": 600.0,
  "total_orders": 20,
  "successful_orders": 20,
  "failed_orders": 0,
  "total_rounds": 18,
  "active_runner_hours": 7.248121985697861
}