{
  "simulation_id": "delivery_dynamic_02",
  "runner_id": "3_runners",
  "revenue_per_round": 26.38888888888889,
  "orders_per_runner_hour": 1.9,
  "on_time_rate": 1.0,
  "delivery_cycle_time_p90": 18.17224204734351,
  "delivery_cycle_time_avg": 14.635578122416858,
  "failed_rate": 0.0,
  "second_runner_break_even_orders": 12.5,
  "queue_wait_avg": 0.0,
  "runner_utilization_driving_pct": 11.643311323731915,
  "runner_utilization_waiting_pct": 12.69063058918861,
  "distance_per_delivery_avg": 936.3025614086691,
  "zone_service_times": {
    "hole_11": 13.342956793118326,
    "hole_18": 10.559595810469485,
    "hole_12": 16.074955844091953,
    "hole_9": 12.233539672464788,
    "hole_8": 15.607034414332823,
    "hole_13": 13.51954470155415,
    "hole_10": 15.264843403655625,
    "hole_17": 13.727169145758612,
    "hole_5": 15.849042675751358,
    "hole_3": 18.464341683391346,
    "hole_15": 16.8804895438534
  },
  "total_revenue": 475.0,
  "total_orders": 19,
  "successful_orders": 19,
  "failed_orders": 0,
  "total_rounds": 18,
  "active_runner_hours": 10.0
}