{
  "simulation_id": "delivery_dynamic_10",
  "runner_id": "3_runners",
  "revenue_per_round": 45.0,
  "orders_per_runner_hour": 4.2976747314154835,
  "on_time_rate": 1.0,
  "delivery_cycle_time_p90": 21.702217836421006,
  "delivery_cycle_time_avg": 13.854676356014034,
  "failed_rate": 0.0,
  "second_runner_break_even_orders": 6.980518972434935,
  "queue_wait_avg": 1.8475,
  "runner_utilization_driving_pct": 57.72864208006009,
  "runner_utilization_prep_pct": 0.0,
  "runner_utilization_idle_pct": 42.27135791993991,
  "distance_per_delivery_avg": 881.3312556207131,
  "zone_service_times": {
    "hole_16": 13.112527262505477,
    "hole_14": 17.47025763889303,
    "hole_15": 15.479109573550174,
    "hole_10": 10.974241472811022,
    "hole_17": 14.131528551235215,
    "hole_13": 15.452781349454018,
    "hole_-1": 10.489837655322194,
    "hole_18": 12.23811692605065,
    "hole_9": 19.780118420626362
  },
  "total_revenue": 900.0,
  "total_orders": 30,
  "successful_orders": 30,
  "failed_orders": 0,
  "total_rounds": 20,
  "active_runner_hours": 6.980518972434935
}