{
  "variantKey": "front_mid_back",
  "blockedHoles": [
    1,
    2,
    3,
    4,
    5,
    6,
    10,
    11,
    12
  ],
  "deliveryMetrics": {
    "totalOrders": 30,
    "successfulDeliveries": 30,
    "failedDeliveries": 0,
    "avgOrderTime": 13.854676356014036,
    "onTimePercentage": 100.0,
    "revenue": 900.0,
    "ordersPerRunnerHour": 3.0,
    "lateOrders": 0,
    "runnerUtilizationPct": 13.432529376425506,
    "totalRunnerDriveMinutes": 241.78552877565912,
    "totalRunnerShiftMinutes": 1800.0,
    "runnerUtilizationByRunner": {
      "runner_1": {
        "driveMinutes": 117.68487591684737,
        "utilizationPct": 19.614145986141228,
        "shiftMinutes": 600.0
      },
      "runner_2": {
        "driveMinutes": 89.89789891730875,
        "utilizationPct": 14.98298315288479,
        "shiftMinutes": 600.0
      },
      "runner_3": {
        "driveMinutes": 34.202753941503026,
        "utilizationPct": 5.700458990250504,
        "shiftMinutes": 600.0
      }
    }
  },
  "bevCartMetrics": null,
  "hasRunners": true,
  "hasBevCart": false
}