{
  "simulation_id": "delivery_dynamic_01",
  "runner_id": "2_runners",
  "revenue_per_round": 37.5,
  "orders_per_runner_hour": 2.7719793624796414,
  "on_time_rate": 1.0,
  "delivery_cycle_time_p90": 13.593955867265418,
  "delivery_cycle_time_avg": 12.123348066556414,
  "failed_rate": 0.0,
  "second_runner_break_even_orders": 7.215060931084723,
  "queue_wait_avg": 0.13333333333333333,
  "runner_utilization_driving_pct": 23.464360040862463,
  "runner_utilization_prep_pct": 0.0,
  "runner_utilization_idle_pct": 76.53563995913754,
  "distance_per_delivery_avg": 1456.8106079206123,
  "zone_service_times": {
    "hole_9": 11.142453736999808,
    "hole_10": 10.98564332828487,
    "hole_18": 10.206956727684396,
    "hole_12": 12.207094283672026,
    "hole_17": 12.266684657469886,
    "hole_14": 13.585472565767345,
    "hole_13": 13.643080616682346,
    "hole_8": 12.398405937660451,
    "hole_15": 13.10383372897765
  },
  "total_revenue": 600.0,
  "total_orders": 20,
  "successful_orders": 20,
  "failed_orders": 0,
  "total_rounds": 16,
  "active_runner_hours": 7.215060931084723
}