{
  "simulation_id": "delivery_dynamic_04",
  "runner_id": "2_runners",
  "revenue_per_round": 50.0,
  "orders_per_runner_hour": 3.0378444503324813,
  "on_time_rate": 1.0,
  "delivery_cycle_time_p90": 13.746179631361258,
  "delivery_cycle_time_avg": 12.370481532055598,
  "failed_rate": 0.0,
  "second_runner_break_even_orders": 6.583615562610874,
  "queue_wait_avg": 0.18137254901960786,
  "runner_utilization_driving_pct": 22.332001151882743,
  "runner_utilization_prep_pct": 0.0,
  "runner_utilization_idle_pct": 77.66799884811726,
  "distance_per_delivery_avg": 1595.7467030800235,
  "zone_service_times": {
    "hole_17": 12.321180122523048,
    "hole_8": 12.398405937660451,
    "hole_12": 12.767739890981224,
    "hole_10": 13.006281382343937,
    "hole_18": 10.755280492520898,
    "hole_13": 13.001585230369043,
    "hole_3": 13.391694113122714,
    "hole_2": 12.155575416941671,
    "hole_14": 13.615380148371818,
    "hole_15": 13.821398577458845,
    "hole_9": 11.511378201096885
  },
  "total_revenue": 600.0,
  "total_orders": 20,
  "successful_orders": 20,
  "failed_orders": 0,
  "total_rounds": 12,
  "active_runner_hours": 6.583615562610874
}