{
  "simulation_id": "delivery_dynamic_05",
  "runner_id": "3_runners",
  "revenue_per_round": 37.5,
  "orders_per_runner_hour": 2.7621022044321077,
  "on_time_rate": 1.0,
  "delivery_cycle_time_p90": 20.688567721988573,
  "delivery_cycle_time_avg": 14.317915579778393,
  "failed_rate": 0.0,
  "second_runner_break_even_orders": 7.240861676989259,
  "queue_wait_avg": 0.22916666666666669,
  "runner_utilization_driving_pct": 55.47796864844323,
  "runner_utilization_prep_pct": 0.0,
  "runner_utilization_idle_pct": 44.52203135155677,
  "distance_per_delivery_avg": 1389.219634805535,
  "zone_service_times": {
    "hole_12": 17.60502453003734,
    "hole_16": 12.574371604358506,
    "hole_8": 13.261329696675693,
    "hole_10": 14.463677062767541,
    "hole_7": 16.012771253560437,
    "hole_9": 12.685182518342057,
    "hole_-1": 10.504030087290129,
    "hole_5": 21.132906713826955,
    "hole_6": 19.006085931399745,
    "hole_18": 11.457831832347438
  },
  "total_revenue": 600.0,
  "total_orders": 20,
  "successful_orders": 20,
  "failed_orders": 0,
  "total_rounds": 16,
  "active_runner_hours": 7.240861676989259
}