{
  "simulation_id": "delivery_dynamic_04",
  "runner_id": "runner_1",
  "revenue_per_round": 17.0,
  "orders_per_runner_hour": 2.408500590318772,
  "on_time_rate": 0.17647058823529413,
  "delivery_cycle_time_p90": 56.291872390238225,
  "delivery_cycle_time_avg": 41.05796800540288,
  "failed_rate": 0.45,
  "second_runner_break_even_orders": 7.058333333333334,
  "queue_wait_avg": 26.695098039215686,
  "runner_utilization_driving_pct": 32.41181287377104,
  "runner_utilization_prep_pct": 0.0,
  "runner_utilization_idle_pct": 67.58818712622896,
  "distance_per_delivery_avg": 1465.9243086388983,
  "zone_service_times": {
    "hole_17": 36.12795636476664,
    "hole_10": 17.77348332885937,
    "hole_18": 42.373005716267045,
    "hole_14": 44.448019262607886,
    "hole_16": 54.221015768239646,
    "hole_13": 55.32958739840985,
    "hole_15": 51.05755075484837
  },
  "total_revenue": 510.0,
  "total_orders": 40,
  "successful_orders": 17,
  "failed_orders": 18,
  "total_rounds": 30,
  "active_runner_hours": 7.058333333333334
}