{
  "simulation_id": "delivery_dynamic_02",
  "runner_id": "runner_1",
  "revenue_per_round": 27.272727272727273,
  "orders_per_runner_hour": 2.7906976744186047,
  "on_time_rate": 0.2,
  "delivery_cycle_time_p90": 61.871526104115446,
  "delivery_cycle_time_avg": 42.82706981133831,
  "failed_rate": 0.26666666666666666,
  "second_runner_break_even_orders": 7.166666666666668,
  "queue_wait_avg": 30.1525,
  "runner_utilization_driving_pct": 39.01793267732106,
  "runner_utilization_prep_pct": 0.0,
  "runner_utilization_idle_pct": 60.98206732267894,
  "distance_per_delivery_avg": 898.6554566096714,
  "zone_service_times": {
    "hole_15": 13.89845843747856,
    "hole_16": 33.080817114586495,
    "hole_10": 38.6807133057332,
    "hole_-1": 46.094396839894834,
    "hole_18": 47.003640354303876,
    "hole_12": 58.918185321500516,
    "hole_11": 62.40750342976959,
    "hole_14": 28.62792683886837
  },
  "total_revenue": 600.0,
  "total_orders": 30,
  "successful_orders": 20,
  "failed_orders": 8,
  "total_rounds": 22,
  "active_runner_hours": 7.166666666666667
}