{
  "simulation_id": "delivery_dynamic_01",
  "runner_id": "runner_1",
  "revenue_per_round": 14.0,
  "orders_per_runner_hour": 1.9679812573213589,
  "on_time_rate": 0.2857142857142857,
  "delivery_cycle_time_p90": 62.7749957430229,
  "delivery_cycle_time_avg": 41.83018172819902,
  "failed_rate": 0.525,
  "second_runner_break_even_orders": 7.113888888888889,
  "queue_wait_avg": 28.002380952380953,
  "runner_utilization_driving_pct": 32.63650837385523,
  "runner_utilization_prep_pct": 0.0,
  "runner_utilization_idle_pct": 67.36349162614476,
  "distance_per_delivery_avg": 1286.1410606748705,
  "zone_service_times": {
    "hole_12": 44.56153054736045,
    "hole_13": 40.10760927514069,
    "hole_-1": 38.8810635065615,
    "hole_14": 63.839233237457364,
    "hole_15": 53.68522665900465,
    "hole_18": 26.22713910378843,
    "hole_9": 16.611415567252454
  },
  "total_revenue": 420.0,
  "total_orders": 40,
  "successful_orders": 14,
  "failed_orders": 21,
  "total_rounds": 30,
  "active_runner_hours": 7.113888888888889
}