{
  "simulation_id": "delivery_dynamic_03",
  "runner_id": "runner_1",
  "revenue_per_round": 26.666666666666668,
  "orders_per_runner_hour": 2.257495590828924,
  "on_time_rate": 0.4375,
  "delivery_cycle_time_p90": 54.00334688613968,
  "delivery_cycle_time_avg": 33.05047009010001,
  "failed_rate": 0.15,
  "second_runner_break_even_orders": 7.0875,
  "queue_wait_avg": 18.059375,
  "runner_utilization_driving_pct": 43.13437977966581,
  "runner_utilization_prep_pct": 0.0,
  "runner_utilization_idle_pct": 56.86562022033419,
  "distance_per_delivery_avg": 1677.0079502736087,
  "zone_service_times": {
    "hole_12": 17.638357863370675,
    "hole_18": 39.84731124101666,
    "hole_16": 13.517779254876617,
    "hole_9": 24.31406014372151,
    "hole_10": 36.324899530601215,
    "hole_-1": 31.647449541253323,
    "hole_5": 48.065579548585184,
    "hole_15": 54.99581412713457,
    "hole_13": 33.57513678506851,
    "hole_8": 14.16229748658649
  },
  "total_revenue": 480.0,
  "total_orders": 20,
  "successful_orders": 16,
  "failed_orders": 3,
  "total_rounds": 18,
  "active_runner_hours": 7.0875
}