{
  "simulation_id": "delivery_dynamic_05",
  "runner_id": "2_runners",
  "revenue_per_round": 35.806451612903224,
  "orders_per_runner_hour": 5.202108963093146,
  "on_time_rate": 0.5945945945945946,
  "delivery_cycle_time_p90": 52.35593696803304,
  "delivery_cycle_time_avg": 30.2066935812603,
  "failed_rate": 0.025,
  "second_runner_break_even_orders": 7.1125,
  "queue_wait_avg": 17.607843137254903,
  "runner_utilization_driving_pct": 74.24443789035904,
  "runner_utilization_prep_pct": 0.0,
  "runner_utilization_idle_pct": 25.755562109640962,
  "distance_per_delivery_avg": 1352.9085027629187,
  "zone_service_times": {
    "hole_15": 17.509431105398427,
    "hole_17": 27.257850448568874,
    "hole_10": 19.61781724418868,
    "hole_14": 24.40878887668601,
    "hole_13": 35.06388284557494,
    "hole_18": 35.845063165533745,
    "hole_12": 41.228024303165874,
    "hole_11": 35.57613914654121
  },
  "total_revenue": 1110.0,
  "total_orders": 40,
  "successful_orders": 37,
  "failed_orders": 1,
  "total_rounds": 31,
  "active_runner_hours": 7.1125
}