{
  "simulation_id": "delivery_dynamic_07",
  "runner_id": "2_runners",
  "revenue_per_round": 37.5,
  "orders_per_runner_hour": 4.243780569155486,
  "on_time_rate": 0.7666666666666667,
  "delivery_cycle_time_p90": 43.879530331301766,
  "delivery_cycle_time_avg": 21.316145606643552,
  "failed_rate": 0.0,
  "second_runner_break_even_orders": 7.069168518760152,
  "queue_wait_avg": 8.829629629629629,
  "runner_utilization_driving_pct": 68.73994631328847,
  "runner_utilization_prep_pct": 0.0,
  "runner_utilization_idle_pct": 31.26005368671153,
  "distance_per_delivery_avg": 1132.1449238322316,
  "zone_service_times": {
    "hole_16": 19.45449257748831,
    "hole_6": 18.84131867283389,
    "hole_14": 14.938719948927732,
    "hole_17": 20.335007747321328,
    "hole_10": 19.302454594933867,
    "hole_7": 31.366299423519074,
    "hole_9": 23.74105737741814,
    "hole_18": 20.168348651034222,
    "hole_11": 44.63275291627027,
    "hole_-1": 22.1435635065615,
    "hole_15": 14.922597168142783,
    "hole_8": 13.804130716374614
  },
  "total_revenue": 900.0,
  "total_orders": 30,
  "successful_orders": 30,
  "failed_orders": 0,
  "total_rounds": 24,
  "active_runner_hours": 7.069168518760152
}