{
  "simulation_id": "delivery_dynamic_02",
  "runner_id": "runner_1",
  "revenue_per_round": 16.071428571428573,
  "orders_per_runner_hour": 2.1238938053097347,
  "on_time_rate": 0.06666666666666667,
  "delivery_cycle_time_p90": 60.31404545883716,
  "delivery_cycle_time_avg": 47.64084319754133,
  "failed_rate": 0.56,
  "second_runner_break_even_orders": 7.0625,
  "queue_wait_avg": 34.22888888888889,
  "runner_utilization_driving_pct": 23.03430939430277,
  "runner_utilization_prep_pct": 0.0,
  "runner_utilization_idle_pct": 76.96569060569723,
  "distance_per_delivery_avg": 1146.4166477072215,
  "zone_service_times": {
    "hole_8": 13.434842296057225,
    "hole_-1": 43.7226286825251,
    "hole_18": 50.07078149155075,
    "hole_17": 51.077047331425234,
    "hole_14": 51.8410123575517,
    "hole_13": 51.81677070030419
  },
  "total_revenue": 450.0,
  "total_orders": 50,
  "successful_orders": 15,
  "failed_orders": 28,
  "total_rounds": 28,
  "active_runner_hours": 7.0625
}