{
  "simulation_id": "delivery_dynamic_06",
  "runner_id": "3_runners",
  "revenue_per_round": 37.5,
  "orders_per_runner_hour": 4.13496874820851,
  "on_time_rate": 0.9333333333333333,
  "delivery_cycle_time_p90": 24.81992171920413,
  "delivery_cycle_time_avg": 17.09826792963676,
  "failed_rate": 0.0,
  "second_runner_break_even_orders": 7.255193890642489,
  "queue_wait_avg": 1.9115942028985506,
  "runner_utilization_driving_pct": 80.66042839051754,
  "runner_utilization_prep_pct": 0.0,
  "runner_utilization_idle_pct": 19.339571609482462,
  "distance_per_delivery_avg": 1892.5913576912853,
  "zone_service_times": {
    "hole_7": 16.960565728786058,
    "hole_18": 10.468009868692631,
    "hole_-1": 21.309787541226797,
    "hole_3": 24.495296928050205,
    "hole_6": 19.853459825781282,
    "hole_2": 14.134869307210728,
    "hole_10": 12.858455198116802,
    "hole_4": 23.052242902555495,
    "hole_9": 15.760045771182497,
    "hole_15": 18.337188725698706,
    "hole_17": 14.53267519261984,
    "hole_8": 13.81947902324367
  },
  "total_revenue": 900.0,
  "total_orders": 30,
  "successful_orders": 30,
  "failed_orders": 0,
  "total_rounds": 24,
  "active_runner_hours": 7.255193890642489
}