{
  "simulation_id": "delivery_dynamic_06",
  "runner_id": "2_runners",
  "revenue_per_round": 39.09090909090909,
  "orders_per_runner_hour": 6.10410094637224,
  "on_time_rate": 0.3488372093023256,
  "delivery_cycle_time_p90": 64.02937879916888,
  "delivery_cycle_time_avg": 38.802292641581055,
  "failed_rate": 0.08,
  "second_runner_break_even_orders": 7.044444444444444,
  "queue_wait_avg": 27.209583333333335,
  "runner_utilization_driving_pct": 76.63835348521512,
  "runner_utilization_prep_pct": 0.0,
  "runner_utilization_idle_pct": 23.36164651478488,
  "distance_per_delivery_avg": 1172.9935833851916,
  "zone_service_times": {
    "hole_2": 13.749303908630372,
    "hole_18": 36.494716773361816,
    "hole_12": 22.28940287150035,
    "hole_6": 50.69311262009623,
    "hole_14": 62.491084487267365,
    "hole_13": 59.4390691271991,
    "hole_15": 66.58587516506468,
    "hole_7": 59.55871845052146,
    "hole_4": 35.68979200395358,
    "hole_9": 11.690896635854369,
    "hole_8": 14.552560591997583,
    "hole_17": 24.022347707647654
  },
  "total_revenue": 1290.0,
  "total_orders": 50,
  "successful_orders": 43,
  "failed_orders": 4,
  "total_rounds": 33,
  "active_runner_hours": 7.044444444444444
}