{
  "variantKey": "mid_back",
  "blockedHoles": [
    4,
    5,
    6,
    10,
    11,
    12
  ],
  "deliveryMetrics": {
    "totalOrders": 50,
    "successfulDeliveries": 43,
    "failedDeliveries": 4,
    "avgOrderTime": 38.802292641581055,
    "onTimePercentage": 34.883720930232556,
    "revenue": 1380.0,
    "ordersPerRunnerHour": 4.3,
    "lateOrders": 28,
    "runnerUtilizationPct": 26.993731172014655,
    "totalRunnerDriveMinutes": 323.9247740641759,
    "totalRunnerShiftMinutes": 1200.0,
    "runnerUtilizationByRunner": {
      "runner_1": {
        "driveMinutes": 167.99118596025184,
        "utilizationPct": 27.998530993375308,
        "shiftMinutes": 600.0
      },
      "runner_2": {
        "driveMinutes": 155.93358810392402,
        "utilizationPct": 25.988931350654003,
        "shiftMinutes": 600.0
      }
    }
  },
  "bevCartMetrics": null,
  "hasRunners": true,
  "hasBevCart": false
}