{
  "simulation_id": "delivery_blocked_02",
  "runner_id": "runner_1",
  "revenue_per_round": 8.333333333333334,
  "orders_per_runner_hour": 0.5,
  "on_time_rate": 0.4,
  "delivery_cycle_time_p90": 58.39573920865247,
  "delivery_cycle_time_avg": 36.92179737408331,
  "failed_rate": 0.5625,
  "second_runner_break_even_orders": 12.5,
  "queue_wait_avg": 0.0,
  "runner_utilization_driving_pct": 27.093574732935533,
  "runner_utilization_waiting_pct": 20.986779899269106,
  "distance_per_delivery_avg": 982.5893098693376,
  "zone_service_times": {
    "hole_4": 30.120372153592612,
    "hole_9": 44.35028221201022,
    "hole_10": 40.008980175610546
  },
  "total_revenue": 125.0,
  "total_orders": 16,
  "successful_orders": 5,
  "failed_orders": 9,
  "total_rounds": 15,
  "active_runner_hours": 10.0
}