{
  "simulation_id": "delivery_dynamic_06",
  "runner_id": "3_runners",
  "revenue_per_round": 42.857142857142854,
  "orders_per_runner_hour": 5.424928361681853,
  "on_time_rate": 1.0,
  "delivery_cycle_time_p90": 21.111496728332344,
  "delivery_cycle_time_avg": 15.848154935221908,
  "failed_rate": 0.0,
  "second_runner_break_even_orders": 7.373369256363613,
  "queue_wait_avg": 1.9458333333333333,
  "runner_utilization_driving_pct": 100.0,
  "runner_utilization_prep_pct": 0.0,
  "runner_utilization_idle_pct": 0.0,
  "distance_per_delivery_avg": 1441.940058234561,
  "zone_service_times": {
    "hole_6": 18.561984680501823,
    "hole_9": 12.209138032717378,
    "hole_4": 20.46148804200087,
    "hole_11": 18.067632435471104,
    "hole_10": 12.923967887682254,
    "hole_5": 21.183719915702508,
    "hole_8": 16.160986183186893,
    "hole_13": 16.051592568912323,
    "hole_16": 14.262964277759844,
    "hole_-1": 16.024396839894834,
    "hole_18": 14.299090657837162,
    "hole_7": 16.596988445253192,
    "hole_12": 17.577303051565984,
    "hole_17": 13.948038777186957,
    "hole_15": 13.103747077786101
  },
  "total_revenue": 1200.0,
  "total_orders": 40,
  "successful_orders": 40,
  "failed_orders": 0,
  "total_rounds": 28,
  "active_runner_hours": 7.373369256363613
}