{
  "simulation_id": "delivery_dynamic_04",
  "runner_id": "2_runners",
  "revenue_per_round": 42.857142857142854,
  "orders_per_runner_hour": 5.467673439385545,
  "on_time_rate": 0.875,
  "delivery_cycle_time_p90": 33.952487914834876,
  "delivery_cycle_time_avg": 21.923774516195397,
  "failed_rate": 0.0,
  "second_runner_break_even_orders": 7.3157258646550005,
  "queue_wait_avg": 11.082323232323233,
  "runner_utilization_driving_pct": 69.82046049135671,
  "runner_utilization_prep_pct": 0.0,
  "runner_utilization_idle_pct": 30.179539508643288,
  "distance_per_delivery_avg": 934.3682374416545,
  "zone_service_times": {
    "hole_18": 21.456454563330013,
    "hole_15": 18.407049635502336,
    "hole_11": 24.379827396174935,
    "hole_10": 24.954442995135267,
    "hole_17": 24.091666375828787,
    "hole_9": 19.89972601289999,
    "hole_8": 16.255699306256854,
    "hole_16": 17.808198986814627
  },
  "total_revenue": 1200.0,
  "total_orders": 40,
  "successful_orders": 40,
  "failed_orders": 0,
  "total_rounds": 28,
  "active_runner_hours": 7.3157258646550005
}