{
  "simulation_id": "delivery_dynamic_04",
  "runner_id": "runner_1",
  "revenue_per_round": 33.333333333333336,
  "orders_per_runner_hour": 2.4850932949759494,
  "on_time_rate": 0.65,
  "delivery_cycle_time_p90": 51.5688157683626,
  "delivery_cycle_time_avg": 26.683526078348574,
  "failed_rate": 0.0,
  "second_runner_break_even_orders": 8.047987590821437,
  "queue_wait_avg": 14.413888888888886,
  "runner_utilization_driving_pct": 40.34108313437415,
  "runner_utilization_prep_pct": 0.0,
  "runner_utilization_idle_pct": 59.65891686562585,
  "distance_per_delivery_avg": 1634.1387764109747,
  "zone_service_times": {
    "hole_10": 23.023988303822808,
    "hole_3": 17.883060741293427,
    "hole_16": 22.20997777356515,
    "hole_18": 22.729270272128783,
    "hole_5": 35.36002181448281,
    "hole_11": 59.036953694105314,
    "hole_15": 37.13017029331777,
    "hole_6": 52.0046580086464,
    "hole_13": 47.646235605808336,
    "hole_4": 14.810531176969137,
    "hole_14": 16.903569982295327,
    "hole_12": 10.314405566033262,
    "hole_9": 11.489078197387304
  },
  "total_revenue": 600.0,
  "total_orders": 20,
  "successful_orders": 20,
  "failed_orders": 0,
  "total_rounds": 18,
  "active_runner_hours": 8.047987590821437
}