{
  "simulation_id": "delivery_dynamic_02",
  "runner_id": "3_runners",
  "revenue_per_round": 44.44444444444444,
  "orders_per_runner_hour": 5.713809699498133,
  "on_time_rate": 0.975,
  "delivery_cycle_time_p90": 26.738943830207187,
  "delivery_cycle_time_avg": 18.707416605607985,
  "failed_rate": 0.0,
  "second_runner_break_even_orders": 7.000583166694082,
  "queue_wait_avg": 4.198989898989899,
  "runner_utilization_driving_pct": 100.0,
  "runner_utilization_prep_pct": 0.0,
  "runner_utilization_idle_pct": 0.0,
  "distance_per_delivery_avg": 1761.7319794842813,
  "zone_service_times": {
    "hole_8": 13.570880910219755,
    "hole_2": 22.985791254236332,
    "hole_9": 13.086812838165807,
    "hole_6": 20.810629635827627,
    "hole_11": 18.59810484258687,
    "hole_14": 14.775835041698095,
    "hole_13": 22.231927713559525,
    "hole_17": 14.339672412375057,
    "hole_-1": 20.683337069944205,
    "hole_5": 25.732076964872675,
    "hole_10": 17.92685431771341,
    "hole_12": 18.168909850007427,
    "hole_3": 20.963137086301746,
    "hole_18": 12.69121822905757,
    "hole_15": 12.584299804522015
  },
  "total_revenue": 1200.0,
  "total_orders": 40,
  "successful_orders": 40,
  "failed_orders": 0,
  "total_rounds": 27,
  "active_runner_hours": 7.000583166694082
}