{
  "simulation_id": "delivery_dynamic_08",
  "runner_id": "3_runners",
  "revenue_per_round": 36.0,
  "orders_per_runner_hour": 4.18414275351845,
  "on_time_rate": 0.9666666666666667,
  "delivery_cycle_time_p90": 21.395886306823815,
  "delivery_cycle_time_avg": 16.204120785300383,
  "failed_rate": 0.0,
  "second_runner_break_even_orders": 7.169927454022206,
  "queue_wait_avg": 2.314583333333333,
  "runner_utilization_driving_pct": 75.45897888281598,
  "runner_utilization_prep_pct": 0.0,
  "runner_utilization_idle_pct": 24.541021117184016,
  "distance_per_delivery_avg": 1462.4245838609274,
  "zone_service_times": {
    "hole_17": 15.508651722498795,
    "hole_8": 13.57797567582399,
    "hole_15": 13.660924364374463,
    "hole_13": 15.494448094734494,
    "hole_18": 15.581812197251908,
    "hole_7": 15.151348192189108,
    "hole_10": 14.764156887526891,
    "hole_5": 33.93237055890774,
    "hole_11": 23.815436401161605,
    "hole_9": 13.628053185167133,
    "hole_14": 14.715555397569794,
    "hole_16": 15.018349885958681,
    "hole_4": 20.9543660803926
  },
  "total_revenue": 900.0,
  "total_orders": 30,
  "successful_orders": 30,
  "failed_orders": 0,
  "total_rounds": 25,
  "active_runner_hours": 7.169927454022206
}