{
  "simulation_id": "delivery_dynamic_04",
  "runner_id": "runner_1",
  "revenue_per_round": 38.57142857142857,
  "orders_per_runner_hour": 2.448003536647712,
  "on_time_rate": 0.5,
  "delivery_cycle_time_p90": 61.3230257048236,
  "delivery_cycle_time_avg": 30.313577849151503,
  "failed_rate": 0.1,
  "second_runner_break_even_orders": 7.3529305536254,
  "queue_wait_avg": 20.785555555555558,
  "runner_utilization_driving_pct": 41.89110893856497,
  "runner_utilization_prep_pct": 0.0,
  "runner_utilization_idle_pct": 58.10889106143503,
  "distance_per_delivery_avg": 1005.406601759352,
  "zone_service_times": {
    "hole_11": 41.93606207740605,
    "hole_18": 22.38943513861074,
    "hole_15": 42.492701271925114,
    "hole_-1": 25.48253272850638,
    "hole_17": 46.628727797046665,
    "hole_9": 21.167030644619768,
    "hole_14": 14.698888730903127,
    "hole_10": 11.863692863710215,
    "hole_7": 14.33597531515928
  },
  "total_revenue": 540.0,
  "total_orders": 20,
  "successful_orders": 18,
  "failed_orders": 2,
  "total_rounds": 14,
  "active_runner_hours": 7.3529305536254
}