{
  "simulation_id": "delivery_dynamic_10",
  "runner_id": "3_runners",
  "revenue_per_round": 45.0,
  "orders_per_runner_hour": 4.099699951928947,
  "on_time_rate": 1.0,
  "delivery_cycle_time_p90": 20.228767693859233,
  "delivery_cycle_time_avg": 15.067391869173198,
  "failed_rate": 0.0,
  "second_runner_break_even_orders": 7.317608691310377,
  "queue_wait_avg": 1.1706349206349207,
  "runner_utilization_driving_pct": 77.83146823027323,
  "runner_utilization_prep_pct": 0.0,
  "runner_utilization_idle_pct": 22.16853176972677,
  "distance_per_delivery_avg": 1427.3103347088609,
  "zone_service_times": {
    "hole_4": 20.258874204776536,
    "hole_6": 21.401977713245167,
    "hole_3": 20.839459143455073,
    "hole_15": 14.821295188321024,
    "hole_9": 13.504061969287408,
    "hole_18": 12.058136484744056,
    "hole_-1": 12.35659834863994,
    "hole_14": 14.911260172201704,
    "hole_8": 13.940308867084786,
    "hole_17": 14.194846078276228,
    "hole_10": 13.341566197267882,
    "hole_16": 11.953338089275954,
    "hole_11": 14.550492254955195,
    "hole_7": 14.509653103053642
  },
  "total_revenue": 900.0,
  "total_orders": 30,
  "successful_orders": 30,
  "failed_orders": 0,
  "total_rounds": 20,
  "active_runner_hours": 7.317608691310377
}