{
  "simulation_id": "delivery_dynamic_01",
  "runner_id": "3_runners",
  "revenue_per_round": 45.0,
  "orders_per_runner_hour": 4.099323722001236,
  "on_time_rate": 1.0,
  "delivery_cycle_time_p90": 19.916432840999114,
  "delivery_cycle_time_avg": 16.308910432324993,
  "failed_rate": 0.0,
  "second_runner_break_even_orders": 7.3182802907193665,
  "queue_wait_avg": 1.592,
  "runner_utilization_driving_pct": 68.47186707272003,
  "runner_utilization_prep_pct": 0.0,
  "runner_utilization_idle_pct": 31.52813292727997,
  "distance_per_delivery_avg": 1674.033905261201,
  "zone_service_times": {
    "hole_1": 12.260426259020187,
    "hole_18": 14.53466722051644,
    "hole_8": 15.15984766746723,
    "hole_12": 15.021588757353978,
    "hole_14": 16.74586928284616,
    "hole_17": 16.727274899586664,
    "hole_-1": 16.424422617594733,
    "hole_13": 19.778443126217482,
    "hole_9": 12.607563302521097,
    "hole_4": 19.72897247131647,
    "hole_3": 16.62574288036164,
    "hole_15": 17.788015458446594,
    "hole_16": 17.121015768239644
  },
  "total_revenue": 900.0,
  "total_orders": 30,
  "successful_orders": 30,
  "failed_orders": 0,
  "total_rounds": 20,
  "active_runner_hours": 7.3182802907193665
}