{
  "simulation_id": "delivery_dynamic_02",
  "runner_id": "runner_1",
  "revenue_per_round": 14.516129032258064,
  "orders_per_runner_hour": 2.0950533462657615,
  "on_time_rate": 0.13333333333333333,
  "delivery_cycle_time_p90": 66.71202108789028,
  "delivery_cycle_time_avg": 50.62241464916326,
  "failed_rate": 0.56,
  "second_runner_break_even_orders": 7.159722222222223,
  "queue_wait_avg": 35.68666666666667,
  "runner_utilization_driving_pct": 32.47621576263188,
  "runner_utilization_prep_pct": 0.0,
  "runner_utilization_idle_pct": 67.52378423736812,
  "distance_per_delivery_avg": 1658.411322118856,
  "zone_service_times": {
    "hole_17": 35.790191770405876,
    "hole_14": 35.045366788284504,
    "hole_18": 49.781471827249256,
    "hole_13": 62.28431947045321,
    "hole_6": 63.48679315911462,
    "hole_15": 68.05778490230259,
    "hole_8": 63.60666208576707
  },
  "total_revenue": 450.0,
  "total_orders": 50,
  "successful_orders": 15,
  "failed_orders": 28,
  "total_rounds": 31,
  "active_runner_hours": 7.159722222222222
}