{
  "simulation_id": "delivery_dynamic_10",
  "runner_id": "runner_1",
  "revenue_per_round": 21.6,
  "orders_per_runner_hour": 2.483710233806056,
  "on_time_rate": 0.3333333333333333,
  "delivery_cycle_time_p90": 57.83531548609663,
  "delivery_cycle_time_avg": 39.059991501997835,
  "failed_rate": 0.3,
  "second_runner_break_even_orders": 7.247222222222222,
  "queue_wait_avg": 26.725,
  "runner_utilization_driving_pct": 42.24526953682508,
  "runner_utilization_prep_pct": 0.0,
  "runner_utilization_idle_pct": 57.75473046317492,
  "distance_per_delivery_avg": 784.5571446712704,
  "zone_service_times": {
    "hole_15": 13.422597173049052,
    "hole_-1": 37.14773017322817,
    "hole_11": 43.95423458805894,
    "hole_9": 46.67328431913383,
    "hole_10": 57.569121261600536,
    "hole_17": 53.95130882799664,
    "hole_18": 13.746446374278943
  },
  "total_revenue": 540.0,
  "total_orders": 30,
  "successful_orders": 18,
  "failed_orders": 9,
  "total_rounds": 25,
  "active_runner_hours": 7.247222222222222
}