{
  "simulation_id": "delivery_dynamic_01",
  "runner_id": "3_runners",
  "revenue_per_round": 44.44444444444444,
  "orders_per_runner_hour": 5.544004120857393,
  "on_time_rate": 0.95,
  "delivery_cycle_time_p90": 28.110695510503614,
  "delivery_cycle_time_avg": 17.71023840190492,
  "failed_rate": 0.0,
  "second_runner_break_even_orders": 7.215001852093485,
  "queue_wait_avg": 5.203809523809523,
  "runner_utilization_driving_pct": 91.59487091605463,
  "runner_utilization_prep_pct": 0.0,
  "runner_utilization_idle_pct": 8.405129083945369,
  "distance_per_delivery_avg": 1060.7201030400515,
  "zone_service_times": {
    "hole_9": 11.653743378036378,
    "hole_16": 16.059195404852563,
    "hole_8": 13.898519803523717,
    "hole_17": 20.348351658616807,
    "hole_-1": 15.088206363704359,
    "hole_15": 18.57094251057228,
    "hole_10": 25.949430855011208,
    "hole_4": 25.7448213753342,
    "hole_7": 24.38662384604902,
    "hole_18": 13.38093324804407,
    "hole_13": 15.900136785068572,
    "hole_14": 14.402864254335872
  },
  "total_revenue": 1200.0,
  "total_orders": 40,
  "successful_orders": 40,
  "failed_orders": 0,
  "total_rounds": 27,
  "active_runner_hours": 7.215001852093485
}