{
  "simulation_id": "delivery_dynamic_04",
  "runner_id": "runner_1",
  "revenue_per_round": 10.285714285714286,
  "orders_per_runner_hour": 1.6997835923667126,
  "on_time_rate": 0.25,
  "delivery_cycle_time_p90": 60.44640668659034,
  "delivery_cycle_time_avg": 44.56235448851227,
  "failed_rate": 0.6,
  "second_runner_break_even_orders": 7.059722222222222,
  "queue_wait_avg": 31.969444444444445,
  "runner_utilization_driving_pct": 26.456966708131784,
  "runner_utilization_prep_pct": 0.0,
  "runner_utilization_idle_pct": 73.54303329186821,
  "distance_per_delivery_avg": 871.2177748067871,
  "zone_service_times": {
    "hole_15": 19.55511184661227,
    "hole_11": 34.44857733360277,
    "hole_12": 57.93505937471288,
    "hole_-1": 54.46235352886962,
    "hole_10": 53.452454594933805
  },
  "total_revenue": 360.0,
  "total_orders": 50,
  "successful_orders": 12,
  "failed_orders": 30,
  "total_rounds": 35,
  "active_runner_hours": 7.059722222222222
}