{
  "simulation_id": "delivery_dynamic_10",
  "runner_id": "3_runners",
  "revenue_per_round": 41.666666666666664,
  "orders_per_runner_hour": 7.0000862822987635,
  "on_time_rate": 0.82,
  "delivery_cycle_time_p90": 32.065770453023646,
  "delivery_cycle_time_avg": 20.180692189809143,
  "failed_rate": 0.0,
  "second_runner_break_even_orders": 7.142769100780351,
  "queue_wait_avg": 8.128571428571428,
  "runner_utilization_driving_pct": 100.0,
  "runner_utilization_prep_pct": 0.0,
  "runner_utilization_idle_pct": 0.0,
  "distance_per_delivery_avg": 1126.5045757758735,
  "zone_service_times": {
    "hole_8": 20.052965054264153,
    "hole_18": 15.877225717780215,
    "hole_6": 19.858249005178692,
    "hole_16": 23.321453619105796,
    "hole_17": 23.91267299365743,
    "hole_9": 17.546964491269925,
    "hole_-1": 23.124422617594732,
    "hole_12": 31.560674681420174,
    "hole_10": 19.34043066164275,
    "hole_11": 32.75018869125576,
    "hole_7": 16.72627006887184
  },
  "total_revenue": 1500.0,
  "total_orders": 50,
  "successful_orders": 50,
  "failed_orders": 0,
  "total_rounds": 36,
  "active_runner_hours": 7.14276910078035
}