{
  "variantKey": "front_back",
  "blockedHoles": [
    1,
    2,
    3,
    10,
    11,
    12
  ],
  "deliveryMetrics": {
    "totalOrders": 50,
    "successfulDeliveries": 50,
    "failedDeliveries": 0,
    "avgOrderTime": 20.180692189809143,
    "onTimePercentage": 82.0,
    "revenue": 1500.0,
    "ordersPerRunnerHour": 5.0,
    "lateOrders": 9,
    "runnerUtilizationPct": 26.376525924073015,
    "totalRunnerDriveMinutes": 474.77746663331425,
    "totalRunnerShiftMinutes": 1800.0,
    "runnerUtilizationByRunner": {
      "runner_1": {
        "driveMinutes": 178.86077207170686,
        "utilizationPct": 29.810128678617808,
        "shiftMinutes": 600.0
      },
      "runner_3": {
        "driveMinutes": 126.00505862479268,
        "utilizationPct": 21.000843104132112,
        "shiftMinutes": 600.0
      },
      "runner_2": {
        "driveMinutes": 169.9116359368147,
        "utilizationPct": 28.318605989469113,
        "shiftMinutes": 600.0
      }
    }
  },
  "bevCartMetrics": null,
  "hasRunners": true,
  "hasBevCart": false
}