{
  "simulation_id": "delivery_dynamic_02",
  "runner_id": "2_runners",
  "revenue_per_round": 31.93548387096774,
  "orders_per_runner_hour": 4.529165078154785,
  "on_time_rate": 0.21212121212121213,
  "delivery_cycle_time_p90": 62.71484391260869,
  "delivery_cycle_time_avg": 44.274444033601384,
  "failed_rate": 0.28,
  "second_runner_break_even_orders": 7.2861111111111105,
  "queue_wait_avg": 29.32171717171717,
  "runner_utilization_driving_pct": 95.93420527515667,
  "runner_utilization_prep_pct": 0.0,
  "runner_utilization_idle_pct": 4.065794724843329,
  "distance_per_delivery_avg": 1664.1162255930951,
  "zone_service_times": {
    "hole_15": 14.245814127134599,
    "hole_3": 26.447191004374275,
    "hole_5": 39.11496875664937,
    "hole_16": 40.29566150089213,
    "hole_11": 41.19979341113415,
    "hole_-1": 42.17068708237979,
    "hole_10": 51.071242277960174,
    "hole_6": 60.442330536184535,
    "hole_8": 47.331975533751454,
    "hole_9": 50.82283968895277,
    "hole_7": 61.032037251150726,
    "hole_13": 64.51944801612068,
    "hole_18": 45.58852067675592,
    "hole_4": 39.19220753810987
  },
  "total_revenue": 990.0,
  "total_orders": 50,
  "successful_orders": 33,
  "failed_orders": 14,
  "total_rounds": 31,
  "active_runner_hours": 7.286111111111111
}