{
  "simulation_id": "delivery_dynamic_04",
  "runner_id": "3_runners",
  "revenue_per_round": 40.90909090909091,
  "orders_per_runner_hour": 4.197668092699009,
  "on_time_rate": 0.9333333333333333,
  "delivery_cycle_time_p90": 27.186708474225526,
  "delivery_cycle_time_avg": 17.793634351048713,
  "failed_rate": 0.0,
  "second_runner_break_even_orders": 7.146825174715198,
  "queue_wait_avg": 2.8777777777777778,
  "runner_utilization_driving_pct": 73.60677231711001,
  "runner_utilization_prep_pct": 0.0,
  "runner_utilization_idle_pct": 26.393227682889986,
  "distance_per_delivery_avg": 1748.4211419523685,
  "zone_service_times": {
    "hole_1": 12.643716143823985,
    "hole_10": 10.956816662192704,
    "hole_17": 14.974300431277081,
    "hole_2": 18.459849230964572,
    "hole_6": 22.01920833385443,
    "hole_9": 15.676433633852836,
    "hole_16": 17.400397667396707,
    "hole_-1": 35.99027554011209,
    "hole_18": 14.789965695604597,
    "hole_4": 19.324433822181284,
    "hole_3": 17.119815704242107,
    "hole_7": 16.575385117188127,
    "hole_8": 15.845670924903
  },
  "total_revenue": 900.0,
  "total_orders": 30,
  "successful_orders": 30,
  "failed_orders": 0,
  "total_rounds": 22,
  "active_runner_hours": 7.146825174715198
}