{
  "simulation_id": "delivery_dynamic_03",
  "runner_id": "2_runners",
  "revenue_per_round": 37.5,
  "orders_per_runner_hour": 4.142394878953068,
  "on_time_rate": 0.7333333333333333,
  "delivery_cycle_time_p90": 38.91266608216931,
  "delivery_cycle_time_avg": 22.62756619557609,
  "failed_rate": 0.0,
  "second_runner_break_even_orders": 7.242187400439736,
  "queue_wait_avg": 11.014666666666667,
  "runner_utilization_driving_pct": 69.83624845678308,
  "runner_utilization_prep_pct": 0.0,
  "runner_utilization_idle_pct": 30.163751543216918,
  "distance_per_delivery_avg": 1158.7555750468982,
  "zone_service_times": {
    "hole_14": 22.931625940761982,
    "hole_15": 16.774095996716888,
    "hole_18": 22.48760855033284,
    "hole_8": 13.76663096199233,
    "hole_6": 22.21755244159752,
    "hole_-1": 32.67550795100595,
    "hole_9": 21.741426507344638,
    "hole_7": 16.596988445253192,
    "hole_12": 17.03398979623774,
    "hole_11": 36.05638569864229
  },
  "total_revenue": 900.0,
  "total_orders": 30,
  "successful_orders": 30,
  "failed_orders": 0,
  "total_rounds": 24,
  "active_runner_hours": 7.242187400439737
}