{
  "simulation_id": "delivery_dynamic_01",
  "runner_id": "3_runners",
  "revenue_per_round": 40.0,
  "orders_per_runner_hour": 2.7342418270216986,
  "on_time_rate": 0.95,
  "delivery_cycle_time_p90": 25.737387612689197,
  "delivery_cycle_time_avg": 16.660807794548944,
  "failed_rate": 0.0,
  "second_runner_break_even_orders": 7.31464196119961,
  "queue_wait_avg": 2.134375,
  "runner_utilization_driving_pct": 59.7343874056191,
  "runner_utilization_prep_pct": 0.0,
  "runner_utilization_idle_pct": 40.2656125943809,
  "distance_per_delivery_avg": 1664.3114189684434,
  "zone_service_times": {
    "hole_6": 19.512307727520724,
    "hole_12": 17.674028159375496,
    "hole_14": 14.632062213268789,
    "hole_9": 11.778082233919122,
    "hole_8": 26.370964437398168,
    "hole_7": 15.916728255433675,
    "hole_11": 22.89909461483191,
    "hole_10": 16.954037620692542,
    "hole_-1": 10.381063506561501,
    "hole_16": 13.287508987371014
  },
  "total_revenue": 600.0,
  "total_orders": 20,
  "successful_orders": 20,
  "failed_orders": 0,
  "total_rounds": 15,
  "active_runner_hours": 7.31464196119961
}