{
  "simulation_id": "delivery_dynamic_06",
  "runner_id": "3_runners",
  "revenue_per_round": 40.90909090909091,
  "orders_per_runner_hour": 4.147239807183557,
  "on_time_rate": 1.0,
  "delivery_cycle_time_p90": 21.276293135267352,
  "delivery_cycle_time_avg": 15.606408811176358,
  "failed_rate": 0.0,
  "second_runner_break_even_orders": 7.233726862873015,
  "queue_wait_avg": 0.9916666666666667,
  "runner_utilization_driving_pct": 84.01164122946668,
  "runner_utilization_prep_pct": 0.0,
  "runner_utilization_idle_pct": 15.988358770533324,
  "distance_per_delivery_avg": 1617.1933605552563,
  "zone_service_times": {
    "hole_14": 19.72714887838944,
    "hole_6": 19.232101240921597,
    "hole_3": 20.996470082792317,
    "hole_8": 14.899926058138938,
    "hole_18": 12.628259170139412,
    "hole_9": 12.951804060552139,
    "hole_-1": 16.609079514113304,
    "hole_16": 13.494520238728061,
    "hole_10": 11.034111686456633,
    "hole_7": 16.28296609018574,
    "hole_4": 20.447020011733066,
    "hole_15": 12.327288590570122
  },
  "total_revenue": 900.0,
  "total_orders": 30,
  "successful_orders": 30,
  "failed_orders": 0,
  "total_rounds": 22,
  "active_runner_hours": 7.233726862873015
}