{
  "simulation_id": "delivery_dynamic_05",
  "runner_id": "runner_1",
  "revenue_per_round": 33.529411764705884,
  "orders_per_runner_hour": 2.3476917796464734,
  "on_time_rate": 0.9473684210526315,
  "delivery_cycle_time_p90": 28.24339725873724,
  "delivery_cycle_time_avg": 16.55757755981241,
  "failed_rate": 0.0,
  "second_runner_break_even_orders": 8.093055555555555,
  "queue_wait_avg": 5.258888888888889,
  "runner_utilization_driving_pct": 42.150233496453446,
  "runner_utilization_prep_pct": 0.0,
  "runner_utilization_idle_pct": 57.849766503546554,
  "distance_per_delivery_avg": 1732.1926851701987,
  "zone_service_times": {
    "hole_11": 16.74774066111685,
    "hole_12": 20.130139165071583,
    "hole_13": 13.66260946033605,
    "hole_17": 14.053880933854845,
    "hole_10": 11.052007352123413,
    "hole_16": 10.82117302275971,
    "hole_9": 15.175917985811065,
    "hole_15": 21.621836958259216,
    "hole_4": 25.713815627280503,
    "hole_1": 11.083860539774347,
    "hole_18": 11.289776644918431,
    "hole_7": 12.602223584172558,
    "hole_3": 13.09425606280068,
    "hole_5": 28.24339725873724
  },
  "total_revenue": 570.0,
  "total_orders": 20,
  "successful_orders": 19,
  "failed_orders": 0,
  "total_rounds": 17,
  "active_runner_hours": 8.093055555555555
}