{
  "simulation_id": "delivery_dynamic_07",
  "runner_id": "runner_1",
  "revenue_per_round": 17.0,
  "orders_per_runner_hour": 2.2925641505899983,
  "on_time_rate": 0.11764705882352941,
  "delivery_cycle_time_p90": 61.972801895498414,
  "delivery_cycle_time_avg": 48.84395586251689,
  "failed_rate": 0.54,
  "second_runner_break_even_orders": 7.415277777777778,
  "queue_wait_avg": 36.80686274509804,
  "runner_utilization_driving_pct": 30.52730305748567,
  "runner_utilization_prep_pct": 0.0,
  "runner_utilization_idle_pct": 69.47269694251433,
  "distance_per_delivery_avg": 684.4632874527308,
  "zone_service_times": {
    "hole_11": 14.426814414830096,
    "hole_10": 25.348811890140556,
    "hole_16": 36.31471611841692,
    "hole_-1": 52.706989432487426,
    "hole_15": 60.97478059510328,
    "hole_12": 53.72454258946236,
    "hole_18": 55.735068286492364
  },
  "total_revenue": 510.0,
  "total_orders": 50,
  "successful_orders": 17,
  "failed_orders": 27,
  "total_rounds": 30,
  "active_runner_hours": 7.415277777777778
}