{
  "variantKey": "back",
  "blockedHoles": [
    10,
    11,
    12
  ],
  "deliveryMetrics": {
    "totalOrders": 20,
    "successfulDeliveries": 20,
    "failedDeliveries": 0,
    "avgOrderTime": 16.732218911993463,
    "onTimePercentage": 100.0,
    "revenue": 600.0,
    "ordersPerRunnerHour": 2.0,
    "lateOrders": 0,
    "runnerUtilizationPct": 13.809872865177923,
    "totalRunnerDriveMinutes": 248.57771157320258,
    "totalRunnerShiftMinutes": 1800.0,
    "runnerUtilizationByRunner": {
      "runner_1": {
        "driveMinutes": 143.45776924086215,
        "utilizationPct": 23.909628206810357,
        "shiftMinutes": 600.0
      },
      "runner_2": {
        "driveMinutes": 63.66159706017476,
        "utilizationPct": 10.610266176695795,
        "shiftMinutes": 600.0
      },
      "runner_3": {
        "driveMinutes": 41.458345272165666,
        "utilizationPct": 6.909724212027611,
        "shiftMinutes": 600.0
      }
    }
  },
  "bevCartMetrics": null,
  "hasRunners": true,
  "hasBevCart": false
}