{
  "simulation_id": "delivery_dynamic_04",
  "runner_id": "2_runners",
  "revenue_per_round": 36.42857142857143,
  "orders_per_runner_hour": 4.7499794259714845,
  "on_time_rate": 0.5588235294117647,
  "delivery_cycle_time_p90": 56.43434157344027,
  "delivery_cycle_time_avg": 31.635827149486857,
  "failed_rate": 0.125,
  "second_runner_break_even_orders": 7.157925740498587,
  "queue_wait_avg": 18.44375,
  "runner_utilization_driving_pct": 85.6945582757529,
  "runner_utilization_prep_pct": 0.0,
  "runner_utilization_idle_pct": 14.305441724247103,
  "distance_per_delivery_avg": 1437.0732163452299,
  "zone_service_times": {
    "hole_3": 27.481125810121753,
    "hole_2": 22.356431423504485,
    "hole_10": 18.690015217095567,
    "hole_14": 22.84371602290224,
    "hole_18": 31.16118351851676,
    "hole_7": 43.49944476531614,
    "hole_-1": 30.21915874465674,
    "hole_17": 47.988419483616596,
    "hole_11": 48.089719031975555,
    "hole_12": 62.22225977048847,
    "hole_8": 34.749964339022334,
    "hole_6": 31.060570686242094,
    "hole_16": 13.477853572061456,
    "hole_15": 13.484436087697153,
    "hole_9": 11.380726810388175
  },
  "total_revenue": 1020.0,
  "total_orders": 40,
  "successful_orders": 34,
  "failed_orders": 5,
  "total_rounds": 28,
  "active_runner_hours": 7.157925740498588
}