{
  "simulation_id": "delivery_dynamic_06",
  "runner_id": "3_runners",
  "revenue_per_round": 40.3448275862069,
  "orders_per_runner_hour": 5.288991961699004,
  "on_time_rate": 1.0,
  "delivery_cycle_time_p90": 20.638432684484663,
  "delivery_cycle_time_avg": 15.110834679133838,
  "failed_rate": 0.0,
  "second_runner_break_even_orders": 7.373805874999264,
  "queue_wait_avg": 1.2521505376344086,
  "runner_utilization_driving_pct": 81.21437236080224,
  "runner_utilization_prep_pct": 0.0,
  "runner_utilization_idle_pct": 18.785627639197756,
  "distance_per_delivery_avg": 1382.8199393684572,
  "zone_service_times": {
    "hole_10": 12.27987328721061,
    "hole_11": 15.075645970873545,
    "hole_17": 14.700277020779382,
    "hole_1": 12.719197425729757,
    "hole_9": 11.868208234485671,
    "hole_2": 14.902768723895557,
    "hole_18": 13.324573057198226,
    "hole_15": 16.983950102034882,
    "hole_16": 18.254349101572977,
    "hole_7": 18.36060457752501,
    "hole_6": 22.84636759587626,
    "hole_-1": 19.01131475987141,
    "hole_4": 18.281787901403124,
    "hole_8": 14.351908663639065
  },
  "total_revenue": 1170.0,
  "total_orders": 40,
  "successful_orders": 39,
  "failed_orders": 0,
  "total_rounds": 29,
  "active_runner_hours": 7.373805874999264
}