{
  "simulation_id": "delivery_dynamic_06",
  "runner_id": "3_runners",
  "revenue_per_round": 37.5,
  "orders_per_runner_hour": 2.982814709206455,
  "on_time_rate": 1.0,
  "delivery_cycle_time_p90": 14.922483161618809,
  "delivery_cycle_time_avg": 12.341854068576612,
  "failed_rate": 0.0,
  "second_runner_break_even_orders": 6.705076228258503,
  "queue_wait_avg": 0.04083333333333333,
  "runner_utilization_driving_pct": 26.76755085887657,
  "runner_utilization_prep_pct": 0.0,
  "runner_utilization_idle_pct": 73.23244914112342,
  "distance_per_delivery_avg": 1656.7349293751522,
  "zone_service_times": {
    "hole_8": 12.331102923597221,
    "hole_4": 14.673414341352752,
    "hole_10": 10.486943029669298,
    "hole_6": 14.365837152224959,
    "hole_17": 12.166914086668264,
    "hole_18": 10.486739774001984,
    "hole_9": 11.202028208463435,
    "hole_-1": 15.00980320785784,
    "hole_15": 13.103833728977587
  },
  "total_revenue": 600.0,
  "total_orders": 20,
  "successful_orders": 20,
  "failed_orders": 0,
  "total_rounds": 16,
  "active_runner_hours": 6.705076228258503
}