{
  "variantKey": "front_back",
  "blockedHoles": [
    1,
    2,
    3,
    10,
    11,
    12
  ],
  "deliveryMetrics": {
    "totalOrders": 30,
    "successfulDeliveries": 30,
    "failedDeliveries": 0,
    "avgOrderTime": 15.060059476376859,
    "onTimePercentage": 100.0,
    "revenue": 900.0,
    "ordersPerRunnerHour": 3.0,
    "lateOrders": 0,
    "runnerUtilizationPct": 16.381845159040793,
    "totalRunnerDriveMinutes": 294.8732128627343,
    "totalRunnerShiftMinutes": 1800.0,
    "runnerUtilizationByRunner": {
      "runner_1": {
        "driveMinutes": 154.05839210103093,
        "utilizationPct": 25.676398683505152,
        "shiftMinutes": 600.0
      },
      "runner_2": {
        "driveMinutes": 80.71460987406455,
        "utilizationPct": 13.452434979010757,
        "shiftMinutes": 600.0
      },
      "runner_3": {
        "driveMinutes": 60.10021088763889,
        "utilizationPct": 10.016701814606481,
        "shiftMinutes": 600.0
      }
    }
  },
  "bevCartMetrics": null,
  "hasRunners": true,
  "hasBevCart": false
}