{
  "simulation_id": "delivery_dynamic_02",
  "runner_id": "runner_1",
  "revenue_per_round": 22.22222222222222,
  "orders_per_runner_hour": 2.478485370051635,
  "on_time_rate": 0.375,
  "delivery_cycle_time_p90": 59.058846855440116,
  "delivery_cycle_time_avg": 36.81640237772617,
  "failed_rate": 0.2727272727272727,
  "second_runner_break_even_orders": 12.104166666666668,
  "queue_wait_avg": 27.81578947368421,
  "runner_utilization_driving_pct": 29.81267615592804,
  "runner_utilization_prep_pct": 0.0,
  "runner_utilization_idle_pct": 70.18732384407195,
  "distance_per_delivery_avg": 1542.2550046767367,
  "zone_service_times": {
    "hole_12": 28.25681066608619,
    "hole_18": 33.979759095156986,
    "hole_11": 34.41860483183157,
    "hole_7": 38.587934615723256,
    "hole_13": 62.94200920620139,
    "hole_5": 33.61619136109381,
    "hole_17": 37.10184739980007,
    "hole_14": 50.49195813325423,
    "hole_15": 51.98071619350127
  },
  "total_revenue": 600.0,
  "total_orders": 33,
  "successful_orders": 24,
  "failed_orders": 9,
  "total_rounds": 27,
  "active_runner_hours": 9.683333333333334
}