{
  "simulation_id": "delivery_dynamic_01",
  "runner_id": "runner_1",
  "revenue_per_round": 13.548387096774194,
  "orders_per_runner_hour": 1.982690794649882,
  "on_time_rate": 0.21428571428571427,
  "delivery_cycle_time_p90": 64.63646884525224,
  "delivery_cycle_time_avg": 44.760159659543675,
  "failed_rate": 0.58,
  "second_runner_break_even_orders": 7.061111111111111,
  "queue_wait_avg": 31.672619047619047,
  "runner_utilization_driving_pct": 29.029301336471185,
  "runner_utilization_prep_pct": 0.0,
  "runner_utilization_idle_pct": 70.97069866352882,
  "distance_per_delivery_avg": 1037.4136456066797,
  "zone_service_times": {
    "hole_6": 19.870126492447948,
    "hole_18": 40.716335845037925,
    "hole_8": 46.552471357190186,
    "hole_17": 59.74217161908843,
    "hole_10": 35.143988253669704,
    "hole_11": 62.744237568886696,
    "hole_14": 66.52870012161777,
    "hole_15": 62.190884088181704
  },
  "total_revenue": 420.0,
  "total_orders": 50,
  "successful_orders": 14,
  "failed_orders": 29,
  "total_rounds": 31,
  "active_runner_hours": 7.061111111111111
}