{
  "simulation_id": "delivery_dynamic_06",
  "runner_id": "3_runners",
  "revenue_per_round": 46.15384615384615,
  "orders_per_runner_hour": 5.5152924793779645,
  "on_time_rate": 0.9,
  "delivery_cycle_time_p90": 31.133081655931164,
  "delivery_cycle_time_avg": 19.781900720944098,
  "failed_rate": 0.0,
  "second_runner_break_even_orders": 7.252561881271499,
  "queue_wait_avg": 5.425675675675675,
  "runner_utilization_driving_pct": 100.0,
  "runner_utilization_prep_pct": 0.0,
  "runner_utilization_idle_pct": 0.0,
  "distance_per_delivery_avg": 1600.4186422372154,
  "zone_service_times": {
    "hole_9": 13.510248025185623,
    "hole_10": 12.534660596540956,
    "hole_3": 26.111321937596525,
    "hole_8": 18.782038023149244,
    "hole_6": 22.049683823044,
    "hole_18": 18.032775586371464,
    "hole_14": 25.70115589840093,
    "hole_7": 27.475385117188125,
    "hole_2": 19.388461016698884,
    "hole_4": 19.35776715551462,
    "hole_12": 18.60198720018674,
    "hole_16": 34.8553115501114,
    "hole_15": 17.05061676870161,
    "hole_17": 13.606093828670904
  },
  "total_revenue": 1200.0,
  "total_orders": 40,
  "successful_orders": 40,
  "failed_orders": 0,
  "total_rounds": 26,
  "active_runner_hours": 7.252561881271499
}