{
  "simulation_id": "delivery_dynamic_04",
  "runner_id": "2_runners",
  "revenue_per_round": 26.756756756756758,
  "orders_per_runner_hour": 4.530028598665395,
  "on_time_rate": 0.3333333333333333,
  "delivery_cycle_time_p90": 59.667587779056795,
  "delivery_cycle_time_avg": 37.73388076712401,
  "failed_rate": 0.28,
  "second_runner_break_even_orders": 7.284722222222223,
  "queue_wait_avg": 23.076262626262626,
  "runner_utilization_driving_pct": 92.09020151564148,
  "runner_utilization_prep_pct": 0.0,
  "runner_utilization_idle_pct": 7.909798484358518,
  "distance_per_delivery_avg": 1564.9596953294256,
  "zone_service_times": {
    "hole_16": 21.618349885958665,
    "hole_9": 19.20729334901634,
    "hole_10": 31.793444918480077,
    "hole_4": 41.618399763151544,
    "hole_8": 26.85608040180614,
    "hole_6": 51.80186285697509,
    "hole_12": 56.168073259096616,
    "hole_-1": 43.61563907234091,
    "hole_13": 60.1474928496092,
    "hole_17": 36.194500184579674,
    "hole_5": 52.18312760920964,
    "hole_11": 38.689114235881604,
    "hole_7": 57.59262156816452,
    "hole_18": 25.67104597984835,
    "hole_15": 32.41723218431234
  },
  "total_revenue": 990.0,
  "total_orders": 50,
  "successful_orders": 33,
  "failed_orders": 14,
  "total_rounds": 37,
  "active_runner_hours": 7.284722222222222
}