{
  "variantKey": "front_back",
  "blockedHoles": [
    1,
    2,
    3,
    10,
    11,
    12
  ],
  "deliveryMetrics": {
    "totalOrders": 30,
    "successfulDeliveries": 30,
    "failedDeliveries": 0,
    "avgOrderTime": 15.965820502209834,
    "onTimePercentage": 96.66666666666667,
    "revenue": 900.0,
    "ordersPerRunnerHour": 3.0,
    "lateOrders": 1,
    "runnerUtilizationPct": 19.62226697458253,
    "totalRunnerDriveMinutes": 353.20080554248557,
    "totalRunnerShiftMinutes": 1800.0,
    "runnerUtilizationByRunner": {
      "runner_1": {
        "driveMinutes": 172.45044286889225,
        "utilizationPct": 28.74174047814871,
        "shiftMinutes": 600.0
      },
      "runner_2": {
        "driveMinutes": 126.66161521328114,
        "utilizationPct": 21.110269202213523,
        "shiftMinutes": 600.0
      },
      "runner_3": {
        "driveMinutes": 54.088747460312135,
        "utilizationPct": 9.014791243385357,
        "shiftMinutes": 600.0
      }
    }
  },
  "bevCartMetrics": null,
  "hasRunners": true,
  "hasBevCart": false
}