{
  "variantKey": "none",
  "blockedHoles": [],
  "deliveryMetrics": {
    "totalOrders": 50,
    "successfulDeliveries": 49,
    "failedDeliveries": 0,
    "avgOrderTime": 21.55774985449062,
    "onTimePercentage": 79.59183673469387,
    "revenue": 1500.0,
    "ordersPerRunnerHour": 4.9,
    "lateOrders": 10,
    "runnerUtilizationPct": 28.481546561563093,
    "totalRunnerDriveMinutes": 512.6678381081357,
    "totalRunnerShiftMinutes": 1800.0,
    "runnerUtilizationByRunner": {
      "runner_2": {
        "driveMinutes": 185.12234709352757,
        "utilizationPct": 30.853724515587928,
        "shiftMinutes": 600.0
      },
      "runner_3": {
        "driveMinutes": 145.91823411899432,
        "utilizationPct": 24.319705686499056,
        "shiftMinutes": 600.0
      },
      "runner_1": {
        "driveMinutes": 181.62725689561378,
        "utilizationPct": 30.271209482602295,
        "shiftMinutes": 600.0
      }
    }
  },
  "bevCartMetrics": null,
  "hasRunners": true,
  "hasBevCart": false
}