{
  "simulation_id": "delivery_dynamic_01",
  "runner_id": "2_runners",
  "revenue_per_round": 40.714285714285715,
  "orders_per_runner_hour": 5.351065910424408,
  "on_time_rate": 0.5789473684210527,
  "delivery_cycle_time_p90": 41.37633584503793,
  "delivery_cycle_time_avg": 25.31177021707513,
  "failed_rate": 0.0,
  "second_runner_break_even_orders": 7.101388888888889,
  "queue_wait_avg": 13.583333333333334,
  "runner_utilization_driving_pct": 71.30890596212403,
  "runner_utilization_prep_pct": 0.0,
  "runner_utilization_idle_pct": 28.69109403787597,
  "distance_per_delivery_avg": 1181.281108726718,
  "zone_service_times": {
    "hole_17": 15.619161170711163,
    "hole_11": 15.014712702454926,
    "hole_3": 17.763407247165347,
    "hole_18": 32.513541798116734,
    "hole_16": 24.996654138729475,
    "hole_4": 49.05589826351982,
    "hole_10": 20.156671924661755,
    "hole_-1": 23.923559198612352,
    "hole_7": 44.25871845052146,
    "hole_2": 17.75553870102061,
    "hole_8": 14.472847362678657
  },
  "total_revenue": 1140.0,
  "total_orders": 40,
  "successful_orders": 38,
  "failed_orders": 0,
  "total_rounds": 28,
  "active_runner_hours": 7.101388888888889
}