{
  "simulation_id": "delivery_dynamic_06",
  "runner_id": "runner_1",
  "revenue_per_round": 17.586206896551722,
  "orders_per_runner_hour": 2.4070796460176993,
  "on_time_rate": 0.4117647058823529,
  "delivery_cycle_time_p90": 59.39642598663105,
  "delivery_cycle_time_avg": 35.697128883897875,
  "failed_rate": 0.475,
  "second_runner_break_even_orders": 7.0625,
  "queue_wait_avg": 24.307291666666668,
  "runner_utilization_driving_pct": 34.62986387471883,
  "runner_utilization_prep_pct": 0.0,
  "runner_utilization_idle_pct": 65.37013612528116,
  "distance_per_delivery_avg": 947.4117755779179,
  "zone_service_times": {
    "hole_14": 15.168271522824034,
    "hole_15": 12.534299804522016,
    "hole_18": 24.90519024251862,
    "hole_10": 30.247787134814825,
    "hole_12": 59.524542573575914,
    "hole_-1": 52.77689683989484,
    "hole_11": 41.16498809451328
  },
  "total_revenue": 510.0,
  "total_orders": 40,
  "successful_orders": 17,
  "failed_orders": 19,
  "total_rounds": 29,
  "active_runner_hours": 7.0625
}