{
  "simulation_id": "delivery_dynamic_04",
  "runner_id": "2_runners",
  "revenue_per_round": 37.5,
  "orders_per_runner_hour": 2.8852190691263866,
  "on_time_rate": 1.0,
  "delivery_cycle_time_p90": 14.758003243156054,
  "delivery_cycle_time_avg": 12.408704455698913,
  "failed_rate": 0.0,
  "second_runner_break_even_orders": 6.931882647668687,
  "queue_wait_avg": 0.8137254901960783,
  "runner_utilization_driving_pct": 18.6755635907227,
  "runner_utilization_prep_pct": 0.0,
  "runner_utilization_idle_pct": 81.3244364092773,
  "distance_per_delivery_avg": 1236.2672081032138,
  "zone_service_times": {
    "hole_17": 12.227195534015861,
    "hole_8": 12.117305894106721,
    "hole_15": 13.591623342757611,
    "hole_2": 14.943245011278304,
    "hole_10": 13.17475045547722,
    "hole_18": 10.672550777474438,
    "hole_4": 14.40140245035127
  },
  "total_revenue": 600.0,
  "total_orders": 20,
  "successful_orders": 20,
  "failed_orders": 0,
  "total_rounds": 16,
  "active_runner_hours": 6.931882647668687
}