{
  "simulation_id": "delivery_dynamic_03",
  "runner_id": "runner_1",
  "revenue_per_round": 13.548387096774194,
  "orders_per_runner_hour": 1.9429452582883577,
  "on_time_rate": 0.21428571428571427,
  "delivery_cycle_time_p90": 58.653528115661665,
  "delivery_cycle_time_avg": 43.174410383538685,
  "failed_rate": 0.58,
  "second_runner_break_even_orders": 7.205555555555556,
  "queue_wait_avg": 31.639285714285716,
  "runner_utilization_driving_pct": 28.65212746734633,
  "runner_utilization_prep_pct": 0.0,
  "runner_utilization_idle_pct": 71.34787253265367,
  "distance_per_delivery_avg": 515.8018888689912,
  "zone_service_times": {
    "hole_10": 30.01576494525419,
    "hole_14": 18.075835041698095,
    "hole_-1": 51.5772230463054,
    "hole_8": 45.32096443739817,
    "hole_17": 53.23464216132997,
    "hole_11": 36.722447569215
  },
  "total_revenue": 420.0,
  "total_orders": 50,
  "successful_orders": 14,
  "failed_orders": 29,
  "total_rounds": 31,
  "active_runner_hours": 7.205555555555556
}