{
  "simulation_id": "delivery_dynamic_02",
  "runner_id": "runner_1",
  "revenue_per_round": 33.529411764705884,
  "orders_per_runner_hour": 2.723242730218155,
  "on_time_rate": 0.3157894736842105,
  "delivery_cycle_time_p90": 61.4615281628885,
  "delivery_cycle_time_avg": 37.8867652787891,
  "failed_rate": 0.05,
  "second_runner_break_even_orders": 6.97697630445081,
  "queue_wait_avg": 22.54561403508772,
  "runner_utilization_driving_pct": 52.68029278367652,
  "runner_utilization_prep_pct": 0.0,
  "runner_utilization_idle_pct": 47.31970721632348,
  "distance_per_delivery_avg": 1794.6268178836674,
  "zone_service_times": {
    "hole_17": 27.170462813870518,
    "hole_-1": 30.09546506905969,
    "hole_18": 36.002172382933715,
    "hole_11": 28.677570902220033,
    "hole_10": 45.39106839691036,
    "hole_6": 38.37549380317153,
    "hole_4": 45.67272286919936,
    "hole_8": 62.05038389461733,
    "hole_7": 49.58512330670498,
    "hole_9": 40.44530349201092,
    "hole_15": 24.774217421515036
  },
  "total_revenue": 570.0,
  "total_orders": 20,
  "successful_orders": 19,
  "failed_orders": 1,
  "total_rounds": 17,
  "active_runner_hours": 6.97697630445081
}