{
  "simulation_id": "delivery_dynamic_07",
  "runner_id": "2_runners",
  "revenue_per_round": 41.785714285714285,
  "orders_per_runner_hour": 5.249502602177892,
  "on_time_rate": 0.5897435897435898,
  "delivery_cycle_time_p90": 50.58333779063681,
  "delivery_cycle_time_avg": 27.18523384795349,
  "failed_rate": 0.025,
  "second_runner_break_even_orders": 7.429275296257561,
  "queue_wait_avg": 13.537280701754385,
  "runner_utilization_driving_pct": 80.35516958271522,
  "runner_utilization_prep_pct": 0.0,
  "runner_utilization_idle_pct": 19.64483041728478,
  "distance_per_delivery_avg": 1342.341137014939,
  "zone_service_times": {
    "hole_2": 18.048881791606142,
    "hole_17": 17.887723000553745,
    "hole_4": 18.469835713580565,
    "hole_18": 28.408556771408538,
    "hole_10": 24.12788784476162,
    "hole_15": 23.399197557402417,
    "hole_9": 12.477022621024814,
    "hole_6": 43.95421823365356,
    "hole_8": 60.61216709187626,
    "hole_11": 36.34137419283343,
    "hole_16": 16.9200533348839,
    "hole_-1": 30.604136823072743
  },
  "total_revenue": 1170.0,
  "total_orders": 40,
  "successful_orders": 39,
  "failed_orders": 1,
  "total_rounds": 28,
  "active_runner_hours": 7.429275296257561
}