{
  "simulation_id": "delivery_dynamic_03",
  "runner_id": "2_runners",
  "revenue_per_round": 40.90909090909091,
  "orders_per_runner_hour": 4.162740253226471,
  "on_time_rate": 0.8,
  "delivery_cycle_time_p90": 40.957204177196395,
  "delivery_cycle_time_avg": 23.1467727356843,
  "failed_rate": 0.0,
  "second_runner_break_even_orders": 7.206791242078458,
  "queue_wait_avg": 9.37051282051282,
  "runner_utilization_driving_pct": 73.13611763094443,
  "runner_utilization_prep_pct": 0.0,
  "runner_utilization_idle_pct": 26.863882369055574,
  "distance_per_delivery_avg": 1688.6223058565909,
  "zone_service_times": {
    "hole_18": 24.502411399180097,
    "hole_17": 23.806918540610397,
    "hole_13": 16.228034220760673,
    "hole_7": 17.15871845052146,
    "hole_12": 13.771023617907517,
    "hole_8": 31.864549757906552,
    "hole_1": 12.426087088764023,
    "hole_2": 23.33744961755662,
    "hole_16": 27.07294068049159,
    "hole_6": 37.6950191666226,
    "hole_15": 24.91400161438404,
    "hole_10": 20.692994423481164,
    "hole_14": 31.437668239497302,
    "hole_9": 12.779599281095035,
    "hole_-1": 20.203174493917867,
    "hole_4": 18.78842690565992
  },
  "total_revenue": 900.0,
  "total_orders": 30,
  "successful_orders": 30,
  "failed_orders": 0,
  "total_rounds": 22,
  "active_runner_hours": 7.206791242078459
}