{
  "simulation_id": "delivery_dynamic_02",
  "runner_id": "2_runners",
  "revenue_per_round": 34.0,
  "orders_per_runner_hour": 4.803767660910518,
  "on_time_rate": 0.47058823529411764,
  "delivery_cycle_time_p90": 57.94227665724141,
  "delivery_cycle_time_avg": 34.26502692985872,
  "failed_rate": 0.26,
  "second_runner_break_even_orders": 7.0777777777777775,
  "queue_wait_avg": 20.306862745098037,
  "runner_utilization_driving_pct": 78.50559798070337,
  "runner_utilization_prep_pct": 0.0,
  "runner_utilization_idle_pct": 21.49440201929663,
  "distance_per_delivery_avg": 1329.9431660795892,
  "zone_service_times": {
    "hole_17": 20.809116843567438,
    "hole_11": 13.47660843673769,
    "hole_10": 27.17807892848302,
    "hole_18": 36.94995940305043,
    "hole_14": 54.99132513470439,
    "hole_6": 52.055827840225035,
    "hole_8": 55.73660415094407,
    "hole_15": 37.85254140236823,
    "hole_9": 12.082609673218759,
    "hole_16": 17.841532320147962,
    "hole_12": 22.053135619859678
  },
  "total_revenue": 1020.0,
  "total_orders": 50,
  "successful_orders": 34,
  "failed_orders": 13,
  "total_rounds": 30,
  "active_runner_hours": 7.0777777777777775
}