{
  "simulation_id": "delivery_dynamic_02",
  "runner_id": "2_runners",
  "revenue_per_round": 28.46153846153846,
  "orders_per_runner_hour": 5.097588978185993,
  "on_time_rate": 0.5945945945945946,
  "delivery_cycle_time_p90": 51.83310454990683,
  "delivery_cycle_time_avg": 29.411236423753902,
  "failed_rate": 0.22,
  "second_runner_break_even_orders": 7.258333333333334,
  "queue_wait_avg": 16.764285714285712,
  "runner_utilization_driving_pct": 77.2049718578184,
  "runner_utilization_prep_pct": 0.0,
  "runner_utilization_idle_pct": 22.795028142181593,
  "distance_per_delivery_avg": 1193.8511140569908,
  "zone_service_times": {
    "hole_14": 17.102485125618493,
    "hole_10": 34.183251341234104,
    "hole_18": 25.798461211158326,
    "hole_17": 28.515477566381602,
    "hole_11": 38.07613914654121,
    "hole_13": 21.10660132146216,
    "hole_8": 37.364925097360114,
    "hole_9": 31.596266035105057,
    "hole_15": 47.56760410427724,
    "hole_12": 20.807616540082833,
    "hole_-1": 20.203174493917807,
    "hole_6": 19.28393675476776
  },
  "total_revenue": 1110.0,
  "total_orders": 50,
  "successful_orders": 37,
  "failed_orders": 11,
  "total_rounds": 39,
  "active_runner_hours": 7.258333333333334
}