{
  "simulation_id": "delivery_dynamic_03",
  "runner_id": "2_runners",
  "revenue_per_round": 33.529411764705884,
  "orders_per_runner_hour": 2.6473929406569705,
  "on_time_rate": 1.0,
  "delivery_cycle_time_p90": 23.92151233146342,
  "delivery_cycle_time_avg": 17.388736483251837,
  "failed_rate": 0.0,
  "second_runner_break_even_orders": 7.17687189846665,
  "queue_wait_avg": 2.2979166666666666,
  "runner_utilization_driving_pct": 60.83259846220239,
  "runner_utilization_prep_pct": 0.0,
  "runner_utilization_idle_pct": 39.16740153779761,
  "distance_per_delivery_avg": 1832.4259846884042,
  "zone_service_times": {
    "hole_4": 22.23425194074973,
    "hole_5": 21.762659193899648,
    "hole_7": 15.490406150496105,
    "hole_6": 19.229763735231792,
    "hole_10": 17.270273996510227,
    "hole_16": 13.130497984381934,
    "hole_9": 17.082293474964263,
    "hole_-1": 10.381063506561501,
    "hole_8": 13.768320247583143,
    "hole_17": 13.931372110520291
  },
  "total_revenue": 570.0,
  "total_orders": 20,
  "successful_orders": 19,
  "failed_orders": 0,
  "total_rounds": 17,
  "active_runner_hours": 7.17687189846665
}