{
  "simulation_id": "delivery_dynamic_08",
  "runner_id": "2_runners",
  "revenue_per_round": 29.0625,
  "orders_per_runner_hour": 4.283158823295725,
  "on_time_rate": 0.45161290322580644,
  "delivery_cycle_time_p90": 60.58527265295538,
  "delivery_cycle_time_avg": 35.436153129578926,
  "failed_rate": 0.225,
  "second_runner_break_even_orders": 7.2376489593133275,
  "queue_wait_avg": 20.22,
  "runner_utilization_driving_pct": 89.86667782685272,
  "runner_utilization_prep_pct": 0.0,
  "runner_utilization_idle_pct": 10.133322173147278,
  "distance_per_delivery_avg": 1971.786161215937,
  "zone_service_times": {
    "hole_14": 25.648964843089924,
    "hole_18": 11.838520676755918,
    "hole_11": 16.482752916270268,
    "hole_12": 33.963635552129475,
    "hole_6": 47.38238417175112,
    "hole_15": 54.5787470810595,
    "hole_13": 30.248643400822303,
    "hole_5": 38.48150924859207,
    "hole_17": 45.60022218157883,
    "hole_-1": 28.636619062117056,
    "hole_7": 26.101348192189107,
    "hole_4": 43.07151233146342,
    "hole_9": 26.916703728651555,
    "hole_16": 44.77084232070435
  },
  "total_revenue": 930.0,
  "total_orders": 40,
  "successful_orders": 31,
  "failed_orders": 9,
  "total_rounds": 32,
  "active_runner_hours": 7.2376489593133275
}