{
  "simulation_id": "delivery_dynamic_10",
  "runner_id": "3_runners",
  "revenue_per_round": 40.90909090909091,
  "orders_per_runner_hour": 4.139132891306527,
  "on_time_rate": 1.0,
  "delivery_cycle_time_p90": 22.240803192786114,
  "delivery_cycle_time_avg": 16.13032340627907,
  "failed_rate": 0.0,
  "second_runner_break_even_orders": 7.247894858125811,
  "queue_wait_avg": 1.4021739130434783,
  "runner_utilization_driving_pct": 78.94852587670712,
  "runner_utilization_prep_pct": 0.0,
  "runner_utilization_idle_pct": 21.051474123292877,
  "distance_per_delivery_avg": 1698.5886645097687,
  "zone_service_times": {
    "hole_15": 14.660202124767407,
    "hole_4": 21.382288412059612,
    "hole_16": 11.679327547080872,
    "hole_-1": 12.297730173228167,
    "hole_7": 17.666067170104014,
    "hole_5": 22.260090296343968,
    "hole_9": 11.26055418737348,
    "hole_3": 21.4389767833661,
    "hole_14": 14.84406098418023,
    "hole_2": 23.2677955576001,
    "hole_10": 19.86898183355012,
    "hole_6": 19.577119586415513,
    "hole_18": 12.21921050986457,
    "hole_17": 14.138383271201382
  },
  "total_revenue": 900.0,
  "total_orders": 30,
  "successful_orders": 30,
  "failed_orders": 0,
  "total_rounds": 22,
  "active_runner_hours": 7.247894858125811
}