{
  "simulation_id": "delivery_dynamic_02",
  "runner_id": "runner_1",
  "revenue_per_round": 8.823529411764707,
  "orders_per_runner_hour": 1.3958898797983714,
  "on_time_rate": 0.1,
  "delivery_cycle_time_p90": 63.1273859214903,
  "delivery_cycle_time_avg": 49.89142855081886,
  "failed_rate": 0.68,
  "second_runner_break_even_orders": 7.163888888888889,
  "queue_wait_avg": 34.26,
  "runner_utilization_driving_pct": 29.442197924687967,
  "runner_utilization_prep_pct": 0.0,
  "runner_utilization_idle_pct": 70.55780207531203,
  "distance_per_delivery_avg": 1892.1599930751352,
  "zone_service_times": {
    "hole_4": 21.78797720183435,
    "hole_12": 45.212035763016196,
    "hole_11": 61.11715892770253,
    "hole_6": 54.21677971849943,
    "hole_14": 44.31882385576064,
    "hole_15": 50.8124807938013,
    "hole_-1": 50.3810635065615,
    "hole_16": 55.734027094810635
  },
  "total_revenue": 300.0,
  "total_orders": 50,
  "successful_orders": 10,
  "failed_orders": 34,
  "total_rounds": 34,
  "active_runner_hours": 7.163888888888889
}