{
  "simulation_id": "delivery_dynamic_08",
  "runner_id": "2_runners",
  "revenue_per_round": 31.57894736842105,
  "orders_per_runner_hour": 2.76269650672993,
  "on_time_rate": 1.0,
  "delivery_cycle_time_p90": 18.660339850136406,
  "delivery_cycle_time_avg": 13.667324994449043,
  "failed_rate": 0.0,
  "second_runner_break_even_orders": 7.239304046347469,
  "queue_wait_avg": 0.4864583333333334,
  "runner_utilization_driving_pct": 45.5168117526103,
  "runner_utilization_prep_pct": 0.0,
  "runner_utilization_idle_pct": 54.4831882473897,
  "distance_per_delivery_avg": 1101.4611981348794,
  "zone_service_times": {
    "hole_15": 18.35778490230259,
    "hole_18": 11.085050258198418,
    "hole_10": 15.328252672772123,
    "hole_-1": 16.407755950928063,
    "hole_2": 13.330822671214385,
    "hole_8": 14.012107890732507,
    "hole_3": 17.597221912348385,
    "hole_9": 11.814794845580016,
    "hole_11": 13.590357040066465,
    "hole_6": 19.836793159114677
  },
  "total_revenue": 600.0,
  "total_orders": 20,
  "successful_orders": 20,
  "failed_orders": 0,
  "total_rounds": 19,
  "active_runner_hours": 7.239304046347469
}