{
  "simulation_id": "delivery_dynamic_09",
  "runner_id": "2_runners",
  "revenue_per_round": 41.111111111111114,
  "orders_per_runner_hour": 5.059604701483684,
  "on_time_rate": 0.4594594594594595,
  "delivery_cycle_time_p90": 53.55579768287746,
  "delivery_cycle_time_avg": 33.26568770931798,
  "failed_rate": 0.075,
  "second_runner_break_even_orders": 7.312824258612551,
  "queue_wait_avg": 20.72058823529412,
  "runner_utilization_driving_pct": 76.32752681514006,
  "runner_utilization_prep_pct": 0.0,
  "runner_utilization_idle_pct": 23.67247318485994,
  "distance_per_delivery_avg": 1419.6494487092202,
  "zone_service_times": {
    "hole_15": 18.1825507548484,
    "hole_16": 19.39459709360304,
    "hole_18": 31.632798330211102,
    "hole_17": 25.170344411681697,
    "hole_8": 27.62522662101928,
    "hole_13": 45.58953037348459,
    "hole_-1": 37.3910892842614,
    "hole_14": 57.53485604846928,
    "hole_11": 44.092805813207875,
    "hole_9": 55.898191383302766,
    "hole_10": 48.742994423481164,
    "hole_12": 49.70480568375108,
    "hole_6": 18.546753559918095
  },
  "total_revenue": 1110.0,
  "total_orders": 40,
  "successful_orders": 37,
  "failed_orders": 3,
  "total_rounds": 27,
  "active_runner_hours": 7.312824258612551
}