{
  "simulation_id": "delivery_dynamic_02",
  "runner_id": "runner_1",
  "revenue_per_round": 19.565217391304348,
  "orders_per_runner_hour": 2.1188934667451442,
  "on_time_rate": 0.06666666666666667,
  "delivery_cycle_time_p90": 60.93548655396901,
  "delivery_cycle_time_avg": 48.66264821128959,
  "failed_rate": 0.36666666666666664,
  "second_runner_break_even_orders": 7.079166666666667,
  "queue_wait_avg": 37.53333333333333,
  "runner_utilization_driving_pct": 42.2538096533672,
  "runner_utilization_prep_pct": 0.0,
  "runner_utilization_idle_pct": 57.7461903466328,
  "distance_per_delivery_avg": 1220.1964656599723,
  "zone_service_times": {
    "hole_7": 32.428531510231096,
    "hole_15": 32.38708041111938,
    "hole_8": 43.323190233240695,
    "hole_12": 61.073874626593536,
    "hole_-1": 54.292174617672615,
    "hole_9": 49.64460165397641,
    "hole_18": 59.47977970761222,
    "hole_11": 58.93275291627027
  },
  "total_revenue": 450.0,
  "total_orders": 30,
  "successful_orders": 15,
  "failed_orders": 11,
  "total_rounds": 23,
  "active_runner_hours": 7.079166666666667
}