{
  "simulation_id": "delivery_dynamic_10",
  "runner_id": "runner_1",
  "revenue_per_round": 18.620689655172413,
  "orders_per_runner_hour": 2.5342197888150175,
  "on_time_rate": 0.16666666666666666,
  "delivery_cycle_time_p90": 53.25504138797578,
  "delivery_cycle_time_avg": 40.0059225883952,
  "failed_rate": 0.5,
  "second_runner_break_even_orders": 7.102777777777778,
  "queue_wait_avg": 28.139814814814816,
  "runner_utilization_driving_pct": 28.832769857683505,
  "runner_utilization_prep_pct": 0.0,
  "runner_utilization_idle_pct": 71.1672301423165,
  "distance_per_delivery_avg": 627.0122119230089,
  "zone_service_times": {
    "hole_15": 26.082116403080754,
    "hole_17": 23.28137211052029,
    "hole_18": 37.37768620141574,
    "hole_12": 51.39100154665151,
    "hole_-1": 46.031869770504066,
    "hole_16": 47.62128481218054,
    "hole_8": 17.63941373513941
  },
  "total_revenue": 540.0,
  "total_orders": 50,
  "successful_orders": 18,
  "failed_orders": 25,
  "total_rounds": 29,
  "active_runner_hours": 7.102777777777778
}