{
  "simulation_id": "delivery_dynamic_05",
  "runner_id": "3_runners",
  "revenue_per_round": 36.25,
  "orders_per_runner_hour": 4.021636687508974,
  "on_time_rate": 1.0,
  "delivery_cycle_time_p90": 22.28976475683782,
  "delivery_cycle_time_avg": 16.571990740778823,
  "failed_rate": 0.0,
  "second_runner_break_even_orders": 7.210994491390213,
  "queue_wait_avg": 1.7746376811594202,
  "runner_utilization_driving_pct": 81.66753647485375,
  "runner_utilization_prep_pct": 0.0,
  "runner_utilization_idle_pct": 18.332463525146252,
  "distance_per_delivery_avg": 1735.2785440740972,
  "zone_service_times": {
    "hole_12": 17.99682460128199,
    "hole_10": 15.041517522170478,
    "hole_15": 13.103747077786041,
    "hole_9": 17.07814166830958,
    "hole_8": 13.544642394053517,
    "hole_4": 22.856474123504288,
    "hole_2": 22.108602400459098,
    "hole_-1": 13.09926363219444,
    "hole_18": 13.911790966813472,
    "hole_13": 15.279103867494026,
    "hole_3": 20.979803416125712,
    "hole_11": 14.046125405295607
  },
  "total_revenue": 870.0,
  "total_orders": 30,
  "successful_orders": 29,
  "failed_orders": 0,
  "total_rounds": 24,
  "active_runner_hours": 7.210994491390213
}