{
  "simulation_id": "delivery_dynamic_09",
  "runner_id": "3_runners",
  "revenue_per_round": 36.0,
  "orders_per_runner_hour": 4.213619553897209,
  "on_time_rate": 1.0,
  "delivery_cycle_time_p90": 22.72659189916403,
  "delivery_cycle_time_avg": 15.095395048213103,
  "failed_rate": 0.0,
  "second_runner_break_even_orders": 7.119769503692561,
  "queue_wait_avg": 2.3551724137931034,
  "runner_utilization_driving_pct": 71.62929050729035,
  "runner_utilization_prep_pct": 0.0,
  "runner_utilization_idle_pct": 28.37070949270965,
  "distance_per_delivery_avg": 947.0927361996011,
  "zone_service_times": {
    "hole_9": 14.116052238858378,
    "hole_15": 17.971823935793488,
    "hole_18": 12.895989155118029,
    "hole_17": 14.244846078276229,
    "hole_-1": 18.574640199701367,
    "hole_14": 16.64307437772389,
    "hole_16": 15.900403534635572,
    "hole_8": 13.734561117661178,
    "hole_10": 10.458335157832183
  },
  "total_revenue": 900.0,
  "total_orders": 30,
  "successful_orders": 30,
  "failed_orders": 0,
  "total_rounds": 25,
  "active_runner_hours": 7.11976950369256
}