{
  "simulation_id": "delivery_dynamic_06",
  "runner_id": "runner_1",
  "revenue_per_round": 15.517241379310345,
  "orders_per_runner_hour": 2.127659574468085,
  "on_time_rate": 0.13333333333333333,
  "delivery_cycle_time_p90": 64.32536537607054,
  "delivery_cycle_time_avg": 47.18414253260361,
  "failed_rate": 0.52,
  "second_runner_break_even_orders": 7.05,
  "queue_wait_avg": 32.903333333333336,
  "runner_utilization_driving_pct": 42.76094672712076,
  "runner_utilization_prep_pct": 0.0,
  "runner_utilization_idle_pct": 57.23905327287924,
  "distance_per_delivery_avg": 1438.351890954814,
  "zone_service_times": {
    "hole_6": 19.800797633756215,
    "hole_16": 35.1125326829179,
    "hole_8": 51.96834793489705,
    "hole_13": 60.131523931425,
    "hole_-1": 44.34773017322817,
    "hole_15": 43.441447261769945,
    "hole_12": 53.35359010855624,
    "hole_9": 61.36573608227397,
    "hole_7": 41.35835941430826
  },
  "total_revenue": 450.0,
  "total_orders": 50,
  "successful_orders": 15,
  "failed_orders": 26,
  "total_rounds": 29,
  "active_runner_hours": 7.05
}