{
  "simulation_id": "delivery_dynamic_08",
  "runner_id": "2_runners",
  "revenue_per_round": 35.294117647058826,
  "orders_per_runner_hour": 2.9662255707145184,
  "on_time_rate": 1.0,
  "delivery_cycle_time_p90": 13.513994353791606,
  "delivery_cycle_time_avg": 11.806409017298915,
  "failed_rate": 0.0,
  "second_runner_break_even_orders": 6.742575547004777,
  "queue_wait_avg": 0.10333333333333333,
  "runner_utilization_driving_pct": 23.653001930297748,
  "runner_utilization_prep_pct": 0.0,
  "runner_utilization_idle_pct": 76.34699806970225,
  "distance_per_delivery_avg": 1244.8144924552225,
  "zone_service_times": {
    "hole_13": 13.49959248840649,
    "hole_14": 13.307635033707205,
    "hole_18": 10.8673802527856,
    "hole_11": 11.729645065887356,
    "hole_12": 11.945529894486754,
    "hole_8": 11.78234397765679,
    "hole_17": 11.544225413511533,
    "hole_10": 10.98630475143297,
    "hole_9": 10.84019620784311
  },
  "total_revenue": 600.0,
  "total_orders": 20,
  "successful_orders": 20,
  "failed_orders": 0,
  "total_rounds": 17,
  "active_runner_hours": 6.742575547004777
}