{
  "simulation_id": "delivery_dynamic_03",
  "runner_id": "3_runners",
  "revenue_per_round": 39.130434782608695,
  "orders_per_runner_hour": 4.235045899638682,
  "on_time_rate": 1.0,
  "delivery_cycle_time_p90": 26.375755502330748,
  "delivery_cycle_time_avg": 16.833300527977922,
  "failed_rate": 0.0,
  "second_runner_break_even_orders": 7.083748490791914,
  "queue_wait_avg": 2.6020833333333333,
  "runner_utilization_driving_pct": 73.87274964096696,
  "runner_utilization_prep_pct": 0.0,
  "runner_utilization_idle_pct": 26.12725035903304,
  "distance_per_delivery_avg": 1596.548977400584,
  "zone_service_times": {
    "hole_-1": 20.38747015640614,
    "hole_6": 17.644608079286265,
    "hole_17": 14.753242716000827,
    "hole_7": 16.910565782546804,
    "hole_3": 17.17863026138354,
    "hole_14": 17.115477205526638,
    "hole_8": 17.971709627403026,
    "hole_18": 19.336656941015857,
    "hole_12": 15.514101566696414,
    "hole_2": 13.565008813874131,
    "hole_16": 17.858198986814628,
    "hole_9": 12.779599281095035,
    "hole_11": 13.508040859500033,
    "hole_15": 18.207550754848366,
    "hole_10": 11.610623733229053
  },
  "total_revenue": 900.0,
  "total_orders": 30,
  "successful_orders": 30,
  "failed_orders": 0,
  "total_rounds": 23,
  "active_runner_hours": 7.083748490791914
}