{
  "simulation_id": "delivery_dynamic_09",
  "runner_id": "2_runners",
  "revenue_per_round": 38.888888888888886,
  "orders_per_runner_hour": 4.822573556707106,
  "on_time_rate": 0.5428571428571428,
  "delivery_cycle_time_p90": 57.36634852866035,
  "delivery_cycle_time_avg": 31.039127830524933,
  "failed_rate": 0.125,
  "second_runner_break_even_orders": 7.257535751076919,
  "queue_wait_avg": 17.672395833333333,
  "runner_utilization_driving_pct": 84.3448316865629,
  "runner_utilization_prep_pct": 0.0,
  "runner_utilization_idle_pct": 15.655168313437102,
  "distance_per_delivery_avg": 1640.1869510563786,
  "zone_service_times": {
    "hole_8": 15.654233416056604,
    "hole_12": 29.703198606810197,
    "hole_14": 29.76007516418993,
    "hole_15": 22.97080533290779,
    "hole_18": 30.241785586270876,
    "hole_16": 30.86508860179635,
    "hole_17": 28.96859233299968,
    "hole_9": 54.41389524486579,
    "hole_10": 60.9625994983476,
    "hole_13": 37.75381080958526,
    "hole_-1": 39.57442261759473,
    "hole_11": 33.00900318967809
  },
  "total_revenue": 1050.0,
  "total_orders": 40,
  "successful_orders": 35,
  "failed_orders": 5,
  "total_rounds": 27,
  "active_runner_hours": 7.257535751076919
}