{
  "simulation_id": "delivery_dynamic_03",
  "runner_id": "2_runners",
  "revenue_per_round": 30.0,
  "orders_per_runner_hour": 4.221600983047453,
  "on_time_rate": 0.4838709677419355,
  "delivery_cycle_time_p90": 58.98834890248393,
  "delivery_cycle_time_avg": 33.265747157906716,
  "failed_rate": 0.2,
  "second_runner_break_even_orders": 7.343185707148947,
  "queue_wait_avg": 20.714367816091954,
  "runner_utilization_driving_pct": 73.8288559767884,
  "runner_utilization_prep_pct": 0.0,
  "runner_utilization_idle_pct": 26.171144023211596,
  "distance_per_delivery_avg": 1306.2974966695595,
  "zone_service_times": {
    "hole_2": 22.877465063144943,
    "hole_3": 20.822792476788404,
    "hole_15": 12.763726596458067,
    "hole_14": 18.900522959998547,
    "hole_9": 21.772428522683327,
    "hole_-1": 45.86331506658971,
    "hole_11": 50.86987989182623,
    "hole_10": 48.19544342300251,
    "hole_7": 60.052673844366225,
    "hole_17": 44.41470544385363,
    "hole_16": 13.891317493358878,
    "hole_18": 13.237251806664244,
    "hole_4": 21.58096622951501,
    "hole_6": 31.92447576227011
  },
  "total_revenue": 930.0,
  "total_orders": 40,
  "successful_orders": 31,
  "failed_orders": 8,
  "total_rounds": 31,
  "active_runner_hours": 7.343185707148947
}