{
  "simulation_id": "delivery_dynamic_03",
  "runner_id": "3_runners",
  "revenue_per_round": 50.0,
  "orders_per_runner_hour": 6.913412833292577,
  "on_time_rate": 0.9,
  "delivery_cycle_time_p90": 31.389488463085563,
  "delivery_cycle_time_avg": 18.921804845769163,
  "failed_rate": 0.0,
  "second_runner_break_even_orders": 7.232317989057083,
  "queue_wait_avg": 6.085714285714285,
  "runner_utilization_driving_pct": 100.0,
  "runner_utilization_prep_pct": 0.0,
  "runner_utilization_idle_pct": 0.0,
  "distance_per_delivery_avg": 1280.0944281784368,
  "zone_service_times": {
    "hole_17": 20.062398893279372,
    "hole_16": 17.215045198028143,
    "hole_14": 23.246025224179366,
    "hole_18": 16.779101159672916,
    "hole_13": 26.218094359936032,
    "hole_10": 20.345881612315193,
    "hole_11": 15.658972681954168,
    "hole_8": 15.428774557399205,
    "hole_15": 26.867283435368215,
    "hole_9": 14.392044916488299,
    "hole_12": 24.132896930626725
  },
  "total_revenue": 1500.0,
  "total_orders": 50,
  "successful_orders": 50,
  "failed_orders": 0,
  "total_rounds": 30,
  "active_runner_hours": 7.232317989057083
}