{
  "simulation_id": "delivery_dynamic_08",
  "runner_id": "runner_1",
  "revenue_per_round": 28.125,
  "orders_per_runner_hour": 2.1083212775177396,
  "on_time_rate": 0.4666666666666667,
  "delivery_cycle_time_p90": 55.32100662997583,
  "delivery_cycle_time_avg": 30.16893506834812,
  "failed_rate": 0.25,
  "second_runner_break_even_orders": 7.114665188818115,
  "queue_wait_avg": 15.963095238095239,
  "runner_utilization_driving_pct": 44.17507060207468,
  "runner_utilization_prep_pct": 0.0,
  "runner_utilization_idle_pct": 55.82492939792532,
  "distance_per_delivery_avg": 1770.7355162983026,
  "zone_service_times": {
    "hole_9": 32.4259677851085,
    "hole_11": 31.46014774816346,
    "hole_6": 49.09586239209481,
    "hole_8": 37.70608040180614,
    "hole_12": 61.64120924024258,
    "hole_-1": 12.464116207920021,
    "hole_17": 14.301308827996642,
    "hole_2": 22.496775737661665,
    "hole_5": 35.999849221292,
    "hole_15": 14.843955257236788,
    "hole_4": 21.893266288951416,
    "hole_18": 40.88943513861074
  },
  "total_revenue": 450.0,
  "total_orders": 20,
  "successful_orders": 15,
  "failed_orders": 5,
  "total_rounds": 16,
  "active_runner_hours": 7.114665188818115
}