{
  "simulation_id": "delivery_dynamic_03",
  "runner_id": "3_runners",
  "revenue_per_round": 37.5,
  "orders_per_runner_hour": 4.3461000930652,
  "on_time_rate": 1.0,
  "delivery_cycle_time_p90": 22.834056235369044,
  "delivery_cycle_time_avg": 15.628109881331785,
  "failed_rate": 0.0,
  "second_runner_break_even_orders": 6.902740240122202,
  "queue_wait_avg": 0.782051282051282,
  "runner_utilization_driving_pct": 78.11148226473343,
  "runner_utilization_prep_pct": 0.0,
  "runner_utilization_idle_pct": 21.888517735266575,
  "distance_per_delivery_avg": 1663.3115867941463,
  "zone_service_times": {
    "hole_11": 13.26066906876434,
    "hole_18": 10.88311107784034,
    "hole_17": 14.133519464499644,
    "hole_15": 17.45302293051988,
    "hole_4": 20.048304830638457,
    "hole_8": 14.00398167573401,
    "hole_10": 11.601808831549473,
    "hole_14": 21.027485125618448,
    "hole_16": 17.841532320147962,
    "hole_-1": 25.236507827251202,
    "hole_9": 13.013895244865791,
    "hole_12": 13.88892163886494,
    "hole_2": 15.19029519912765,
    "hole_13": 16.24470088742734
  },
  "total_revenue": 900.0,
  "total_orders": 30,
  "successful_orders": 30,
  "failed_orders": 0,
  "total_rounds": 24,
  "active_runner_hours": 6.902740240122201
}