{
  "simulation_id": "delivery_dynamic_07",
  "runner_id": "runner_1",
  "revenue_per_round": 14.117647058823529,
  "orders_per_runner_hour": 2.2645960290937683,
  "on_time_rate": 0.1875,
  "delivery_cycle_time_p90": 59.67321366385106,
  "delivery_cycle_time_avg": 42.29591731990974,
  "failed_rate": 0.52,
  "second_runner_break_even_orders": 7.065277777777778,
  "queue_wait_avg": 29.255208333333332,
  "runner_utilization_driving_pct": 35.90865477255382,
  "runner_utilization_prep_pct": 0.0,
  "runner_utilization_idle_pct": 64.09134522744618,
  "distance_per_delivery_avg": 1021.6782194896678,
  "zone_service_times": {
    "hole_9": 32.51344350517007,
    "hole_10": 25.665015505494647,
    "hole_17": 47.364032580841055,
    "hole_18": 42.108746071189245,
    "hole_-1": 46.67773017322817,
    "hole_15": 34.82742491525502,
    "hole_5": 43.83371991570251,
    "hole_6": 64.12711958641557
  },
  "total_revenue": 480.0,
  "total_orders": 50,
  "successful_orders": 16,
  "failed_orders": 26,
  "total_rounds": 34,
  "active_runner_hours": 7.065277777777778
}