{
  "simulation_id": "delivery_dynamic_05",
  "runner_id": "runner_1",
  "revenue_per_round": 17.59259259259259,
  "orders_per_runner_hour": 2.4634766946682682,
  "on_time_rate": 0.2631578947368421,
  "delivery_cycle_time_p90": 60.61309242849031,
  "delivery_cycle_time_avg": 39.929547241629315,
  "failed_rate": 0.36666666666666664,
  "second_runner_break_even_orders": 9.640846228179225,
  "queue_wait_avg": 30.494791666666664,
  "runner_utilization_driving_pct": 35.113488517481855,
  "runner_utilization_prep_pct": 0.0,
  "runner_utilization_idle_pct": 64.88651148251815,
  "distance_per_delivery_avg": 1366.7108139606194,
  "zone_service_times": {
    "hole_16": 23.695563248404675,
    "hole_10": 20.858255768523183,
    "hole_17": 54.81018073313338,
    "hole_18": 38.446425761823654,
    "hole_13": 48.900342539534726,
    "hole_14": 53.93640257769867,
    "hole_11": 33.43249372072047,
    "hole_12": 57.590143999419524
  },
  "total_revenue": 475.0,
  "total_orders": 30,
  "successful_orders": 19,
  "failed_orders": 11,
  "total_rounds": 27,
  "active_runner_hours": 7.71267698254338
}