{
  "simulation_id": "delivery_dynamic_06",
  "runner_id": "3_runners",
  "revenue_per_round": 50.0,
  "orders_per_runner_hour": 5.6826362264631545,
  "on_time_rate": 0.95,
  "delivery_cycle_time_p90": 28.542653056959683,
  "delivery_cycle_time_avg": 18.559493489011373,
  "failed_rate": 0.0,
  "second_runner_break_even_orders": 7.0389865558745806,
  "queue_wait_avg": 4.955555555555556,
  "runner_utilization_driving_pct": 100.0,
  "runner_utilization_prep_pct": 0.0,
  "runner_utilization_idle_pct": 0.0,
  "distance_per_delivery_avg": 1252.5498123078214,
  "zone_service_times": {
    "hole_16": 12.764716120674287,
    "hole_7": 23.021336843379874,
    "hole_18": 23.306764676138254,
    "hole_10": 14.749384639869701,
    "hole_6": 20.00489739124823,
    "hole_-1": 15.329113883747777,
    "hole_15": 15.588445143242886,
    "hole_5": 21.320344933428956,
    "hole_4": 25.625540871443203,
    "hole_9": 16.070714440280064,
    "hole_11": 31.083825588288526,
    "hole_13": 15.295770534160692,
    "hole_14": 22.302157189093972
  },
  "total_revenue": 1200.0,
  "total_orders": 40,
  "successful_orders": 40,
  "failed_orders": 0,
  "total_rounds": 24,
  "active_runner_hours": 7.0389865558745806
}