{
  "simulation_id": "delivery_dynamic_01",
  "runner_id": "2_runners",
  "revenue_per_round": 31.875,
  "orders_per_runner_hour": 4.751552795031055,
  "on_time_rate": 0.3235294117647059,
  "delivery_cycle_time_p90": 60.92154963478886,
  "delivery_cycle_time_avg": 38.55777644907866,
  "failed_rate": 0.26,
  "second_runner_break_even_orders": 7.155555555555555,
  "queue_wait_avg": 25.534848484848485,
  "runner_utilization_driving_pct": 85.89842928840021,
  "runner_utilization_prep_pct": 0.0,
  "runner_utilization_idle_pct": 14.101570711599791,
  "distance_per_delivery_avg": 1268.0481810080753,
  "zone_service_times": {
    "hole_9": 29.624621083147037,
    "hole_7": 27.828675757445176,
    "hole_18": 33.29203166685191,
    "hole_6": 30.078118807132057,
    "hole_17": 26.81501830929662,
    "hole_8": 37.08493340211856,
    "hole_-1": 48.06529790703129,
    "hole_12": 61.36846693632376,
    "hole_13": 62.44690444189806,
    "hole_11": 53.109074922364684,
    "hole_10": 42.31941365163963,
    "hole_15": 31.455469614822263
  },
  "total_revenue": 1020.0,
  "total_orders": 50,
  "successful_orders": 34,
  "failed_orders": 13,
  "total_rounds": 32,
  "active_runner_hours": 7.155555555555556
}