{
  "simulation_id": "delivery_dynamic_05",
  "runner_id": "2_runners",
  "revenue_per_round": 35.294117647058826,
  "orders_per_runner_hour": 2.7778923517166114,
  "on_time_rate": 1.0,
  "delivery_cycle_time_p90": 26.232865073668393,
  "delivery_cycle_time_avg": 17.101917018993394,
  "failed_rate": 0.0,
  "second_runner_break_even_orders": 7.19970303659928,
  "queue_wait_avg": 2.096078431372549,
  "runner_utilization_driving_pct": 57.426367090453354,
  "runner_utilization_prep_pct": 0.0,
  "runner_utilization_idle_pct": 42.573632909546646,
  "distance_per_delivery_avg": 1787.6041183817806,
  "zone_service_times": {
    "hole_9": 13.332402748940694,
    "hole_3": 21.220148194066738,
    "hole_-1": 13.386457545029256,
    "hole_7": 15.790834903859984,
    "hole_15": 12.282116345644468,
    "hole_4": 22.181167826259298,
    "hole_8": 20.118320247583114,
    "hole_14": 18.021554687527956,
    "hole_5": 21.978003696418213,
    "hole_17": 26.460272572112746,
    "hole_10": 10.895304408775944
  },
  "total_revenue": 600.0,
  "total_orders": 20,
  "successful_orders": 20,
  "failed_orders": 0,
  "total_rounds": 17,
  "active_runner_hours": 7.19970303659928
}