{
  "simulation_id": "delivery_dynamic_07",
  "runner_id": "runner_1",
  "revenue_per_round": 37.5,
  "orders_per_runner_hour": 2.7872647307362928,
  "on_time_rate": 0.95,
  "delivery_cycle_time_p90": 25.430769377616635,
  "delivery_cycle_time_avg": 17.44796349286497,
  "failed_rate": 0.0,
  "second_runner_break_even_orders": 7.175493515004847,
  "queue_wait_avg": 6.205555555555556,
  "runner_utilization_driving_pct": 21.171170678733617,
  "runner_utilization_prep_pct": 0.0,
  "runner_utilization_idle_pct": 78.82882932126638,
  "distance_per_delivery_avg": 1341.3337148627777,
  "zone_service_times": {
    "hole_11": 11.614639492699796,
    "hole_15": 27.339400941012187,
    "hole_14": 21.76426848038988,
    "hole_9": 15.446786040833507,
    "hole_18": 20.00471570105983,
    "hole_12": 14.948623047830278,
    "hole_17": 13.564257186337425,
    "hole_13": 16.823594432087155,
    "hole_8": 11.80020132195823
  },
  "total_revenue": 600.0,
  "total_orders": 20,
  "successful_orders": 20,
  "failed_orders": 0,
  "total_rounds": 16,
  "active_runner_hours": 7.175493515004847
}