{
  "simulation_id": "delivery_dynamic_06",
  "runner_id": "3_runners",
  "revenue_per_round": 42.857142857142854,
  "orders_per_runner_hour": 5.647278808838078,
  "on_time_rate": 0.875,
  "delivery_cycle_time_p90": 31.803606543358466,
  "delivery_cycle_time_avg": 19.32801273403959,
  "failed_rate": 0.0,
  "second_runner_break_even_orders": 7.08305740764904,
  "queue_wait_avg": 5.113963963963964,
  "runner_utilization_driving_pct": 100.0,
  "runner_utilization_prep_pct": 0.0,
  "runner_utilization_idle_pct": 0.0,
  "distance_per_delivery_avg": 1544.792278637301,
  "zone_service_times": {
    "hole_15": 16.223885273865395,
    "hole_6": 20.085196190308427,
    "hole_3": 24.1144588066124,
    "hole_9": 16.46642653336885,
    "hole_-1": 19.880951253771578,
    "hole_4": 26.37320808949076,
    "hole_11": 30.857964325355866,
    "hole_7": 31.98203725115072,
    "hole_18": 16.507053016524566,
    "hole_10": 13.68214522347389,
    "hole_16": 12.714716118416922,
    "hole_5": 21.866164789296576,
    "hole_13": 15.771631220188436,
    "hole_17": 14.188383271201443,
    "hole_14": 15.247660439529803,
    "hole_2": 23.49147321291372
  },
  "total_revenue": 1200.0,
  "total_orders": 40,
  "successful_orders": 40,
  "failed_orders": 0,
  "total_rounds": 28,
  "active_runner_hours": 7.08305740764904
}