{
  "simulation_id": "delivery_dynamic_04",
  "runner_id": "3_runners",
  "revenue_per_round": 39.130434782608695,
  "orders_per_runner_hour": 4.1174348574999176,
  "on_time_rate": 0.9666666666666667,
  "delivery_cycle_time_p90": 28.162323986059363,
  "delivery_cycle_time_avg": 17.288515913984305,
  "failed_rate": 0.0,
  "second_runner_break_even_orders": 7.286089771488413,
  "queue_wait_avg": 2.3160256410256412,
  "runner_utilization_driving_pct": 83.35316636072801,
  "runner_utilization_prep_pct": 0.0,
  "runner_utilization_idle_pct": 16.64683363927199,
  "distance_per_delivery_avg": 1774.5146804320589,
  "zone_service_times": {
    "hole_16": 12.591038271025173,
    "hole_9": 11.459232394908454,
    "hole_11": 14.821335453312251,
    "hole_18": 20.59027700061573,
    "hole_6": 18.279195725428146,
    "hole_13": 20.173240790803842,
    "hole_12": 17.199439075955222,
    "hole_-1": 10.391493954351244,
    "hole_5": 21.183719915702508,
    "hole_4": 35.32659962228481,
    "hole_3": 21.313711042514903,
    "hole_7": 16.85399961164755,
    "hole_10": 11.528175994466224,
    "hole_2": 21.94410671074705
  },
  "total_revenue": 900.0,
  "total_orders": 30,
  "successful_orders": 30,
  "failed_orders": 0,
  "total_rounds": 23,
  "active_runner_hours": 7.286089771488413
}