{
  "variantKey": "none",
  "blockedHoles": [],
  "deliveryMetrics": {
    "totalOrders": 30,
    "successfulDeliveries": 30,
    "failedDeliveries": 0,
    "avgOrderTime": 17.288515913984305,
    "onTimePercentage": 96.66666666666667,
    "revenue": 900.0,
    "ordersPerRunnerHour": 3.0,
    "lateOrders": 1,
    "runnerUtilizationPct": 20.243955094735743,
    "totalRunnerDriveMinutes": 364.3911917052434,
    "totalRunnerShiftMinutes": 1800.0,
    "runnerUtilizationByRunner": {
      "runner_2": {
        "driveMinutes": 127.87796199514338,
        "utilizationPct": 21.31299366585723,
        "shiftMinutes": 600.0
      },
      "runner_1": {
        "driveMinutes": 181.41070424929103,
        "utilizationPct": 30.23511737488184,
        "shiftMinutes": 600.0
      },
      "runner_3": {
        "driveMinutes": 55.10252546080908,
        "utilizationPct": 9.18375424346818,
        "shiftMinutes": 600.0
      }
    }
  },
  "bevCartMetrics": null,
  "hasRunners": true,
  "hasBevCart": false
}