{
  "simulation_id": "delivery_dynamic_04",
  "runner_id": "2_runners",
  "revenue_per_round": 32.903225806451616,
  "orders_per_runner_hour": 4.755244755244755,
  "on_time_rate": 0.38235294117647056,
  "delivery_cycle_time_p90": 58.11966917837126,
  "delivery_cycle_time_avg": 36.63678281412115,
  "failed_rate": 0.26,
  "second_runner_break_even_orders": 7.15,
  "queue_wait_avg": 22.75858585858586,
  "runner_utilization_driving_pct": 83.49387200890776,
  "runner_utilization_prep_pct": 0.0,
  "runner_utilization_idle_pct": 16.506127991092242,
  "distance_per_delivery_avg": 1527.9825549564723,
  "zone_service_times": {
    "hole_15": 39.24234394269978,
    "hole_6": 19.14964095588345,
    "hole_14": 33.809998054055356,
    "hole_12": 34.043888146978034,
    "hole_17": 28.979324085274875,
    "hole_11": 31.90655448437971,
    "hole_9": 34.07376439154442,
    "hole_18": 45.27467131474623,
    "hole_10": 46.89494488657277,
    "hole_13": 59.629587398409846,
    "hole_16": 23.49697822436562
  },
  "total_revenue": 1020.0,
  "total_orders": 50,
  "successful_orders": 34,
  "failed_orders": 13,
  "total_rounds": 31,
  "active_runner_hours": 7.15
}