{
  "simulation_id": "delivery_dynamic_03",
  "runner_id": "3_runners",
  "revenue_per_round": 45.9375,
  "orders_per_runner_hour": 6.862646021007874,
  "on_time_rate": 0.5510204081632653,
  "delivery_cycle_time_p90": 42.8157086834189,
  "delivery_cycle_time_avg": 28.09110729021908,
  "failed_rate": 0.0,
  "second_runner_break_even_orders": 7.140103081231584,
  "queue_wait_avg": 14.6125,
  "runner_utilization_driving_pct": 100.0,
  "runner_utilization_prep_pct": 0.0,
  "runner_utilization_idle_pct": 0.0,
  "distance_per_delivery_avg": 1669.8120495136131,
  "zone_service_times": {
    "hole_17": 21.889887999251982,
    "hole_14": 29.634122538459422,
    "hole_18": 28.94359813186437,
    "hole_12": 28.439193848402734,
    "hole_15": 33.93605485856687,
    "hole_7": 24.4877277829828,
    "hole_9": 33.96293261442837,
    "hole_8": 22.36401093784358,
    "hole_16": 45.86556983365311,
    "hole_-1": 37.757755950928065,
    "hole_6": 18.104014152935513,
    "hole_10": 18.41895694315972,
    "hole_13": 39.43532223362878
  },
  "total_revenue": 1470.0,
  "total_orders": 50,
  "successful_orders": 49,
  "failed_orders": 0,
  "total_rounds": 32,
  "active_runner_hours": 7.140103081231585
}