{
  "simulation_id": "delivery_dynamic_06",
  "runner_id": "runner_1",
  "revenue_per_round": 23.47826086956522,
  "orders_per_runner_hour": 2.5058004640371228,
  "on_time_rate": 0.3333333333333333,
  "delivery_cycle_time_p90": 59.122409677894396,
  "delivery_cycle_time_avg": 39.22212792656254,
  "failed_rate": 0.3,
  "second_runner_break_even_orders": 7.183333333333334,
  "queue_wait_avg": 26.814814814814817,
  "runner_utilization_driving_pct": 40.16091433256703,
  "runner_utilization_prep_pct": 0.0,
  "runner_utilization_idle_pct": 59.83908566743297,
  "distance_per_delivery_avg": 808.857205547237,
  "zone_service_times": {
    "hole_10": 24.58300434806759,
    "hole_11": 46.405065763009446,
    "hole_16": 40.28291435444212,
    "hole_9": 55.84677683850341,
    "hole_-1": 45.142174617672616,
    "hole_18": 38.5976731670679,
    "hole_8": 16.085007705516666
  },
  "total_revenue": 540.0,
  "total_orders": 30,
  "successful_orders": 18,
  "failed_orders": 9,
  "total_rounds": 23,
  "active_runner_hours": 7.183333333333334
}