{
  "simulation_id": "delivery_dynamic_01",
  "runner_id": "3_runners",
  "revenue_per_round": 46.15384615384615,
  "orders_per_runner_hour": 5.455192887661339,
  "on_time_rate": 0.925,
  "delivery_cycle_time_p90": 26.401919531159127,
  "delivery_cycle_time_avg": 18.448313458142035,
  "failed_rate": 0.0,
  "second_runner_break_even_orders": 7.332462998782825,
  "queue_wait_avg": 3.9583333333333335,
  "runner_utilization_driving_pct": 100.0,
  "runner_utilization_prep_pct": 0.0,
  "runner_utilization_idle_pct": 0.0,
  "distance_per_delivery_avg": 1641.633321935727,
  "zone_service_times": {
    "hole_17": 15.20883828575511,
    "hole_6": 21.410544173520446,
    "hole_4": 20.037945958056632,
    "hole_18": 18.85811114607754,
    "hole_2": 15.928464630702264,
    "hole_7": 17.45297372604817,
    "hole_16": 19.450641972473992,
    "hole_10": 20.45157880176921,
    "hole_-1": 20.789295349191768,
    "hole_15": 17.318727256494366,
    "hole_12": 30.00602302319142,
    "hole_11": 16.176490853152274,
    "hole_3": 16.491447112135273,
    "hole_8": 13.836145689910335,
    "hole_9": 12.235247917219507
  },
  "total_revenue": 1200.0,
  "total_orders": 40,
  "successful_orders": 40,
  "failed_orders": 0,
  "total_rounds": 26,
  "active_runner_hours": 7.332462998782824
}