{
  "simulation_id": "delivery_dynamic_06",
  "runner_id": "3_runners",
  "revenue_per_round": 46.15384615384615,
  "orders_per_runner_hour": 5.537705939687987,
  "on_time_rate": 0.9,
  "delivery_cycle_time_p90": 29.880178458698293,
  "delivery_cycle_time_avg": 19.00108353307557,
  "failed_rate": 0.0,
  "second_runner_break_even_orders": 7.223207666793108,
  "queue_wait_avg": 5.483908045977011,
  "runner_utilization_driving_pct": 93.35220934716672,
  "runner_utilization_prep_pct": 0.0,
  "runner_utilization_idle_pct": 6.6477906528332795,
  "distance_per_delivery_avg": 1688.4840671133911,
  "zone_service_times": {
    "hole_15": 20.55956078891122,
    "hole_17": 15.097911648345638,
    "hole_3": 17.12491194141187,
    "hole_-1": 29.379618087112068,
    "hole_9": 22.459704031122175,
    "hole_10": 19.40183425528403,
    "hole_18": 19.771080198275932,
    "hole_12": 15.930915454558196,
    "hole_13": 22.428175768262008,
    "hole_14": 28.34293729012661,
    "hole_2": 19.52863504666384,
    "hole_11": 13.63400318967809,
    "hole_16": 16.722853903327753,
    "hole_1": 12.761345374302255
  },
  "total_revenue": 1200.0,
  "total_orders": 40,
  "successful_orders": 40,
  "failed_orders": 0,
  "total_rounds": 26,
  "active_runner_hours": 7.223207666793108
}