{
  "simulation_id": "delivery_dynamic_03",
  "runner_id": "3_runners",
  "revenue_per_round": 33.333333333333336,
  "orders_per_runner_hour": 2.8396025479575076,
  "on_time_rate": 0.95,
  "delivery_cycle_time_p90": 21.764263138749595,
  "delivery_cycle_time_avg": 17.126427594544612,
  "failed_rate": 0.0,
  "second_runner_break_even_orders": 7.043239207679175,
  "queue_wait_avg": 1.4427083333333335,
  "runner_utilization_driving_pct": 61.22441801143178,
  "runner_utilization_prep_pct": 0.0,
  "runner_utilization_idle_pct": 38.77558198856822,
  "distance_per_delivery_avg": 2006.679671766989,
  "zone_service_times": {
    "hole_3": 21.083308801582945,
    "hole_8": 14.05045855195549,
    "hole_18": 11.127858553223753,
    "hole_-1": 10.364396839894834,
    "hole_15": 18.333554654730243,
    "hole_4": 22.910628593967193,
    "hole_5": 20.825510143165108,
    "hole_7": 17.326425575713195,
    "hole_10": 10.36785842552387,
    "hole_9": 11.165381936186531
  },
  "total_revenue": 600.0,
  "total_orders": 20,
  "successful_orders": 20,
  "failed_orders": 0,
  "total_rounds": 18,
  "active_runner_hours": 7.043239207679174
}