{
  "simulation_id": "delivery_dynamic_10",
  "runner_id": "2_runners",
  "revenue_per_round": 37.5,
  "orders_per_runner_hour": 2.748303753653827,
  "on_time_rate": 0.95,
  "delivery_cycle_time_p90": 23.276408222053682,
  "delivery_cycle_time_avg": 17.315540442687333,
  "failed_rate": 0.0,
  "second_runner_break_even_orders": 7.277215982189128,
  "queue_wait_avg": 2.23125,
  "runner_utilization_driving_pct": 55.32408510739769,
  "runner_utilization_prep_pct": 0.0,
  "runner_utilization_idle_pct": 44.67591489260231,
  "distance_per_delivery_avg": 1858.261588742943,
  "zone_service_times": {
    "hole_4": 21.37534838392706,
    "hole_2": 23.424806546247055,
    "hole_15": 17.225565517645737,
    "hole_7": 14.694336918131194,
    "hole_14": 14.929693649929323,
    "hole_18": 15.137198803054314,
    "hole_-1": 17.41066486805727,
    "hole_13": 15.112911077781428,
    "hole_5": 33.783182554625334,
    "hole_16": 13.648074983458294,
    "hole_9": 12.35503782154016,
    "hole_10": 12.569121261600474
  },
  "total_revenue": 600.0,
  "total_orders": 20,
  "successful_orders": 20,
  "failed_orders": 0,
  "total_rounds": 16,
  "active_runner_hours": 7.277215982189128
}