{
  "simulation_id": "delivery_dynamic_04",
  "runner_id": "runner_1",
  "revenue_per_round": 26.25,
  "orders_per_runner_hour": 2.647720329445188,
  "on_time_rate": 0.5714285714285714,
  "delivery_cycle_time_p90": 51.13742973887146,
  "delivery_cycle_time_avg": 28.438225310299124,
  "failed_rate": 0.045454545454545456,
  "second_runner_break_even_orders": 9.914189088656697,
  "queue_wait_avg": 23.224358974358974,
  "runner_utilization_driving_pct": 33.501005606921254,
  "runner_utilization_prep_pct": 0.0,
  "runner_utilization_idle_pct": 66.49899439307875,
  "distance_per_delivery_avg": 1306.0951645541006,
  "zone_service_times": {
    "hole_15": 12.897382860167939,
    "hole_10": 30.483255768523183,
    "hole_18": 30.494044809442702,
    "hole_12": 20.673477332752856,
    "hole_17": 34.32684739980007,
    "hole_14": 15.575291466587563,
    "hole_16": 19.737229915071353,
    "hole_11": 42.47416038738714,
    "hole_13": 29.858675872868055
  },
  "total_revenue": 525.0,
  "total_orders": 22,
  "successful_orders": 21,
  "failed_orders": 1,
  "total_rounds": 20,
  "active_runner_hours": 7.931351270925358
}