{
  "simulation_id": "delivery_dynamic_06",
  "runner_id": "3_runners",
  "revenue_per_round": 44.11764705882353,
  "orders_per_runner_hour": 6.765769233225368,
  "on_time_rate": 0.76,
  "delivery_cycle_time_p90": 36.896586887314136,
  "delivery_cycle_time_avg": 23.063553404602487,
  "failed_rate": 0.0,
  "second_runner_break_even_orders": 7.390142683918303,
  "queue_wait_avg": 8.982246376811593,
  "runner_utilization_driving_pct": 100.0,
  "runner_utilization_prep_pct": 0.0,
  "runner_utilization_idle_pct": 0.0,
  "distance_per_delivery_avg": 1612.7619439464356,
  "zone_service_times": {
    "hole_16": 15.233584623653634,
    "hole_4": 24.508480931246535,
    "hole_2": 22.703786950872562,
    "hole_8": 15.696458694027994,
    "hole_18": 23.13280849996822,
    "hole_9": 15.680187136984,
    "hole_5": 34.72496643913469,
    "hole_15": 27.533293315352676,
    "hole_11": 35.6803200056131,
    "hole_17": 26.822290767440467,
    "hole_3": 35.52761991939654,
    "hole_14": 19.42723455524662,
    "hole_-1": 21.766407511596036,
    "hole_10": 11.035648500216727,
    "hole_13": 15.452781349454018
  },
  "total_revenue": 1500.0,
  "total_orders": 50,
  "successful_orders": 50,
  "failed_orders": 0,
  "total_rounds": 34,
  "active_runner_hours": 7.390142683918303
}