{
  "simulation_id": "delivery_dynamic_01",
  "runner_id": "runner_1",
  "revenue_per_round": 12.1875,
  "orders_per_runner_hour": 1.8143050978871875,
  "on_time_rate": 0.3076923076923077,
  "delivery_cycle_time_p90": 66.30764268528404,
  "delivery_cycle_time_avg": 44.516630217840465,
  "failed_rate": 0.6,
  "second_runner_break_even_orders": 7.165277777777778,
  "queue_wait_avg": 32.458333333333336,
  "runner_utilization_driving_pct": 29.557666762334318,
  "runner_utilization_prep_pct": 0.0,
  "runner_utilization_idle_pct": 70.44233323766568,
  "distance_per_delivery_avg": 1530.5108301174741,
  "zone_service_times": {
    "hole_1": 12.392753755430688,
    "hole_12": 29.672412676758327,
    "hole_15": 51.35778490230259,
    "hole_10": 57.844970310307325,
    "hole_6": 68.29867849045016,
    "hole_18": 43.160959352318834,
    "hole_9": 24.65948816318984,
    "hole_14": 47.167393244374395,
    "hole_-1": 63.32108897753484
  },
  "total_revenue": 390.0,
  "total_orders": 50,
  "successful_orders": 13,
  "failed_orders": 30,
  "total_rounds": 32,
  "active_runner_hours": 7.165277777777778
}