{
  "simulation_id": "delivery_dynamic_05",
  "runner_id": "runner_1",
  "revenue_per_round": 28.333333333333332,
  "orders_per_runner_hour": 2.39483467031892,
  "on_time_rate": 0.35294117647058826,
  "delivery_cycle_time_p90": 58.52613092640943,
  "delivery_cycle_time_avg": 33.947765652155475,
  "failed_rate": 0.05,
  "second_runner_break_even_orders": 7.0986111111111105,
  "queue_wait_avg": 21.319607843137256,
  "runner_utilization_driving_pct": 34.24828619302352,
  "runner_utilization_prep_pct": 0.0,
  "runner_utilization_idle_pct": 65.75171380697648,
  "distance_per_delivery_avg": 883.0610238301238,
  "zone_service_times": {
    "hole_17": 14.328727797046668,
    "hole_18": 37.15960932474025,
    "hole_-1": 39.572983813293995,
    "hole_9": 35.15778573424048,
    "hole_16": 32.699796577968606,
    "hole_11": 48.035397018596754,
    "hole_7": 33.31894370538897,
    "hole_10": 10.498811890140496
  },
  "total_revenue": 510.0,
  "total_orders": 20,
  "successful_orders": 17,
  "failed_orders": 1,
  "total_rounds": 18,
  "active_runner_hours": 7.098611111111111
}