{
  "simulation_id": "delivery_dynamic_01",
  "runner_id": "3_runners",
  "revenue_per_round": 48.38709677419355,
  "orders_per_runner_hour": 6.799702219632446,
  "on_time_rate": 0.62,
  "delivery_cycle_time_p90": 41.62862728708127,
  "delivery_cycle_time_avg": 26.537016049086517,
  "failed_rate": 0.0,
  "second_runner_break_even_orders": 7.353263184913812,
  "queue_wait_avg": 14.118217054263566,
  "runner_utilization_driving_pct": 100.0,
  "runner_utilization_prep_pct": 0.0,
  "runner_utilization_idle_pct": 0.0,
  "distance_per_delivery_avg": 1476.8373924930709,
  "zone_service_times": {
    "hole_-1": 25.648997272808547,
    "hole_7": 29.562009541237998,
    "hole_6": 28.510664372446385,
    "hole_1": 13.244973918611626,
    "hole_17": 24.015967589598397,
    "hole_9": 28.808992391629282,
    "hole_8": 22.72307104929316,
    "hole_18": 29.22027964298881,
    "hole_10": 29.231914250874738,
    "hole_13": 41.6324744965239,
    "hole_11": 41.59400240209767,
    "hole_3": 19.81485090838711,
    "hole_4": 23.50683270951722
  },
  "total_revenue": 1500.0,
  "total_orders": 50,
  "successful_orders": 50,
  "failed_orders": 0,
  "total_rounds": 31,
  "active_runner_hours": 7.353263184913812
}