{
  "simulation_id": "delivery_dynamic_02",
  "runner_id": "3_runners",
  "revenue_per_round": 35.294117647058826,
  "orders_per_runner_hour": 2.955326110773711,
  "on_time_rate": 1.0,
  "delivery_cycle_time_p90": 13.964849359989003,
  "delivery_cycle_time_avg": 12.426087556065013,
  "failed_rate": 0.0,
  "second_runner_break_even_orders": 6.7674426612648695,
  "queue_wait_avg": 0.25952380952380955,
  "runner_utilization_driving_pct": 22.547927638572578,
  "runner_utilization_prep_pct": 0.0,
  "runner_utilization_idle_pct": 77.45207236142743,
  "distance_per_delivery_avg": 1615.983040366808,
  "zone_service_times": {
    "hole_11": 11.637005341538861,
    "hole_12": 12.673097675667202,
    "hole_15": 14.010074680611735,
    "hole_16": 15.167490500782272,
    "hole_17": 12.074768904425895,
    "hole_14": 13.476703838266682,
    "hole_18": 10.40381055273092,
    "hole_2": 12.406582204037356,
    "hole_10": 10.622948049010605,
    "hole_13": 13.12092310571279
  },
  "total_revenue": 600.0,
  "total_orders": 20,
  "successful_orders": 20,
  "failed_orders": 0,
  "total_rounds": 17,
  "active_runner_hours": 6.7674426612648695
}