{
  "simulation_id": "delivery_dynamic_05",
  "runner_id": "2_runners",
  "revenue_per_round": 29.142857142857142,
  "orders_per_runner_hour": 4.70950365525202,
  "on_time_rate": 0.5294117647058824,
  "delivery_cycle_time_p90": 58.40498400727007,
  "delivery_cycle_time_avg": 32.700027781082596,
  "failed_rate": 0.28,
  "second_runner_break_even_orders": 7.219444444444445,
  "queue_wait_avg": 17.725,
  "runner_utilization_driving_pct": 83.84730210183011,
  "runner_utilization_prep_pct": 0.0,
  "runner_utilization_idle_pct": 16.15269789816989,
  "distance_per_delivery_avg": 1671.6093344437525,
  "zone_service_times": {
    "hole_10": 15.202289289276209,
    "hole_17": 37.26833071579686,
    "hole_14": 26.994556828155165,
    "hole_12": 25.35807919962619,
    "hole_16": 41.990569826061865,
    "hole_18": 30.536182634215333,
    "hole_15": 45.75920329438519,
    "hole_-1": 52.896234921554814,
    "hole_6": 45.23890145930615,
    "hole_8": 60.62346018728895,
    "hole_4": 43.42063913798314,
    "hole_9": 13.040355264209696,
    "hole_13": 16.798178544948676,
    "hole_11": 13.692336523011424
  },
  "total_revenue": 1020.0,
  "total_orders": 50,
  "successful_orders": 34,
  "failed_orders": 14,
  "total_rounds": 35,
  "active_runner_hours": 7.219444444444444
}