{
  "simulation_id": "delivery_dynamic_01",
  "runner_id": "2_runners",
  "revenue_per_round": 36.42857142857143,
  "orders_per_runner_hour": 4.773790951638066,
  "on_time_rate": 0.47058823529411764,
  "delivery_cycle_time_p90": 58.97877061107113,
  "delivery_cycle_time_avg": 32.05468740710052,
  "failed_rate": 0.1,
  "second_runner_break_even_orders": 7.122222222222222,
  "queue_wait_avg": 19.6,
  "runner_utilization_driving_pct": 77.32612891319116,
  "runner_utilization_prep_pct": 0.0,
  "runner_utilization_idle_pct": 22.673871086808845,
  "distance_per_delivery_avg": 1018.4690864328326,
  "zone_service_times": {
    "hole_12": 16.84673019622272,
    "hole_17": 44.2024055859707,
    "hole_14": 18.512988334917505,
    "hole_13": 16.793125655308298,
    "hole_8": 28.562148598594163,
    "hole_15": 37.78569009420795,
    "hole_-1": 42.247747815170044,
    "hole_16": 43.20770493769184,
    "hole_7": 45.719308648492614,
    "hole_9": 36.04062693942954,
    "hole_11": 30.543730351930087,
    "hole_18": 21.520433975945384,
    "hole_10": 13.309582603251167
  },
  "total_revenue": 1020.0,
  "total_orders": 40,
  "successful_orders": 34,
  "failed_orders": 4,
  "total_rounds": 28,
  "active_runner_hours": 7.122222222222222
}