{
  "simulation_id": "delivery_dynamic_07",
  "runner_id": "3_runners",
  "revenue_per_round": 44.11764705882353,
  "orders_per_runner_hour": 6.777627134092953,
  "on_time_rate": 0.86,
  "delivery_cycle_time_p90": 30.550333985737616,
  "delivery_cycle_time_avg": 20.799217757410094,
  "failed_rate": 0.0,
  "second_runner_break_even_orders": 7.377213147133607,
  "queue_wait_avg": 7.09927536231884,
  "runner_utilization_driving_pct": 100.0,
  "runner_utilization_prep_pct": 0.0,
  "runner_utilization_idle_pct": 0.0,
  "distance_per_delivery_avg": 1434.0091664897914,
  "zone_service_times": {
    "hole_18": 18.402081980314883,
    "hole_14": 20.08810207431018,
    "hole_12": 18.087504810881143,
    "hole_17": 25.578451049807484,
    "hole_9": 15.51934121092751,
    "hole_11": 21.50131499984674,
    "hole_10": 17.150185138338646,
    "hole_16": 25.6468161739581,
    "hole_13": 17.736284868530795,
    "hole_15": 16.9937820655489
  },
  "total_revenue": 1500.0,
  "total_orders": 50,
  "successful_orders": 50,
  "failed_orders": 0,
  "total_rounds": 34,
  "active_runner_hours": 7.377213147133607
}