{
  "simulation_id": "delivery_dynamic_04",
  "runner_id": "3_runners",
  "revenue_per_round": 40.0,
  "orders_per_runner_hour": 5.474518944350603,
  "on_time_rate": 0.975,
  "delivery_cycle_time_p90": 21.676922709751516,
  "delivery_cycle_time_avg": 16.721088269345632,
  "failed_rate": 0.0,
  "second_runner_break_even_orders": 7.306578058566729,
  "queue_wait_avg": 2.125714285714286,
  "runner_utilization_driving_pct": 86.71588200863015,
  "runner_utilization_prep_pct": 0.0,
  "runner_utilization_idle_pct": 13.284117991369854,
  "distance_per_delivery_avg": 1633.3256585001325,
  "zone_service_times": {
    "hole_18": 12.681786355925496,
    "hole_15": 18.33253089073578,
    "hole_6": 18.28830995156315,
    "hole_3": 16.977552755521163,
    "hole_8": 21.303752262224954,
    "hole_17": 16.571672780049457,
    "hole_9": 13.326154829856508,
    "hole_10": 14.606816662192674,
    "hole_2": 17.35007221504611,
    "hole_4": 26.739763697253935,
    "hole_7": 16.759603402205116,
    "hole_11": 21.860904235553367,
    "hole_1": 13.012231007230488,
    "hole_-1": 20.02108897753484,
    "hole_16": 17.924060298028174
  },
  "total_revenue": 1200.0,
  "total_orders": 40,
  "successful_orders": 40,
  "failed_orders": 0,
  "total_rounds": 30,
  "active_runner_hours": 7.306578058566728
}