{
  "variantKey": "back",
  "blockedHoles": [
    10,
    11,
    12
  ],
  "deliveryMetrics": {
    "totalOrders": 40,
    "successfulDeliveries": 40,
    "failedDeliveries": 0,
    "avgOrderTime": 16.721088269345632,
    "onTimePercentage": 97.5,
    "revenue": 1200.0,
    "ordersPerRunnerHour": 4.0,
    "lateOrders": 1,
    "runnerUtilizationPct": 21.119878693783946,
    "totalRunnerDriveMinutes": 380.15781648811105,
    "totalRunnerShiftMinutes": 1800.0,
    "runnerUtilizationByRunner": {
      "runner_1": {
        "driveMinutes": 142.3839452256912,
        "utilizationPct": 23.7306575376152,
        "shiftMinutes": 600.0
      },
      "runner_3": {
        "driveMinutes": 132.09887721514932,
        "utilizationPct": 22.01647953585822,
        "shiftMinutes": 600.0
      },
      "runner_2": {
        "driveMinutes": 105.67499404727047,
        "utilizationPct": 17.612499007878412,
        "shiftMinutes": 600.0
      }
    }
  },
  "bevCartMetrics": null,
  "hasRunners": true,
  "hasBevCart": false
}