{
  "simulation_id": "delivery_dynamic_08",
  "runner_id": "2_runners",
  "revenue_per_round": 33.333333333333336,
  "orders_per_runner_hour": 2.830465068924902,
  "on_time_rate": 1.0,
  "delivery_cycle_time_p90": 14.82147840324084,
  "delivery_cycle_time_avg": 12.572646096220106,
  "failed_rate": 0.0,
  "second_runner_break_even_orders": 7.065976619735008,
  "queue_wait_avg": 0.4607843137254902,
  "runner_utilization_driving_pct": 21.55808774156266,
  "runner_utilization_prep_pct": 0.0,
  "runner_utilization_idle_pct": 78.44191225843734,
  "distance_per_delivery_avg": 1570.3051892784795,
  "zone_service_times": {
    "hole_14": 13.47753108398086,
    "hole_18": 10.840536806963973,
    "hole_17": 13.641649772324914,
    "hole_4": 14.587409375503254,
    "hole_10": 10.602968267066839,
    "hole_16": 13.411690118810991,
    "hole_11": 11.682104167896533,
    "hole_9": 11.184025898432871,
    "hole_-1": 14.847486072989462
  },
  "total_revenue": 600.0,
  "total_orders": 20,
  "successful_orders": 20,
  "failed_orders": 0,
  "total_rounds": 18,
  "active_runner_hours": 7.065976619735009
}