{
  "simulation_id": "delivery_dynamic_06",
  "runner_id": "2_runners",
  "revenue_per_round": 33.6,
  "orders_per_runner_hour": 3.826879271070615,
  "on_time_rate": 0.7142857142857143,
  "delivery_cycle_time_p90": 43.48168747358033,
  "delivery_cycle_time_avg": 26.51621225956387,
  "failed_rate": 0.0,
  "second_runner_break_even_orders": 7.316666666666666,
  "queue_wait_avg": 9.445238095238096,
  "runner_utilization_driving_pct": 84.69175407987368,
  "runner_utilization_prep_pct": 0.0,
  "runner_utilization_idle_pct": 15.308245920126325,
  "distance_per_delivery_avg": 2375.84731921346,
  "zone_service_times": {
    "hole_9": 19.4848297279923,
    "hole_13": 15.693125655308299,
    "hole_18": 20.223957159696834,
    "hole_2": 22.89237932135095,
    "hole_6": 34.1201082869063,
    "hole_4": 35.07605496254524,
    "hole_-1": 34.31439683989483,
    "hole_5": 41.40124994551647,
    "hole_11": 43.24520362897747,
    "hole_10": 35.79438251077251,
    "hole_17": 16.441888848245494,
    "hole_3": 25.066642640184213,
    "hole_7": 14.52631976972031
  },
  "total_revenue": 840.0,
  "total_orders": 30,
  "successful_orders": 28,
  "failed_orders": 0,
  "total_rounds": 25,
  "active_runner_hours": 7.316666666666666
}