{
  "simulation_id": "delivery_dynamic_06",
  "runner_id": "3_runners",
  "revenue_per_round": 43.23529411764706,
  "orders_per_runner_hour": 6.825278270249731,
  "on_time_rate": 0.3673469387755102,
  "delivery_cycle_time_p90": 53.164396839894835,
  "delivery_cycle_time_avg": 33.995832820846765,
  "failed_rate": 0.0,
  "second_runner_break_even_orders": 7.179194467950555,
  "queue_wait_avg": 21.90530303030303,
  "runner_utilization_driving_pct": 100.0,
  "runner_utilization_prep_pct": 0.0,
  "runner_utilization_idle_pct": 0.0,
  "distance_per_delivery_avg": 1453.4569706616537,
  "zone_service_times": {
    "hole_4": 29.836255048937893,
    "hole_7": 32.58395725300544,
    "hole_8": 20.51263142286463,
    "hole_11": 43.79568870002442,
    "hole_2": 27.156431423504486,
    "hole_5": 39.63309097211487,
    "hole_15": 21.975968177167292,
    "hole_6": 31.938851203872098,
    "hole_16": 35.013424220043426,
    "hole_-1": 38.63288235726766,
    "hole_18": 41.60913612156186,
    "hole_10": 43.63510149686075,
    "hole_12": 52.60401698538537,
    "hole_9": 12.572428513957332
  },
  "total_revenue": 1470.0,
  "total_orders": 50,
  "successful_orders": 49,
  "failed_orders": 0,
  "total_rounds": 34,
  "active_runner_hours": 7.179194467950555
}