{
  "simulation_id": "delivery_dynamic_02",
  "runner_id": "runner_1",
  "revenue_per_round": 30.0,
  "orders_per_runner_hour": 3.0561450897163804,
  "on_time_rate": 0.3181818181818182,
  "delivery_cycle_time_p90": 59.74730445367229,
  "delivery_cycle_time_avg": 34.27099333571587,
  "failed_rate": 0.16666666666666666,
  "second_runner_break_even_orders": 7.198611111111111,
  "queue_wait_avg": 22.13888888888889,
  "runner_utilization_driving_pct": 37.76024829636154,
  "runner_utilization_prep_pct": 0.0,
  "runner_utilization_idle_pct": 62.23975170363846,
  "distance_per_delivery_avg": 1054.5083062550789,
  "zone_service_times": {
    "hole_11": 19.743039886431976,
    "hole_15": 48.023970091977006,
    "hole_18": 35.66199982876742,
    "hole_12": 48.70446295578449,
    "hole_16": 33.07285390332769,
    "hole_17": 31.244586290059264,
    "hole_9": 13.301111247324297,
    "hole_10": 11.929214945648589
  },
  "total_revenue": 660.0,
  "total_orders": 30,
  "successful_orders": 22,
  "failed_orders": 5,
  "total_rounds": 22,
  "active_runner_hours": 7.198611111111111
}