{
  "simulation_id": "delivery_dynamic_02",
  "runner_id": "2_runners",
  "revenue_per_round": 31.875,
  "orders_per_runner_hour": 4.720275230662893,
  "on_time_rate": 0.38235294117647056,
  "delivery_cycle_time_p90": 63.315229281827555,
  "delivery_cycle_time_avg": 37.63532199603678,
  "failed_rate": 0.15,
  "second_runner_break_even_orders": 7.202969813949853,
  "queue_wait_avg": 23.192929292929293,
  "runner_utilization_driving_pct": 96.78459280229211,
  "runner_utilization_prep_pct": 0.0,
  "runner_utilization_idle_pct": 3.21540719770789,
  "distance_per_delivery_avg": 1721.844661256592,
  "zone_service_times": {
    "hole_7": 47.85721571399031,
    "hole_6": 37.625372758607114,
    "hole_3": 37.80876941915806,
    "hole_10": 35.345207884120796,
    "hole_14": 21.360214355959034,
    "hole_-1": 42.81773017322817,
    "hole_4": 34.39290584738019,
    "hole_13": 39.173190598091665,
    "hole_5": 48.737659215507,
    "hole_18": 41.021448364282044,
    "hole_12": 55.27718695520647,
    "hole_9": 30.06125969814002,
    "hole_2": 23.19410671074705,
    "hole_8": 13.3542977707315
  },
  "total_revenue": 1020.0,
  "total_orders": 40,
  "successful_orders": 34,
  "failed_orders": 6,
  "total_rounds": 32,
  "active_runner_hours": 7.202969813949854
}