{
  "simulation_id": "delivery_dynamic_10",
  "runner_id": "3_runners",
  "revenue_per_round": 33.333333333333336,
  "orders_per_runner_hour": 2.733523108610284,
  "on_time_rate": 1.0,
  "delivery_cycle_time_p90": 19.405750570014323,
  "delivery_cycle_time_avg": 15.419636262081257,
  "failed_rate": 0.0,
  "second_runner_break_even_orders": 7.316565181762063,
  "queue_wait_avg": 0.6862745098039216,
  "runner_utilization_driving_pct": 55.660249521429115,
  "runner_utilization_prep_pct": 0.0,
  "runner_utilization_idle_pct": 44.339750478570885,
  "distance_per_delivery_avg": 1624.9977840593024,
  "zone_service_times": {
    "hole_15": 13.716447265038656,
    "hole_6": 19.274936498089453,
    "hole_13": 15.378018366544863,
    "hole_9": 15.663237949003067,
    "hole_7": 15.868943705388968,
    "hole_11": 14.852675684516726,
    "hole_12": 17.44486364791054,
    "hole_8": 13.40870635031315,
    "hole_18": 12.349955724784618,
    "hole_17": 14.323351658616776
  },
  "total_revenue": 600.0,
  "total_orders": 20,
  "successful_orders": 20,
  "failed_orders": 0,
  "total_rounds": 18,
  "active_runner_hours": 7.316565181762063
}