{
  "simulation_id": "delivery_dynamic_10",
  "runner_id": "2_runners",
  "revenue_per_round": 39.130434782608695,
  "orders_per_runner_hour": 4.18224598645872,
  "on_time_rate": 0.8,
  "delivery_cycle_time_p90": 38.21843604791279,
  "delivery_cycle_time_avg": 19.50346407837908,
  "failed_rate": 0.0,
  "second_runner_break_even_orders": 7.173179219284094,
  "queue_wait_avg": 6.339102564102564,
  "runner_utilization_driving_pct": 62.24722565217306,
  "runner_utilization_prep_pct": 0.0,
  "runner_utilization_idle_pct": 37.75277434782694,
  "distance_per_delivery_avg": 1347.2172636687046,
  "zone_service_times": {
    "hole_17": 15.180818432559853,
    "hole_4": 19.871602160041643,
    "hole_-1": 36.82108897753484,
    "hole_10": 11.560163827086004,
    "hole_9": 12.645303492010923,
    "hole_1": 12.611328633125321,
    "hole_8": 14.389032639590187,
    "hole_18": 15.995286388621457,
    "hole_6": 38.28201182378349,
    "hole_14": 32.30656431820021,
    "hole_13": 37.64625406507651,
    "hole_16": 17.104349101572975,
    "hole_12": 21.833253334189582,
    "hole_2": 16.349840036471928,
    "hole_11": 13.210669068764279
  },
  "total_revenue": 900.0,
  "total_orders": 30,
  "successful_orders": 30,
  "failed_orders": 0,
  "total_rounds": 23,
  "active_runner_hours": 7.173179219284094
}