{
  "simulation_id": "delivery_dynamic_04",
  "runner_id": "3_runners",
  "revenue_per_round": 42.857142857142854,
  "orders_per_runner_hour": 5.591557058309725,
  "on_time_rate": 0.9,
  "delivery_cycle_time_p90": 31.400532875359183,
  "delivery_cycle_time_avg": 18.612493197454366,
  "failed_rate": 0.0,
  "second_runner_break_even_orders": 7.153642461817537,
  "queue_wait_avg": 4.563809523809524,
  "runner_utilization_driving_pct": 91.03026362739406,
  "runner_utilization_prep_pct": 0.0,
  "runner_utilization_idle_pct": 8.969736372605936,
  "distance_per_delivery_avg": 1552.0377143446685,
  "zone_service_times": {
    "hole_18": 13.015421579118572,
    "hole_16": 17.380792827515947,
    "hole_9": 13.181524716636098,
    "hole_3": 17.00170535342607,
    "hole_17": 24.365540571342272,
    "hole_2": 16.868471277696376,
    "hole_8": 17.776906455938843,
    "hole_15": 24.10350417242359,
    "hole_6": 34.01823255376045,
    "hole_4": 18.65413118711834,
    "hole_14": 24.742936796285782,
    "hole_-1": 18.481427651039667,
    "hole_1": 12.62704947715732,
    "hole_12": 22.815836545238078,
    "hole_10": 17.236104190951423,
    "hole_13": 17.43054951224161
  },
  "total_revenue": 1200.0,
  "total_orders": 40,
  "successful_orders": 40,
  "failed_orders": 0,
  "total_rounds": 28,
  "active_runner_hours": 7.153642461817536
}