{
  "simulation_id": "delivery_dynamic_03",
  "runner_id": "runner_1",
  "revenue_per_round": 23.91304347826087,
  "orders_per_runner_hour": 2.2222222222222223,
  "on_time_rate": 0.5,
  "delivery_cycle_time_p90": 61.05824152751006,
  "delivery_cycle_time_avg": 34.794300283243814,
  "failed_rate": 0.3125,
  "second_runner_break_even_orders": 12.375,
  "queue_wait_avg": 28.905555555555555,
  "runner_utilization_driving_pct": 31.37353990899437,
  "runner_utilization_prep_pct": 0.0,
  "runner_utilization_idle_pct": 68.62646009100563,
  "distance_per_delivery_avg": 1635.6469710912104,
  "zone_service_times": {
    "hole_15": 33.564049526834594,
    "hole_14": 51.408624799920894,
    "hole_12": 43.50681066608619,
    "hole_18": 30.057536872934765,
    "hole_6": 56.378022862419435,
    "hole_11": 21.39082705405381,
    "hole_4": 19.394789748367657,
    "hole_17": 27.643514066466743,
    "hole_5": 52.61619136109378,
    "hole_13": 17.44200920620145
  },
  "total_revenue": 550.0,
  "total_orders": 32,
  "successful_orders": 22,
  "failed_orders": 10,
  "total_rounds": 23,
  "active_runner_hours": 9.9
}