{
  "simulation_id": "delivery_dynamic_01",
  "runner_id": "runner_1",
  "revenue_per_round": 20.833333333333332,
  "orders_per_runner_hour": 2.5115415961249954,
  "on_time_rate": 0.1,
  "delivery_cycle_time_p90": 60.80077217565994,
  "delivery_cycle_time_avg": 46.36353098221976,
  "failed_rate": 0.4117647058823529,
  "second_runner_break_even_orders": 9.954045769567175,
  "queue_wait_avg": 35.47222222222222,
  "runner_utilization_driving_pct": 28.88184083650403,
  "runner_utilization_prep_pct": 0.0,
  "runner_utilization_idle_pct": 71.11815916349597,
  "distance_per_delivery_avg": 1427.431563881872,
  "zone_service_times": {
    "hole_15": 12.897382860167939,
    "hole_12": 54.3679217771973,
    "hole_18": 52.14642576182366,
    "hole_7": 39.47682350461214,
    "hole_11": 39.89082705405381,
    "hole_14": 35.74195813325423
  },
  "total_revenue": 500.0,
  "total_orders": 34,
  "successful_orders": 20,
  "failed_orders": 14,
  "total_rounds": 24,
  "active_runner_hours": 7.96323661565374
}