{
  "variantKey": "none",
  "blockedHoles": [],
  "deliveryMetrics": {
    "totalOrders": 40,
    "successfulDeliveries": 39,
    "failedDeliveries": 0,
    "avgOrderTime": 16.897762565495054,
    "onTimePercentage": 97.43589743589743,
    "revenue": 1200.0,
    "ordersPerRunnerHour": 3.9,
    "lateOrders": 1,
    "runnerUtilizationPct": 22.513538468625523,
    "totalRunnerDriveMinutes": 405.24369243525945,
    "totalRunnerShiftMinutes": 1800.0,
    "runnerUtilizationByRunner": {
      "runner_1": {
        "driveMinutes": 159.41010592850787,
        "utilizationPct": 26.568350988084642,
        "shiftMinutes": 600.0
      },
      "runner_2": {
        "driveMinutes": 135.18894929585215,
        "utilizationPct": 22.531491549308694,
        "shiftMinutes": 600.0
      },
      "runner_3": {
        "driveMinutes": 110.64463721089943,
        "utilizationPct": 18.440772868483236,
        "shiftMinutes": 600.0
      }
    }
  },
  "bevCartMetrics": null,
  "hasRunners": true,
  "hasBevCart": false
}