{
  "simulation_id": "delivery_dynamic_05",
  "runner_id": "3_runners",
  "revenue_per_round": 33.333333333333336,
  "orders_per_runner_hour": 2.8449196408026043,
  "on_time_rate": 1.0,
  "delivery_cycle_time_p90": 14.168697150318755,
  "delivery_cycle_time_avg": 12.831946208701362,
  "failed_rate": 0.0,
  "second_runner_break_even_orders": 7.030075547004776,
  "queue_wait_avg": 0.04411764705882353,
  "runner_utilization_driving_pct": 25.63062698103132,
  "runner_utilization_prep_pct": 0.0,
  "runner_utilization_idle_pct": 74.36937301896867,
  "distance_per_delivery_avg": 2012.0012702649844,
  "zone_service_times": {
    "hole_17": 12.27719183307366,
    "hole_6": 14.09029554853777,
    "hole_13": 13.112589772379398,
    "hole_15": 13.674365686140542,
    "hole_11": 11.531645565423362,
    "hole_14": 13.536373002215047,
    "hole_12": 12.61889902603416,
    "hole_16": 13.333140691845195,
    "hole_8": 12.553748603773904,
    "hole_18": 10.807192641271023,
    "hole_-1": 13.033619443766414
  },
  "total_revenue": 600.0,
  "total_orders": 20,
  "successful_orders": 20,
  "failed_orders": 0,
  "total_rounds": 18,
  "active_runner_hours": 7.030075547004777
}