{
  "simulation_id": "delivery_dynamic_03",
  "runner_id": "3_runners",
  "revenue_per_round": 35.294117647058826,
  "orders_per_runner_hour": 3.0134663351473643,
  "on_time_rate": 1.0,
  "delivery_cycle_time_p90": 14.180834278610394,
  "delivery_cycle_time_avg": 12.351018097807838,
  "failed_rate": 0.0,
  "second_runner_break_even_orders": 6.636875204720667,
  "queue_wait_avg": 0.040625,
  "runner_utilization_driving_pct": 23.92171212774193,
  "runner_utilization_prep_pct": 0.0,
  "runner_utilization_idle_pct": 76.07828787225807,
  "distance_per_delivery_avg": 1669.3330304216445,
  "zone_service_times": {
    "hole_-1": 13.948886091711302,
    "hole_9": 11.08135469321851,
    "hole_15": 13.517190858283175,
    "hole_7": 13.205592698806868,
    "hole_6": 13.99552709976718,
    "hole_18": 10.567224301906709,
    "hole_2": 11.837919167170872,
    "hole_8": 12.312401373043636,
    "hole_3": 13.555370225762575,
    "hole_17": 12.309670336828155,
    "hole_16": 13.728630084312803,
    "hole_10": 11.329000256976482
  },
  "total_revenue": 600.0,
  "total_orders": 20,
  "successful_orders": 20,
  "failed_orders": 0,
  "total_rounds": 17,
  "active_runner_hours": 6.636875204720667
}