{
  "simulation_id": "delivery_dynamic_10",
  "runner_id": "2_runners",
  "revenue_per_round": 34.6875,
  "orders_per_runner_hour": 4.9873301436768935,
  "on_time_rate": 0.5945945945945946,
  "delivery_cycle_time_p90": 54.44129726456057,
  "delivery_cycle_time_avg": 30.720732440335517,
  "failed_rate": 0.075,
  "second_runner_break_even_orders": 7.418799023543659,
  "queue_wait_avg": 17.163333333333334,
  "runner_utilization_driving_pct": 83.54964493980984,
  "runner_utilization_prep_pct": 0.0,
  "runner_utilization_idle_pct": 16.450355060190162,
  "distance_per_delivery_avg": 1507.0093431959801,
  "zone_service_times": {
    "hole_13": 42.715486957109945,
    "hole_15": 36.62635078002568,
    "hole_8": 28.556727087303596,
    "hole_18": 29.064966738628918,
    "hole_11": 42.38022657855838,
    "hole_17": 34.2401117324075,
    "hole_6": 20.336274745952927,
    "hole_10": 23.391112426763172,
    "hole_16": 33.44794068049159,
    "hole_14": 24.01675634787732,
    "hole_12": 20.920764753051238
  },
  "total_revenue": 1110.0,
  "total_orders": 40,
  "successful_orders": 37,
  "failed_orders": 3,
  "total_rounds": 32,
  "active_runner_hours": 7.41879902354366
}