{
  "simulation_id": "delivery_dynamic_03",
  "runner_id": "3_runners",
  "revenue_per_round": 41.37931034482759,
  "orders_per_runner_hour": 5.457594481353873,
  "on_time_rate": 0.8,
  "delivery_cycle_time_p90": 34.71112496251517,
  "delivery_cycle_time_avg": 21.00072261743139,
  "failed_rate": 0.0,
  "second_runner_break_even_orders": 7.32923637633061,
  "queue_wait_avg": 6.0436274509803924,
  "runner_utilization_driving_pct": 100.0,
  "runner_utilization_prep_pct": 0.0,
  "runner_utilization_idle_pct": 0.0,
  "distance_per_delivery_avg": 1970.1827994569458,
  "zone_service_times": {
    "hole_2": 22.88645237630763,
    "hole_14": 15.130560398551886,
    "hole_7": 17.10108836520768,
    "hole_17": 23.369184999907823,
    "hole_5": 36.14070389224108,
    "hole_4": 21.92331748893044,
    "hole_15": 13.046911951853367,
    "hole_10": 19.90589032651451,
    "hole_13": 15.329103867494025,
    "hole_6": 17.985345616813596,
    "hole_16": 22.24015595801349,
    "hole_8": 25.155286283991156,
    "hole_18": 21.87403798979279,
    "hole_-1": 21.375507951005947,
    "hole_3": 30.32543608582473,
    "hole_9": 12.536504721666885
  },
  "total_revenue": 1200.0,
  "total_orders": 40,
  "successful_orders": 40,
  "failed_orders": 0,
  "total_rounds": 29,
  "active_runner_hours": 7.329236376330611
}