{
  "variantKey": "back",
  "blockedHoles": [
    10,
    11,
    12
  ],
  "deliveryMetrics": {
    "totalOrders": 40,
    "successfulDeliveries": 40,
    "failedDeliveries": 0,
    "avgOrderTime": 21.00072261743139,
    "onTimePercentage": 80.0,
    "revenue": 1200.0,
    "ordersPerRunnerHour": 4.0,
    "lateOrders": 8,
    "runnerUtilizationPct": 26.059410049318434,
    "totalRunnerDriveMinutes": 469.0693808877318,
    "totalRunnerShiftMinutes": 1800.0,
    "runnerUtilizationByRunner": {
      "runner_1": {
        "driveMinutes": 176.44998075530444,
        "utilizationPct": 29.408330125884074,
        "shiftMinutes": 600.0
      },
      "runner_2": {
        "driveMinutes": 149.20792021714144,
        "utilizationPct": 24.867986702856907,
        "shiftMinutes": 600.0
      },
      "runner_3": {
        "driveMinutes": 143.41147991528592,
        "utilizationPct": 23.901913319214323,
        "shiftMinutes": 600.0
      }
    }
  },
  "bevCartMetrics": null,
  "hasRunners": true,
  "hasBevCart": false
}