{
  "simulation_id": "delivery_dynamic_07",
  "runner_id": "3_runners",
  "revenue_per_round": 42.857142857142854,
  "orders_per_runner_hour": 4.205661889227711,
  "on_time_rate": 1.0,
  "delivery_cycle_time_p90": 17.44284443412024,
  "delivery_cycle_time_avg": 13.332614349165649,
  "failed_rate": 0.0,
  "second_runner_break_even_orders": 7.133241042709908,
  "queue_wait_avg": 0.4787878787878788,
  "runner_utilization_driving_pct": 52.88616532352781,
  "runner_utilization_prep_pct": 0.0,
  "runner_utilization_idle_pct": 47.11383467647219,
  "distance_per_delivery_avg": 1001.7850879863261,
  "zone_service_times": {
    "hole_15": 17.570170695969033,
    "hole_18": 11.560080372049793,
    "hole_16": 17.365181921926986,
    "hole_17": 13.270959219429521,
    "hole_10": 11.739056954105621,
    "hole_9": 12.654624890708732,
    "hole_8": 14.004085331723521
  },
  "total_revenue": 900.0,
  "total_orders": 30,
  "successful_orders": 30,
  "failed_orders": 0,
  "total_rounds": 21,
  "active_runner_hours": 7.1332410427099076
}