{
  "variantKey": "front_mid_back",
  "blockedHoles": [
    1,
    2,
    3,
    4,
    5,
    6,
    10,
    11,
    12
  ],
  "deliveryMetrics": {
    "totalOrders": 30,
    "successfulDeliveries": 30,
    "failedDeliveries": 0,
    "avgOrderTime": 13.332614349165649,
    "onTimePercentage": 100.0,
    "revenue": 900.0,
    "ordersPerRunnerHour": 3.0,
    "lateOrders": 0,
    "runnerUtilizationPct": 12.574992169244329,
    "totalRunnerDriveMinutes": 226.3498590463979,
    "totalRunnerShiftMinutes": 1800.0,
    "runnerUtilizationByRunner": {
      "runner_1": {
        "driveMinutes": 103.12411383671456,
        "utilizationPct": 17.187352306119095,
        "shiftMinutes": 600.0
      },
      "runner_3": {
        "driveMinutes": 44.818230877134134,
        "utilizationPct": 7.469705146189022,
        "shiftMinutes": 600.0
      },
      "runner_2": {
        "driveMinutes": 78.40751433254937,
        "utilizationPct": 13.067919055424895,
        "shiftMinutes": 600.0
      }
    }
  },
  "bevCartMetrics": null,
  "hasRunners": true,
  "hasBevCart": false
}