{
  "simulation_id": "delivery_dynamic_03",
  "runner_id": "runner_1",
  "revenue_per_round": 35.294117647058826,
  "orders_per_runner_hour": 2.447805616341308,
  "on_time_rate": 0.75,
  "delivery_cycle_time_p90": 39.94775827930871,
  "delivery_cycle_time_avg": 22.547701779721518,
  "failed_rate": 0.0,
  "second_runner_break_even_orders": 8.17058342642977,
  "queue_wait_avg": 10.754678362573102,
  "runner_utilization_driving_pct": 41.71435134179433,
  "runner_utilization_prep_pct": 0.0,
  "runner_utilization_idle_pct": 58.28564865820567,
  "distance_per_delivery_avg": 1678.1452813995045,
  "zone_service_times": {
    "hole_3": 13.488532352767864,
    "hole_17": 29.556838650775624,
    "hole_4": 35.38048229394717,
    "hole_12": 16.45868199702539,
    "hole_15": 34.97587823551233,
    "hole_2": 12.641690400222979,
    "hole_9": 16.103187420807142,
    "hole_13": 25.823269219854833,
    "hole_10": 34.72707048905001,
    "hole_5": 17.287206890281414,
    "hole_16": 11.026644440231758,
    "hole_18": 10.943847951392309,
    "hole_7": 13.191112473061487,
    "hole_8": 18.5267472780403,
    "hole_11": 13.033542431248861
  },
  "total_revenue": 600.0,
  "total_orders": 20,
  "successful_orders": 20,
  "failed_orders": 0,
  "total_rounds": 17,
  "active_runner_hours": 8.17058342642977
}