{
  "simulation_id": "delivery_dynamic_03",
  "runner_id": "3_runners",
  "revenue_per_round": 45.45454545454545,
  "orders_per_runner_hour": 6.791030559531414,
  "on_time_rate": 0.74,
  "delivery_cycle_time_p90": 40.474448645072556,
  "delivery_cycle_time_avg": 22.102580517158817,
  "failed_rate": 0.0,
  "second_runner_break_even_orders": 7.362652775847622,
  "queue_wait_avg": 10.185144927536232,
  "runner_utilization_driving_pct": 100.0,
  "runner_utilization_prep_pct": 0.0,
  "runner_utilization_idle_pct": 0.0,
  "distance_per_delivery_avg": 918.0350537653605,
  "zone_service_times": {
    "hole_9": 13.004669329372458,
    "hole_8": 13.568266735451925,
    "hole_12": 28.275210920955033,
    "hole_18": 14.494266880380202,
    "hole_10": 21.17908644227412,
    "hole_16": 28.580201575508546,
    "hole_13": 27.217978828538616,
    "hole_-1": 23.146030802260373,
    "hole_15": 26.294351026867115,
    "hole_11": 21.006385698642227,
    "hole_17": 21.945822341316518,
    "hole_14": 27.80208528939725,
    "hole_7": 14.33597531515928
  },
  "total_revenue": 1500.0,
  "total_orders": 50,
  "successful_orders": 50,
  "failed_orders": 0,
  "total_rounds": 33,
  "active_runner_hours": 7.362652775847622
}