{
  "simulation_id": "delivery_dynamic_07",
  "runner_id": "2_runners",
  "revenue_per_round": 35.0,
  "orders_per_runner_hour": 4.821121101970538,
  "on_time_rate": 0.42857142857142855,
  "delivery_cycle_time_p90": 60.95719880666617,
  "delivery_cycle_time_avg": 36.74897020787859,
  "failed_rate": 0.24,
  "second_runner_break_even_orders": 7.259722222222222,
  "queue_wait_avg": 24.605882352941176,
  "runner_utilization_driving_pct": 77.80363609599354,
  "runner_utilization_prep_pct": 0.0,
  "runner_utilization_idle_pct": 22.19636390400646,
  "distance_per_delivery_avg": 956.293989847206,
  "zone_service_times": {
    "hole_12": 22.92668555219375,
    "hole_16": 26.136210532567052,
    "hole_10": 14.399143001879425,
    "hole_14": 28.77969364992932,
    "hole_6": 41.45816220309013,
    "hole_-1": 40.25398335348734,
    "hole_15": 45.382008160929786,
    "hole_18": 61.08242392646971,
    "hole_11": 58.483825588288525,
    "hole_17": 63.4416533793655,
    "hole_9": 53.04194897978044,
    "hole_8": 30.97896415325316,
    "hole_4": 20.428154708667474,
    "hole_13": 28.852781349454016
  },
  "total_revenue": 1050.0,
  "total_orders": 50,
  "successful_orders": 35,
  "failed_orders": 12,
  "total_rounds": 30,
  "active_runner_hours": 7.259722222222222
}