{
  "variantKey": "front_mid_back",
  "blockedHoles": [
    1,
    2,
    3,
    4,
    5,
    6,
    10,
    11,
    12
  ],
  "deliveryMetrics": {
    "totalOrders": 40,
    "successfulDeliveries": 40,
    "failedDeliveries": 0,
    "avgOrderTime": 11.615165030032285,
    "onTimePercentage": 100.0,
    "revenue": 1200.0,
    "ordersPerRunnerHour": 4.0,
    "lateOrders": 0,
    "runnerUtilizationPct": 11.685782792604627,
    "totalRunnerDriveMinutes": 210.34409026688328,
    "totalRunnerShiftMinutes": 1800.0,
    "runnerUtilizationByRunner": {
      "runner_1": {
        "driveMinutes": 106.27541688668802,
        "utilizationPct": 17.71256948111467,
        "shiftMinutes": 600.0
      },
      "runner_2": {
        "driveMinutes": 80.48788555524503,
        "utilizationPct": 13.414647592540838,
        "shiftMinutes": 600.0
      },
      "runner_3": {
        "driveMinutes": 23.58078782495027,
        "utilizationPct": 3.9301313041583783,
        "shiftMinutes": 600.0
      }
    }
  },
  "bevCartMetrics": null,
  "hasRunners": true,
  "hasBevCart": false
}