{
  "simulation_id": "delivery_dynamic_09",
  "runner_id": "3_runners",
  "revenue_per_round": 34.61538461538461,
  "orders_per_runner_hour": 4.204922008340349,
  "on_time_rate": 1.0,
  "delivery_cycle_time_p90": 18.41129691583091,
  "delivery_cycle_time_avg": 14.651473200422116,
  "failed_rate": 0.0,
  "second_runner_break_even_orders": 7.134496178643934,
  "queue_wait_avg": 0.0380952380952381,
  "runner_utilization_driving_pct": 67.4526013663438,
  "runner_utilization_prep_pct": 0.0,
  "runner_utilization_idle_pct": 32.5473986336562,
  "distance_per_delivery_avg": 1553.9349953418318,
  "zone_service_times": {
    "hole_10": 11.320144939634288,
    "hole_4": 19.006056202532726,
    "hole_12": 15.708097772477352,
    "hole_8": 14.699421877738253,
    "hole_1": 12.593716143823986,
    "hole_18": 11.28627511907478,
    "hole_17": 15.103800553634137,
    "hole_2": 13.598823027918934,
    "hole_13": 16.228034220760673,
    "hole_16": 16.722853903327692,
    "hole_14": 17.194633266424322,
    "hole_15": 17.389710874035618,
    "hole_3": 16.99433445498762,
    "hole_11": 13.210669068764279
  },
  "total_revenue": 900.0,
  "total_orders": 30,
  "successful_orders": 30,
  "failed_orders": 0,
  "total_rounds": 26,
  "active_runner_hours": 7.134496178643935
}