{
  "simulation_id": "delivery_dynamic_01",
  "runner_id": "runner_1",
  "revenue_per_round": 13.714285714285714,
  "orders_per_runner_hour": 2.253080383336593,
  "on_time_rate": 0.1875,
  "delivery_cycle_time_p90": 66.71164734387523,
  "delivery_cycle_time_avg": 48.5666635779851,
  "failed_rate": 0.52,
  "second_runner_break_even_orders": 7.101388888888889,
  "queue_wait_avg": 34.359375,
  "runner_utilization_driving_pct": 28.651325329864992,
  "runner_utilization_prep_pct": 0.0,
  "runner_utilization_idle_pct": 71.34867467013501,
  "distance_per_delivery_avg": 1413.6489622029949,
  "zone_service_times": {
    "hole_18": 35.66916023744829,
    "hole_10": 19.746843514975446,
    "hole_15": 55.22219415415614,
    "hole_17": 54.85379306065287,
    "hole_16": 55.272940680491594,
    "hole_14": 59.90152271513598
  },
  "total_revenue": 480.0,
  "total_orders": 50,
  "successful_orders": 16,
  "failed_orders": 26,
  "total_rounds": 35,
  "active_runner_hours": 7.101388888888889
}