{
  "simulation_id": "delivery_dynamic_09",
  "runner_id": "2_runners",
  "revenue_per_round": 37.77777777777778,
  "orders_per_runner_hour": 4.696515568557932,
  "on_time_rate": 0.4117647058823529,
  "delivery_cycle_time_p90": 62.65497607699805,
  "delivery_cycle_time_avg": 39.32764814572743,
  "failed_rate": 0.125,
  "second_runner_break_even_orders": 7.2394096226619595,
  "queue_wait_avg": 25.544270833333332,
  "runner_utilization_driving_pct": 97.28705681155263,
  "runner_utilization_prep_pct": 0.0,
  "runner_utilization_idle_pct": 2.712943188447369,
  "distance_per_delivery_avg": 1776.0897769644182,
  "zone_service_times": {
    "hole_4": 31.62611722863769,
    "hole_2": 22.306431423504485,
    "hole_3": 20.963137086301685,
    "hole_18": 27.569822030908774,
    "hole_9": 28.616456372030832,
    "hole_11": 41.13148853587096,
    "hole_5": 53.745607017703094,
    "hole_17": 59.945394463713335,
    "hole_10": 47.27898942189954,
    "hole_14": 40.12232944872933,
    "hole_7": 38.96727834695083,
    "hole_-1": 50.59773017322817,
    "hole_6": 64.3420639005754,
    "hole_13": 44.896631220188404,
    "hole_15": 27.86147501593247
  },
  "total_revenue": 1020.0,
  "total_orders": 40,
  "successful_orders": 34,
  "failed_orders": 5,
  "total_rounds": 27,
  "active_runner_hours": 7.2394096226619595
}