{
  "simulation_id": "delivery_dynamic_05",
  "runner_id": "3_runners",
  "revenue_per_round": 35.294117647058826,
  "orders_per_runner_hour": 2.856017603389856,
  "on_time_rate": 1.0,
  "delivery_cycle_time_p90": 16.52899492252437,
  "delivery_cycle_time_avg": 13.065348452596373,
  "failed_rate": 0.0,
  "second_runner_break_even_orders": 7.002757957885715,
  "queue_wait_avg": 0.04555555555555556,
  "runner_utilization_driving_pct": 48.99539395638426,
  "runner_utilization_prep_pct": 0.0,
  "runner_utilization_idle_pct": 51.00460604361574,
  "distance_per_delivery_avg": 1018.4770800723812,
  "zone_service_times": {
    "hole_16": 11.779660259936252,
    "hole_9": 11.473309963266072,
    "hole_12": 17.062906997122113,
    "hole_8": 13.561309060720184,
    "hole_11": 15.704708148166961,
    "hole_-1": 10.675955228998433,
    "hole_17": 14.4916533793655,
    "hole_14": 14.93714357773218,
    "hole_15": 13.120413747726161,
    "hole_7": 14.52631976972031,
    "hole_18": 11.785015812054978,
    "hole_10": 10.830258908476146
  },
  "total_revenue": 600.0,
  "total_orders": 20,
  "successful_orders": 20,
  "failed_orders": 0,
  "total_rounds": 17,
  "active_runner_hours": 7.002757957885715
}