{
  "simulation_id": "delivery_dynamic_06",
  "runner_id": "3_runners",
  "revenue_per_round": 39.130434782608695,
  "orders_per_runner_hour": 4.199025788953572,
  "on_time_rate": 1.0,
  "delivery_cycle_time_p90": 22.75271495337991,
  "delivery_cycle_time_avg": 16.000962463377462,
  "failed_rate": 0.0,
  "second_runner_break_even_orders": 7.144514348761889,
  "queue_wait_avg": 0.39679487179487183,
  "runner_utilization_driving_pct": 84.30217839414775,
  "runner_utilization_prep_pct": 0.0,
  "runner_utilization_idle_pct": 15.697821605852255,
  "distance_per_delivery_avg": 1900.7767210281586,
  "zone_service_times": {
    "hole_3": 20.852907065921237,
    "hole_9": 12.175716992894515,
    "hole_11": 15.361870295644136,
    "hole_-1": 17.859079514113304,
    "hole_18": 13.09529803053178,
    "hole_4": 25.354643868501018,
    "hole_15": 13.385317533199183,
    "hole_17": 14.299286929703749,
    "hole_12": 18.196136769300693,
    "hole_10": 11.272787134814855,
    "hole_5": 22.496700118760902,
    "hole_14": 14.929693649929323,
    "hole_7": 14.33597531515928
  },
  "total_revenue": 900.0,
  "total_orders": 30,
  "successful_orders": 30,
  "failed_orders": 0,
  "total_rounds": 23,
  "active_runner_hours": 7.144514348761889
}