{
  "simulation_id": "delivery_dynamic_05",
  "runner_id": "2_runners",
  "revenue_per_round": 34.61538461538461,
  "orders_per_runner_hour": 4.145866953193191,
  "on_time_rate": 0.8,
  "delivery_cycle_time_p90": 34.82526924616861,
  "delivery_cycle_time_avg": 19.90693341238565,
  "failed_rate": 0.0,
  "second_runner_break_even_orders": 7.236122224543092,
  "queue_wait_avg": 8.98550724637681,
  "runner_utilization_driving_pct": 48.54797095330233,
  "runner_utilization_prep_pct": 0.0,
  "runner_utilization_idle_pct": 51.45202904669767,
  "distance_per_delivery_avg": 1014.0629598949128,
  "zone_service_times": {
    "hole_16": 23.388644913806214,
    "hole_17": 17.847378061588813,
    "hole_9": 15.329920274358463,
    "hole_18": 18.693677965654665,
    "hole_8": 13.786145689910397,
    "hole_11": 33.525669856344756,
    "hole_10": 26.84785769352117,
    "hole_12": 45.27268968985809,
    "hole_15": 17.905428710680766
  },
  "total_revenue": 900.0,
  "total_orders": 30,
  "successful_orders": 30,
  "failed_orders": 0,
  "total_rounds": 26,
  "active_runner_hours": 7.236122224543092
}