{
  "simulation_id": "delivery_dynamic_06",
  "runner_id": "runner_1",
  "revenue_per_round": 22.17391304347826,
  "orders_per_runner_hour": 2.4276080920269734,
  "on_time_rate": 0.29411764705882354,
  "delivery_cycle_time_p90": 58.152300606962015,
  "delivery_cycle_time_avg": 35.7439258974884,
  "failed_rate": 0.3333333333333333,
  "second_runner_break_even_orders": 7.002777777777778,
  "queue_wait_avg": 22.023529411764706,
  "runner_utilization_driving_pct": 39.1361879685313,
  "runner_utilization_prep_pct": 0.0,
  "runner_utilization_idle_pct": 60.8638120314687,
  "distance_per_delivery_avg": 1250.0532192031608,
  "zone_service_times": {
    "hole_4": 20.4448213753342,
    "hole_14": 31.57969364992932,
    "hole_7": 40.32130959661973,
    "hole_9": 50.29474890058579,
    "hole_12": 37.42891567523075,
    "hole_-1": 34.81439683989483,
    "hole_15": 41.93522122462475,
    "hole_18": 32.257195507914396,
    "hole_8": 25.363786402431046
  },
  "total_revenue": 510.0,
  "total_orders": 30,
  "successful_orders": 17,
  "failed_orders": 10,
  "total_rounds": 23,
  "active_runner_hours": 7.002777777777778
}