{
  "simulation_id": "delivery_dynamic_04",
  "runner_id": "3_runners",
  "revenue_per_round": 42.857142857142854,
  "orders_per_runner_hour": 6.893962179786081,
  "on_time_rate": 0.94,
  "delivery_cycle_time_p90": 28.934248100397916,
  "delivery_cycle_time_avg": 18.968282941815698,
  "failed_rate": 0.0,
  "second_runner_break_even_orders": 7.252723281048155,
  "queue_wait_avg": 6.048913043478261,
  "runner_utilization_driving_pct": 100.0,
  "runner_utilization_prep_pct": 0.0,
  "runner_utilization_idle_pct": 0.0,
  "distance_per_delivery_avg": 1143.5030684500746,
  "zone_service_times": {
    "hole_8": 13.988619617324487,
    "hole_11": 21.272737649012434,
    "hole_16": 13.295842444888347,
    "hole_15": 17.98163162297242,
    "hole_13": 25.43535331026475,
    "hole_10": 16.25207675863197,
    "hole_17": 19.841496924311983,
    "hole_9": 13.407048644167844,
    "hole_-1": 19.966777792275785,
    "hole_18": 19.47063586406682,
    "hole_14": 18.7407696373411,
    "hole_12": 21.222796141698034,
    "hole_7": 14.744336918131133
  },
  "total_revenue": 1500.0,
  "total_orders": 50,
  "successful_orders": 50,
  "failed_orders": 0,
  "total_rounds": 35,
  "active_runner_hours": 7.252723281048155
}