{
  "simulation_id": "delivery_dynamic_02",
  "runner_id": "2_runners",
  "revenue_per_round": 32.8125,
  "orders_per_runner_hour": 4.8856145792943,
  "on_time_rate": 0.4857142857142857,
  "delivery_cycle_time_p90": 61.057344498013165,
  "delivery_cycle_time_avg": 32.49650836970609,
  "failed_rate": 0.26,
  "second_runner_break_even_orders": 7.163888888888889,
  "queue_wait_avg": 18.223529411764705,
  "runner_utilization_driving_pct": 88.88643052937437,
  "runner_utilization_prep_pct": 0.0,
  "runner_utilization_idle_pct": 11.113569470625634,
  "distance_per_delivery_avg": 1610.6668122212463,
  "zone_service_times": {
    "hole_11": 14.284018405421577,
    "hole_18": 26.72171225394235,
    "hole_4": 55.97838624252397,
    "hole_15": 23.90589643109226,
    "hole_17": 35.811695520970474,
    "hole_12": 37.609118625695295,
    "hole_6": 53.35018477669843,
    "hole_-1": 35.322730173228166,
    "hole_9": 20.138443147374286,
    "hole_13": 15.48611468278735,
    "hole_14": 30.959168375031368,
    "hole_10": 14.245304408775944,
    "hole_8": 16.180453069097712
  },
  "total_revenue": 1050.0,
  "total_orders": 50,
  "successful_orders": 35,
  "failed_orders": 13,
  "total_rounds": 32,
  "active_runner_hours": 7.163888888888889
}