{
  "simulation_id": "delivery_dynamic_05",
  "runner_id": "3_runners",
  "revenue_per_round": 48.38709677419355,
  "orders_per_runner_hour": 6.843073819890593,
  "on_time_rate": 0.58,
  "delivery_cycle_time_p90": 42.18422804726536,
  "delivery_cycle_time_avg": 26.034045247907557,
  "failed_rate": 0.0,
  "second_runner_break_even_orders": 7.3066579896692385,
  "queue_wait_avg": 12.004166666666666,
  "runner_utilization_driving_pct": 100.0,
  "runner_utilization_prep_pct": 0.0,
  "runner_utilization_idle_pct": 0.0,
  "distance_per_delivery_avg": 1515.3752032969394,
  "zone_service_times": {
    "hole_15": 21.76369146126809,
    "hole_12": 22.64439005235819,
    "hole_17": 24.490435231800316,
    "hole_13": 31.497310815807577,
    "hole_8": 16.43549399298378,
    "hole_14": 36.2531138905038,
    "hole_16": 39.96161353253564,
    "hole_18": 23.707101343003433,
    "hole_10": 22.533824971810184,
    "hole_11": 28.934836129221214,
    "hole_9": 19.872967764006372
  },
  "total_revenue": 1500.0,
  "total_orders": 50,
  "successful_orders": 50,
  "failed_orders": 0,
  "total_rounds": 31,
  "active_runner_hours": 7.3066579896692385
}