{
  "simulation_id": "delivery_dynamic_04",
  "runner_id": "2_runners",
  "revenue_per_round": 29.142857142857142,
  "orders_per_runner_hour": 4.72952086553323,
  "on_time_rate": 0.47058823529411764,
  "delivery_cycle_time_p90": 62.301503134183555,
  "delivery_cycle_time_avg": 33.79242817048892,
  "failed_rate": 0.28,
  "second_runner_break_even_orders": 7.188888888888889,
  "queue_wait_avg": 21.27598039215686,
  "runner_utilization_driving_pct": 66.20383874728516,
  "runner_utilization_prep_pct": 0.0,
  "runner_utilization_idle_pct": 33.79616125271484,
  "distance_per_delivery_avg": 845.5264535195713,
  "zone_service_times": {
    "hole_9": 11.25383031021639,
    "hole_14": 14.939233237457362,
    "hole_10": 30.69233371543969,
    "hole_18": 39.88285658027497,
    "hole_16": 35.153317076491405,
    "hole_-1": 41.578682554180546,
    "hole_12": 64.01224900856408,
    "hole_17": 31.641822442231813,
    "hole_13": 64.60278134945402,
    "hole_15": 19.74485591343022
  },
  "total_revenue": 1020.0,
  "total_orders": 50,
  "successful_orders": 34,
  "failed_orders": 14,
  "total_rounds": 35,
  "active_runner_hours": 7.188888888888889
}