{
  "simulation_id": "delivery_dynamic_10",
  "runner_id": "3_runners",
  "revenue_per_round": 38.70967741935484,
  "orders_per_runner_hour": 5.495822236170507,
  "on_time_rate": 0.95,
  "delivery_cycle_time_p90": 28.258522825434444,
  "delivery_cycle_time_avg": 18.215625081336224,
  "failed_rate": 0.0,
  "second_runner_break_even_orders": 7.2782557879586784,
  "queue_wait_avg": 3.636036036036036,
  "runner_utilization_driving_pct": 93.7880064327832,
  "runner_utilization_prep_pct": 0.0,
  "runner_utilization_idle_pct": 6.211993567216794,
  "distance_per_delivery_avg": 1630.3700273289694,
  "zone_service_times": {
    "hole_18": 13.89627515578704,
    "hole_17": 16.578266106248986,
    "hole_-1": 20.53979453292547,
    "hole_8": 20.65504774318337,
    "hole_6": 18.027390032361595,
    "hole_9": 18.44303736445551,
    "hole_11": 22.824707526166762,
    "hole_12": 25.670532024077147,
    "hole_4": 29.671971238880847,
    "hole_16": 18.71524571765179,
    "hole_10": 11.852315700227578,
    "hole_3": 17.656036388499764,
    "hole_2": 15.575553190466962,
    "hole_1": 13.159420422097416
  },
  "total_revenue": 1200.0,
  "total_orders": 40,
  "successful_orders": 40,
  "failed_orders": 0,
  "total_rounds": 31,
  "active_runner_hours": 7.2782557879586784
}