{
  "simulation_id": "delivery_dynamic_02",
  "runner_id": "3_runners",
  "revenue_per_round": 50.0,
  "orders_per_runner_hour": 5.465586021183093,
  "on_time_rate": 0.975,
  "delivery_cycle_time_p90": 26.011634651262646,
  "delivery_cycle_time_avg": 17.60520308809563,
  "failed_rate": 0.0,
  "second_runner_break_even_orders": 7.318519888804442,
  "queue_wait_avg": 3.265277777777778,
  "runner_utilization_driving_pct": 97.27247232358819,
  "runner_utilization_prep_pct": 0.0,
  "runner_utilization_idle_pct": 2.7275276764118104,
  "distance_per_delivery_avg": 1567.928237600133,
  "zone_service_times": {
    "hole_15": 13.19550178918487,
    "hole_14": 14.72268256193068,
    "hole_16": 15.564728446376304,
    "hole_5": 22.0314927959848,
    "hole_17": 19.566666961241978,
    "hole_18": 13.406917471236481,
    "hole_-1": 17.222249544149737,
    "hole_10": 26.735648500216787,
    "hole_9": 15.380084656219648,
    "hole_7": 17.206183013031477,
    "hole_3": 21.15348152740007,
    "hole_6": 25.686774953572968,
    "hole_8": 14.005286283991154,
    "hole_2": 22.50927579575846,
    "hole_13": 15.295770534160692
  },
  "total_revenue": 1200.0,
  "total_orders": 40,
  "successful_orders": 40,
  "failed_orders": 0,
  "total_rounds": 24,
  "active_runner_hours": 7.318519888804442
}