{
  "simulation_id": "delivery_dynamic_03",
  "runner_id": "3_runners",
  "revenue_per_round": 48.0,
  "orders_per_runner_hour": 5.379484296535278,
  "on_time_rate": 0.725,
  "delivery_cycle_time_p90": 49.857377444784355,
  "delivery_cycle_time_avg": 24.870854491192127,
  "failed_rate": 0.0,
  "second_runner_break_even_orders": 7.435656987745551,
  "queue_wait_avg": 10.863636363636363,
  "runner_utilization_driving_pct": 100.0,
  "runner_utilization_prep_pct": 0.0,
  "runner_utilization_idle_pct": 0.0,
  "distance_per_delivery_avg": 1985.2071090405532,
  "zone_service_times": {
    "hole_13": 15.486114761401177,
    "hole_2": 23.0844767411475,
    "hole_10": 20.140346782045498,
    "hole_3": 20.458769419158063,
    "hole_11": 14.903826127983756,
    "hole_12": 19.231484747833786,
    "hole_9": 15.62261480777967,
    "hole_7": 39.46219313924074,
    "hole_15": 14.301034612776252,
    "hole_-1": 20.964396839894835,
    "hole_4": 29.948033085366525,
    "hole_6": 33.436775142967235,
    "hole_8": 25.905165874718982,
    "hole_5": 21.27867826676232,
    "hole_14": 14.552157189093972
  },
  "total_revenue": 1200.0,
  "total_orders": 40,
  "successful_orders": 40,
  "failed_orders": 0,
  "total_rounds": 25,
  "active_runner_hours": 7.435656987745551
}