{
  "simulation_id": "delivery_dynamic_09",
  "runner_id": "2_runners",
  "revenue_per_round": 34.61538461538461,
  "orders_per_runner_hour": 4.203524720573271,
  "on_time_rate": 0.9333333333333333,
  "delivery_cycle_time_p90": 26.133999042175237,
  "delivery_cycle_time_avg": 18.048063656040213,
  "failed_rate": 0.0,
  "second_runner_break_even_orders": 7.136867746529783,
  "queue_wait_avg": 4.907692307692308,
  "runner_utilization_driving_pct": 61.89278809800732,
  "runner_utilization_prep_pct": 0.0,
  "runner_utilization_idle_pct": 38.10721190199268,
  "distance_per_delivery_avg": 1275.0293884295124,
  "zone_service_times": {
    "hole_15": 20.593320977182902,
    "hole_12": 14.536833906939046,
    "hole_18": 16.871240797301496,
    "hole_17": 14.203282761990582,
    "hole_9": 17.3664495780202,
    "hole_13": 26.24470088742734,
    "hole_10": 23.046388578179695,
    "hole_16": 21.221496992508886,
    "hole_11": 15.00900318967809,
    "hole_14": 16.53089878359266
  },
  "total_revenue": 900.0,
  "total_orders": 30,
  "successful_orders": 30,
  "failed_orders": 0,
  "total_rounds": 26,
  "active_runner_hours": 7.136867746529783
}