{
  "simulation_id": "delivery_dynamic_06",
  "runner_id": "2_runners",
  "revenue_per_round": 34.83870967741935,
  "orders_per_runner_hour": 4.887799358853479,
  "on_time_rate": 0.3333333333333333,
  "delivery_cycle_time_p90": 58.511012427494244,
  "delivery_cycle_time_avg": 35.64590822438443,
  "failed_rate": 0.22,
  "second_runner_break_even_orders": 7.365277777777778,
  "queue_wait_avg": 23.80735294117647,
  "runner_utilization_driving_pct": 76.93603747350151,
  "runner_utilization_prep_pct": 0.0,
  "runner_utilization_idle_pct": 23.063962526498486,
  "distance_per_delivery_avg": 1062.1584967264982,
  "zone_service_times": {
    "hole_15": 27.62385121133501,
    "hole_9": 19.68337310454271,
    "hole_-1": 42.5917237717595,
    "hole_12": 47.00323098141699,
    "hole_11": 48.50638569864223,
    "hole_18": 43.12854069611172,
    "hole_10": 45.5178882534207,
    "hole_16": 20.841038280053183,
    "hole_17": 14.205790700054663,
    "hole_14": 23.151188171589578
  },
  "total_revenue": 1080.0,
  "total_orders": 50,
  "successful_orders": 36,
  "failed_orders": 11,
  "total_rounds": 31,
  "active_runner_hours": 7.365277777777778
}