{
  "simulation_id": "delivery_dynamic_02",
  "runner_id": "runner_1",
  "revenue_per_round": 35.625,
  "orders_per_runner_hour": 2.621211506067715,
  "on_time_rate": 0.3684210526315789,
  "delivery_cycle_time_p90": 46.264396839894836,
  "delivery_cycle_time_avg": 31.97134435365176,
  "failed_rate": 0.05,
  "second_runner_break_even_orders": 7.248556614381489,
  "queue_wait_avg": 20.103508771929825,
  "runner_utilization_driving_pct": 33.06916053252585,
  "runner_utilization_prep_pct": 0.0,
  "runner_utilization_idle_pct": 66.93083946747416,
  "distance_per_delivery_avg": 627.5927554585674,
  "zone_service_times": {
    "hole_14": 14.646048745896586,
    "hole_18": 28.39161867054618,
    "hole_-1": 34.801459537783025,
    "hole_16": 33.91474165012496,
    "hole_10": 25.001221586754035,
    "hole_12": 44.84673019622266
  },
  "total_revenue": 570.0,
  "total_orders": 20,
  "successful_orders": 19,
  "failed_orders": 1,
  "total_rounds": 16,
  "active_runner_hours": 7.248556614381489
}