{
  "simulation_id": "delivery_dynamic_01",
  "runner_id": "2_runners",
  "revenue_per_round": 34.61538461538461,
  "orders_per_runner_hour": 3.0,
  "on_time_rate": 1.0,
  "delivery_cycle_time_p90": 15.916036885227095,
  "delivery_cycle_time_avg": 12.994113055365263,
  "failed_rate": 0.0,
  "second_runner_break_even_orders": 10.0,
  "queue_wait_avg": 4.311111111111119,
  "runner_utilization_driving_pct": 28.1243032793033,
  "runner_utilization_prep_pct": 0.0,
  "runner_utilization_idle_pct": 71.8756967206967,
  "distance_per_delivery_avg": 1638.4280665296533,
  "zone_service_times": {
    "hole_2": 11.970579304110515,
    "hole_5": 13.958455353110578,
    "hole_10": 11.697934747459765,
    "hole_1": 11.221930274253616,
    "hole_14": 14.437736056605111,
    "hole_15": 11.954981007748241,
    "hole_16": 11.443630803498007,
    "hole_18": 11.131074667108418,
    "hole_12": 12.746452886253145,
    "hole_8": 11.665678151213069,
    "hole_3": 13.188658335469093,
    "hole_11": 13.625236914598462,
    "hole_6": 20.867767836518215,
    "hole_7": 13.629345433905716,
    "hole_13": 12.789224179473482,
    "hole_17": 12.03972797871514,
    "hole_4": 13.769650712588797
  },
  "total_revenue": 900.0,
  "total_orders": 30,
  "successful_orders": 30,
  "failed_orders": 0,
  "total_rounds": 26,
  "active_runner_hours": 10.0
}