{
  "simulation_id": "delivery_dynamic_09",
  "runner_id": "2_runners",
  "revenue_per_round": 36.206896551724135,
  "orders_per_runner_hour": 4.938271604938271,
  "on_time_rate": 0.3142857142857143,
  "delivery_cycle_time_p90": 58.59776022714429,
  "delivery_cycle_time_avg": 39.567679500027864,
  "failed_rate": 0.24,
  "second_runner_break_even_orders": 7.0875,
  "queue_wait_avg": 26.608333333333334,
  "runner_utilization_driving_pct": 84.08380988797046,
  "runner_utilization_prep_pct": 0.0,
  "runner_utilization_idle_pct": 15.91619011202954,
  "distance_per_delivery_avg": 1249.7803120093622,
  "zone_service_times": {
    "hole_6": 37.938247905837976,
    "hole_5": 22.168348306983354,
    "hole_17": 27.864044632527982,
    "hole_7": 51.77767025146453,
    "hole_18": 45.46045111890837,
    "hole_-1": 49.05850095267859,
    "hole_15": 39.2799330016395,
    "hole_9": 39.40830737104393,
    "hole_10": 47.012901417390246,
    "hole_16": 29.37614300162398,
    "hole_12": 56.21445601142089,
    "hole_13": 55.51357110856473,
    "hole_8": 16.985028289286614,
    "hole_14": 14.386197587669207
  },
  "total_revenue": 1050.0,
  "total_orders": 50,
  "successful_orders": 35,
  "failed_orders": 12,
  "total_rounds": 29,
  "active_runner_hours": 7.0875
}