{
  "simulation_id": "delivery_dynamic_07",
  "runner_id": "2_runners",
  "revenue_per_round": 37.82608695652174,
  "orders_per_runner_hour": 4.035909129824152,
  "on_time_rate": 0.7586206896551724,
  "delivery_cycle_time_p90": 33.236720001550566,
  "delivery_cycle_time_avg": 22.17479471793176,
  "failed_rate": 0.0,
  "second_runner_break_even_orders": 7.185493792637387,
  "queue_wait_avg": 8.975333333333333,
  "runner_utilization_driving_pct": 68.78275984495387,
  "runner_utilization_prep_pct": 0.0,
  "runner_utilization_idle_pct": 31.217240155046127,
  "distance_per_delivery_avg": 1490.9793010871408,
  "zone_service_times": {
    "hole_17": 22.960126938402603,
    "hole_10": 19.31923378043153,
    "hole_18": 24.21087899494593,
    "hole_16": 23.933835754757858,
    "hole_9": 12.335729160933717,
    "hole_12": 16.98293815622684,
    "hole_13": 26.30008385705287,
    "hole_15": 43.80755075484843,
    "hole_14": 24.495533596131303,
    "hole_11": 13.871734775925992
  },
  "total_revenue": 870.0,
  "total_orders": 30,
  "successful_orders": 29,
  "failed_orders": 0,
  "total_rounds": 23,
  "active_runner_hours": 7.185493792637388
}