{
  "simulation_id": "delivery_dynamic_02",
  "runner_id": "runner_1",
  "revenue_per_round": 14.516129032258064,
  "orders_per_runner_hour": 2.072538860103627,
  "on_time_rate": 0.13333333333333333,
  "delivery_cycle_time_p90": 63.733194136350846,
  "delivery_cycle_time_avg": 47.939407584142856,
  "failed_rate": 0.5,
  "second_runner_break_even_orders": 7.2375,
  "queue_wait_avg": 34.49777777777778,
  "runner_utilization_driving_pct": 36.83541287940346,
  "runner_utilization_prep_pct": 0.0,
  "runner_utilization_idle_pct": 63.16458712059654,
  "distance_per_delivery_avg": 1156.3876149386665,
  "zone_service_times": {
    "hole_12": 44.52184432284412,
    "hole_-1": 49.05971967573714,
    "hole_14": 55.97593456362847,
    "hole_15": 39.41062192390351,
    "hole_9": 56.724204889797996,
    "hole_8": 25.01832024758314,
    "hole_18": 45.29207940452252,
    "hole_11": 55.444803248798905
  },
  "total_revenue": 450.0,
  "total_orders": 40,
  "successful_orders": 15,
  "failed_orders": 20,
  "total_rounds": 31,
  "active_runner_hours": 7.2375
}