{
  "simulation_id": "delivery_dynamic_06",
  "runner_id": "2_runners",
  "revenue_per_round": 38.888888888888886,
  "orders_per_runner_hour": 4.780208840805861,
  "on_time_rate": 0.22857142857142856,
  "delivery_cycle_time_p90": 59.26269218704856,
  "delivery_cycle_time_avg": 40.730927377949946,
  "failed_rate": 0.1,
  "second_runner_break_even_orders": 7.321855836344506,
  "queue_wait_avg": 26.78529411764706,
  "runner_utilization_driving_pct": 91.7294069815766,
  "runner_utilization_prep_pct": 0.0,
  "runner_utilization_idle_pct": 8.270593018423398,
  "distance_per_delivery_avg": 1582.871598991182,
  "zone_service_times": {
    "hole_7": 32.58749075828922,
    "hole_9": 24.10900678004779,
    "hole_18": 39.53282332267059,
    "hole_16": 41.83501633504546,
    "hole_13": 48.46563423111246,
    "hole_8": 42.54048939329038,
    "hole_12": 58.070548907292846,
    "hole_11": 59.25804085950009,
    "hole_10": 45.11163697697399,
    "hole_6": 42.015345157116826,
    "hole_15": 17.570170886797253,
    "hole_3": 20.77901743049964
  },
  "total_revenue": 1050.0,
  "total_orders": 40,
  "successful_orders": 35,
  "failed_orders": 4,
  "total_rounds": 27,
  "active_runner_hours": 7.321855836344506
}