{
  "simulation_id": "delivery_dynamic_09",
  "runner_id": "3_runners",
  "revenue_per_round": 39.130434782608695,
  "orders_per_runner_hour": 4.236796708779632,
  "on_time_rate": 1.0,
  "delivery_cycle_time_p90": 21.74496096959782,
  "delivery_cycle_time_avg": 15.257515232929423,
  "failed_rate": 0.0,
  "second_runner_break_even_orders": 7.080821210475592,
  "queue_wait_avg": 2.3066666666666666,
  "runner_utilization_driving_pct": 74.55007631961035,
  "runner_utilization_prep_pct": 0.0,
  "runner_utilization_idle_pct": 25.449923680389645,
  "distance_per_delivery_avg": 1120.6584515976183,
  "zone_service_times": {
    "hole_10": 12.73246880464351,
    "hole_11": 13.805780902548273,
    "hole_18": 12.89466902666336,
    "hole_8": 18.390556330649915,
    "hole_7": 14.88468152552244,
    "hole_14": 18.68486788926972,
    "hole_15": 15.59845843747856,
    "hole_-1": 14.222730173228168,
    "hole_9": 12.710182566097076,
    "hole_6": 17.5501034008276,
    "hole_13": 17.704964710756634,
    "hole_12": 16.570582341897413,
    "hole_17": 14.26797549466331
  },
  "total_revenue": 900.0,
  "total_orders": 30,
  "successful_orders": 30,
  "failed_orders": 0,
  "total_rounds": 23,
  "active_runner_hours": 7.080821210475592
}