{
  "simulation_id": "delivery_dynamic_09",
  "runner_id": "runner_1",
  "revenue_per_round": 17.142857142857142,
  "orders_per_runner_hour": 2.1951219512195124,
  "on_time_rate": 0.3125,
  "delivery_cycle_time_p90": 58.52995348444075,
  "delivery_cycle_time_avg": 37.311218600951165,
  "failed_rate": 0.4,
  "second_runner_break_even_orders": 7.288888888888889,
  "queue_wait_avg": 23.166666666666668,
  "runner_utilization_driving_pct": 38.57327362717324,
  "runner_utilization_prep_pct": 0.0,
  "runner_utilization_idle_pct": 61.42672637282676,
  "distance_per_delivery_avg": 1392.56944991959,
  "zone_service_times": {
    "hole_17": 21.439898786046115,
    "hole_7": 30.144861496221832,
    "hole_10": 50.52825279617154,
    "hole_8": 43.20315672681187,
    "hole_18": 36.97332690411495,
    "hole_6": 40.029219696735495,
    "hole_12": 37.60313561985968,
    "hole_3": 35.05907621369503
  },
  "total_revenue": 480.0,
  "total_orders": 30,
  "successful_orders": 16,
  "failed_orders": 12,
  "total_rounds": 28,
  "active_runner_hours": 7.288888888888889
}