{
  "simulation_id": "delivery_dynamic_03",
  "runner_id": "3_runners",
  "revenue_per_round": 45.0,
  "orders_per_runner_hour": 4.139467252770637,
  "on_time_rate": 1.0,
  "delivery_cycle_time_p90": 25.891543613951615,
  "delivery_cycle_time_avg": 15.822660945763861,
  "failed_rate": 0.0,
  "second_runner_break_even_orders": 7.2473094164280045,
  "queue_wait_avg": 1.89320987654321,
  "runner_utilization_driving_pct": 79.33788787712092,
  "runner_utilization_prep_pct": 0.0,
  "runner_utilization_idle_pct": 20.66211212287908,
  "distance_per_delivery_avg": 1383.9074111099928,
  "zone_service_times": {
    "hole_14": 16.45112240223942,
    "hole_16": 13.494520238728091,
    "hole_15": 18.2595241183293,
    "hole_11": 13.64876973449494,
    "hole_17": 14.251308827996642,
    "hole_8": 13.751653580916475,
    "hole_12": 19.57564510567401,
    "hole_9": 14.780422244152533,
    "hole_10": 11.3882638671232,
    "hole_18": 12.324955553984607,
    "hole_7": 14.635328343925751,
    "hole_13": 15.90013678506851
  },
  "total_revenue": 900.0,
  "total_orders": 30,
  "successful_orders": 30,
  "failed_orders": 0,
  "total_rounds": 20,
  "active_runner_hours": 7.247309416428004
}