{
  "simulation_id": "delivery_dynamic_04",
  "runner_id": "3_runners",
  "revenue_per_round": 36.0,
  "orders_per_runner_hour": 4.157928133538849,
  "on_time_rate": 1.0,
  "delivery_cycle_time_p90": 19.263648015137314,
  "delivery_cycle_time_avg": 15.198581687961784,
  "failed_rate": 0.0,
  "second_runner_break_even_orders": 7.215131920634408,
  "queue_wait_avg": 0.5442307692307693,
  "runner_utilization_driving_pct": 81.15611837899964,
  "runner_utilization_prep_pct": 0.0,
  "runner_utilization_idle_pct": 18.843881621000364,
  "distance_per_delivery_avg": 1588.24344715516,
  "zone_service_times": {
    "hole_17": 14.044697151545018,
    "hole_4": 19.294324341570203,
    "hole_15": 16.50072657763385,
    "hole_12": 16.889555600015942,
    "hole_10": 12.078911178312591,
    "hole_7": 17.11986149622183,
    "hole_6": 19.0491597232822,
    "hole_8": 14.617269906279336,
    "hole_18": 14.083846880519983,
    "hole_11": 13.536773050860818,
    "hole_1": 12.778012040968921,
    "hole_2": 14.486486666635876
  },
  "total_revenue": 900.0,
  "total_orders": 30,
  "successful_orders": 30,
  "failed_orders": 0,
  "total_rounds": 25,
  "active_runner_hours": 7.215131920634408
}