{
  "simulation_id": "delivery_dynamic_01",
  "runner_id": "2_runners",
  "revenue_per_round": 39.130434782608695,
  "orders_per_runner_hour": 4.065862886518042,
  "on_time_rate": 0.8666666666666667,
  "delivery_cycle_time_p90": 32.67535267567521,
  "delivery_cycle_time_avg": 21.066754753326727,
  "failed_rate": 0.0,
  "second_runner_break_even_orders": 7.378507548662482,
  "queue_wait_avg": 7.231159420289855,
  "runner_utilization_driving_pct": 78.83692534581648,
  "runner_utilization_prep_pct": 0.0,
  "runner_utilization_idle_pct": 21.163074654183518,
  "distance_per_delivery_avg": 1855.6829304511111,
  "zone_service_times": {
    "hole_15": 19.94495285125968,
    "hole_5": 27.498943989444022,
    "hole_18": 12.741315147259977,
    "hole_4": 27.414595716641674,
    "hole_-1": 20.880876418578293,
    "hole_3": 21.360492466738954,
    "hole_10": 29.108849316157162,
    "hole_17": 20.79745736672136,
    "hole_7": 23.252663280462468,
    "hole_9": 12.294725737868944,
    "hole_8": 16.151653580916413,
    "hole_6": 29.11045291974891
  },
  "total_revenue": 900.0,
  "total_orders": 30,
  "successful_orders": 30,
  "failed_orders": 0,
  "total_rounds": 23,
  "active_runner_hours": 7.378507548662482
}