{
  "simulation_id": "delivery_dynamic_02",
  "runner_id": "3_runners",
  "revenue_per_round": 37.5,
  "orders_per_runner_hour": 4.337940207253918,
  "on_time_rate": 1.0,
  "delivery_cycle_time_p90": 21.411814084097728,
  "delivery_cycle_time_avg": 14.741486347914979,
  "failed_rate": 0.0,
  "second_runner_break_even_orders": 6.915724645036347,
  "queue_wait_avg": 1.2839285714285713,
  "runner_utilization_driving_pct": 78.40639175789474,
  "runner_utilization_prep_pct": 0.0,
  "runner_utilization_idle_pct": 21.59360824210526,
  "distance_per_delivery_avg": 1190.499412899432,
  "zone_service_times": {
    "hole_17": 14.921614275887089,
    "hole_18": 13.635746475095956,
    "hole_11": 13.244002402097673,
    "hole_15": 19.867711834533374,
    "hole_9": 12.468568791742705,
    "hole_8": 14.297232254323426,
    "hole_12": 29.269802286526343,
    "hole_10": 11.965121903659444,
    "hole_16": 17.321978216778067
  },
  "total_revenue": 900.0,
  "total_orders": 30,
  "successful_orders": 30,
  "failed_orders": 0,
  "total_rounds": 24,
  "active_runner_hours": 6.915724645036347
}