{
  "simulation_id": "delivery_dynamic_07",
  "runner_id": "3_runners",
  "revenue_per_round": 37.5,
  "orders_per_runner_hour": 4.189633516216438,
  "on_time_rate": 1.0,
  "delivery_cycle_time_p90": 17.096348760504174,
  "delivery_cycle_time_avg": 14.311701904894898,
  "failed_rate": 0.0,
  "second_runner_break_even_orders": 7.160530839721826,
  "queue_wait_avg": 0.4557971014492754,
  "runner_utilization_driving_pct": 65.90606302735787,
  "runner_utilization_prep_pct": 0.0,
  "runner_utilization_idle_pct": 34.093936972642126,
  "distance_per_delivery_avg": 1331.3185067113543,
  "zone_service_times": {
    "hole_16": 16.921934835783667,
    "hole_17": 15.102544083466217,
    "hole_18": 12.151793394176439,
    "hole_10": 11.849849629619934,
    "hole_13": 16.672697361928506,
    "hole_9": 12.119651656108575,
    "hole_14": 17.763896764855673,
    "hole_8": 14.45207931797977,
    "hole_11": 13.36768829746552
  },
  "total_revenue": 900.0,
  "total_orders": 30,
  "successful_orders": 30,
  "failed_orders": 0,
  "total_rounds": 24,
  "active_runner_hours": 7.160530839721826
}