{
  "simulation_id": "delivery_dynamic_02",
  "runner_id": "2_runners",
  "revenue_per_round": 28.235294117647058,
  "orders_per_runner_hour": 4.4001088974055245,
  "on_time_rate": 0.625,
  "delivery_cycle_time_p90": 58.34163399095316,
  "delivery_cycle_time_avg": 31.699340115883082,
  "failed_rate": 0.34,
  "second_runner_break_even_orders": 7.272547281470339,
  "queue_wait_avg": 18.669892473118278,
  "runner_utilization_driving_pct": 76.14912878253566,
  "runner_utilization_prep_pct": 0.0,
  "runner_utilization_idle_pct": 23.850871217464345,
  "distance_per_delivery_avg": 1213.9282789367128,
  "zone_service_times": {
    "hole_8": 37.28524897667682,
    "hole_4": 20.24220753810987,
    "hole_6": 25.073790885557052,
    "hole_14": 18.98611595410744,
    "hole_9": 46.1414265876935,
    "hole_7": 23.143042983159123,
    "hole_-1": 46.6710635065615,
    "hole_18": 24.526776776096085,
    "hole_12": 54.96732312957108,
    "hole_10": 57.39265939142849,
    "hole_15": 13.327424915255081,
    "hole_16": 16.40421211995399,
    "hole_17": 15.551308827996642
  },
  "total_revenue": 960.0,
  "total_orders": 50,
  "successful_orders": 32,
  "failed_orders": 17,
  "total_rounds": 34,
  "active_runner_hours": 7.272547281470339
}