{
  "simulation_id": "delivery_dynamic_07",
  "runner_id": "runner_1",
  "revenue_per_round": 19.565217391304348,
  "orders_per_runner_hour": 2.059103908484271,
  "on_time_rate": 0.4666666666666667,
  "delivery_cycle_time_p90": 63.42507167267142,
  "delivery_cycle_time_avg": 36.398635912363,
  "failed_rate": 0.43333333333333335,
  "second_runner_break_even_orders": 7.284722222222223,
  "queue_wait_avg": 22.764444444444443,
  "runner_utilization_driving_pct": 33.98905420012905,
  "runner_utilization_prep_pct": 0.0,
  "runner_utilization_idle_pct": 66.01094579987095,
  "distance_per_delivery_avg": 1221.0883332206363,
  "zone_service_times": {
    "hole_13": 41.63245468589172,
    "hole_8": 38.28371722795067,
    "hole_9": 36.92863691267797,
    "hole_14": 50.876270129619115,
    "hole_12": 59.720532024077144,
    "hole_15": 61.765864224069084,
    "hole_18": 23.244217696236447,
    "hole_11": 13.076373219765324,
    "hole_10": 48.91351018164205
  },
  "total_revenue": 450.0,
  "total_orders": 30,
  "successful_orders": 15,
  "failed_orders": 13,
  "total_rounds": 23,
  "active_runner_hours": 7.284722222222222
}