{
  "simulation_id": "delivery_dynamic_04",
  "runner_id": "runner_1",
  "revenue_per_round": 35.294117647058826,
  "orders_per_runner_hour": 2.574072560928316,
  "on_time_rate": 0.85,
  "delivery_cycle_time_p90": 33.972181284725686,
  "delivery_cycle_time_avg": 17.762697085583742,
  "failed_rate": 0.0,
  "second_runner_break_even_orders": 7.769788740060685,
  "queue_wait_avg": 6.919934640522871,
  "runner_utilization_driving_pct": 32.50214287146743,
  "runner_utilization_prep_pct": 0.0,
  "runner_utilization_idle_pct": 67.49785712853257,
  "distance_per_delivery_avg": 1354.1419016202933,
  "zone_service_times": {
    "hole_2": 12.658357005646986,
    "hole_14": 13.134572846640776,
    "hole_18": 25.909122455976235,
    "hole_4": 16.922938079665194,
    "hole_9": 13.426509279775159,
    "hole_6": 14.131129813950974,
    "hole_7": 19.23506924809153,
    "hole_16": 11.354253970397986,
    "hole_12": 10.392141230726459,
    "hole_10": 18.975349009419126
  },
  "total_revenue": 600.0,
  "total_orders": 20,
  "successful_orders": 20,
  "failed_orders": 0,
  "total_rounds": 17,
  "active_runner_hours": 7.769788740060685
}