{
  "simulation_id": "delivery_dynamic_03",
  "runner_id": "runner_1",
  "revenue_per_round": 13.333333333333334,
  "orders_per_runner_hour": 1.6838822841551353,
  "on_time_rate": 0.16666666666666666,
  "delivery_cycle_time_p90": 63.785142404451015,
  "delivery_cycle_time_avg": 49.534560096325364,
  "failed_rate": 0.575,
  "second_runner_break_even_orders": 7.126388888888889,
  "queue_wait_avg": 34.9,
  "runner_utilization_driving_pct": 37.5076887743853,
  "runner_utilization_prep_pct": 0.0,
  "runner_utilization_idle_pct": 62.4923112256147,
  "distance_per_delivery_avg": 1557.212192365322,
  "zone_service_times": {
    "hole_7": 38.49347427100027,
    "hole_5": 42.3113371161895,
    "hole_9": 45.54483804969122,
    "hole_12": 64.88155376374556,
    "hole_-1": 56.36439683989484,
    "hole_6": 52.67539723390873,
    "hole_10": 58.88314360999284
  },
  "total_revenue": 360.0,
  "total_orders": 40,
  "successful_orders": 12,
  "failed_orders": 23,
  "total_rounds": 27,
  "active_runner_hours": 7.126388888888889
}