{
  "variantKey": "front",
  "blockedHoles": [
    1,
    2,
    3
  ],
  "deliveryMetrics": {
    "totalOrders": 30,
    "successfulDeliveries": 30,
    "failedDeliveries": 0,
    "avgOrderTime": 16.30370155536249,
    "onTimePercentage": 93.33333333333333,
    "revenue": 900.0,
    "ordersPerRunnerHour": 3.0,
    "lateOrders": 2,
    "runnerUtilizationPct": 18.399555502323732,
    "totalRunnerDriveMinutes": 331.19199904182716,
    "totalRunnerShiftMinutes": 1800.0,
    "runnerUtilizationByRunner": {
      "runner_1": {
        "driveMinutes": 142.90633971172238,
        "utilizationPct": 23.817723285287062,
        "shiftMinutes": 600.0
      },
      "runner_2": {
        "driveMinutes": 99.93503177615875,
        "utilizationPct": 16.655838629359792,
        "shiftMinutes": 600.0
      },
      "runner_3": {
        "driveMinutes": 88.35062755394603,
        "utilizationPct": 14.725104592324337,
        "shiftMinutes": 600.0
      }
    }
  },
  "bevCartMetrics": null,
  "hasRunners": true,
  "hasBevCart": false
}