{
  "simulation_id": "delivery_dynamic_09",
  "runner_id": "runner_1",
  "revenue_per_round": 15.9375,
  "orders_per_runner_hour": 2.3475258918296893,
  "on_time_rate": 0.058823529411764705,
  "delivery_cycle_time_p90": 65.46113970196603,
  "delivery_cycle_time_avg": 49.91414562796619,
  "failed_rate": 0.45,
  "second_runner_break_even_orders": 7.241666666666666,
  "queue_wait_avg": 35.398039215686275,
  "runner_utilization_driving_pct": 37.94454478803145,
  "runner_utilization_prep_pct": 0.0,
  "runner_utilization_idle_pct": 62.05545521196855,
  "distance_per_delivery_avg": 1517.4117545260542,
  "zone_service_times": {
    "hole_9": 12.963895244865792,
    "hole_12": 46.86544645870699,
    "hole_18": 50.716747167886275,
    "hole_17": 59.86238881492176,
    "hole_6": 62.807011824294605,
    "hole_8": 62.55679352062228,
    "hole_4": 49.2560562025327,
    "hole_15": 35.43395010203494,
    "hole_7": 44.959603402205175
  },
  "total_revenue": 510.0,
  "total_orders": 40,
  "successful_orders": 17,
  "failed_orders": 18,
  "total_rounds": 32,
  "active_runner_hours": 7.241666666666666
}