{
  "simulation_id": "delivery_dynamic_05",
  "runner_id": "runner_1",
  "revenue_per_round": 33.333333333333336,
  "orders_per_runner_hour": 2.9235512851512357,
  "on_time_rate": 0.9,
  "delivery_cycle_time_p90": 31.291645018944525,
  "delivery_cycle_time_avg": 19.45442727798583,
  "failed_rate": 0.0,
  "second_runner_break_even_orders": 6.840995094418328,
  "queue_wait_avg": 8.388235294117647,
  "runner_utilization_driving_pct": 25.402328632610494,
  "runner_utilization_prep_pct": 0.0,
  "runner_utilization_idle_pct": 74.59767136738951,
  "distance_per_delivery_avg": 1673.587640149793,
  "zone_service_times": {
    "hole_9": 10.876830509426629,
    "hole_15": 22.705866731651017,
    "hole_4": 22.270656866897905,
    "hole_17": 17.592478996872465,
    "hole_12": 27.490521950354935,
    "hole_11": 11.69197926629422,
    "hole_2": 12.19858759930418,
    "hole_18": 11.830426621810904,
    "hole_13": 17.764923490008428
  },
  "total_revenue": 600.0,
  "total_orders": 20,
  "successful_orders": 20,
  "failed_orders": 0,
  "total_rounds": 18,
  "active_runner_hours": 6.840995094418328
}