{
  "simulation_id": "delivery_dynamic_04",
  "runner_id": "3_runners",
  "revenue_per_round": 44.11764705882353,
  "orders_per_runner_hour": 6.993177857904711,
  "on_time_rate": 0.66,
  "delivery_cycle_time_p90": 40.091988294612705,
  "delivery_cycle_time_avg": 25.047887221198682,
  "failed_rate": 0.0,
  "second_runner_break_even_orders": 7.149825303453807,
  "queue_wait_avg": 12.401063829787233,
  "runner_utilization_driving_pct": 100.0,
  "runner_utilization_prep_pct": 0.0,
  "runner_utilization_idle_pct": 0.0,
  "distance_per_delivery_avg": 1139.338106322759,
  "zone_service_times": {
    "hole_17": 24.080214703802785,
    "hole_9": 25.847492488435208,
    "hole_18": 22.74145747551185,
    "hole_8": 22.058032221083927,
    "hole_12": 33.49239480567306,
    "hole_16": 18.322135355407347,
    "hole_6": 18.764382691796648,
    "hole_10": 34.37047993305831,
    "hole_11": 32.99327510340433,
    "hole_13": 40.6148452116154,
    "hole_15": 18.073156399431202
  },
  "total_revenue": 1500.0,
  "total_orders": 50,
  "successful_orders": 50,
  "failed_orders": 0,
  "total_rounds": 34,
  "active_runner_hours": 7.149825303453808
}