{
  "simulation_id": "delivery_dynamic_02",
  "runner_id": "3_runners",
  "revenue_per_round": 30.0,
  "orders_per_runner_hour": 2.901429774489584,
  "on_time_rate": 1.0,
  "delivery_cycle_time_p90": 22.142133374064702,
  "delivery_cycle_time_avg": 15.568762499212907,
  "failed_rate": 0.0,
  "second_runner_break_even_orders": 6.8931532225412475,
  "queue_wait_avg": 0.05,
  "runner_utilization_driving_pct": 57.8343637600403,
  "runner_utilization_prep_pct": 0.0,
  "runner_utilization_idle_pct": 42.1656362399597,
  "distance_per_delivery_avg": 1858.5041997355409,
  "zone_service_times": {
    "hole_15": 13.327821474067923,
    "hole_7": 16.059288234831183,
    "hole_4": 21.738419139841366,
    "hole_6": 18.279195725428146,
    "hole_16": 13.337508987371015,
    "hole_8": 13.392039683646484,
    "hole_18": 12.03110577272934,
    "hole_9": 11.925282313113803,
    "hole_2": 22.860798396478277,
    "hole_14": 14.567543159286167,
    "hole_5": 21.0267087416727,
    "hole_10": 10.845304408775943
  },
  "total_revenue": 600.0,
  "total_orders": 20,
  "successful_orders": 20,
  "failed_orders": 0,
  "total_rounds": 20,
  "active_runner_hours": 6.8931532225412475
}