{
  "simulation_id": "delivery_dynamic_05",
  "runner_id": "3_runners",
  "revenue_per_round": 40.0,
  "orders_per_runner_hour": 2.763823522769112,
  "on_time_rate": 1.0,
  "delivery_cycle_time_p90": 22.174257480693054,
  "delivery_cycle_time_avg": 16.28835398685502,
  "failed_rate": 0.0,
  "second_runner_break_even_orders": 7.236352044634794,
  "queue_wait_avg": 0.029411764705882353,
  "runner_utilization_driving_pct": 63.39913583511325,
  "runner_utilization_prep_pct": 0.0,
  "runner_utilization_idle_pct": 36.60086416488675,
  "distance_per_delivery_avg": 2104.4869395832875,
  "zone_service_times": {
    "hole_15": 14.055469614822202,
    "hole_9": 12.526774431488835,
    "hole_5": 22.201681640316686,
    "hole_11": 14.48865333489266,
    "hole_2": 22.70945662849705,
    "hole_4": 20.96410543757423,
    "hole_8": 13.718320247583142,
    "hole_12": 17.392141430095716,
    "hole_16": 12.723929164002008,
    "hole_17": 14.301308827996642,
    "hole_10": 12.569121261600474
  },
  "total_revenue": 600.0,
  "total_orders": 20,
  "successful_orders": 20,
  "failed_orders": 0,
  "total_rounds": 15,
  "active_runner_hours": 7.236352044634793
}