{
  "simulation_id": "delivery_dynamic_07",
  "runner_id": "2_runners",
  "revenue_per_round": 37.5,
  "orders_per_runner_hour": 4.043596980483458,
  "on_time_rate": 0.6333333333333333,
  "delivery_cycle_time_p90": 41.48734739511971,
  "delivery_cycle_time_avg": 24.74571839797657,
  "failed_rate": 0.0,
  "second_runner_break_even_orders": 7.419137007173537,
  "queue_wait_avg": 10.264814814814814,
  "runner_utilization_driving_pct": 89.80050758747149,
  "runner_utilization_prep_pct": 0.0,
  "runner_utilization_idle_pct": 10.199492412528514,
  "distance_per_delivery_avg": 1850.481381720126,
  "zone_service_times": {
    "hole_16": 12.429199354099941,
    "hole_8": 23.27041255045717,
    "hole_4": 30.41429956284828,
    "hole_5": 24.494670449522832,
    "hole_-1": 16.220846951435366,
    "hole_7": 29.502334513072977,
    "hole_18": 25.309607446641593,
    "hole_12": 24.953263050827264,
    "hole_6": 48.50419572542815,
    "hole_9": 21.529434201256866,
    "hole_10": 20.65668157318002,
    "hole_11": 26.00346140101974,
    "hole_2": 21.910773377413715,
    "hole_3": 21.372792476788405,
    "hole_15": 12.773058074421836,
    "hole_13": 17.813571108564794
  },
  "total_revenue": 900.0,
  "total_orders": 30,
  "successful_orders": 30,
  "failed_orders": 0,
  "total_rounds": 24,
  "active_runner_hours": 7.419137007173538
}