{
  "simulation_id": "delivery_dynamic_10",
  "runner_id": "3_runners",
  "revenue_per_round": 33.333333333333336,
  "orders_per_runner_hour": 2.752338192734669,
  "on_time_rate": 1.0,
  "delivery_cycle_time_p90": 13.510719644793388,
  "delivery_cycle_time_avg": 12.03953588793615,
  "failed_rate": 0.0,
  "second_runner_break_even_orders": 7.2665488757137044,
  "queue_wait_avg": 0.03981481481481482,
  "runner_utilization_driving_pct": 18.238482691159366,
  "runner_utilization_prep_pct": 0.0,
  "runner_utilization_idle_pct": 81.76151730884064,
  "distance_per_delivery_avg": 1442.6658393140276,
  "zone_service_times": {
    "hole_15": 13.392916568000741,
    "hole_17": 12.008687189773097,
    "hole_10": 11.17365754367335,
    "hole_18": 10.750040059893797,
    "hole_16": 13.45247872338532,
    "hole_8": 12.041548565142087,
    "hole_14": 13.03589462515247,
    "hole_11": 11.578634786407687,
    "hole_13": 13.276265876155595
  },
  "total_revenue": 600.0,
  "total_orders": 20,
  "successful_orders": 20,
  "failed_orders": 0,
  "total_rounds": 18,
  "active_runner_hours": 7.2665488757137044
}