{
  "simulation_id": "delivery_dynamic_08",
  "runner_id": "runner_1",
  "revenue_per_round": 28.235294117647058,
  "orders_per_runner_hour": 2.2588235294117647,
  "on_time_rate": 0.3125,
  "delivery_cycle_time_p90": 59.753933589304836,
  "delivery_cycle_time_avg": 36.11718650938275,
  "failed_rate": 0.15,
  "second_runner_break_even_orders": 7.083333333333332,
  "queue_wait_avg": 22.051041666666666,
  "runner_utilization_driving_pct": 43.87926797930088,
  "runner_utilization_prep_pct": 0.0,
  "runner_utilization_idle_pct": 56.12073202069912,
  "distance_per_delivery_avg": 1366.224667152605,
  "zone_service_times": {
    "hole_11": 21.337287224676057,
    "hole_3": 31.18945914345507,
    "hole_14": 45.43137928787483,
    "hole_12": 38.802380156837536,
    "hole_9": 36.105815667628484,
    "hole_6": 65.6990748754001,
    "hole_-1": 37.853285728783725,
    "hole_10": 30.00106250534309,
    "hole_17": 32.21027257211275
  },
  "total_revenue": 480.0,
  "total_orders": 20,
  "successful_orders": 16,
  "failed_orders": 3,
  "total_rounds": 17,
  "active_runner_hours": 7.083333333333333
}