{
  "variantKey": "front_mid_back",
  "blockedHoles": [
    1,
    2,
    3,
    4,
    5,
    6,
    10,
    11,
    12
  ],
  "deliveryMetrics": {
    "totalOrders": 50,
    "successfulDeliveries": 50,
    "failedDeliveries": 0,
    "avgOrderTime": 19.51466978552444,
    "onTimePercentage": 88.0,
    "revenue": 1500.0,
    "ordersPerRunnerHour": 5.0,
    "lateOrders": 6,
    "runnerUtilizationPct": 25.62818326666842,
    "totalRunnerDriveMinutes": 461.3072988000315,
    "totalRunnerShiftMinutes": 1800.0,
    "runnerUtilizationByRunner": {
      "runner_1": {
        "driveMinutes": 167.97459593714814,
        "utilizationPct": 27.995765989524692,
        "shiftMinutes": 600.0
      },
      "runner_2": {
        "driveMinutes": 142.64981590798163,
        "utilizationPct": 23.774969317996938,
        "shiftMinutes": 600.0
      },
      "runner_3": {
        "driveMinutes": 150.68288695490173,
        "utilizationPct": 25.11381449248362,
        "shiftMinutes": 600.0
      }
    }
  },
  "bevCartMetrics": null,
  "hasRunners": true,
  "hasBevCart": false
}