{
  "simulation_id": "delivery_dynamic_01",
  "runner_id": "3_runners",
  "revenue_per_round": 34.61538461538461,
  "orders_per_runner_hour": 4.084454430071971,
  "on_time_rate": 1.0,
  "delivery_cycle_time_p90": 20.37160184802338,
  "delivery_cycle_time_avg": 15.801505723939329,
  "failed_rate": 0.0,
  "second_runner_break_even_orders": 7.344922195513729,
  "queue_wait_avg": 0.7551282051282051,
  "runner_utilization_driving_pct": 75.01833824217911,
  "runner_utilization_prep_pct": 0.0,
  "runner_utilization_idle_pct": 24.981661757820888,
  "distance_per_delivery_avg": 1729.4125899102814,
  "zone_service_times": {
    "hole_9": 11.542502182305203,
    "hole_18": 11.575043507204402,
    "hole_4": 19.71706202096856,
    "hole_17": 17.9564469638591,
    "hole_1": 12.987231007230488,
    "hole_16": 17.58592192753654,
    "hole_8": 16.47753121008207,
    "hole_3": 16.675742880361636,
    "hole_2": 13.967413693222381,
    "hole_6": 19.37869169033309,
    "hole_11": 13.675669856344758
  },
  "total_revenue": 900.0,
  "total_orders": 30,
  "successful_orders": 30,
  "failed_orders": 0,
  "total_rounds": 26,
  "active_runner_hours": 7.34492219551373
}