{
  "simulation_id": "delivery_dynamic_02",
  "runner_id": "3_runners",
  "revenue_per_round": 42.857142857142854,
  "orders_per_runner_hour": 5.527015141238126,
  "on_time_rate": 0.95,
  "delivery_cycle_time_p90": 29.037753663337725,
  "delivery_cycle_time_avg": 18.271425224826103,
  "failed_rate": 0.0,
  "second_runner_break_even_orders": 7.237179377626864,
  "queue_wait_avg": 3.3382882882882883,
  "runner_utilization_driving_pct": 100.0,
  "runner_utilization_prep_pct": 0.0,
  "runner_utilization_idle_pct": 0.0,
  "distance_per_delivery_avg": 1741.6588755415703,
  "zone_service_times": {
    "hole_12": 21.73277428620707,
    "hole_10": 15.524043662039452,
    "hole_4": 24.474078244682886,
    "hole_5": 28.448912861923176,
    "hole_16": 13.608452626233168,
    "hole_9": 12.037129571861595,
    "hole_13": 26.602781349454016,
    "hole_8": 13.572747068472806,
    "hole_7": 14.542986436386975,
    "hole_14": 23.681015928091863,
    "hole_15": 15.458506671335817,
    "hole_18": 13.122540042020349,
    "hole_-1": 16.4810635065615,
    "hole_3": 21.021470082792376,
    "hole_11": 15.345203628977469,
    "hole_2": 23.10114340781414
  },
  "total_revenue": 1200.0,
  "total_orders": 40,
  "successful_orders": 40,
  "failed_orders": 0,
  "total_rounds": 28,
  "active_runner_hours": 7.237179377626865
}