{
  "simulation_id": "delivery_dynamic_03",
  "runner_id": "3_runners",
  "revenue_per_round": 41.37931034482759,
  "orders_per_runner_hour": 5.681301519782781,
  "on_time_rate": 1.0,
  "delivery_cycle_time_p90": 26.570024405414777,
  "delivery_cycle_time_avg": 16.25772595854606,
  "failed_rate": 0.0,
  "second_runner_break_even_orders": 7.040640223145446,
  "queue_wait_avg": 3.254054054054054,
  "runner_utilization_driving_pct": 85.70524933572752,
  "runner_utilization_prep_pct": 0.0,
  "runner_utilization_idle_pct": 14.294750664272485,
  "distance_per_delivery_avg": 1091.2359220714739,
  "zone_service_times": {
    "hole_14": 15.516902606053819,
    "hole_13": 15.864270482220137,
    "hole_9": 21.6535516258612,
    "hole_11": 19.554743542769533,
    "hole_-1": 15.257963829864023,
    "hole_16": 13.40595315058678,
    "hole_15": 13.005823901062346,
    "hole_8": 17.328469940320005,
    "hole_18": 19.975414680418968,
    "hole_17": 16.102138074713633,
    "hole_10": 11.416337082419098
  },
  "total_revenue": 1200.0,
  "total_orders": 40,
  "successful_orders": 40,
  "failed_orders": 0,
  "total_rounds": 29,
  "active_runner_hours": 7.040640223145446
}