{
  "simulation_id": "delivery_dynamic_10",
  "runner_id": "2_runners",
  "revenue_per_round": 32.57142857142857,
  "orders_per_runner_hour": 5.402843601895735,
  "on_time_rate": 0.42105263157894735,
  "delivery_cycle_time_p90": 54.184954362307664,
  "delivery_cycle_time_avg": 34.81956250670383,
  "failed_rate": 0.2,
  "second_runner_break_even_orders": 7.033333333333334,
  "queue_wait_avg": 21.943809523809524,
  "runner_utilization_driving_pct": 86.63180862502435,
  "runner_utilization_prep_pct": 0.0,
  "runner_utilization_idle_pct": 13.368191374975652,
  "distance_per_delivery_avg": 1548.341423305119,
  "zone_service_times": {
    "hole_15": 42.46193575778539,
    "hole_6": 32.525292183374646,
    "hole_8": 41.23425144983098,
    "hole_4": 39.28938953586603,
    "hole_18": 35.30509343962288,
    "hole_16": 52.2200533348839,
    "hole_17": 34.85795981668791,
    "hole_13": 40.2876284442122,
    "hole_7": 33.01249070452856,
    "hole_2": 23.22507221504611,
    "hole_14": 18.22723271936714,
    "hole_12": 14.95386535741054,
    "hole_9": 19.714858049969433
  },
  "total_revenue": 1140.0,
  "total_orders": 50,
  "successful_orders": 38,
  "failed_orders": 10,
  "total_rounds": 35,
  "active_runner_hours": 7.033333333333333
}