{
  "simulation_id": "delivery_dynamic_03",
  "runner_id": "2_runners",
  "revenue_per_round": 39.130434782608695,
  "orders_per_runner_hour": 4.161069632382018,
  "on_time_rate": 0.9,
  "delivery_cycle_time_p90": 29.930888104764627,
  "delivery_cycle_time_avg": 19.61674638308985,
  "failed_rate": 0.0,
  "second_runner_break_even_orders": 7.2096846845666445,
  "queue_wait_avg": 5.283950617283951,
  "runner_utilization_driving_pct": 68.3885028192951,
  "runner_utilization_prep_pct": 0.0,
  "runner_utilization_idle_pct": 31.6114971807049,
  "distance_per_delivery_avg": 1633.3601180515227,
  "zone_service_times": {
    "hole_15": 22.731113123999446,
    "hole_17": 17.8342953890358,
    "hole_16": 19.42718592786356,
    "hole_14": 24.277401154814733,
    "hole_18": 20.105351227967247,
    "hole_10": 11.40132763341153,
    "hole_9": 16.5094445806576,
    "hole_8": 16.661937467823737
  },
  "total_revenue": 900.0,
  "total_orders": 30,
  "successful_orders": 30,
  "failed_orders": 0,
  "total_rounds": 23,
  "active_runner_hours": 7.209684684566645
}