{
  "simulation_id": "delivery_dynamic_09",
  "runner_id": "2_runners",
  "revenue_per_round": 33.87096774193548,
  "orders_per_runner_hour": 4.9237983587338805,
  "on_time_rate": 0.3142857142857143,
  "delivery_cycle_time_p90": 61.004290693076214,
  "delivery_cycle_time_avg": 39.12871602278916,
  "failed_rate": 0.22,
  "second_runner_break_even_orders": 7.108333333333333,
  "queue_wait_avg": 26.77843137254902,
  "runner_utilization_driving_pct": 87.25290321833342,
  "runner_utilization_prep_pct": 0.0,
  "runner_utilization_idle_pct": 12.747096781666585,
  "distance_per_delivery_avg": 1046.7685836571604,
  "zone_service_times": {
    "hole_9": 33.45907650709152,
    "hole_6": 17.677941412619596,
    "hole_17": 27.75453094927515,
    "hole_18": 41.482906895698164,
    "hole_10": 38.08123007867061,
    "hole_8": 49.6104456316974,
    "hole_13": 51.2324744965239,
    "hole_14": 53.34293691974602,
    "hole_11": 53.19327510340433,
    "hole_12": 41.94024897219006,
    "hole_16": 23.08768243490631
  },
  "total_revenue": 1050.0,
  "total_orders": 50,
  "successful_orders": 35,
  "failed_orders": 11,
  "total_rounds": 31,
  "active_runner_hours": 7.108333333333333
}