{
  "course": "C:\\Main\\GIT\\simulation\\courses\\keswick_hall",
  "tee_scenario": "real_tee_sheet",
  "orders": 30,
  "variant": "front_mid_back",
  "runners": 1,
  "runs": 10,
  "on_time_mean": 0.3696700578851609,
  "failed_mean": 0.22000000000000003,
  "p90_mean": 57.82893486225966,
  "avg_delivery_time_mean": 35.59697647154259,
  "oph_mean": 2.9554443106934682,
  "on_time_wilson_lo": 0.6493355535896329,
  "on_time_wilson_hi": 0.7521894515446212,
  "total_successful_orders": 211,
  "total_orders": 300,
  "group_dir": "C:\\Main\\GIT\\simulation\\output\\keswick_hall\\20250828_090448_real_tee_sheet\\first_pass\\orders_030\\runners_1\\front_mid_back"
}