{
  "simulation_id": "delivery_dynamic_01",
  "runner_id": "runner_1",
  "revenue_per_round": 30.0,
  "orders_per_runner_hour": 1.3,
  "on_time_rate": 1.0,
  "delivery_cycle_time_p90": 17.079001657801648,
  "delivery_cycle_time_avg": 12.687858060612541,
  "failed_rate": 0.0,
  "second_runner_break_even_orders": 10.0,
  "queue_wait_avg": 4.416666666666666,
  "runner_utilization_driving_pct": 11.35726466736101,
  "runner_utilization_prep_pct": 0.0,
  "runner_utilization_idle_pct": 88.64273533263899,
  "distance_per_delivery_avg": 1201.4116497948721,
  "zone_service_times": {
    "hole_9": 10.533721831659658,
    "hole_8": 12.132639427822626,
    "hole_15": 11.436137539296517,
    "hole_10": 10.58094628575321,
    "hole_18": 16.30841586067748,
    "hole_14": 12.349963933964773,
    "hole_7": 12.791028355468006,
    "hole_13": 16.313028489560143,
    "hole_17": 11.8680338981622
  },
  "total_revenue": 390.0,
  "total_orders": 13,
  "successful_orders": 13,
  "failed_orders": 0,
  "total_rounds": 13,
  "active_runner_hours": 10.0
}