{
  "simulation_id": "delivery_dynamic_04",
  "runner_id": "runner_1",
  "revenue_per_round": 24.0,
  "orders_per_runner_hour": 2.2862580279547133,
  "on_time_rate": 0.3125,
  "delivery_cycle_time_p90": 56.02646841516531,
  "delivery_cycle_time_avg": 37.933359649719705,
  "failed_rate": 0.2,
  "second_runner_break_even_orders": 6.998335185426818,
  "queue_wait_avg": 24.301111111111112,
  "runner_utilization_driving_pct": 40.32431646176905,
  "runner_utilization_prep_pct": 0.0,
  "runner_utilization_idle_pct": 59.67568353823095,
  "distance_per_delivery_avg": 1730.758842305817,
  "zone_service_times": {
    "hole_4": 37.16650713677205,
    "hole_17": 49.660272572112746,
    "hole_11": 56.4473116059572,
    "hole_18": 43.101122890182424,
    "hole_-1": 35.6310635065615,
    "hole_10": 35.663692863710274,
    "hole_12": 41.29673019622272,
    "hole_3": 20.458769419158124,
    "hole_15": 12.136944100718756,
    "hole_16": 22.757704937691837
  },
  "total_revenue": 480.0,
  "total_orders": 20,
  "successful_orders": 16,
  "failed_orders": 4,
  "total_rounds": 20,
  "active_runner_hours": 6.998335185426818
}