{
  "simulation_id": "delivery_dynamic_02",
  "runner_id": "runner_1",
  "revenue_per_round": 13.636363636363637,
  "orders_per_runner_hour": 2.049335863377609,
  "on_time_rate": 0.13333333333333333,
  "delivery_cycle_time_p90": 62.87148623615801,
  "delivery_cycle_time_avg": 46.01187192145885,
  "failed_rate": 0.56,
  "second_runner_break_even_orders": 7.319444444444445,
  "queue_wait_avg": 34.445238095238096,
  "runner_utilization_driving_pct": 42.1993998943837,
  "runner_utilization_prep_pct": 0.0,
  "runner_utilization_idle_pct": 57.8006001056163,
  "distance_per_delivery_avg": 1297.9622989435074,
  "zone_service_times": {
    "hole_3": 20.39210275249143,
    "hole_8": 27.80608040180614,
    "hole_18": 48.129779707612215,
    "hole_6": 44.14850669642177,
    "hole_11": 59.21093349716348,
    "hole_9": 61.05665676485864,
    "hole_10": 48.24272938843812,
    "hole_-1": 34.34773017322817,
    "hole_12": 48.58112267808756
  },
  "total_revenue": 450.0,
  "total_orders": 50,
  "successful_orders": 15,
  "failed_orders": 28,
  "total_rounds": 33,
  "active_runner_hours": 7.319444444444445
}