{
  "simulation_id": "delivery_dynamic_04",
  "runner_id": "runner_1",
  "revenue_per_round": 30.0,
  "orders_per_runner_hour": 2.384570426651081,
  "on_time_rate": 0.4117647058823529,
  "delivery_cycle_time_p90": 56.03273783297135,
  "delivery_cycle_time_avg": 32.476750505485995,
  "failed_rate": 0.1,
  "second_runner_break_even_orders": 7.129166666666666,
  "queue_wait_avg": 18.49411764705882,
  "runner_utilization_driving_pct": 41.711056530110504,
  "runner_utilization_prep_pct": 0.0,
  "runner_utilization_idle_pct": 58.288943469889496,
  "distance_per_delivery_avg": 1338.1646404315316,
  "zone_service_times": {
    "hole_7": 28.281772622390925,
    "hole_18": 31.080086879284316,
    "hole_17": 27.735190588206084,
    "hole_6": 25.789419305315914,
    "hole_-1": 44.51995239545039,
    "hole_11": 34.95049225495519,
    "hole_13": 15.519448016120684,
    "hole_8": 31.513786402431045,
    "hole_9": 51.42637644133416
  },
  "total_revenue": 510.0,
  "total_orders": 20,
  "successful_orders": 17,
  "failed_orders": 2,
  "total_rounds": 17,
  "active_runner_hours": 7.129166666666666
}