{
  "variantKey": "front_back",
  "blockedHoles": [
    1,
    2,
    3,
    10,
    11,
    12
  ],
  "deliveryMetrics": {
    "totalOrders": 20,
    "successfulDeliveries": 20,
    "failedDeliveries": 0,
    "avgOrderTime": 12.465362471738265,
    "onTimePercentage": 100.0,
    "revenue": 600.0,
    "ordersPerRunnerHour": 2.0,
    "lateOrders": 0,
    "runnerUtilizationPct": 11.718369633785429,
    "totalRunnerDriveMinutes": 210.93065340813772,
    "totalRunnerShiftMinutes": 1800.0,
    "runnerUtilizationByRunner": {
      "runner_1": {
        "driveMinutes": 143.18458903936983,
        "utilizationPct": 23.864098173228303,
        "shiftMinutes": 600.0
      },
      "runner_2": {
        "driveMinutes": 64.30367437045219,
        "utilizationPct": 10.717279061742031,
        "shiftMinutes": 600.0
      },
      "runner_3": {
        "driveMinutes": 3.442389998315687,
        "utilizationPct": 0.5737316663859477,
        "shiftMinutes": 600.0
      }
    }
  },
  "bevCartMetrics": null,
  "hasRunners": true,
  "hasBevCart": false
}