{
  "simulation_id": "delivery_dynamic_04",
  "runner_id": "3_runners",
  "revenue_per_round": 33.333333333333336,
  "orders_per_runner_hour": 2.7510667306072865,
  "on_time_rate": 1.0,
  "delivery_cycle_time_p90": 18.38359283447924,
  "delivery_cycle_time_avg": 13.71756346719739,
  "failed_rate": 0.0,
  "second_runner_break_even_orders": 7.269907260877341,
  "queue_wait_avg": 0.03666666666666667,
  "runner_utilization_driving_pct": 44.48460336081971,
  "runner_utilization_prep_pct": 0.0,
  "runner_utilization_idle_pct": 55.51539663918029,
  "distance_per_delivery_avg": 1239.8613249783225,
  "zone_service_times": {
    "hole_2": 14.352661804654925,
    "hole_10": 11.304793715687985,
    "hole_17": 13.346378622671363,
    "hole_8": 14.523328752433736,
    "hole_15": 18.3534912298525,
    "hole_3": 17.011001121654285,
    "hole_18": 10.607540675362038,
    "hole_9": 12.253466304660652,
    "hole_-1": 20.457823048033
  },
  "total_revenue": 600.0,
  "total_orders": 20,
  "successful_orders": 20,
  "failed_orders": 0,
  "total_rounds": 18,
  "active_runner_hours": 7.269907260877341
}