{
  "simulation_id": "delivery_dynamic_09",
  "runner_id": "3_runners",
  "revenue_per_round": 30.0,
  "orders_per_runner_hour": 2.883423904513968,
  "on_time_rate": 1.0,
  "delivery_cycle_time_p90": 21.376458039471732,
  "delivery_cycle_time_avg": 15.264042601518337,
  "failed_rate": 0.0,
  "second_runner_break_even_orders": 6.936198305316894,
  "queue_wait_avg": 0.04259259259259259,
  "runner_utilization_driving_pct": 54.57678279099959,
  "runner_utilization_prep_pct": 0.0,
  "runner_utilization_idle_pct": 45.42321720900041,
  "distance_per_delivery_avg": 1755.8383141101604,
  "zone_service_times": {
    "hole_14": 14.74641746766458,
    "hole_6": 18.815741542066764,
    "hole_9": 11.778082233919092,
    "hole_3": 21.306986997069515,
    "hole_18": 12.33328888731794,
    "hole_8": 13.561309060720184,
    "hole_-1": 10.414396839894835,
    "hole_2": 22.910798396478278,
    "hole_15": 11.76933926447958,
    "hole_11": 16.68971903197556,
    "hole_12": 17.43558730294816,
    "hole_16": 12.550251370162247
  },
  "total_revenue": 600.0,
  "total_orders": 20,
  "successful_orders": 20,
  "failed_orders": 0,
  "total_rounds": 20,
  "active_runner_hours": 6.936198305316893
}