{
  "simulation_id": "delivery_dynamic_02",
  "runner_id": "2_runners",
  "revenue_per_round": 37.74193548387097,
  "orders_per_runner_hour": 5.488663017982799,
  "on_time_rate": 0.4358974358974359,
  "delivery_cycle_time_p90": 56.81966917837126,
  "delivery_cycle_time_avg": 34.17690438334601,
  "failed_rate": 0.16,
  "second_runner_break_even_orders": 7.105555555555555,
  "queue_wait_avg": 20.401282051282053,
  "runner_utilization_driving_pct": 73.35233653479712,
  "runner_utilization_prep_pct": 0.0,
  "runner_utilization_idle_pct": 26.647663465202882,
  "distance_per_delivery_avg": 1268.609103573494,
  "zone_service_times": {
    "hole_18": 37.72971004914985,
    "hole_11": 13.558522024589077,
    "hole_17": 34.727008738726404,
    "hole_9": 13.959704031122177,
    "hole_15": 37.69644389285854,
    "hole_10": 23.751830088584057,
    "hole_12": 38.68724586669737,
    "hole_13": 54.68343736697086,
    "hole_14": 48.1777376434804,
    "hole_16": 21.550397647153254
  },
  "total_revenue": 1170.0,
  "total_orders": 50,
  "successful_orders": 39,
  "failed_orders": 8,
  "total_rounds": 31,
  "active_runner_hours": 7.105555555555555
}