{
  "simulation_id": "delivery_dynamic_02",
  "runner_id": "3_runners",
  "revenue_per_round": 50.0,
  "orders_per_runner_hour": 6.967074252461224,
  "on_time_rate": 0.74,
  "delivery_cycle_time_p90": 37.73259372526547,
  "delivery_cycle_time_avg": 22.58508839053884,
  "failed_rate": 0.0,
  "second_runner_break_even_orders": 7.1766136240527,
  "queue_wait_avg": 9.202777777777778,
  "runner_utilization_driving_pct": 100.0,
  "runner_utilization_prep_pct": 0.0,
  "runner_utilization_idle_pct": 0.0,
  "distance_per_delivery_avg": 1631.1976992210512,
  "zone_service_times": {
    "hole_17": 18.663501004068,
    "hole_15": 19.320557311501215,
    "hole_4": 24.334861657885526,
    "hole_2": 14.252617933201266,
    "hole_3": 29.96446651411214,
    "hole_18": 23.380549939312157,
    "hole_10": 16.51604225790212,
    "hole_16": 17.356387756284736,
    "hole_11": 13.774652839073042,
    "hole_9": 22.343100300519502,
    "hole_12": 34.03365255160469,
    "hole_13": 43.75660132146216,
    "hole_-1": 34.937131735726354,
    "hole_6": 37.81168583328927
  },
  "total_revenue": 1500.0,
  "total_orders": 50,
  "successful_orders": 50,
  "failed_orders": 0,
  "total_rounds": 30,
  "active_runner_hours": 7.1766136240527
}