{
  "variantKey": "mid_back",
  "blockedHoles": [
    4,
    5,
    6,
    10,
    11,
    12
  ],
  "deliveryMetrics": {
    "totalOrders": 50,
    "successfulDeliveries": 50,
    "failedDeliveries": 0,
    "avgOrderTime": 22.585088390538836,
    "onTimePercentage": 74.0,
    "revenue": 1500.0,
    "ordersPerRunnerHour": 5.0,
    "lateOrders": 13,
    "runnerUtilizationPct": 27.70500743403646,
    "totalRunnerDriveMinutes": 498.69013381265626,
    "totalRunnerShiftMinutes": 1800.0,
    "runnerUtilizationByRunner": {
      "runner_2": {
        "driveMinutes": 159.72754122968755,
        "utilizationPct": 26.62125687161459,
        "shiftMinutes": 600.0
      },
      "runner_1": {
        "driveMinutes": 192.62016449129916,
        "utilizationPct": 32.10336074854986,
        "shiftMinutes": 600.0
      },
      "runner_3": {
        "driveMinutes": 146.34242809166955,
        "utilizationPct": 24.390404681944926,
        "shiftMinutes": 600.0
      }
    }
  },
  "bevCartMetrics": null,
  "hasRunners": true,
  "hasBevCart": false
}