{
  "simulation_id": "delivery_dynamic_09",
  "runner_id": "runner_1",
  "revenue_per_round": 24.782608695652176,
  "orders_per_runner_hour": 2.6131805157593124,
  "on_time_rate": 0.10526315789473684,
  "delivery_cycle_time_p90": 61.43679096681346,
  "delivery_cycle_time_avg": 49.04575228217904,
  "failed_rate": 0.26666666666666666,
  "second_runner_break_even_orders": 7.270833333333332,
  "queue_wait_avg": 35.68333333333333,
  "runner_utilization_driving_pct": 43.29764126717898,
  "runner_utilization_prep_pct": 0.0,
  "runner_utilization_idle_pct": 56.70235873282102,
  "distance_per_delivery_avg": 1129.7727668121522,
  "zone_service_times": {
    "hole_9": 22.336884959194535,
    "hole_12": 51.99960705602144,
    "hole_15": 57.39705992979143,
    "hole_-1": 49.638275372045165,
    "hole_16": 44.810349256449626,
    "hole_17": 57.29486415580662,
    "hole_18": 56.879779719378774,
    "hole_11": 63.25750342976959,
    "hole_13": 44.73023777523146,
    "hole_10": 43.17018904370422
  },
  "total_revenue": 570.0,
  "total_orders": 30,
  "successful_orders": 19,
  "failed_orders": 8,
  "total_rounds": 23,
  "active_runner_hours": 7.270833333333333
}