{
  "simulation_id": "delivery_dynamic_06",
  "runner_id": "runner_1",
  "revenue_per_round": 40.0,
  "orders_per_runner_hour": 2.85503222114,
  "on_time_rate": 0.7,
  "delivery_cycle_time_p90": 39.760658236375384,
  "delivery_cycle_time_avg": 25.10917700494797,
  "failed_rate": 0.0,
  "second_runner_break_even_orders": 7.005174881008558,
  "queue_wait_avg": 14.591666666666667,
  "runner_utilization_driving_pct": 19.58345539188179,
  "runner_utilization_prep_pct": 0.0,
  "runner_utilization_idle_pct": 80.41654460811822,
  "distance_per_delivery_avg": 1423.2074435625382,
  "zone_service_times": {
    "hole_18": 27.394199036057362,
    "hole_13": 30.626339913085637,
    "hole_11": 19.545974993834193,
    "hole_12": 24.002232359367493,
    "hole_17": 27.045332244374713,
    "hole_9": 11.031354693218479,
    "hole_15": 23.889200064984347,
    "hole_16": 24.127159527180144
  },
  "total_revenue": 600.0,
  "total_orders": 20,
  "successful_orders": 20,
  "failed_orders": 0,
  "total_rounds": 15,
  "active_runner_hours": 7.005174881008558
}