{
  "simulation_id": "delivery_dynamic_01",
  "runner_id": "3_runners",
  "revenue_per_round": 31.57894736842105,
  "orders_per_runner_hour": 2.8069791200151033,
  "on_time_rate": 1.0,
  "delivery_cycle_time_p90": 21.180554226346636,
  "delivery_cycle_time_avg": 14.589922657651597,
  "failed_rate": 0.0,
  "second_runner_break_even_orders": 7.125097531859228,
  "queue_wait_avg": 0.3283333333333333,
  "runner_utilization_driving_pct": 53.07493503035714,
  "runner_utilization_prep_pct": 0.0,
  "runner_utilization_idle_pct": 46.92506496964286,
  "distance_per_delivery_avg": 1431.8940129709351,
  "zone_service_times": {
    "hole_5": 22.011337116189498,
    "hole_15": 13.97696402615038,
    "hole_12": 17.22433479374469,
    "hole_16": 13.95156781022418,
    "hole_8": 13.456361472826513,
    "hole_10": 12.876838143468557,
    "hole_-1": 12.710643418612179,
    "hole_3": 21.600836570986818,
    "hole_14": 14.756015895264015,
    "hole_9": 10.966703728651556
  },
  "total_revenue": 600.0,
  "total_orders": 20,
  "successful_orders": 20,
  "failed_orders": 0,
  "total_rounds": 19,
  "active_runner_hours": 7.125097531859228
}