{
  "simulation_id": "delivery_dynamic_02",
  "runner_id": "runner_1",
  "revenue_per_round": 23.75,
  "orders_per_runner_hour": 2.5762711864406778,
  "on_time_rate": 0.21052631578947367,
  "delivery_cycle_time_p90": 62.74869132399956,
  "delivery_cycle_time_avg": 42.8583853363665,
  "failed_rate": 0.3,
  "second_runner_break_even_orders": 7.375,
  "queue_wait_avg": 29.25877192982456,
  "runner_utilization_driving_pct": 39.93807639720457,
  "runner_utilization_prep_pct": 0.0,
  "runner_utilization_idle_pct": 60.06192360279543,
  "distance_per_delivery_avg": 1209.4701045980946,
  "zone_service_times": {
    "hole_15": 48.85912508621014,
    "hole_-1": 33.0910892842614,
    "hole_8": 44.639032639590184,
    "hole_12": 53.07036641263678,
    "hole_18": 37.86027373982461,
    "hole_11": 48.36815751981894,
    "hole_9": 37.35508077099018,
    "hole_17": 32.18260595000526
  },
  "total_revenue": 570.0,
  "total_orders": 30,
  "successful_orders": 19,
  "failed_orders": 9,
  "total_rounds": 24,
  "active_runner_hours": 7.375
}