{
  "simulation_id": "delivery_dynamic_08",
  "runner_id": "2_runners",
  "revenue_per_round": 42.857142857142854,
  "orders_per_runner_hour": 2.7094020325222954,
  "on_time_rate": 0.95,
  "delivery_cycle_time_p90": 27.326353342277336,
  "delivery_cycle_time_avg": 18.391316032300786,
  "failed_rate": 0.0,
  "second_runner_break_even_orders": 7.381702589696947,
  "queue_wait_avg": 3.560416666666667,
  "runner_utilization_driving_pct": 57.82264685451073,
  "runner_utilization_prep_pct": 0.0,
  "runner_utilization_idle_pct": 42.17735314548927,
  "distance_per_delivery_avg": 1862.442186853065,
  "zone_service_times": {
    "hole_9": 20.429992930697537,
    "hole_14": 14.911260172201704,
    "hole_18": 13.33242392646971,
    "hole_4": 23.91871064681115,
    "hole_5": 22.011337116189498,
    "hole_3": 21.220148194066738,
    "hole_7": 21.9219848374918,
    "hole_-1": 15.075320863022716,
    "hole_10": 11.838692930269614,
    "hole_2": 23.45813987958039,
    "hole_16": 11.953338089275954,
    "hole_13": 15.1462444111147
  },
  "total_revenue": 600.0,
  "total_orders": 20,
  "successful_orders": 20,
  "failed_orders": 0,
  "total_rounds": 14,
  "active_runner_hours": 7.381702589696947
}