{
  "simulation_id": "delivery_dynamic_05",
  "runner_id": "2_runners",
  "revenue_per_round": 30.0,
  "orders_per_runner_hour": 4.53781512605042,
  "on_time_rate": 0.5757575757575758,
  "delivery_cycle_time_p90": 58.75055797093264,
  "delivery_cycle_time_avg": 30.476674952125517,
  "failed_rate": 0.125,
  "second_runner_break_even_orders": 7.272222222222222,
  "queue_wait_avg": 19.136904761904763,
  "runner_utilization_driving_pct": 77.89845838505931,
  "runner_utilization_prep_pct": 0.0,
  "runner_utilization_idle_pct": 22.101541614940686,
  "distance_per_delivery_avg": 1424.4052081566015,
  "zone_service_times": {
    "hole_17": 28.96089795279942,
    "hole_8": 44.817499265136604,
    "hole_3": 20.30117329637827,
    "hole_9": 23.68780845922934,
    "hole_18": 41.202261203431924,
    "hole_10": 59.26158612950488,
    "hole_16": 17.796453619105797,
    "hole_-1": 33.20317449391787,
    "hole_14": 17.71152888936825,
    "hole_2": 13.90026590794805,
    "hole_12": 14.270764753051237,
    "hole_6": 28.510723365694865
  },
  "total_revenue": 990.0,
  "total_orders": 40,
  "successful_orders": 33,
  "failed_orders": 5,
  "total_rounds": 33,
  "active_runner_hours": 7.272222222222222
}