{
  "simulation_id": "delivery_dynamic_02",
  "runner_id": "runner_1",
  "revenue_per_round": 33.333333333333336,
  "orders_per_runner_hour": 2.7521704653492445,
  "on_time_rate": 0.6,
  "delivery_cycle_time_p90": 43.82947639149995,
  "delivery_cycle_time_avg": 26.61962717065103,
  "failed_rate": 0.0,
  "second_runner_break_even_orders": 7.266991725914783,
  "queue_wait_avg": 14.880555555555556,
  "runner_utilization_driving_pct": 39.10259127753428,
  "runner_utilization_prep_pct": 0.0,
  "runner_utilization_idle_pct": 60.89740872246572,
  "distance_per_delivery_avg": 1084.3147293387472,
  "zone_service_times": {
    "hole_14": 23.54854647517738,
    "hole_18": 15.270585139997547,
    "hole_15": 26.040651303281567,
    "hole_-1": 36.76995239545039,
    "hole_16": 30.50421211995399,
    "hole_13": 19.875735793041915,
    "hole_10": 44.016337082419035
  },
  "total_revenue": 600.0,
  "total_orders": 20,
  "successful_orders": 20,
  "failed_orders": 0,
  "total_rounds": 18,
  "active_runner_hours": 7.266991725914783
}