{
  "simulation_id": "delivery_dynamic_08",
  "runner_id": "2_runners",
  "revenue_per_round": 37.5,
  "orders_per_runner_hour": 2.776477074384792,
  "on_time_rate": 0.85,
  "delivery_cycle_time_p90": 39.369588763726156,
  "delivery_cycle_time_avg": 21.629394141803893,
  "failed_rate": 0.0,
  "second_runner_break_even_orders": 7.203373002613959,
  "queue_wait_avg": 5.958823529411765,
  "runner_utilization_driving_pct": 59.573563415620335,
  "runner_utilization_prep_pct": 0.0,
  "runner_utilization_idle_pct": 40.426436584379665,
  "distance_per_delivery_avg": 2205.636431646109,
  "zone_service_times": {
    "hole_18": 15.832424032346717,
    "hole_2": 22.910798396478278,
    "hole_4": 37.44724464563351,
    "hole_5": 30.442296772056235,
    "hole_-1": 22.441452614233558,
    "hole_9": 25.114549369055627,
    "hole_11": 16.466086249603602,
    "hole_12": 18.742219544229517,
    "hole_17": 18.017975494663308,
    "hole_6": 22.46252905876148,
    "hole_15": 13.32742491525502,
    "hole_16": 13.461186905394788,
    "hole_7": 16.83733294498088
  },
  "total_revenue": 600.0,
  "total_orders": 20,
  "successful_orders": 20,
  "failed_orders": 0,
  "total_rounds": 16,
  "active_runner_hours": 7.203373002613959
}