{
  "simulation_id": "delivery_dynamic_01",
  "runner_id": "3_runners",
  "revenue_per_round": 47.0,
  "orders_per_runner_hour": 6.409799426389833,
  "on_time_rate": 0.6382978723404256,
  "delivery_cycle_time_p90": 50.13070616110223,
  "delivery_cycle_time_avg": 27.965571225086187,
  "failed_rate": 0.06,
  "second_runner_break_even_orders": 7.332522731755996,
  "queue_wait_avg": 13.391085271317829,
  "runner_utilization_driving_pct": 100.0,
  "runner_utilization_prep_pct": 0.0,
  "runner_utilization_idle_pct": 0.0,
  "distance_per_delivery_avg": 1919.955335884278,
  "zone_service_times": {
    "hole_15": 19.863049870359028,
    "hole_6": 31.92525922021289,
    "hole_5": 26.111029808266277,
    "hole_7": 30.467160687683887,
    "hole_18": 30.209717507712014,
    "hole_12": 26.620594813398185,
    "hole_3": 22.75274655992986,
    "hole_16": 22.66474165012496,
    "hole_9": 19.993358270450557,
    "hole_4": 37.599748034570894,
    "hole_-1": 22.89773017322817,
    "hole_11": 52.28865333489266,
    "hole_8": 32.341589220251464,
    "hole_17": 26.118341112580715,
    "hole_14": 19.02938207922992,
    "hole_13": 15.693125655308299
  },
  "total_revenue": 1410.0,
  "total_orders": 50,
  "successful_orders": 47,
  "failed_orders": 3,
  "total_rounds": 30,
  "active_runner_hours": 7.332522731755996
}