{
  "variantKey": "none",
  "blockedHoles": [],
  "deliveryMetrics": {
    "totalOrders": 50,
    "successfulDeliveries": 47,
    "failedDeliveries": 3,
    "avgOrderTime": 27.96557122508619,
    "onTimePercentage": 63.829787234042556,
    "revenue": 1410.0,
    "ordersPerRunnerHour": 4.7,
    "lateOrders": 17,
    "runnerUtilizationPct": 31.785367193545145,
    "totalRunnerDriveMinutes": 572.1366094838125,
    "totalRunnerShiftMinutes": 1800.0,
    "runnerUtilizationByRunner": {
      "runner_2": {
        "driveMinutes": 196.84484854074265,
        "utilizationPct": 32.80747475679044,
        "shiftMinutes": 600.0
      },
      "runner_1": {
        "driveMinutes": 193.51701206750803,
        "utilizationPct": 32.252835344584675,
        "shiftMinutes": 600.0
      },
      "runner_3": {
        "driveMinutes": 181.77474887556198,
        "utilizationPct": 30.29579147926033,
        "shiftMinutes": 600.0
      }
    }
  },
  "bevCartMetrics": null,
  "hasRunners": true,
  "hasBevCart": false
}