{
  "variantKey": "none",
  "blockedHoles": [],
  "deliveryMetrics": {
    "totalOrders": 30,
    "successfulDeliveries": 30,
    "failedDeliveries": 0,
    "avgOrderTime": 17.14821097561649,
    "onTimePercentage": 96.66666666666667,
    "revenue": 900.0,
    "ordersPerRunnerHour": 3.0,
    "lateOrders": 1,
    "runnerUtilizationPct": 21.676912472588324,
    "totalRunnerDriveMinutes": 390.1844245065898,
    "totalRunnerShiftMinutes": 1800.0,
    "runnerUtilizationByRunner": {
      "runner_1": {
        "driveMinutes": 146.97941117076724,
        "utilizationPct": 24.496568528461207,
        "shiftMinutes": 600.0
      },
      "runner_2": {
        "driveMinutes": 152.31619055010222,
        "utilizationPct": 25.38603175835037,
        "shiftMinutes": 600.0
      },
      "runner_3": {
        "driveMinutes": 90.88882278572048,
        "utilizationPct": 15.148137130953412,
        "shiftMinutes": 600.0
      }
    }
  },
  "bevCartMetrics": null,
  "hasRunners": true,
  "hasBevCart": false
}