{
  "simulation_id": "delivery_dynamic_01",
  "runner_id": "runner_1",
  "revenue_per_round": 22.0,
  "orders_per_runner_hour": 2.2073578595317724,
  "on_time_rate": 0.36363636363636365,
  "delivery_cycle_time_p90": 55.17975909515699,
  "delivery_cycle_time_avg": 35.791468352242426,
  "failed_rate": 0.26666666666666666,
  "second_runner_break_even_orders": 12.458333333333332,
  "queue_wait_avg": 27.333333333333332,
  "runner_utilization_driving_pct": 24.331633395904976,
  "runner_utilization_prep_pct": 0.0,
  "runner_utilization_idle_pct": 75.66836660409503,
  "distance_per_delivery_avg": 1102.3907675357111,
  "zone_service_times": {
    "hole_15": 32.675160637945716,
    "hole_17": 42.43518073313338,
    "hole_18": 35.96494428034217,
    "hole_14": 35.2836247999209,
    "hole_16": 31.73722991507132,
    "hole_11": 39.55749372072047,
    "hole_13": 43.69200920620139,
    "hole_10": 23.983255768523183
  },
  "total_revenue": 550.0,
  "total_orders": 30,
  "successful_orders": 22,
  "failed_orders": 8,
  "total_rounds": 25,
  "active_runner_hours": 9.966666666666667
}