{
  "simulation_id": "delivery_dynamic_04",
  "runner_id": "2_runners",
  "revenue_per_round": 31.57894736842105,
  "orders_per_runner_hour": 2.930145345906477,
  "on_time_rate": 1.0,
  "delivery_cycle_time_p90": 18.329871859210108,
  "delivery_cycle_time_avg": 13.050751486871606,
  "failed_rate": 0.0,
  "second_runner_break_even_orders": 6.825599975079991,
  "queue_wait_avg": 1.1322916666666667,
  "runner_utilization_driving_pct": 24.582977129265323,
  "runner_utilization_prep_pct": 0.0,
  "runner_utilization_idle_pct": 75.41702287073468,
  "distance_per_delivery_avg": 1544.341070547558,
  "zone_service_times": {
    "hole_17": 12.217685579813006,
    "hole_18": 11.1253127833165,
    "hole_7": 18.360935364903526,
    "hole_10": 12.181975049904587,
    "hole_15": 15.58707943151684,
    "hole_8": 12.775758207951306,
    "hole_6": 14.468508525088206
  },
  "total_revenue": 600.0,
  "total_orders": 20,
  "successful_orders": 20,
  "failed_orders": 0,
  "total_rounds": 19,
  "active_runner_hours": 6.825599975079991
}