{
  "simulation_id": "delivery_dynamic_05",
  "runner_id": "runner_1",
  "revenue_per_round": 19.565217391304348,
  "orders_per_runner_hour": 2.1305977510357073,
  "on_time_rate": 0.2,
  "delivery_cycle_time_p90": 59.797730173228175,
  "delivery_cycle_time_avg": 41.69633709777071,
  "failed_rate": 0.36666666666666664,
  "second_runner_break_even_orders": 7.040277777777778,
  "queue_wait_avg": 27.894444444444446,
  "runner_utilization_driving_pct": 38.86476550232815,
  "runner_utilization_prep_pct": 0.0,
  "runner_utilization_idle_pct": 61.13523449767185,
  "distance_per_delivery_avg": 1277.435931517622,
  "zone_service_times": {
    "hole_6": 19.420108286906302,
    "hole_4": 46.96849915202292,
    "hole_11": 41.75907492236471,
    "hole_-1": 46.67095125377158,
    "hole_10": 42.865478556807226,
    "hole_18": 48.958693073238464,
    "hole_5": 31.949849221292002,
    "hole_9": 34.72541449473398
  },
  "total_revenue": 450.0,
  "total_orders": 30,
  "successful_orders": 15,
  "failed_orders": 11,
  "total_rounds": 23,
  "active_runner_hours": 7.040277777777778
}