{
  "simulation_id": "delivery_dynamic_02",
  "runner_id": "3_runners",
  "revenue_per_round": 36.0,
  "orders_per_runner_hour": 4.161868291336726,
  "on_time_rate": 0.9666666666666667,
  "delivery_cycle_time_p90": 26.116121750416124,
  "delivery_cycle_time_avg": 16.18620077767655,
  "failed_rate": 0.0,
  "second_runner_break_even_orders": 7.2083011522607485,
  "queue_wait_avg": 2.4075757575757577,
  "runner_utilization_driving_pct": 80.20962304933292,
  "runner_utilization_prep_pct": 0.0,
  "runner_utilization_idle_pct": 19.79037695066708,
  "distance_per_delivery_avg": 1485.3367946326543,
  "zone_service_times": {
    "hole_13": 15.53448048750945,
    "hole_17": 14.22783351791304,
    "hole_5": 21.423636617822133,
    "hole_16": 26.637508987371014,
    "hole_12": 20.668995463217026,
    "hole_6": 33.9490748754001,
    "hole_15": 14.850173338002485,
    "hole_-1": 13.063375844912784,
    "hole_18": 14.006966818812423,
    "hole_9": 11.645630343448081,
    "hole_11": 15.024094545279542,
    "hole_7": 15.774168342870688,
    "hole_14": 14.953917919754065,
    "hole_8": 13.544642394053517,
    "hole_10": 12.194382510772508
  },
  "total_revenue": 900.0,
  "total_orders": 30,
  "successful_orders": 30,
  "failed_orders": 0,
  "total_rounds": 25,
  "active_runner_hours": 7.208301152260749
}