{
  "variantKey": "none",
  "blockedHoles": [],
  "deliveryMetrics": {
    "totalOrders": 30,
    "successfulDeliveries": 30,
    "failedDeliveries": 0,
    "avgOrderTime": 16.18620077767655,
    "onTimePercentage": 96.66666666666667,
    "revenue": 900.0,
    "ordersPerRunnerHour": 3.0,
    "lateOrders": 1,
    "runnerUtilizationPct": 19.27250394163023,
    "totalRunnerDriveMinutes": 346.9050709493441,
    "totalRunnerShiftMinutes": 1800.0,
    "runnerUtilizationByRunner": {
      "runner_1": {
        "driveMinutes": 156.5317174010107,
        "utilizationPct": 26.088619566835114,
        "shiftMinutes": 600.0
      },
      "runner_2": {
        "driveMinutes": 107.89087343739851,
        "utilizationPct": 17.98181223956642,
        "shiftMinutes": 600.0
      },
      "runner_3": {
        "driveMinutes": 82.48248011093493,
        "utilizationPct": 13.747080018489156,
        "shiftMinutes": 600.0
      }
    }
  },
  "bevCartMetrics": null,
  "hasRunners": true,
  "hasBevCart": false
}