{
  "simulation_id": "delivery_dynamic_09",
  "runner_id": "runner_1",
  "revenue_per_round": 19.2,
  "orders_per_runner_hour": 2.2247972190034764,
  "on_time_rate": 0.1875,
  "delivery_cycle_time_p90": 61.01801548451888,
  "delivery_cycle_time_avg": 44.241765367799516,
  "failed_rate": 0.36666666666666664,
  "second_runner_break_even_orders": 7.191666666666666,
  "queue_wait_avg": 30.044791666666665,
  "runner_utilization_driving_pct": 39.56500759896968,
  "runner_utilization_prep_pct": 0.0,
  "runner_utilization_idle_pct": 60.43499240103032,
  "distance_per_delivery_avg": 1410.1831635806348,
  "zone_service_times": {
    "hole_3": 20.272310116699433,
    "hole_11": 35.38911423588161,
    "hole_7": 54.87813832518492,
    "hole_-1": 56.96439683989483,
    "hole_13": 39.93627269418125,
    "hole_15": 21.334436087697153,
    "hole_17": 50.54803877718696,
    "hole_10": 40.80582355419356,
    "hole_6": 44.491142428936776,
    "hole_16": 57.38138278508365,
    "hole_18": 37.18771264651502
  },
  "total_revenue": 480.0,
  "total_orders": 30,
  "successful_orders": 16,
  "failed_orders": 11,
  "total_rounds": 25,
  "active_runner_hours": 7.191666666666666
}