{
  "simulation_id": "delivery_dynamic_10",
  "runner_id": "2_runners",
  "revenue_per_round": 39.130434782608695,
  "orders_per_runner_hour": 4.17891859375126,
  "on_time_rate": 0.8666666666666667,
  "delivery_cycle_time_p90": 32.97215080096617,
  "delivery_cycle_time_avg": 21.462736596242877,
  "failed_rate": 0.0,
  "second_runner_break_even_orders": 7.178890740982373,
  "queue_wait_avg": 7.38735632183908,
  "runner_utilization_driving_pct": 79.5721825315242,
  "runner_utilization_prep_pct": 0.0,
  "runner_utilization_idle_pct": 20.427817468475794,
  "distance_per_delivery_avg": 1452.0661630042737,
  "zone_service_times": {
    "hole_14": 16.471218165747374,
    "hole_6": 18.725978643616024,
    "hole_18": 22.647972504404454,
    "hole_8": 19.341395902899137,
    "hole_9": 27.720454683881144,
    "hole_16": 27.224384372467828,
    "hole_11": 41.996125405295665,
    "hole_-1": 23.35328572878372,
    "hole_10": 15.377715844105841,
    "hole_7": 21.729559562974465,
    "hole_13": 15.279103867494026,
    "hole_5": 21.406969951155407
  },
  "total_revenue": 900.0,
  "total_orders": 30,
  "successful_orders": 30,
  "failed_orders": 0,
  "total_rounds": 23,
  "active_runner_hours": 7.178890740982373
}