{
  "simulation_id": "delivery_dynamic_01",
  "runner_id": "runner_1",
  "revenue_per_round": 18.75,
  "orders_per_runner_hour": 2.1386138613861383,
  "on_time_rate": 0.13333333333333333,
  "delivery_cycle_time_p90": 58.85076417063708,
  "delivery_cycle_time_avg": 46.075173322575715,
  "failed_rate": 0.36666666666666664,
  "second_runner_break_even_orders": 7.013888888888889,
  "queue_wait_avg": 33.14047619047619,
  "runner_utilization_driving_pct": 44.07784550621048,
  "runner_utilization_prep_pct": 0.0,
  "runner_utilization_idle_pct": 55.92215449378952,
  "distance_per_delivery_avg": 1728.4049030521082,
  "zone_service_times": {
    "hole_7": 34.79716731428805,
    "hole_6": 38.286774953572966,
    "hole_16": 47.214741650124964,
    "hole_13": 58.69690444189806,
    "hole_9": 58.133370395318224,
    "hole_-1": 46.892174617672616,
    "hole_11": 55.92137481483363,
    "hole_5": 51.51651588795867,
    "hole_2": 23.615150926159426,
    "hole_8": 39.15528628399115,
    "hole_12": 59.08155376374562,
    "hole_18": 49.23506823943911
  },
  "total_revenue": 450.0,
  "total_orders": 30,
  "successful_orders": 15,
  "failed_orders": 11,
  "total_rounds": 24,
  "active_runner_hours": 7.013888888888889
}