{
  "simulation_id": "delivery_dynamic_06",
  "runner_id": "runner_1",
  "revenue_per_round": 14.117647058823529,
  "orders_per_runner_hour": 2.196377502383222,
  "on_time_rate": 0.125,
  "delivery_cycle_time_p90": 61.46801067315833,
  "delivery_cycle_time_avg": 46.23274667202998,
  "failed_rate": 0.56,
  "second_runner_break_even_orders": 7.284722222222223,
  "queue_wait_avg": 34.1125,
  "runner_utilization_driving_pct": 32.819315067978465,
  "runner_utilization_prep_pct": 0.0,
  "runner_utilization_idle_pct": 67.18068493202153,
  "distance_per_delivery_avg": 712.4028818020713,
  "zone_service_times": {
    "hole_15": 13.881791770811894,
    "hole_9": 48.73853450074203,
    "hole_-1": 44.53267711376287,
    "hole_18": 46.80874607118925,
    "hole_16": 48.403338089275955,
    "hole_10": 60.81197107544267,
    "hole_17": 48.874986712698835,
    "hole_11": 62.99876973449488
  },
  "total_revenue": 480.0,
  "total_orders": 50,
  "successful_orders": 16,
  "failed_orders": 28,
  "total_rounds": 34,
  "active_runner_hours": 7.284722222222222
}