{
  "simulation_id": "delivery_dynamic_06",
  "runner_id": "runner_1",
  "revenue_per_round": 28.42105263157895,
  "orders_per_runner_hour": 2.542791181304569,
  "on_time_rate": 0.5,
  "delivery_cycle_time_p90": 59.658220908013014,
  "delivery_cycle_time_avg": 32.26996285784619,
  "failed_rate": 0.1,
  "second_runner_break_even_orders": 7.078835309931024,
  "queue_wait_avg": 19.957291666666666,
  "runner_utilization_driving_pct": 37.69784301507114,
  "runner_utilization_prep_pct": 0.0,
  "runner_utilization_idle_pct": 62.30215698492886,
  "distance_per_delivery_avg": 1522.1297424585402,
  "zone_service_times": {
    "hole_9": 13.28444458065757,
    "hole_14": 27.07652271513598,
    "hole_18": 32.89642622258698,
    "hole_8": 13.484842296057225,
    "hole_17": 27.72194923439614,
    "hole_15": 45.745269091118736,
    "hole_12": 48.24373842165357,
    "hole_13": 62.28532223362884
  },
  "total_revenue": 540.0,
  "total_orders": 20,
  "successful_orders": 18,
  "failed_orders": 2,
  "total_rounds": 19,
  "active_runner_hours": 7.078835309931023
}