{
  "course": "C:\\Main\\GIT\\simulation\\courses\\keswick_hall",
  "tee_scenario": "real_tee_sheet",
  "orders": 30,
  "variant": "mid",
  "runners": 1,
  "runs": 10,
  "on_time_mean": 0.3015140178878569,
  "failed_mean": 0.32666666666666666,
  "p90_mean": 61.203158264008536,
  "avg_delivery_time_mean": 40.73842543697043,
  "oph_mean": 2.424570708744684,
  "on_time_wilson_lo": 0.5167848970036206,
  "on_time_wilson_hi": 0.6280273999300449,
  "total_successful_orders": 172,
  "total_orders": 300,
  "group_dir": "C:\\Main\\GIT\\simulation\\output\\keswick_hall\\20250828_090448_real_tee_sheet\\first_pass\\orders_030\\runners_1\\mid"
}