{
  "simulation_id": "delivery_dynamic_02",
  "runner_id": "runner_1",
  "revenue_per_round": 28.125,
  "orders_per_runner_hour": 0.9,
  "on_time_rate": 1.0,
  "delivery_cycle_time_p90": 29.766225840958576,
  "delivery_cycle_time_avg": 17.754465123946428,
  "failed_rate": 0.0,
  "second_runner_break_even_orders": 12.5,
  "queue_wait_avg": 0.0,
  "runner_utilization_driving_pct": 8.228857019644446,
  "runner_utilization_waiting_pct": 14.493933285598612,
  "distance_per_delivery_avg": 1028.695967371732,
  "zone_service_times": {
    "hole_15": 12.583710664317824,
    "hole_11": 15.646869552201435,
    "hole_7": 29.766225840958576,
    "hole_2": 16.094989370409166,
    "hole_12": 23.10071891847541,
    "hole_14": 15.868027217640822,
    "hole_10": 13.381944285680644,
    "hole_4": 16.629567457639677,
    "hole_1": 16.7181328081943
  },
  "total_revenue": 225.0,
  "total_orders": 9,
  "successful_orders": 9,
  "failed_orders": 0,
  "total_rounds": 8,
  "active_runner_hours": 10.0
}