{
  "simulation_id": "delivery_dynamic_05",
  "runner_id": "runner_1",
  "revenue_per_round": 18.387096774193548,
  "orders_per_runner_hour": 2.6619964973730297,
  "on_time_rate": 0.3684210526315789,
  "delivery_cycle_time_p90": 63.02012649244794,
  "delivery_cycle_time_avg": 40.69841171887594,
  "failed_rate": 0.425,
  "second_runner_break_even_orders": 7.1375,
  "queue_wait_avg": 26.971052631578946,
  "runner_utilization_driving_pct": 37.385998118939206,
  "runner_utilization_prep_pct": 0.0,
  "runner_utilization_idle_pct": 62.614001881060794,
  "distance_per_delivery_avg": 1252.3926533317936,
  "zone_service_times": {
    "hole_2": 14.620782950889922,
    "hole_18": 36.86748420936373,
    "hole_4": 38.22368574438733,
    "hole_6": 45.91959709025416,
    "hole_13": 56.16913688441312,
    "hole_10": 62.26356195942044,
    "hole_8": 20.934679390224787,
    "hole_12": 55.32268968985809
  },
  "total_revenue": 570.0,
  "total_orders": 40,
  "successful_orders": 19,
  "failed_orders": 17,
  "total_rounds": 31,
  "active_runner_hours": 7.1375
}