{
  "simulation_id": "delivery_dynamic_01",
  "runner_id": "2_runners",
  "revenue_per_round": 36.81818181818182,
  "orders_per_runner_hour": 2.7,
  "on_time_rate": 1.0,
  "delivery_cycle_time_p90": 20.622752042820565,
  "delivery_cycle_time_avg": 14.252115003018119,
  "failed_rate": 0.0,
  "second_runner_break_even_orders": 10.0,
  "queue_wait_avg": 6.680555555555551,
  "runner_utilization_driving_pct": 27.005214510450248,
  "runner_utilization_prep_pct": 0.0,
  "runner_utilization_idle_pct": 72.99478548954976,
  "distance_per_delivery_avg": 1636.3376169878636,
  "zone_service_times": {
    "hole_8": 11.866154922918971,
    "hole_5": 14.898868569668018,
    "hole_4": 19.99646562347201,
    "hole_7": 16.5998483887784,
    "hole_2": 12.061795614443009,
    "hole_9": 11.23711324229886,
    "hole_10": 11.27225894124438,
    "hole_6": 13.823491533526187,
    "hole_18": 18.141305153231965,
    "hole_11": 14.60544416035494,
    "hole_13": 12.233668623917886
  },
  "total_revenue": 810.0,
  "total_orders": 27,
  "successful_orders": 27,
  "failed_orders": 0,
  "total_rounds": 22,
  "active_runner_hours": 10.0
}