{
  "simulation_id": "delivery_dynamic_09",
  "runner_id": "3_runners",
  "revenue_per_round": 39.130434782608695,
  "orders_per_runner_hour": 4.192708259053708,
  "on_time_rate": 1.0,
  "delivery_cycle_time_p90": 21.570955136019016,
  "delivery_cycle_time_avg": 15.581383955309363,
  "failed_rate": 0.0,
  "second_runner_break_even_orders": 7.155279629871263,
  "queue_wait_avg": 0.7212643678160919,
  "runner_utilization_driving_pct": 82.10190031649329,
  "runner_utilization_prep_pct": 0.0,
  "runner_utilization_idle_pct": 17.898099683506715,
  "distance_per_delivery_avg": 1641.0783423172786,
  "zone_service_times": {
    "hole_15": 12.463334455129537,
    "hole_9": 11.812767614939032,
    "hole_7": 17.908362911648556,
    "hole_5": 21.39885059365612,
    "hole_17": 14.970963409368677,
    "hole_8": 14.772747068472805,
    "hole_-1": 13.025507951005945,
    "hole_11": 16.971525783442726,
    "hole_12": 17.167470396388147,
    "hole_10": 11.656681573180018,
    "hole_2": 22.910798396478278,
    "hole_18": 12.677445282394547,
    "hole_6": 19.73598557194073,
    "hole_16": 13.337508987371015
  },
  "total_revenue": 900.0,
  "total_orders": 30,
  "successful_orders": 30,
  "failed_orders": 0,
  "total_rounds": 23,
  "active_runner_hours": 7.155279629871263
}