{
  "simulation_id": "delivery_dynamic_08",
  "runner_id": "runner_1",
  "revenue_per_round": 30.0,
  "orders_per_runner_hour": 2.2146274777853723,
  "on_time_rate": 0.6666666666666666,
  "delivery_cycle_time_p90": 47.505467907458716,
  "delivery_cycle_time_avg": 23.30547667503723,
  "failed_rate": 0.05,
  "second_runner_break_even_orders": 8.127777777777778,
  "queue_wait_avg": 13.623015873015872,
  "runner_utilization_driving_pct": 43.91840419843705,
  "runner_utilization_prep_pct": 0.0,
  "runner_utilization_idle_pct": 56.08159580156295,
  "distance_per_delivery_avg": 1951.0543171379154,
  "zone_service_times": {
    "hole_9": 10.614256503822011,
    "hole_13": 13.379632047684222,
    "hole_17": 11.8680338981622,
    "hole_18": 20.566326182561745,
    "hole_6": 27.564685304504323,
    "hole_5": 42.17716084796051,
    "hole_11": 19.92696733223106,
    "hole_12": 39.43641764828396,
    "hole_14": 46.50123951330746,
    "hole_4": 12.907441006879889,
    "hole_16": 11.08771348586876
  },
  "total_revenue": 540.0,
  "total_orders": 20,
  "successful_orders": 18,
  "failed_orders": 1,
  "total_rounds": 18,
  "active_runner_hours": 8.127777777777778
}