{
  "simulation_id": "delivery_dynamic_01",
  "runner_id": "3_runners",
  "revenue_per_round": 35.294117647058826,
  "orders_per_runner_hour": 2.7666762047757953,
  "on_time_rate": 0.95,
  "delivery_cycle_time_p90": 20.920519891491086,
  "delivery_cycle_time_avg": 14.779475539211505,
  "failed_rate": 0.0,
  "second_runner_break_even_orders": 7.228890740982374,
  "queue_wait_avg": 1.236904761904762,
  "runner_utilization_driving_pct": 49.61056353188237,
  "runner_utilization_prep_pct": 0.0,
  "runner_utilization_idle_pct": 50.38943646811763,
  "distance_per_delivery_avg": 1314.983781175064,
  "zone_service_times": {
    "hole_8": 13.751653580916445,
    "hole_12": 16.743853621873132,
    "hole_13": 23.485029574920375,
    "hole_9": 11.25222110192599,
    "hole_15": 13.085690118945088,
    "hole_17": 14.065795460790186,
    "hole_6": 18.401719673588318,
    "hole_5": 21.200386582369173,
    "hole_-1": 10.566546877075032,
    "hole_7": 16.02595490149785
  },
  "total_revenue": 600.0,
  "total_orders": 20,
  "successful_orders": 20,
  "failed_orders": 0,
  "total_rounds": 17,
  "active_runner_hours": 7.228890740982374
}