{
  "simulation_id": "delivery_dynamic_04",
  "runner_id": "2_runners",
  "revenue_per_round": 33.333333333333336,
  "orders_per_runner_hour": 2.8565086451124273,
  "on_time_rate": 0.95,
  "delivery_cycle_time_p90": 28.210344068870477,
  "delivery_cycle_time_avg": 16.158614506432176,
  "failed_rate": 0.0,
  "second_runner_break_even_orders": 7.001554164458983,
  "queue_wait_avg": 2.4722222222222223,
  "runner_utilization_driving_pct": 49.33278950933367,
  "runner_utilization_prep_pct": 0.0,
  "runner_utilization_idle_pct": 50.66721049066633,
  "distance_per_delivery_avg": 1321.6944741612122,
  "zone_service_times": {
    "hole_9": 15.524760006563783,
    "hole_3": 20.615781032179015,
    "hole_14": 21.096360316595987,
    "hole_15": 28.917769421030485,
    "hole_8": 13.931975533751483,
    "hole_18": 12.37994430650347,
    "hole_16": 13.350693761477366,
    "hole_5": 21.804325882173664,
    "hole_4": 30.229210087861187,
    "hole_10": 11.164585897020121,
    "hole_7": 14.52631976972031,
    "hole_17": 13.964705443853624
  },
  "total_revenue": 600.0,
  "total_orders": 20,
  "successful_orders": 20,
  "failed_orders": 0,
  "total_rounds": 18,
  "active_runner_hours": 7.001554164458982
}