{
  "simulation_id": "delivery_dynamic_02",
  "runner_id": "runner_1",
  "revenue_per_round": 14.0,
  "orders_per_runner_hour": 1.9988102320047592,
  "on_time_rate": 0.07142857142857142,
  "delivery_cycle_time_p90": 59.46559867062988,
  "delivery_cycle_time_avg": 49.26063130469476,
  "failed_rate": 0.525,
  "second_runner_break_even_orders": 7.004166666666666,
  "queue_wait_avg": 35.20595238095238,
  "runner_utilization_driving_pct": 30.220963752644515,
  "runner_utilization_prep_pct": 0.0,
  "runner_utilization_idle_pct": 69.77903624735549,
  "distance_per_delivery_avg": 1362.3721183774433,
  "zone_service_times": {
    "hole_12": 35.60809777247735,
    "hole_17": 47.572301007833204,
    "hole_7": 53.63962678787963,
    "hole_18": 57.51966917837126,
    "hole_10": 37.14588161231519
  },
  "total_revenue": 420.0,
  "total_orders": 40,
  "successful_orders": 14,
  "failed_orders": 21,
  "total_rounds": 30,
  "active_runner_hours": 7.004166666666666
}