{
  "simulation_id": "delivery_dynamic_08",
  "runner_id": "3_runners",
  "revenue_per_round": 33.333333333333336,
  "orders_per_runner_hour": 2.828260354286308,
  "on_time_rate": 1.0,
  "delivery_cycle_time_p90": 19.635721458429682,
  "delivery_cycle_time_avg": 13.669197772748703,
  "failed_rate": 0.0,
  "second_runner_break_even_orders": 7.071484762599539,
  "queue_wait_avg": 1.4033333333333333,
  "runner_utilization_driving_pct": 46.56543317418772,
  "runner_utilization_prep_pct": 0.0,
  "runner_utilization_idle_pct": 53.43456682581228,
  "distance_per_delivery_avg": 879.210451643562,
  "zone_service_times": {
    "hole_10": 10.607121783754842,
    "hole_14": 14.679524643616121,
    "hole_18": 19.597311399580455,
    "hole_8": 15.800142230448223,
    "hole_15": 12.887012291780593,
    "hole_-1": 10.397730173228167,
    "hole_16": 12.338079742637031,
    "hole_9": 12.044337887701738,
    "hole_17": 13.948038777186957
  },
  "total_revenue": 600.0,
  "total_orders": 20,
  "successful_orders": 20,
  "failed_orders": 0,
  "total_rounds": 18,
  "active_runner_hours": 7.071484762599539
}