{
  "variantKey": "front_mid_back",
  "blockedHoles": [
    1,
    2,
    3,
    4,
    5,
    6,
    10,
    11,
    12
  ],
  "deliveryMetrics": {
    "totalOrders": 20,
    "successfulDeliveries": 20,
    "failedDeliveries": 0,
    "avgOrderTime": 13.669197772748703,
    "onTimePercentage": 100.0,
    "revenue": 600.0,
    "ordersPerRunnerHour": 2.0,
    "lateOrders": 0,
    "runnerUtilizationPct": 10.97622503850385,
    "totalRunnerDriveMinutes": 197.57205069306931,
    "totalRunnerShiftMinutes": 1800.0,
    "runnerUtilizationByRunner": {
      "runner_1": {
        "driveMinutes": 125.55179341391145,
        "utilizationPct": 20.925298902318577,
        "shiftMinutes": 600.0
      },
      "runner_2": {
        "driveMinutes": 55.78768973369423,
        "utilizationPct": 9.297948288949039,
        "shiftMinutes": 600.0
      },
      "runner_3": {
        "driveMinutes": 16.23256754546362,
        "utilizationPct": 2.7054279242439367,
        "shiftMinutes": 600.0
      }
    }
  },
  "bevCartMetrics": null,
  "hasRunners": true,
  "hasBevCart": false
}