{
  "simulation_id": "delivery_dynamic_01",
  "runner_id": "runner_1",
  "revenue_per_round": 31.764705882352942,
  "orders_per_runner_hour": 1.8,
  "on_time_rate": 0.7777777777777778,
  "delivery_cycle_time_p90": 33.680012058730455,
  "delivery_cycle_time_avg": 21.797386681226833,
  "failed_rate": 0.0,
  "second_runner_break_even_orders": 10.0,
  "queue_wait_avg": 14.25,
  "runner_utilization_driving_pct": 14.278022846177068,
  "runner_utilization_prep_pct": 0.0,
  "runner_utilization_idle_pct": 85.72197715382293,
  "distance_per_delivery_avg": 1084.1184104833237,
  "zone_service_times": {
    "hole_14": 18.057201512492217,
    "hole_17": 28.379102949688484,
    "hole_18": 17.26585997041844,
    "hole_16": 20.46235403733865,
    "hole_7": 23.61438886285041,
    "hole_8": 30.73802665471952,
    "hole_15": 27.08620065887183
  },
  "total_revenue": 540.0,
  "total_orders": 18,
  "successful_orders": 18,
  "failed_orders": 0,
  "total_rounds": 17,
  "active_runner_hours": 10.0
}