{
  "simulation_id": "delivery_dynamic_07",
  "runner_id": "2_runners",
  "revenue_per_round": 40.0,
  "orders_per_runner_hour": 2.7673184106839606,
  "on_time_rate": 1.0,
  "delivery_cycle_time_p90": 21.205034865566166,
  "delivery_cycle_time_avg": 16.26330161360101,
  "failed_rate": 0.0,
  "second_runner_break_even_orders": 7.227213147133607,
  "queue_wait_avg": 1.3645833333333333,
  "runner_utilization_driving_pct": 54.600583344246175,
  "runner_utilization_prep_pct": 0.0,
  "runner_utilization_idle_pct": 45.399416655753825,
  "distance_per_delivery_avg": 1737.6693421699406,
  "zone_service_times": {
    "hole_10": 12.344970310307296,
    "hole_-1": 20.699040205798973,
    "hole_8": 14.43456827508088,
    "hole_15": 18.341118235635925,
    "hole_17": 14.766882046905893,
    "hole_3": 20.41388857901505,
    "hole_2": 21.25122814516332,
    "hole_4": 19.52539624095304,
    "hole_11": 13.426127203805603,
    "hole_7": 27.92627006887178,
    "hole_18": 10.369669178371261
  },
  "total_revenue": 600.0,
  "total_orders": 20,
  "successful_orders": 20,
  "failed_orders": 0,
  "total_rounds": 15,
  "active_runner_hours": 7.227213147133607
}