{
  "simulation_id": "delivery_dynamic_09",
  "runner_id": "2_runners",
  "revenue_per_round": 34.8,
  "orders_per_runner_hour": 3.9610464320238448,
  "on_time_rate": 0.6206896551724138,
  "delivery_cycle_time_p90": 53.905086150283275,
  "delivery_cycle_time_avg": 29.156687167858134,
  "failed_rate": 0.03333333333333333,
  "second_runner_break_even_orders": 7.321297666582219,
  "queue_wait_avg": 14.048148148148147,
  "runner_utilization_driving_pct": 88.36063119072855,
  "runner_utilization_prep_pct": 0.0,
  "runner_utilization_idle_pct": 11.639368809271446,
  "distance_per_delivery_avg": 2041.9986125382634,
  "zone_service_times": {
    "hole_7": 24.728996065144475,
    "hole_6": 29.44707391522335,
    "hole_9": 23.99982113812478,
    "hole_5": 35.23652075918734,
    "hole_-1": 26.10773017322817,
    "hole_8": 55.928964153253155,
    "hole_17": 36.78267936119798,
    "hole_18": 21.12185401008925,
    "hole_11": 31.34784793926386,
    "hole_10": 23.68175169453616,
    "hole_13": 15.676458988641631,
    "hole_3": 20.99647041963508,
    "hole_2": 22.33976475683788
  },
  "total_revenue": 870.0,
  "total_orders": 30,
  "successful_orders": 29,
  "failed_orders": 1,
  "total_rounds": 25,
  "active_runner_hours": 7.321297666582219
}