{
  "simulation_id": "delivery_dynamic_04",
  "runner_id": "3_runners",
  "revenue_per_round": 41.37931034482759,
  "orders_per_runner_hour": 5.437448188667326,
  "on_time_rate": 0.975,
  "delivery_cycle_time_p90": 26.229546461079487,
  "delivery_cycle_time_avg": 16.57254318481219,
  "failed_rate": 0.0,
  "second_runner_break_even_orders": 7.356391934615136,
  "queue_wait_avg": 3.230392156862745,
  "runner_utilization_driving_pct": 82.68844274200808,
  "runner_utilization_prep_pct": 0.0,
  "runner_utilization_idle_pct": 17.31155725799192,
  "distance_per_delivery_avg": 1285.7745100968957,
  "zone_service_times": {
    "hole_1": 12.593716231533108,
    "hole_15": 17.66532255207878,
    "hole_16": 17.36472108961807,
    "hole_18": 14.920408414357352,
    "hole_3": 18.01057864653974,
    "hole_10": 13.395268067163943,
    "hole_2": 18.976372803138535,
    "hole_8": 14.171403424888013,
    "hole_4": 26.540194115070577,
    "hole_12": 26.47268968985809,
    "hole_9": 13.992686406490206,
    "hole_6": 30.34964095588348,
    "hole_17": 15.482046745572006,
    "hole_11": 15.596806877743843
  },
  "total_revenue": 1200.0,
  "total_orders": 40,
  "successful_orders": 40,
  "failed_orders": 0,
  "total_rounds": 29,
  "active_runner_hours": 7.356391934615137
}