{
  "simulation_id": "delivery_dynamic_04",
  "runner_id": "3_runners",
  "revenue_per_round": 40.0,
  "orders_per_runner_hour": 5.527882923717405,
  "on_time_rate": 1.0,
  "delivery_cycle_time_p90": 19.262295761782347,
  "delivery_cycle_time_avg": 14.713820509812333,
  "failed_rate": 0.0,
  "second_runner_break_even_orders": 7.236043265022824,
  "queue_wait_avg": 1.0853535353535353,
  "runner_utilization_driving_pct": 81.79357444865023,
  "runner_utilization_prep_pct": 0.0,
  "runner_utilization_idle_pct": 18.206425551349767,
  "distance_per_delivery_avg": 1282.9836912969433,
  "zone_service_times": {
    "hole_17": 16.80067553123838,
    "hole_15": 17.53096107455648,
    "hole_16": 17.843490016905903,
    "hole_8": 14.090950375395623,
    "hole_18": 11.407057940786958,
    "hole_12": 19.407503211904743,
    "hole_9": 11.94368928769151,
    "hole_11": 13.243157519818942,
    "hole_10": 12.293025362197234
  },
  "total_revenue": 1200.0,
  "total_orders": 40,
  "successful_orders": 40,
  "failed_orders": 0,
  "total_rounds": 30,
  "active_runner_hours": 7.236043265022824
}