{
  "variantKey": "front_mid_back",
  "blockedHoles": [
    1,
    2,
    3,
    4,
    5,
    6,
    10,
    11,
    12
  ],
  "deliveryMetrics": {
    "totalOrders": 40,
    "successfulDeliveries": 40,
    "failedDeliveries": 0,
    "avgOrderTime": 14.713820509812335,
    "onTimePercentage": 100.0,
    "revenue": 1200.0,
    "ordersPerRunnerHour": 4.0,
    "lateOrders": 0,
    "runnerUtilizationPct": 19.728728117043275,
    "totalRunnerDriveMinutes": 355.1171061067789,
    "totalRunnerShiftMinutes": 1800.0,
    "runnerUtilizationByRunner": {
      "runner_1": {
        "driveMinutes": 140.51026373376848,
        "utilizationPct": 23.418377288961416,
        "shiftMinutes": 600.0
      },
      "runner_2": {
        "driveMinutes": 128.51157652953586,
        "utilizationPct": 21.418596088255974,
        "shiftMinutes": 600.0
      },
      "runner_3": {
        "driveMinutes": 86.0952658434748,
        "utilizationPct": 14.349210973912468,
        "shiftMinutes": 600.0
      }
    }
  },
  "bevCartMetrics": null,
  "hasRunners": true,
  "hasBevCart": false
}