{
  "simulation_id": "delivery_dynamic_02",
  "runner_id": "runner_1",
  "revenue_per_round": 22.5,
  "orders_per_runner_hour": 2.556717301242849,
  "on_time_rate": 0.2222222222222222,
  "delivery_cycle_time_p90": 58.330521743489655,
  "delivery_cycle_time_avg": 40.470784435710165,
  "failed_rate": 0.3333333333333333,
  "second_runner_break_even_orders": 7.040277777777778,
  "queue_wait_avg": 25.33425925925926,
  "runner_utilization_driving_pct": 42.74279532957691,
  "runner_utilization_prep_pct": 0.0,
  "runner_utilization_idle_pct": 57.25720467042309,
  "distance_per_delivery_avg": 1725.8724592875049,
  "zone_service_times": {
    "hole_-1": 38.18237353913232,
    "hole_12": 32.02753810986503,
    "hole_18": 42.04300251170459,
    "hole_15": 57.26728343536821,
    "hole_4": 44.86471285596187,
    "hole_7": 66.07819482955516,
    "hole_6": 51.52912442816214,
    "hole_10": 28.4635619594205,
    "hole_17": 32.250338926797966,
    "hole_16": 20.271015768239643
  },
  "total_revenue": 540.0,
  "total_orders": 30,
  "successful_orders": 18,
  "failed_orders": 10,
  "total_rounds": 24,
  "active_runner_hours": 7.040277777777778
}