{
  "simulation_id": "delivery_dynamic_07",
  "runner_id": "2_runners",
  "revenue_per_round": 40.714285714285715,
  "orders_per_runner_hour": 5.298422273231956,
  "on_time_rate": 0.47368421052631576,
  "delivery_cycle_time_p90": 55.22106350656151,
  "delivery_cycle_time_avg": 32.51500387616626,
  "failed_rate": 0.025,
  "second_runner_break_even_orders": 7.1719462965379295,
  "queue_wait_avg": 20.292342342342344,
  "runner_utilization_driving_pct": 81.6101230953506,
  "runner_utilization_prep_pct": 0.0,
  "runner_utilization_idle_pct": 18.389876904649398,
  "distance_per_delivery_avg": 926.2413023918593,
  "zone_service_times": {
    "hole_-1": 38.07347292370692,
    "hole_9": 18.812049154969465,
    "hole_12": 17.705015856310908,
    "hole_8": 18.171952950657822,
    "hole_18": 31.100546281093372,
    "hole_15": 24.273224171808124,
    "hole_10": 38.39003634122613,
    "hole_14": 26.987419875512327,
    "hole_17": 53.59190697366497,
    "hole_13": 43.0180632044941,
    "hole_16": 11.829660259936281,
    "hole_11": 22.989719031975618
  },
  "total_revenue": 1140.0,
  "total_orders": 40,
  "successful_orders": 38,
  "failed_orders": 1,
  "total_rounds": 28,
  "active_runner_hours": 7.1719462965379295
}