{
  "simulation_id": "delivery_dynamic_06",
  "runner_id": "2_runners",
  "revenue_per_round": 35.294117647058826,
  "orders_per_runner_hour": 2.886239315404757,
  "on_time_rate": 0.95,
  "delivery_cycle_time_p90": 26.862591821508893,
  "delivery_cycle_time_avg": 17.243050316419954,
  "failed_rate": 0.0,
  "second_runner_break_even_orders": 6.929432321586703,
  "queue_wait_avg": 2.5796296296296295,
  "runner_utilization_driving_pct": 55.17047748939874,
  "runner_utilization_prep_pct": 0.0,
  "runner_utilization_idle_pct": 44.82952251060126,
  "distance_per_delivery_avg": 1653.5849063171047,
  "zone_service_times": {
    "hole_3": 21.195148109853655,
    "hole_-1": 21.753762188331773,
    "hole_16": 25.39632692660295,
    "hole_8": 15.610133784280077,
    "hole_5": 30.12060701770309,
    "hole_18": 12.407224303635585,
    "hole_10": 10.957574806144354,
    "hole_15": 16.820413744452708,
    "hole_17": 14.301308827996642,
    "hole_9": 11.207048726797195,
    "hole_14": 14.352864254335874
  },
  "total_revenue": 600.0,
  "total_orders": 20,
  "successful_orders": 20,
  "failed_orders": 0,
  "total_rounds": 17,
  "active_runner_hours": 6.929432321586702
}