{
  "variantKey": "back",
  "blockedHoles": [
    10,
    11,
    12
  ],
  "deliveryMetrics": {
    "totalOrders": 30,
    "successfulDeliveries": 30,
    "failedDeliveries": 0,
    "avgOrderTime": 15.648826852006728,
    "onTimePercentage": 100.0,
    "revenue": 900.0,
    "ordersPerRunnerHour": 3.0,
    "lateOrders": 0,
    "runnerUtilizationPct": 15.912727293027086,
    "totalRunnerDriveMinutes": 286.4290912744875,
    "totalRunnerShiftMinutes": 1800.0,
    "runnerUtilizationByRunner": {
      "runner_1": {
        "driveMinutes": 136.51493719893088,
        "utilizationPct": 22.752489533155146,
        "shiftMinutes": 600.0
      },
      "runner_3": {
        "driveMinutes": 67.72356854892499,
        "utilizationPct": 11.287261424820832,
        "shiftMinutes": 600.0
      },
      "runner_2": {
        "driveMinutes": 82.19058552663174,
        "utilizationPct": 13.69843092110529,
        "shiftMinutes": 600.0
      }
    }
  },
  "bevCartMetrics": null,
  "hasRunners": true,
  "hasBevCart": false
}