{
  "simulation_id": "delivery_dynamic_08",
  "runner_id": "3_runners",
  "revenue_per_round": 46.875,
  "orders_per_runner_hour": 7.006500402503202,
  "on_time_rate": 0.98,
  "delivery_cycle_time_p90": 28.85660879355612,
  "delivery_cycle_time_avg": 18.519601242248594,
  "failed_rate": 0.0,
  "second_runner_break_even_orders": 7.136230233018551,
  "queue_wait_avg": 5.951136363636364,
  "runner_utilization_driving_pct": 100.0,
  "runner_utilization_prep_pct": 0.0,
  "runner_utilization_idle_pct": 0.0,
  "distance_per_delivery_avg": 1102.9540173955274,
  "zone_service_times": {
    "hole_17": 23.977122952221727,
    "hole_15": 18.25753751210665,
    "hole_18": 13.600441039640874,
    "hole_10": 16.315103149445005,
    "hole_11": 21.309229727556584,
    "hole_9": 16.957651864316617,
    "hole_12": 29.58646895319301,
    "hole_16": 23.732126884411667,
    "hole_8": 14.003774441661154
  },
  "total_revenue": 1500.0,
  "total_orders": 50,
  "successful_orders": 50,
  "failed_orders": 0,
  "total_rounds": 32,
  "active_runner_hours": 7.136230233018551
}